level	batch	reading_id	word	reading	meaning	han_viet
n5_basic_drafts	batch_0001_0010	R_0001	毎朝	まいあさ	mỗi sáng	Mỗi Triêu
n5_basic_drafts	batch_0001_0010	R_0001	顔	かお	khuôn mặt	Nhan
n5_basic_drafts	batch_0001_0010	R_0001	牛乳	ぎゅうにゅう	sữa bò	Ngưu Nhũ
n5_basic_drafts	batch_0001_0010	R_0001	空気	くうき	không khí	Không Khí
n5_basic_drafts	batch_0001_0010	R_0001	気持ち	きもち	cảm giác	Khí Trì
n5_basic_drafts	batch_0001_0010	R_0002	食堂	しょくどう	căng tin, nhà ăn	Thực Đường
n5_basic_drafts	batch_0001_0010	R_0002	今日	きょう	hôm nay	Kim Nhật
n5_basic_drafts	batch_0001_0010	R_0002	友だち	ともだち	bạn bè	Hữu
n5_basic_drafts	batch_0001_0010	R_0002	好き	すき	thích	Hảo
n5_basic_drafts	batch_0001_0010	R_0003	土曜日	どようび	thứ Bảy	Thổ Diệu Nhật
n5_basic_drafts	batch_0001_0010	R_0003	一緒	いっしょ	cùng nhau	Nhất Tự
n5_basic_drafts	batch_0001_0010	R_0003	野菜	やさい	rau củ	Dã Thái
n5_basic_drafts	batch_0001_0010	R_0003	全部	ぜんぶ	tổng cộng, tất cả	Toàn Bộ
n5_basic_drafts	batch_0001_0010	R_0003	荷物	にもつ	hành lý, đồ đạc	Hà Vật
n5_basic_drafts	batch_0001_0010	R_0004	そうじ	そうじ	dọn dẹp, vệ sinh	
n5_basic_drafts	batch_0001_0010	R_0004	集める	あつめる	thu thập, sưu tầm	Tập
n5_basic_drafts	batch_0001_0010	R_0004	拭く	ふく	lau, chùi	Thức
n5_basic_drafts	batch_0001_0010	R_0004	本棚	ほんだな	kệ sách	Bản Bằng
n5_basic_drafts	batch_0001_0010	R_0004	並べる	ならべる	xếp, sắp xếp	Tịnh
n5_basic_drafts	batch_0001_0010	R_0005	晩ごはん	ばんごはん	cơm tối, bữa tối	Vãn
n5_basic_drafts	batch_0001_0010	R_0005	卵焼き	たまごやき	trứng chiên	Noãn Thiêu
n5_basic_drafts	batch_0001_0010	R_0005	割る	わる	đập, bẻ	Cát
n5_basic_drafts	batch_0001_0010	R_0005	豆腐	とうふ	đậu phụ	Đậu Hủ
n5_basic_drafts	batch_0001_0010	R_0005	わかめ	わかめ	rong biển wakame	
n5_basic_drafts	batch_0001_0010	R_0006	習慣	しゅうかん	thói quen	Tập Quán
n5_basic_drafts	batch_0001_0010	R_0006	紹介	しょうかい	giới thiệu	Thiệu Giới
n5_basic_drafts	batch_0001_0010	R_0006	日記	にっき	nhật ký	Nhật Kí
n5_basic_drafts	batch_0001_0010	R_0006	寝る	ねる	ngủ	Tẩm
n5_basic_drafts	batch_0001_0010	R_0007	天気	てんき	thời tiết	Thiên Khí
n5_basic_drafts	batch_0001_0010	R_0007	午前中	ごぜんちゅう	buổi sáng, trong buổi sáng	Ngọ Tiền Trung
n5_basic_drafts	batch_0001_0010	R_0007	公園	こうえん	công viên	Công Viên
n5_basic_drafts	batch_0001_0010	R_0007	午後	ごご	buổi chiều	Ngọ Hậu
n5_basic_drafts	batch_0001_0010	R_0007	映画	えいが	phim ảnh	Ánh Họa
n5_basic_drafts	batch_0001_0010	R_0008	父	ちち	bố (khiêm tốn, khi nói với người ngoài)	Phụ
n5_basic_drafts	batch_0001_0010	R_0008	母	はは	mẹ (khiêm tốn, khi nói với người ngoài)	Mẫu
n5_basic_drafts	batch_0001_0010	R_0008	兄	あに	anh trai (khiêm tốn)	Huynh
n5_basic_drafts	batch_0001_0010	R_0008	銀行員	ぎんこういん	nhân viên ngân hàng	Ngân Hành Viên
n5_basic_drafts	batch_0001_0010	R_0008	花屋	はなや	tiệm hoa	Hoa Ốc
n5_basic_drafts	batch_0001_0010	R_0008	通う	かよう	đi lại, đi học	Thông
n5_basic_drafts	batch_0001_0010	R_0008	小学生	しょうがくせい	học sinh tiểu học	Tiểu Học Sanh
n5_basic_drafts	batch_0001_0010	R_0009	誕生日	たんじょうび	sinh nhật	Đản Sanh Nhật
n5_basic_drafts	batch_0001_0010	R_0009	選ぶ	えらぶ	chọn, lựa chọn	Tuyển
n5_basic_drafts	batch_0001_0010	R_0009	バラ		hoa hồng	
n5_basic_drafts	batch_0001_0010	R_0009	パーティー		tiệc, bữa tiệc	
n5_basic_drafts	batch_0001_0010	R_0009	うれしい	うれしい	vui, hạnh phúc	
n5_basic_drafts	batch_0001_0010	R_0010	赤ちゃん	あかちゃん	em bé	Xích
n5_basic_drafts	batch_0001_0010	R_0010	ミルク		sữa công thức (cho em bé, khác 牛乳)	
n5_basic_drafts	batch_0001_0010	R_0010	おもちゃ	おもちゃ	đồ chơi	
n5_basic_drafts	batch_0001_0010	R_0010	笑顔	えがお	nụ cười	Tiếu Nhan
n5_basic_drafts	batch_0001_0010	R_0010	泣く	なく	khóc	Khấp
n5_basic_drafts	batch_0011_0020	R_0011	北海道	ほっかいどう	Hokkaido (tên vùng)	Bắc Hải Đạo
n5_basic_drafts	batch_0011_0020	R_0011	魚	さかな	cá	Ngư
n5_basic_drafts	batch_0011_0020	R_0011	海	うみ	biển	Hải
n5_basic_drafts	batch_0011_0020	R_0011	料理	りょうり	món ăn, nấu ăn	Liêu Lí
n5_basic_drafts	batch_0011_0020	R_0011	上手	じょうず	giỏi, khéo léo	Thượng Thủ
n5_basic_drafts	batch_0011_0020	R_0012	お正月	おしょうがつ	Tết (Nhật Bản)	Chánh Nguyệt
n5_basic_drafts	batch_0011_0020	R_0012	おせち料理	おせちりょうり	món ăn truyền thống ngày Tết	Liêu Lí
n5_basic_drafts	batch_0011_0020	R_0012	お年玉	おとしだま	lì xì (tiền mừng tuổi đầu năm)	Niên Ngọc
n5_basic_drafts	batch_0011_0020	R_0012	初詣	はつもうで	đi viếng đền đầu năm	Sơ Nghệ
n5_basic_drafts	batch_0011_0020	R_0012	お参り	おまいり	cầu nguyện, viếng đền	Tham
n5_basic_drafts	batch_0011_0020	R_0013	クラス		lớp học	
n5_basic_drafts	batch_0011_0020	R_0013	学生	がくせい	học sinh, sinh viên	Học Sanh
n5_basic_drafts	batch_0011_0020	R_0013	優しい	やさしい	hiền, dịu dàng	Ưu
n5_basic_drafts	batch_0011_0020	R_0013	教科書	きょうかしょ	sách giáo khoa	Giáo Khoa Thư
n5_basic_drafts	batch_0011_0020	R_0013	漢字	かんじ	chữ Hán	Hán Tự
n5_basic_drafts	batch_0011_0020	R_0014	親友	しんゆう	bạn thân	Thân Hữu
n5_basic_drafts	batch_0011_0020	R_0014	ベトナム人		người Việt Nam	Nhân
n5_basic_drafts	batch_0011_0020	R_0014	いっしょに	いっしょに	cùng nhau	
n5_basic_drafts	batch_0011_0020	R_0014	昼ごはん	ひるごはん	bữa trưa	Trú
n5_basic_drafts	batch_0011_0020	R_0015	サッカー部		câu lạc bộ bóng đá	Bộ
n5_basic_drafts	batch_0011_0020	R_0015	練習	れんしゅう	luyện tập	Luyện Tập
n5_basic_drafts	batch_0011_0020	R_0015	グラウンド		sân (thể thao)	
n5_basic_drafts	batch_0011_0020	R_0015	コーチ		huấn luyện viên	
n5_basic_drafts	batch_0011_0020	R_0015	学生	がくせい	học sinh, sinh viên	Học Sanh
n5_basic_drafts	batch_0011_0020	R_0016	数学	すうがく	toán học	Sổ Học
n5_basic_drafts	batch_0011_0020	R_0016	テスト		bài thi	
n5_basic_drafts	batch_0011_0020	R_0016	図書館	としょかん	thư viện	Đồ Thư Quán
n5_basic_drafts	batch_0011_0020	R_0016	得意	とくい	giỏi, sở trường	Đắc Ý
n5_basic_drafts	batch_0011_0020	R_0016	ていねいに	ていねいに	cẩn thận, tỉ mỉ	
n5_basic_drafts	batch_0011_0020	R_0017	卒業式	そつぎょうしき	lễ tốt nghiệp	Tốt Nghiệp Thức
n5_basic_drafts	batch_0011_0020	R_0017	体育館	たいいくかん	nhà thi đấu, phòng thể dục	Thể Dục Quán
n5_basic_drafts	batch_0011_0020	R_0017	写真	しゃしん	ảnh, hình	Tả Chân
n5_basic_drafts	batch_0011_0020	R_0017	花束	はなたば	bó hoa	Hoa Thúc
n5_basic_drafts	batch_0011_0020	R_0017	桜	さくら	hoa anh đào	Anh
n5_basic_drafts	batch_0011_0020	R_0018	遠足	えんそく	chuyến đi học tập, dã ngoại	Viễn Túc
n5_basic_drafts	batch_0011_0020	R_0018	公園	こうえん	công viên	Công Viên
n5_basic_drafts	batch_0011_0020	R_0018	動物	どうぶつ	động vật	Động Vật
n5_basic_drafts	batch_0011_0020	R_0018	かわいい	かわいい	đáng yêu, dễ thương	
n5_basic_drafts	batch_0011_0020	R_0018	一日	いちにち	một ngày	Nhất Nhật
n5_basic_drafts	batch_0011_0020	R_0019	水泳	すいえい	bơi lội	Thủy Vịnh
n5_basic_drafts	batch_0011_0020	R_0019	プール		bể bơi	
n5_basic_drafts	batch_0011_0020	R_0019	駅	えき	ga tàu	Dịch
n5_basic_drafts	batch_0011_0020	R_0019	近く	ちかく	gần	Cận
n5_basic_drafts	batch_0011_0020	R_0019	速く	はやく	một cách nhanh	Tốc
n5_basic_drafts	batch_0011_0020	R_0020	趣味	しゅみ	sở thích	Thú Vị
n5_basic_drafts	batch_0011_0020	R_0020	音楽	おんがく	âm nhạc	Âm Lạc
n5_basic_drafts	batch_0011_0020	R_0020	特に	とくに	đặc biệt	Đặc
n5_basic_drafts	batch_0011_0020	R_0020	ギター		đàn guitar	
n5_basic_drafts	batch_0011_0020	R_0020	弾きます	ひきます	chơi (nhạc cụ)	Đàn
n5_basic_drafts	batch_0021_0030	R_0021	図書館	としょかん	thư viện	Đồ Thư Quán
n5_basic_drafts	batch_0021_0030	R_0021	近く	ちかく	gần	Cận
n5_basic_drafts	batch_0021_0030	R_0021	毎週	まいしゅう	hàng tuần	Mỗi Chu
n5_basic_drafts	batch_0021_0030	R_0021	土曜日	どようび	thứ Bảy	Thổ Diệu Nhật
n5_basic_drafts	batch_0021_0030	R_0021	静か	しずか	yên tĩnh	Tĩnh
n5_basic_drafts	batch_0021_0030	R_0022	冒険	ぼうけん	phiêu lưu	Mạo Hiểm
n5_basic_drafts	batch_0021_0030	R_0022	週末	しゅうまつ	cuối tuần	Chu Mạt
n5_basic_drafts	batch_0021_0030	R_0022	一緒に	いっしょに	cùng nhau	Nhất Tự
n5_basic_drafts	batch_0021_0030	R_0022	楽しい	たのしい	vui, thú vị	Lạc
n5_basic_drafts	batch_0021_0030	R_0023	趣味	しゅみ	sở thích	Thú Vị
n5_basic_drafts	batch_0021_0030	R_0023	折り紙	おりがみ	origami, nghệ thuật gấp giấy	Chiết Chỉ
n5_basic_drafts	batch_0021_0030	R_0023	鶴	つる	hạc	Hạc
n5_basic_drafts	batch_0021_0030	R_0023	一番	いちばん	nhất	Nhất Phiên
n5_basic_drafts	batch_0021_0030	R_0023	羽	わ	con (đơn vị đếm chim)	Vũ
n5_basic_drafts	batch_0021_0030	R_0024	写真	しゃしん	ảnh, hình chụp	Tả Chân
n5_basic_drafts	batch_0021_0030	R_0024	撮ります	とります	chụp (ảnh)	Toát
n5_basic_drafts	batch_0021_0030	R_0024	公園	こうえん	công viên	Công Viên
n5_basic_drafts	batch_0021_0030	R_0024	カメラ	カメラ	máy ảnh	
n5_basic_drafts	batch_0021_0030	R_0025	ベランダ	ベランダ	ban công	
n5_basic_drafts	batch_0021_0030	R_0025	庭	にわ	vườn	Đình
n5_basic_drafts	batch_0021_0030	R_0025	トマト	トマト	cà chua	
n5_basic_drafts	batch_0021_0030	R_0025	毎朝	まいあさ	mỗi sáng	Mỗi Triêu
n5_basic_drafts	batch_0021_0030	R_0025	水	みず	nước	Thủy
n5_basic_drafts	batch_0021_0030	R_0026	猫	ねこ	mèo	Miêu
n5_basic_drafts	batch_0021_0030	R_0026	三歳	さんさい	ba tuổi	Tam Tuế
n5_basic_drafts	batch_0021_0030	R_0026	茶色	ちゃいろ	màu nâu	Trà Sắc
n5_basic_drafts	batch_0021_0030	R_0026	魚	さかな	cá	Ngư
n5_basic_drafts	batch_0021_0030	R_0026	ソファー	ソファー	ghế sofa	
n5_basic_drafts	batch_0021_0030	R_0027	季節	きせつ	mùa	Quý Tiết
n5_basic_drafts	batch_0021_0030	R_0027	春	はる	mùa xuân	Xuân
n5_basic_drafts	batch_0021_0030	R_0027	暖かい	あたたかい	ấm áp	Noãn
n5_basic_drafts	batch_0021_0030	R_0027	紅葉	こうよう	lá đỏ mùa thu	Hồng Diệp
n5_basic_drafts	batch_0021_0030	R_0027	雪	ゆき	tuyết	Tuyết
n5_basic_drafts	batch_0021_0030	R_0028	桜	さくら	hoa anh đào	Anh
n5_basic_drafts	batch_0021_0030	R_0028	木	き	cây	Mộc
n5_basic_drafts	batch_0021_0030	R_0028	咲きます	さきます	nở (hoa)	Tiếu
n5_basic_drafts	batch_0021_0030	R_0028	ピンク色	ピンクいろ	màu hồng	Sắc
n5_basic_drafts	batch_0021_0030	R_0028	お弁当	おべんとう	cơm hộp	Biện Đương
n5_basic_drafts	batch_0021_0030	R_0029	首都	しゅと	thủ đô	Thủ Đô
n5_basic_drafts	batch_0021_0030	R_0029	町	まち	thành phố, thị trấn	Đinh
n5_basic_drafts	batch_0021_0030	R_0029	東京タワー	とうきょうタワー	tháp Tokyo	Đông Kinh
n5_basic_drafts	batch_0021_0030	R_0029	電車	でんしゃ	tàu điện	Điện Xa
n5_basic_drafts	batch_0021_0030	R_0029	にぎやか	にぎやか	nhộn nhịp	
n5_basic_drafts	batch_0021_0030	R_0030	ふるさと	ふるさと	quê hương	
n5_basic_drafts	batch_0021_0030	R_0030	長野	ながの	Nagano (tên tỉnh)	Trường Dã
n5_basic_drafts	batch_0021_0030	R_0030	山	やま	núi	San
n5_basic_drafts	batch_0021_0030	R_0030	川	かわ	sông	Xuyên
n5_basic_drafts	batch_0021_0030	R_0030	おばあさん	おばあさん	bà	
n5_advanced_drafts	batch_0031_0040	R_0031	毎朝	まいあさ	mỗi sáng	Mỗi Triêu
n5_advanced_drafts	batch_0031_0040	R_0031	台所	だいどころ	nhà bếp	Thai Sở
n5_advanced_drafts	batch_0031_0040	R_0031	卵	たまご	trứng	Noãn
n5_advanced_drafts	batch_0031_0040	R_0031	牛乳	ぎゅうにゅう	sữa bò	Ngưu Nhũ
n5_advanced_drafts	batch_0031_0040	R_0031	自転車	じてんしゃ	xe đạp	Tự Chuyển Xa
n5_advanced_drafts	batch_0031_0040	R_0032	日曜日	にちようび	chủ nhật	Nhật Diệu Nhật
n5_advanced_drafts	batch_0031_0040	R_0032	飲み物	のみもの	đồ uống	Ẩm Vật
n5_advanced_drafts	batch_0031_0040	R_0032	人気	にんき	sự phổ biến, được yêu thích	Nhân Khí
n5_advanced_drafts	batch_0031_0040	R_0032	いつも	いつも	luôn luôn	
n5_advanced_drafts	batch_0031_0040	R_0032	ドリンクバー	ドリンクバー	drink bar (uống tự do không giới hạn)	
n5_advanced_drafts	batch_0031_0040	R_0033	近く	ちかく	gần	Cận
n5_advanced_drafts	batch_0031_0040	R_0033	開いて	あいて	mở (cửa)	Khai
n5_advanced_drafts	batch_0031_0040	R_0033	安い	やすい	rẻ	An
n5_advanced_drafts	batch_0031_0040	R_0033	お弁当	おべんとう	cơm hộp	Biện Đương
n5_advanced_drafts	batch_0031_0040	R_0033	店員	てんいん	nhân viên cửa hàng	Điếm Viên
n5_advanced_drafts	batch_0031_0040	R_0033	親切	しんせつ	thân thiện, tốt bụng	Thân Thiết
n5_advanced_drafts	batch_0031_0040	R_0034	違う	ちがう	khác nhau	Vi
n5_advanced_drafts	batch_0031_0040	R_0034	習慣	しゅうかん	thói quen	Tập Quán
n5_advanced_drafts	batch_0031_0040	R_0034	味噌汁	みそしる	súp miso	Vị Tăng Trấp
n5_advanced_drafts	batch_0031_0040	R_0034	寝ます	ねます	ngủ, đi ngủ	Tẩm
n5_advanced_drafts	batch_0031_0040	R_0035	出かけます	でかけます	đi ra ngoài	Xuất
n5_advanced_drafts	batch_0031_0040	R_0035	一緒に	いっしょに	cùng nhau	Nhất Tự
n5_advanced_drafts	batch_0031_0040	R_0035	遊びます	あそびます	chơi	Du
n5_advanced_drafts	batch_0031_0040	R_0035	服	ふく	quần áo	Phục
n5_advanced_drafts	batch_0031_0040	R_0035	晩	ばん	tối, buổi tối	Vãn
n5_advanced_drafts	batch_0031_0040	R_0036	全部	ぜんぶ	tổng cộng, tất cả	Toàn Bộ
n5_advanced_drafts	batch_0031_0040	R_0036	祖父	そふ	ông nội/ngoại	Tổ Phụ
n5_advanced_drafts	batch_0031_0040	R_0036	祖母	そぼ	bà nội/ngoại	Tổ Mẫu
n5_advanced_drafts	batch_0031_0040	R_0036	農家	のうか	nông dân, nhà nông	Nông Gia
n5_advanced_drafts	batch_0031_0040	R_0036	元気	げんき	khỏe mạnh	Nguyên Khí
n5_advanced_drafts	batch_0031_0040	R_0037	先月	せんげつ	tháng trước	Tiên Nguyệt
n5_advanced_drafts	batch_0031_0040	R_0037	新幹線	しんかんせん	tàu cao tốc shinkansen	Tân Cán Tuyến
n5_advanced_drafts	batch_0031_0040	R_0037	有名	ゆうめい	nổi tiếng	Hữu Danh
n5_advanced_drafts	batch_0031_0040	R_0037	写真	しゃしん	ảnh, hình chụp	Tả Chân
n5_advanced_drafts	batch_0031_0040	R_0037	旅館	りょかん	nhà trọ kiểu Nhật	Lữ Quán
n5_advanced_drafts	batch_0031_0040	R_0038	お盆	おぼん	lễ Obon (lễ Vu Lan Nhật)	Bồn
n5_advanced_drafts	batch_0031_0040	R_0038	大切	たいせつ	quan trọng, quý giá	Đại Thiết
n5_advanced_drafts	batch_0031_0040	R_0038	行事	ぎょうじ	sự kiện, nghi lễ	Hành Sự
n5_advanced_drafts	batch_0031_0040	R_0038	田舎	いなか	quê, nông thôn	Điền Xá
n5_advanced_drafts	batch_0031_0040	R_0038	お墓参り	おはかまいり	đi thăm mộ, viếng mộ	Mộ Tham
n5_advanced_drafts	batch_0031_0040	R_0038	盆踊り	ぼんおどり	múa Bon (điệu múa truyền thống lễ Obon)	Bồn Dũng
n5_advanced_drafts	batch_0031_0040	R_0039	先週	せんしゅう	tuần trước	Tiên Chu
n5_advanced_drafts	batch_0031_0040	R_0039	上手	じょうず	giỏi, khéo léo	Thượng Thủ
n5_advanced_drafts	batch_0031_0040	R_0039	漫画	まんが	truyện tranh manga	Mạn Họa
n5_advanced_drafts	batch_0031_0040	R_0039	数学	すうがく	môn toán	Sổ Học
n5_advanced_drafts	batch_0031_0040	R_0039	国語	こくご	môn quốc ngữ (tiếng Nhật)	Quốc Ngữ
n5_advanced_drafts	batch_0031_0040	R_0039	昼休み	ひるやすみ	giờ nghỉ trưa	Trú Hưu
n5_advanced_drafts	batch_0031_0040	R_0040	料理	りょうり	nấu ăn, món ăn	Liêu Lí
n5_advanced_drafts	batch_0031_0040	R_0040	活動	かつどう	hoạt động	Hoạt Động
n5_advanced_drafts	batch_0031_0040	R_0040	毎週	まいしゅう	hàng tuần	Mỗi Chu
n5_advanced_drafts	batch_0031_0040	R_0040	水曜日	すいようび	thứ tư	Thủy Diệu Nhật
n5_advanced_drafts	batch_0031_0040	R_0040	野菜	やさい	rau củ	Dã Thái
n5_advanced_drafts	batch_0031_0040	R_0040	切ります	きります	cắt	Thiết
n5_advanced_drafts	batch_0041_0050	R_0041	三世代	さんせだい	ba thế hệ	Tam Thế Đại
n5_advanced_drafts	batch_0041_0050	R_0041	田舎	いなか	vùng quê	Điền Xá
n5_advanced_drafts	batch_0041_0050	R_0041	祖父	そふ	ông (nội/ngoại)	Tổ Phụ
n5_advanced_drafts	batch_0041_0050	R_0041	祖母	そぼ	bà (nội/ngoại)	Tổ Mẫu
n5_advanced_drafts	batch_0041_0050	R_0041	毎朝	まいあさ	mỗi sáng	Mỗi Triêu
n5_advanced_drafts	batch_0041_0050	R_0042	お正月	おしょうがつ	Tết (năm mới)	Chánh Nguyệt
n5_advanced_drafts	batch_0041_0050	R_0042	おせち	おせち	món osechi (đồ ăn Tết Nhật)	
n5_advanced_drafts	batch_0041_0050	R_0042	神社	じんじゃ	đền thần	Thần Xã
n5_advanced_drafts	batch_0041_0050	R_0042	初詣	はつもうで	lễ viếng đền đầu năm	Sơ Nghệ
n5_advanced_drafts	batch_0041_0050	R_0042	お年玉	おとしだま	tiền lì xì (Tết Nhật)	Niên Ngọc
n5_advanced_drafts	batch_0041_0050	R_0043	算数	さんすう	toán (tiểu học)	Toán Sổ
n5_advanced_drafts	batch_0041_0050	R_0043	かけ算	かけざん	phép nhân	Toán
n5_advanced_drafts	batch_0041_0050	R_0043	黒板	こくばん	bảng đen	Hắc Bản
n5_advanced_drafts	batch_0041_0050	R_0043	問題	もんだい	bài toán, vấn đề	Vấn Đề
n5_advanced_drafts	batch_0041_0050	R_0043	答え	こたえ	đáp án, câu trả lời	Đáp
n5_advanced_drafts	batch_0041_0050	R_0044	来週	らいしゅう	tuần sau	Lai Chu
n5_advanced_drafts	batch_0041_0050	R_0044	テスト	テスト	bài thi	
n5_advanced_drafts	batch_0041_0050	R_0044	準備	じゅんび	chuẩn bị	Chuẩn Bị
n5_advanced_drafts	batch_0041_0050	R_0044	国語	こくご	quốc ngữ (tiếng Nhật)	Quốc Ngữ
n5_advanced_drafts	batch_0041_0050	R_0044	午後	ごご	buổi chiều	Ngọ Hậu
n5_advanced_drafts	batch_0041_0050	R_0045	最後	さいご	cuối cùng	Tối Hậu
n5_advanced_drafts	batch_0041_0050	R_0045	卒業式	そつぎょうしき	lễ tốt nghiệp	Tốt Nghiệp Thức
n5_advanced_drafts	batch_0041_0050	R_0045	教室	きょうしつ	phòng học, lớp học	Giáo Thất
n5_advanced_drafts	batch_0041_0050	R_0045	体育館	たいいくかん	nhà thể chất	Thể Dục Quán
n5_advanced_drafts	batch_0041_0050	R_0045	校長先生	こうちょうせんせい	thầy hiệu trưởng	Giáo Trường Tiên Sanh
n5_advanced_drafts	batch_0041_0050	R_0046	運動会	うんどうかい	hội thể thao	Vận Động Hội
n5_advanced_drafts	batch_0041_0050	R_0046	チーム	チーム	đội	
n5_advanced_drafts	batch_0041_0050	R_0046	かけっこ	かけっこ	chạy thi (trẻ em)	
n5_advanced_drafts	batch_0041_0050	R_0046	玉入れ	たまいれ	ném bóng vào rổ	Ngọc Nhập
n5_advanced_drafts	batch_0041_0050	R_0046	リレー	リレー	chạy tiếp sức	
n5_advanced_drafts	batch_0041_0050	R_0047	新幹線	しんかんせん	tàu shinkansen (tàu cao tốc)	Tân Cán Tuyến
n5_advanced_drafts	batch_0041_0050	R_0047	金閣寺	きんかくじ	chùa Kinkakuji (chùa Vàng)	Kim Các Tự
n5_advanced_drafts	batch_0041_0050	R_0047	嵐山	あらしやま	Arashiyama (địa danh)	Lam San
n5_advanced_drafts	batch_0041_0050	R_0047	竹	たけ	cây tre	Trúc
n5_advanced_drafts	batch_0041_0050	R_0047	おみやげ	おみやげ	quà lưu niệm	
n5_advanced_drafts	batch_0041_0050	R_0048	泊まります	とまります	ở, nghỉ (khách sạn)	Bạc
n5_advanced_drafts	batch_0041_0050	R_0048	部屋	へや	phòng	Bộ Ốc
n5_advanced_drafts	batch_0041_0050	R_0048	窓	まど	cửa sổ	Song
n5_advanced_drafts	batch_0041_0050	R_0048	お風呂	おふろ	bồn tắm	Phong Lữ
n5_advanced_drafts	batch_0041_0050	R_0048	一泊	いっぱく	một đêm (nghỉ)	Nhất Bạc
n5_advanced_drafts	batch_0041_0050	R_0049	道	みち	đường	Đạo
n5_advanced_drafts	batch_0041_0050	R_0049	交番	こうばん	đồn cảnh sát nhỏ (koban)	Giao Phiên
n5_advanced_drafts	batch_0041_0050	R_0049	おまわりさん	おまわりさん	anh cảnh sát	
n5_advanced_drafts	batch_0041_0050	R_0049	まっすぐ	まっすぐ	thẳng	
n5_advanced_drafts	batch_0041_0050	R_0049	曲がります	まがります	rẽ, quẹo	Khúc
n5_advanced_drafts	batch_0041_0050	R_0050	電車	でんしゃ	tàu điện	Điện Xa
n5_advanced_drafts	batch_0041_0050	R_0050	切符	きっぷ	vé (giấy)	Thiết Phù
n5_advanced_drafts	batch_0041_0050	R_0050	ICカード	アイシーカード	thẻ IC điện tử (dùng đi tàu)	
n5_advanced_drafts	batch_0041_0050	R_0050	立ちます	たちます	đứng	Lập
n5_advanced_drafts	batch_0041_0050	R_0050	着きます	つきます	đến nơi	Trứ
n5_advanced_drafts	batch_0051_0060	R_0051	道	みち	đường	Đạo
n5_advanced_drafts	batch_0051_0060	R_0051	迷いました	まよいました	bị lạc	Mê
n5_advanced_drafts	batch_0051_0060	R_0051	地図	ちず	bản đồ	Địa Đồ
n5_advanced_drafts	batch_0051_0060	R_0051	親切	しんせつ	tử tế	Thân Thiết
n5_advanced_drafts	batch_0051_0060	R_0051	やっと	やっと	cuối cùng	
n5_advanced_drafts	batch_0051_0060	R_0052	旅行	りょこう	du lịch	Lữ Hành
n5_advanced_drafts	batch_0051_0060	R_0052	新幹線	しんかんせん	tàu cao tốc shinkansen	Tân Cán Tuyến
n5_advanced_drafts	batch_0051_0060	R_0052	たこ焼き	たこやき	bánh bạch tuộc takoyaki	Thiêu
n5_advanced_drafts	batch_0051_0060	R_0052	お好み焼き	おこのみやき	bánh xèo Nhật okonomiyaki	Hảo Thiêu
n5_advanced_drafts	batch_0051_0060	R_0052	大阪城	おおさかじょう	thành Osaka	Đại Sàn Thành
n5_advanced_drafts	batch_0051_0060	R_0053	サーモン	サーモン	cá hồi	
n5_advanced_drafts	batch_0051_0060	R_0053	マグロ	マグロ	cá ngừ	
n5_advanced_drafts	batch_0051_0060	R_0053	回転ずし	かいてんずし	sushi băng chuyền	Hồi Chuyển
n5_advanced_drafts	batch_0051_0060	R_0053	皿	さら	đĩa	Mãnh
n5_advanced_drafts	batch_0051_0060	R_0053	エビ	エビ	tôm	
n5_advanced_drafts	batch_0051_0060	R_0054	みそ汁	みそしる	súp miso	Trấp
n5_advanced_drafts	batch_0051_0060	R_0054	鍋	なべ	nồi	Oa
n5_advanced_drafts	batch_0051_0060	R_0054	豆腐	とうふ	đậu phụ	Đậu Hủ
n5_advanced_drafts	batch_0051_0060	R_0054	わかめ	わかめ	rong biển wakame	
n5_advanced_drafts	batch_0051_0060	R_0054	だし	だし	nước dùng dashi	
n5_advanced_drafts	batch_0051_0060	R_0055	ラーメン屋	ラーメンや	quán ramen	Ốc
n5_advanced_drafts	batch_0051_0060	R_0055	注文	ちゅうもん	gọi món, đặt hàng	Chú Văn
n5_advanced_drafts	batch_0051_0060	R_0055	熱い	あつい	nóng (đồ ăn/uống)	Nhiệt
n5_advanced_drafts	batch_0051_0060	R_0055	ぎょうざ	ぎょうざ	há cảo gyoza	
n5_advanced_drafts	batch_0051_0060	R_0055	待ちました	まちました	đã chờ	Đãi
n5_advanced_drafts	batch_0051_0060	R_0056	お菓子	おかし	bánh kẹo	Quả Tử
n5_advanced_drafts	batch_0051_0060	R_0056	和菓子	わがし	bánh truyền thống Nhật	Hòa Quả Tử
n5_advanced_drafts	batch_0051_0060	R_0056	洋菓子	ようがし	bánh kiểu Tây	Dương Quả Tử
n5_advanced_drafts	batch_0051_0060	R_0056	あんこ	あんこ	nhân đậu đỏ	
n5_advanced_drafts	batch_0051_0060	R_0056	だんご	だんご	bánh dango (viên bột nếp)	
n5_advanced_drafts	batch_0051_0060	R_0057	食事	しょくじ	bữa ăn	Thực Sự
n5_advanced_drafts	batch_0051_0060	R_0057	マナー	マナー	quy tắc, phép lịch sự	
n5_advanced_drafts	batch_0051_0060	R_0057	はし	はし	đũa	
n5_advanced_drafts	batch_0051_0060	R_0057	ちゃわん	ちゃわん	chén cơm	
n5_advanced_drafts	batch_0051_0060	R_0057	おわん	おわん	bát canh	
n5_advanced_drafts	batch_0051_0060	R_0057	大切	たいせつ	quan trọng	Đại Thiết
n5_advanced_drafts	batch_0051_0060	R_0058	動物園	どうぶつえん	sở thú	Động Vật Viên
n5_advanced_drafts	batch_0051_0060	R_0058	人気	にんき	được yêu thích	Nhân Khí
n5_advanced_drafts	batch_0051_0060	R_0058	ぞう	ぞう	con voi (động vật)	
n5_advanced_drafts	batch_0051_0060	R_0058	きりん	きりん	hươu cao cổ	
n5_advanced_drafts	batch_0051_0060	R_0058	首	くび	cổ	Thủ
n5_advanced_drafts	batch_0051_0060	R_0059	海	うみ	biển	Hải
n5_advanced_drafts	batch_0051_0060	R_0059	砂浜	すなはま	bãi cát	Sa Banh
n5_advanced_drafts	batch_0051_0060	R_0059	泳ぎました	およぎました	đã bơi	Vịnh
n5_advanced_drafts	batch_0051_0060	R_0059	すいか	すいか	dưa hấu	
n5_advanced_drafts	batch_0051_0060	R_0059	夕方	ゆうがた	chiều tối	Tịch Phương
n5_advanced_drafts	batch_0051_0060	R_0060	野球	やきゅう	bóng chày	Dã Cầu
n5_advanced_drafts	batch_0051_0060	R_0060	試合	しあい	trận đấu	Thí Hợp
n5_advanced_drafts	batch_0051_0060	R_0060	選手	せんしゅ	cầu thủ, vận động viên	Tuyển Thủ
n5_advanced_drafts	batch_0051_0060	R_0060	ホームラン	ホームラン	cú đánh home run	
n5_advanced_drafts	batch_0051_0060	R_0060	勝ちました	かちました	đã thắng	Thắng
n4_basic_drafts	batch_0061_0070	R_0061	留学生	りゅうがくせい	du học sinh	Lưu Học Sanh
n4_basic_drafts	batch_0061_0070	R_0061	顔を洗う	かおをあらう	rửa mặt	Nhan Tẩy
n4_basic_drafts	batch_0061_0070	R_0061	自転車	じてんしゃ	xe đạp	Tự Chuyển Xa
n4_basic_drafts	batch_0061_0070	R_0061	単語	たんご	từ vựng	Đơn Ngữ
n4_basic_drafts	batch_0061_0070	R_0061	覚える	おぼえる	học thuộc, nhớ	Giác
n4_basic_drafts	batch_0061_0070	R_0061	図書館	としょかん	thư viện	Đồ Thư Quán
n4_basic_drafts	batch_0061_0070	R_0061	アルバイト	アルバイト	làm thêm, việc bán thời gian	
n4_basic_drafts	batch_0061_0070	R_0061	留学生活	りゅうがくせいかつ	cuộc sống du học	Lưu Học Sanh Hoạt
n4_basic_drafts	batch_0061_0070	R_0062	お弁当	おべんとう	cơm hộp, bento	Biện Đương
n4_basic_drafts	batch_0061_0070	R_0062	ウインナー	ウインナー	xúc xích Vienna kiểu Nhật	
n4_basic_drafts	batch_0061_0070	R_0062	炊く	たく	nấu (cơm)	Xuy
n4_basic_drafts	batch_0061_0070	R_0062	卵焼き	たまごやき	trứng cuộn	Noãn Thiêu
n4_basic_drafts	batch_0061_0070	R_0062	おかず	おかず	món phụ (ăn kèm cơm)	
n4_basic_drafts	batch_0061_0070	R_0062	節約	せつやく	tiết kiệm	Tiết Ước
n4_basic_drafts	batch_0061_0070	R_0062	レシピ	レシピ	công thức nấu ăn	
n4_basic_drafts	batch_0061_0070	R_0062	挑戦する	ちょうせんする	thử thách, thử sức	Khiêu Chiến
n4_basic_drafts	batch_0061_0070	R_0063	商品	しょうひん	hàng hóa, sản phẩm	Thương Phẩm
n4_basic_drafts	batch_0061_0070	R_0063	化粧品	けしょうひん	mỹ phẩm	Hóa Trang Phẩm
n4_basic_drafts	batch_0061_0070	R_0063	売り場	うりば	quầy bán hàng	Mại Tràng
n4_basic_drafts	batch_0061_0070	R_0063	レジ	レジ	quầy thu ngân	
n4_basic_drafts	batch_0061_0070	R_0063	袋	ふくろ	túi	Đại
n4_basic_drafts	batch_0061_0070	R_0063	全部で	ぜんぶで	tổng cộng	Toàn Bộ
n4_basic_drafts	batch_0061_0070	R_0064	掃除	そうじ	dọn dẹp, quét dọn	Tảo Trừ
n4_basic_drafts	batch_0061_0070	R_0064	片付ける	かたづける	dọn dẹp, sắp xếp	Phiến Phó
n4_basic_drafts	batch_0061_0070	R_0064	洗濯物	せんたくもの	đồ giặt	Tẩy Trạc Vật
n4_basic_drafts	batch_0061_0070	R_0064	たたむ	たたむ	gấp (quần áo)	
n4_basic_drafts	batch_0061_0070	R_0064	タンス	タンス	tủ quần áo	
n4_basic_drafts	batch_0061_0070	R_0064	拭く	ふく	lau, chùi	Thức
n4_basic_drafts	batch_0061_0070	R_0064	台所	だいどころ	nhà bếp	Thai Sở
n4_basic_drafts	batch_0061_0070	R_0064	迎える	むかえる	đón tiếp	Nghênh
n4_basic_drafts	batch_0061_0070	R_0065	動画	どうが	video, đoạn phim	Động Họa
n4_basic_drafts	batch_0061_0070	R_0065	親子丼	おやこどん	cơm gà trứng	Thân Tử Tỉnh
n4_basic_drafts	batch_0061_0070	R_0065	失敗	しっぱい	thất bại	Thất Bại
n4_basic_drafts	batch_0061_0070	R_0065	肉じゃが	にくじゃが	món thịt kho khoai tây	Nhục
n4_basic_drafts	batch_0061_0070	R_0065	便利	べんり	tiện lợi	Tiện Lợi
n4_basic_drafts	batch_0061_0070	R_0065	確認する	かくにんする	xác nhận, kiểm tra	Xác Nhận
n4_basic_drafts	batch_0061_0070	R_0066	習慣	しゅうかん	thói quen	Tập Quán
n4_basic_drafts	batch_0061_0070	R_0066	ストレッチ	ストレッチ	giãn cơ, kéo giãn	
n4_basic_drafts	batch_0061_0070	R_0066	歯を磨く	はをみがく	đánh răng	Xỉ Ma
n4_basic_drafts	batch_0061_0070	R_0066	準備	じゅんび	chuẩn bị	Chuẩn Bị
n4_basic_drafts	batch_0061_0070	R_0066	以前	いぜん	trước đây	Dĩ Tiền
n4_basic_drafts	batch_0061_0070	R_0066	ぐっすり	ぐっすり	ngủ say, ngủ ngon	
n4_basic_drafts	batch_0061_0070	R_0067	降る	ふる	mưa, rơi (mưa/tuyết)	Hàng
n4_basic_drafts	batch_0061_0070	R_0067	仕方がない	しかたがない	không còn cách nào khác	Sĩ Phương
n4_basic_drafts	batch_0061_0070	R_0067	漫画	まんが	truyện tranh	Mạn Họa
n4_basic_drafts	batch_0061_0070	R_0067	晴れる	はれる	trời nắng, tạnh	Tình
n4_basic_drafts	batch_0061_0070	R_0067	悪くない	わるくない	không tệ	Ác
n4_basic_drafts	batch_0061_0070	R_0067	出かける	でかける	ra ngoài, đi ra	Xuất
n4_basic_drafts	batch_0061_0070	R_0068	工場	こうじょう	nhà máy	Công Tràng
n4_basic_drafts	batch_0061_0070	R_0068	市場	いちば	chợ	Thị Tràng
n4_basic_drafts	batch_0061_0070	R_0068	果物	くだもの	hoa quả, trái cây	Quả Vật
n4_basic_drafts	batch_0061_0070	R_0068	飛行機	ひこうき	máy bay	Phi Hành Ki
n4_basic_drafts	batch_0061_0070	R_0068	ビデオ通話	ビデオつうわ	cuộc gọi video	Thông Thoại
n4_basic_drafts	batch_0061_0070	R_0068	連れて来る	つれてくる	đưa đến, dẫn đến	Liên Lai
n4_basic_drafts	batch_0061_0070	R_0068	絶対	ぜったい	nhất định, chắc chắn	Tuyệt Đối
n4_basic_drafts	batch_0061_0070	R_0069	結婚記念日	けっこんきねんび	ngày kỷ niệm đám cưới	Kết Hôn Kí Niệm Nhật
n4_basic_drafts	batch_0061_0070	R_0069	足りない	たりない	không đủ, thiếu	Túc
n4_basic_drafts	batch_0061_0070	R_0069	連れて行く	つれていく	đưa đi	Liên Hành
n4_basic_drafts	batch_0061_0070	R_0069	出し合う	だしあう	cùng góp, cùng đóng góp	Xuất Hợp
n4_basic_drafts	batch_0061_0070	R_0069	予約する	よやくする	đặt trước, đặt chỗ	Dư Ước
n4_basic_drafts	batch_0061_0070	R_0069	秘密	ひみつ	bí mật	Bí Mật
n4_basic_drafts	batch_0061_0070	R_0069	感謝	かんしゃ	lòng biết ơn, cảm ơn	Cảm Tạ
n4_basic_drafts	batch_0061_0070	R_0070	保育園	ほいくえん	nhà trẻ	Bảo Dục Viên
n4_basic_drafts	batch_0061_0070	R_0070	着せる	きせる	mặc (cho ai)	Trứ
n4_basic_drafts	batch_0061_0070	R_0070	泣く	なく	khóc	Khấp
n4_basic_drafts	batch_0061_0070	R_0070	手をつなぐ	てをつなぐ	nắm tay	Thủ
n4_basic_drafts	batch_0061_0070	R_0070	笑顔	えがお	nụ cười, khuôn mặt cười	Tiếu Nhan
n4_basic_drafts	batch_0061_0070	R_0070	渡す	わたす	đưa, giao	Độ
n4_basic_drafts	batch_0061_0070	R_0070	持ち物	もちもの	đồ mang theo, vật dụng cần mang	Trì Vật
n4_basic_drafts	batch_0061_0070	R_0070	迎えに行く	むかえにいく	đi đón	Nghênh Hành
n4_basic_drafts	batch_0071_0080	R_0071	使い方	つかいかた	cách sử dụng	Sử Phương
n4_basic_drafts	batch_0071_0080	R_0071	撮り方	とりかた	cách chụp (ảnh)	Toát Phương
n4_basic_drafts	batch_0071_0080	R_0071	撮れました	とれました	chụp được	Toát
n4_basic_drafts	batch_0071_0080	R_0071	庭	にわ	vườn, sân vườn	Đình
n4_basic_drafts	batch_0071_0080	R_0071	見せたい	みせたい	muốn cho xem	Kiến
n4_basic_drafts	batch_0071_0080	R_0071	好きになった	すきになった	đã trở nên thích	Hảo
n4_basic_drafts	batch_0071_0080	R_0072	七夕	たなばた	lễ Tanabata (lễ Ngưu Lang Chức Nữ)	Thất Tịch
n4_basic_drafts	batch_0071_0080	R_0072	短冊	たんざく	thẻ giấy (viết điều ước)	Đoản Sách
n4_basic_drafts	batch_0071_0080	R_0072	願い	ねがい	điều ước, mong ước	Nguyện
n4_basic_drafts	batch_0071_0080	R_0072	笹の葉	ささのは	cành tre, lá tre	Thế Diệp
n4_basic_drafts	batch_0071_0080	R_0072	飾りました	かざりました	trang trí, treo	Sức
n4_basic_drafts	batch_0071_0080	R_0072	織姫	おりひめ	nàng Orihime (Chức Nữ)	Chức Cơ
n4_basic_drafts	batch_0071_0080	R_0072	彦星	ひこぼし	chàng Hikoboshi (Ngưu Lang)	Ngàn Tinh
n4_basic_drafts	batch_0071_0080	R_0072	行事	ぎょうじ	sự kiện, lễ hội	Hành Sự
n4_basic_drafts	batch_0071_0080	R_0073	理科	りか	khoa học tự nhiên	Lí Khoa
n4_basic_drafts	batch_0071_0080	R_0073	実験	じっけん	thí nghiệm	Thực Nghiệm
n4_basic_drafts	batch_0071_0080	R_0073	教科書	きょうかしょ	sách giáo khoa	Giáo Khoa Thư
n4_basic_drafts	batch_0071_0080	R_0073	科学者	かがくしゃ	nhà khoa học	Khoa Học Giả
n4_basic_drafts	batch_0071_0080	R_0073	将来	しょうらい	tương lai	Tương Lai
n4_basic_drafts	batch_0071_0080	R_0073	楽しみにしています	たのしみにしています	mong chờ, trông đợi	Lạc
n4_basic_drafts	batch_0071_0080	R_0073	おかげで	おかげで	nhờ có	
n4_basic_drafts	batch_0071_0080	R_0074	仲のいい	なかのいい	thân thiết	Trọng
n4_basic_drafts	batch_0071_0080	R_0074	引っ越します	ひっこします	chuyển nhà	Dẫn Việt
n4_basic_drafts	batch_0071_0080	R_0074	転校	てんこう	chuyển trường	Chuyển Giáo
n4_basic_drafts	batch_0071_0080	R_0074	泣いて	ないて	khóc	Khấp
n4_basic_drafts	batch_0071_0080	R_0074	お別れ会	おわかれかい	tiệc chia tay	Biệt Hội
n4_basic_drafts	batch_0071_0080	R_0074	準備	じゅんび	chuẩn bị	Chuẩn Bị
n4_basic_drafts	batch_0071_0080	R_0074	離れても	はなれても	dù xa nhau	Li
n4_basic_drafts	batch_0071_0080	R_0074	寄せ書き	よせがき	lưu bút (nhiều người cùng viết)	Kí Thư
n4_basic_drafts	batch_0071_0080	R_0075	文化祭	ぶんかさい	lễ hội văn hóa (của trường)	Văn Hóa Tế
n4_basic_drafts	batch_0071_0080	R_0075	演劇部	えんげきぶ	câu lạc bộ kịch	Diễn Kịch Bộ
n4_basic_drafts	batch_0071_0080	R_0075	放課後	ほうかご	sau giờ học	Phóng Khóa Hậu
n4_basic_drafts	batch_0071_0080	R_0075	台詞	せりふ	lời thoại	Thai Từ
n4_basic_drafts	batch_0071_0080	R_0075	衣装	いしょう	trang phục	Y Trang
n4_basic_drafts	batch_0071_0080	R_0075	本番	ほんばん	buổi diễn chính thức	Bản Phiên
n4_basic_drafts	batch_0071_0080	R_0075	リハーサル	リハーサル	tổng duyệt	
n4_basic_drafts	batch_0071_0080	R_0076	受けます	うけます	thi, dự thi	Thụ
n4_basic_drafts	batch_0071_0080	R_0076	漢字	かんじ	chữ Hán	Hán Tự
n4_basic_drafts	batch_0071_0080	R_0076	文法	ぶんぽう	ngữ pháp	Văn Pháp
n4_basic_drafts	batch_0071_0080	R_0076	あきらめないで	あきらめないで	đừng bỏ cuộc	
n4_basic_drafts	batch_0071_0080	R_0076	合格	ごうかく	đỗ, thi đỗ	Hợp Cách
n4_basic_drafts	batch_0071_0080	R_0076	緊張	きんちょう	hồi hộp, căng thẳng	Khẩn Trương
n4_basic_drafts	batch_0071_0080	R_0076	挑戦	ちょうせん	thử sức, thách thức	Khiêu Chiến
n4_basic_drafts	batch_0071_0080	R_0077	卒業式	そつぎょうしき	lễ tốt nghiệp	Tốt Nghiệp Thức
n4_basic_drafts	batch_0071_0080	R_0077	寂しかった	さびしかった	cô đơn (quá khứ)	Tịch
n4_basic_drafts	batch_0071_0080	R_0077	話しかけて	はなしかけて	bắt chuyện	Thoại
n4_basic_drafts	batch_0071_0080	R_0077	体育祭	たいいくさい	hội thể thao	Thể Dục Tế
n4_basic_drafts	batch_0071_0080	R_0077	思い出	おもいで	kỷ niệm	Tư Xuất
n4_basic_drafts	batch_0071_0080	R_0077	先生方	せんせいがた	các thầy cô (kính ngữ)	Tiên Sanh Phương
n4_basic_drafts	batch_0071_0080	R_0077	答辞	とうじ	lời đáp từ (bài phát biểu đại diện học sinh)	Đáp Từ
n4_basic_drafts	batch_0071_0080	R_0078	修学旅行	しゅうがくりょこう	chuyến đi du lịch trường	Tu Học Lữ Hành
n4_basic_drafts	batch_0071_0080	R_0078	東大寺	とうだいじ	chùa Todaiji	Đông Đại Tự
n4_basic_drafts	batch_0071_0080	R_0078	大仏	だいぶつ	tượng Phật lớn	Đại Phật
n4_basic_drafts	batch_0071_0080	R_0078	鹿せんべい	しかせんべい	bánh senbei cho hươu	Lộc
n4_basic_drafts	batch_0071_0080	R_0078	春日大社	かすがたいしゃ	đền Kasuga Taisha	Xuân Nhật Đại Xã
n4_basic_drafts	batch_0071_0080	R_0078	お土産	おみやげ	quà lưu niệm	Thổ Sản
n4_basic_drafts	batch_0071_0080	R_0078	疲れて	つかれて	mệt	Bì
n4_basic_drafts	batch_0071_0080	R_0079	面接	めんせつ	phỏng vấn	Diện Tiếp
n4_basic_drafts	batch_0071_0080	R_0079	面接官	めんせつかん	người phỏng vấn	Diện Tiếp Quan
n4_basic_drafts	batch_0071_0080	R_0079	接客	せっきゃく	phục vụ khách hàng	Tiếp Khách
n4_basic_drafts	batch_0071_0080	R_0079	平日	へいじつ	ngày thường (thứ 2-6)	Bình Nhật
n4_basic_drafts	batch_0071_0080	R_0079	遅刻	ちこく	đi muộn, đến trễ	Trì Khắc
n4_basic_drafts	batch_0071_0080	R_0079	一生懸命	いっしょうけんめい	hết sức, nỗ lực hết mình	Nhất Sanh Huyền Mệnh
n4_basic_drafts	batch_0071_0080	R_0079	受かったら	うかったら	nếu đỗ, nếu được nhận	Thụ
n4_basic_drafts	batch_0071_0080	R_0080	先輩	せんぱい	tiền bối, đàn anh/chị đi trước	Tiên Bối
n4_basic_drafts	batch_0071_0080	R_0080	敬語	けいご	kính ngữ	Kính Ngữ
n4_basic_drafts	batch_0071_0080	R_0080	お客様	おきゃくさま	quý khách	Khách Dạng
n4_basic_drafts	batch_0071_0080	R_0080	かしこまりました	かしこまりました	vâng, tôi hiểu rồi (kính ngữ)	
n4_basic_drafts	batch_0071_0080	R_0080	間違えても	まちがえても	dù sai cũng	Gian Vi
n4_basic_drafts	batch_0071_0080	R_0080	マネージャー	マネージャー	quản lý	
n4_basic_drafts	batch_0071_0080	R_0080	出会えて	であえて	gặp được	Xuất Hội
n4_basic_drafts	batch_0081_0090	R_0081	会議	かいぎ	cuộc họp	Hội Nghị
n4_basic_drafts	batch_0081_0090	R_0081	スーツ	スーツ	vest, com lê	
n4_basic_drafts	batch_0081_0090	R_0081	資料	しりょう	tài liệu	Tư Liêu
n4_basic_drafts	batch_0081_0090	R_0081	準備	じゅんび	chuẩn bị	Chuẩn Bị
n4_basic_drafts	batch_0081_0090	R_0081	緊張	きんちょう	hồi hộp, căng thẳng	Khẩn Trương
n4_basic_drafts	batch_0081_0090	R_0081	意見	いけん	ý kiến	Ý Kiến
n4_basic_drafts	batch_0081_0090	R_0081	部長	ぶちょう	trưởng phòng	Bộ Trường
n4_basic_drafts	batch_0081_0090	R_0081	議事録	ぎじろく	biên bản cuộc họp	Nghị Sự Lục
n4_basic_drafts	batch_0081_0090	R_0082	上司	じょうし	sếp, cấp trên	Thượng Ti
n4_basic_drafts	batch_0081_0090	R_0082	理由	りゆう	lý do	Lí Do
n4_basic_drafts	batch_0081_0090	R_0082	説明	せつめい	giải thích	Thuyết Minh
n4_basic_drafts	batch_0081_0090	R_0082	病院	びょういん	bệnh viện	Bệnh Viện
n4_basic_drafts	batch_0081_0090	R_0082	出社	しゅっしゃ	đến công ty làm việc	Xuất Xã
n4_basic_drafts	batch_0081_0090	R_0082	敬語	けいご	kính ngữ	Kính Ngữ
n4_basic_drafts	batch_0081_0090	R_0082	正しい	ただしい	đúng, chính xác	Chánh
n4_basic_drafts	batch_0081_0090	R_0083	プロジェクト	プロジェクト	dự án	
n4_basic_drafts	batch_0081_0090	R_0083	担当	たんとう	phụ trách, đảm nhận	Đam Đương
n4_basic_drafts	batch_0081_0090	R_0083	不安	ふあん	lo lắng, bất an	Bất An
n4_basic_drafts	batch_0081_0090	R_0083	経験	けいけん	kinh nghiệm	Kinh Nghiệm
n4_basic_drafts	batch_0081_0090	R_0083	スケジュール	スケジュール	lịch trình	
n4_basic_drafts	batch_0081_0090	R_0083	相談	そうだん	bàn bạc, trao đổi	Tương Đàm
n4_basic_drafts	batch_0081_0090	R_0083	挑戦	ちょうせん	thử thách	Khiêu Chiến
n4_basic_drafts	batch_0081_0090	R_0084	同僚	どうりょう	đồng nghiệp	Đồng Liêu
n4_basic_drafts	batch_0081_0090	R_0084	料理人	りょうりにん	đầu bếp	Liêu Lí Nhân
n4_basic_drafts	batch_0081_0090	R_0084	辞める	やめる	nghỉ việc, bỏ	Từ
n4_basic_drafts	batch_0081_0090	R_0084	寂しい	さびしい	buồn, cô đơn	Tịch
n4_basic_drafts	batch_0081_0090	R_0084	夢	ゆめ	ước mơ, giấc mơ	Mộng
n4_basic_drafts	batch_0081_0090	R_0084	通う	かよう	đi lại (đi học, đi làm)	Thông
n4_basic_drafts	batch_0081_0090	R_0084	楽しみ	たのしみ	mong chờ, kỳ vọng	Lạc
n4_basic_drafts	batch_0081_0090	R_0084	引継ぎ	ひきつぎ	bàn giao công việc	Dẫn Kế
n4_basic_drafts	batch_0081_0090	R_0085	リモートワーク	リモートワーク	làm việc từ xa	
n4_basic_drafts	batch_0081_0090	R_0085	通勤	つうきん	đi lại (đi làm)	Thông Cần
n4_basic_drafts	batch_0081_0090	R_0085	報告書	ほうこくしょ	báo cáo	Báo Cáo Thư
n4_basic_drafts	batch_0081_0090	R_0085	夕飯	ゆうはん	bữa tối	Tịch Phạn
n4_basic_drafts	batch_0081_0090	R_0085	便利	べんり	tiện lợi	Tiện Lợi
n4_basic_drafts	batch_0081_0090	R_0085	悪くない	わるくない	không tệ	Ác
n4_basic_drafts	batch_0081_0090	R_0086	場所	ばしょ	vị trí, địa điểm	Tràng Sở
n4_basic_drafts	batch_0081_0090	R_0086	メニュー	メニュー	thực đơn	
n4_basic_drafts	batch_0081_0090	R_0086	焼く	やく	nướng	Thiêu
n4_basic_drafts	batch_0081_0090	R_0086	載せる	のせる	đăng, tải lên	Tái
n4_basic_drafts	batch_0081_0090	R_0086	増える	ふえる	tăng lên	Tăng
n4_basic_drafts	batch_0081_0090	R_0086	常連	じょうれん	khách quen	Thường Liên
n4_basic_drafts	batch_0081_0090	R_0087	飛行機	ひこうき	máy bay	Phi Hành Ki
n4_basic_drafts	batch_0081_0090	R_0087	泊	はく	đêm (đếm số đêm nghỉ)	Bạc
n4_basic_drafts	batch_0081_0090	R_0087	国際通り	こくさいどおり	phố Kokusai (phố nổi tiếng ở Naha)	Quốc Tế Thông
n4_basic_drafts	batch_0081_0090	R_0087	水族館	すいぞくかん	thủy cung	Thủy Tộc Quán
n4_basic_drafts	batch_0081_0090	R_0087	ジンベエザメ	ジンベエザメ	cá mập voi	
n4_basic_drafts	batch_0081_0090	R_0087	夕日	ゆうひ	hoàng hôn	Tịch Nhật
n4_basic_drafts	batch_0081_0090	R_0088	旅館	りょかん	ryokan (nhà trọ truyền thống Nhật)	Lữ Quán
n4_basic_drafts	batch_0081_0090	R_0088	畳	たたみ	tatami (chiếu Nhật)	Điệp
n4_basic_drafts	batch_0081_0090	R_0088	布団	ふとん	futon (chăn nệm Nhật)	Bố Đoàn
n4_basic_drafts	batch_0081_0090	R_0088	敷く	しく	trải, lót	Phu
n4_basic_drafts	batch_0081_0090	R_0088	露天風呂	ろてんぶろ	bồn tắm ngoài trời	Lộ Thiên Phong Lữ
n4_basic_drafts	batch_0081_0090	R_0088	浴衣	ゆかた	yukata (áo truyền thống mặc ở ryokan)	Dục Y
n4_basic_drafts	batch_0081_0090	R_0088	地元	じもと	địa phương	Địa Nguyên
n4_basic_drafts	batch_0081_0090	R_0089	待ち合わせ	まちあわせ	hẹn gặp	Đãi Hợp
n4_basic_drafts	batch_0081_0090	R_0089	迷子	まいご	lạc đường	Mê Tử
n4_basic_drafts	batch_0081_0090	R_0089	ハチ公	ハチこう	Hachiko (chú chó trung thành nổi tiếng)	Công
n4_basic_drafts	batch_0081_0090	R_0089	曲がる	まがる	rẽ, quẹo	Khúc
n4_basic_drafts	batch_0081_0090	R_0089	像	ぞう	tượng	Tượng
n4_basic_drafts	batch_0081_0090	R_0089	無事	ぶじ	an toàn, bình an	Vô Sự
n4_basic_drafts	batch_0081_0090	R_0090	温泉	おんせん	suối nước nóng, onsen	Ôn Tuyền
n4_basic_drafts	batch_0081_0090	R_0090	ルール	ルール	quy tắc	
n4_basic_drafts	batch_0081_0090	R_0090	恥ずかしい	はずかしい	xấu hổ	Sỉ
n4_basic_drafts	batch_0081_0090	R_0090	勇気	ゆうき	dũng khí, can đảm	Dũng Khí
n4_basic_drafts	batch_0081_0090	R_0090	慣れる	なれる	quen, thích nghi	Quán
n4_basic_drafts	batch_0081_0090	R_0090	景色	けしき	cảnh, phong cảnh	Cảnh Sắc
n4_basic_drafts	batch_0081_0090	R_0090	気持ちいい	きもちいい	dễ chịu, thoải mái	Khí Trì
n4_basic_drafts	batch_0081_0090	R_0090	入れ墨	いれずみ	hình xăm	Nhập Mặc
n4_basic_drafts	batch_0091_0100	R_0091	財布	さいふ	ví tiền	Tài Bố
n4_basic_drafts	batch_0091_0100	R_0091	気がつく	きがつく	nhận ra	Khí
n4_basic_drafts	batch_0091_0100	R_0091	落とす	おとす	đánh rơi	Lạc
n4_basic_drafts	batch_0091_0100	R_0091	駅員	えきいん	nhân viên ga	Dịch Viên
n4_basic_drafts	batch_0091_0100	R_0091	遺失物	いしつぶつ	đồ thất lạc	Di Thất Vật
n4_basic_drafts	batch_0091_0100	R_0091	見つかる	みつかる	được tìm thấy	Kiến
n4_basic_drafts	batch_0091_0100	R_0091	安全	あんぜん	an toàn	An Toàn
n4_basic_drafts	batch_0091_0100	R_0091	お辞儀	おじぎ	cúi chào	Từ Nghi
n4_basic_drafts	batch_0091_0100	R_0092	旅行	りょこう	du lịch	Lữ Hành
n4_basic_drafts	batch_0091_0100	R_0092	温泉	おんせん	suối nóng	Ôn Tuyền
n4_basic_drafts	batch_0091_0100	R_0092	大涌谷	おおわくだに	Owakudani (thung lũng địa nhiệt nổi tiếng ở Hakone)	Đại Dũng Cốc
n4_basic_drafts	batch_0091_0100	R_0092	黒たまご	くろたまご	trứng luộc đen (đặc sản Owakudani)	Hắc
n4_basic_drafts	batch_0091_0100	R_0092	旅館	りょかん	nhà trọ kiểu Nhật	Lữ Quán
n4_basic_drafts	batch_0091_0100	R_0092	気持ちいい	きもちいい	dễ chịu	Khí Trì
n4_basic_drafts	batch_0091_0100	R_0092	芦ノ湖	あしのこ	hồ Ashi	Lô Hồ
n4_basic_drafts	batch_0091_0100	R_0092	富士山	ふじさん	núi Phú Sĩ	Phú Sĩ San
n4_basic_drafts	batch_0091_0100	R_0093	保険証	ほけんしょう	thẻ bảo hiểm	Bảo Hiểm Chứng
n4_basic_drafts	batch_0091_0100	R_0093	待合室	まちあいしつ	phòng chờ	Đãi Hợp Thất
n4_basic_drafts	batch_0091_0100	R_0093	診察室	しんさつしつ	phòng khám	Chẩn Sát Thất
n4_basic_drafts	batch_0091_0100	R_0093	症状	しょうじょう	triệu chứng	Chứng Trạng
n4_basic_drafts	batch_0091_0100	R_0093	風邪	かぜ	cảm	Phong Tà
n4_basic_drafts	batch_0091_0100	R_0093	薬局	やっきょく	nhà thuốc	Dược Cục
n4_basic_drafts	batch_0091_0100	R_0093	問診票	もんしんひょう	phiếu khai triệu chứng (điền khi đến khám bệnh)	Vấn Chẩn Phiếu
n4_basic_drafts	batch_0091_0100	R_0093	丁寧	ていねい	tận tình, lịch sự	Đinh Ninh
n4_basic_drafts	batch_0091_0100	R_0094	ジョギング		chạy bộ	
n4_basic_drafts	batch_0091_0100	R_0094	疲れる	つかれる	mệt	Bì
n4_basic_drafts	batch_0091_0100	R_0094	続ける	つづける	tiếp tục	Tục
n4_basic_drafts	batch_0091_0100	R_0094	シャワー		tắm vòi sen	
n4_basic_drafts	batch_0091_0100	R_0094	軽い	かるい	nhẹ	Khinh
n4_basic_drafts	batch_0091_0100	R_0094	体重	たいじゅう	cân nặng	Thể Trọng
n4_basic_drafts	batch_0091_0100	R_0094	減る	へる	giảm	Giảm
n4_basic_drafts	batch_0091_0100	R_0094	大切	たいせつ	quan trọng	Đại Thiết
n4_basic_drafts	batch_0091_0100	R_0095	食事	しょくじ	bữa ăn	Thực Sự
n4_basic_drafts	batch_0091_0100	R_0095	暮らす	くらす	sinh sống	Mộ
n4_basic_drafts	batch_0091_0100	R_0095	弁当	べんとう	cơm hộp	Biện Đương
n4_basic_drafts	batch_0091_0100	R_0095	調子	ちょうし	tình trạng	Điều Tử
n4_basic_drafts	batch_0091_0100	R_0095	相談する	そうだんする	tham khảo, hỏi ý kiến	Tương Đàm
n4_basic_drafts	batch_0091_0100	R_0095	果物	くだもの	trái cây	Quả Vật
n4_basic_drafts	batch_0091_0100	R_0095	必ず	かならず	nhất định, chắc chắn	Tất
n4_basic_drafts	batch_0091_0100	R_0095	惣菜	そうざい	đồ ăn sẵn	Tổng Thái
n4_basic_drafts	batch_0091_0100	R_0096	ストレス		stress, căng thẳng	
n4_basic_drafts	batch_0091_0100	R_0096	間違える	まちがえる	nhầm lẫn	Gian Vi
n4_basic_drafts	batch_0091_0100	R_0096	寂しい	さびしい	buồn, cô đơn	Tịch
n4_basic_drafts	batch_0091_0100	R_0096	楽	らく	nhẹ nhàng, thoải mái	Lạc
n4_basic_drafts	batch_0091_0100	R_0096	趣味	しゅみ	sở thích	Thú Vị
n4_basic_drafts	batch_0091_0100	R_0096	慣れる	なれる	quen với	Quán
n4_basic_drafts	batch_0091_0100	R_0096	生活	せいかつ	cuộc sống	Sanh Hoạt
n4_basic_drafts	batch_0091_0100	R_0096	大丈夫	だいじょうぶ	không sao	Đại Trượng Phu
n4_basic_drafts	batch_0091_0100	R_0097	睡眠不足	すいみんぶそく	thiếu ngủ	Thụy Miên Bất Túc
n4_basic_drafts	batch_0091_0100	R_0097	原因	げんいん	nguyên nhân	Nguyên Nhân
n4_basic_drafts	batch_0091_0100	R_0097	なかなか	なかなか	mãi mà không	
n4_basic_drafts	batch_0091_0100	R_0097	動画	どうが	video, đoạn phim	Động Họa
n4_basic_drafts	batch_0091_0100	R_0097	夜中	よなか	nửa đêm	Dạ Trung
n4_basic_drafts	batch_0091_0100	R_0097	授業中	じゅぎょうちゅう	trong giờ học	Thụ Nghiệp Trung
n4_basic_drafts	batch_0091_0100	R_0097	眠い	ねむい	buồn ngủ	Miên
n4_basic_drafts	batch_0091_0100	R_0097	音楽	おんがく	âm nhạc	Âm Lạc
n4_basic_drafts	batch_0091_0100	R_0098	恋しい	こいしい	nhớ, thương nhớ	Luyến
n4_basic_drafts	batch_0091_0100	R_0098	ビデオ通話	ビデオつうわ	gọi video	Thông Thoại
n4_basic_drafts	batch_0091_0100	R_0098	気持ち	きもち	cảm xúc, tâm trạng	Khí Trì
n4_basic_drafts	batch_0091_0100	R_0098	泣く	なく	khóc	Khấp
n4_basic_drafts	batch_0091_0100	R_0098	誘う	さそう	rủ, mời	Dụ
n4_basic_drafts	batch_0091_0100	R_0098	元気	げんき	khỏe, vui	Nguyên Khí
n4_basic_drafts	batch_0091_0100	R_0098	安心する	あんしんする	yên tâm	An Tâm
n4_basic_drafts	batch_0091_0100	R_0098	証拠	しょうこ	bằng chứng	Chứng Cứ
n4_basic_drafts	batch_0091_0100	R_0099	種類	しゅるい	loại, chủng loại	Chủng Loại
n4_basic_drafts	batch_0091_0100	R_0099	醤油	しょうゆ	nước tương	Tương Du
n4_basic_drafts	batch_0091_0100	R_0099	味噌	みそ	miso (tương đậu)	Vị Tăng
n4_basic_drafts	batch_0091_0100	R_0099	豚骨	とんこつ	xương heo	Đồn Cốt
n4_basic_drafts	batch_0091_0100	R_0099	温まる	あたたまる	ấm lên	Ôn
n4_basic_drafts	batch_0091_0100	R_0099	濃厚	のうこう	đậm đà	Nùng Hậu
n4_basic_drafts	batch_0091_0100	R_0099	地域	ちいき	vùng miền, khu vực	Địa Vực
n4_basic_drafts	batch_0091_0100	R_0099	つけ麺	つけめん	mì chấm (ăn riêng mì và nước chấm đậm đà)	Miến
n4_basic_drafts	batch_0091_0100	R_0100	懐かしい	なつかしい	gợi nhớ, hoài niệm (về điều quen thuộc từ quá khứ)	Hoài
n4_basic_drafts	batch_0091_0100	R_0100	材料	ざいりょう	nguyên liệu	Tài Liêu
n4_basic_drafts	batch_0091_0100	R_0100	パクチー		rau mùi	
n4_basic_drafts	batch_0091_0100	R_0100	ナンプラー		nước mắm	
n4_basic_drafts	batch_0091_0100	R_0100	先輩	せんぱい	anh chị đi trước	Tiên Bối
n4_basic_drafts	batch_0091_0100	R_0100	食材店	しょくざいてん	cửa hàng thực phẩm	Thực Tài Điếm
n4_basic_drafts	batch_0091_0100	R_0100	レシピ		công thức nấu ăn	
n4_basic_drafts	batch_0091_0100	R_0100	挑戦する	ちょうせんする	thử thách, thử sức	Khiêu Chiến
n4_advanced_drafts	batch_0101_0110	R_0101	朝寝坊	あさねぼう	ngủ nướng, thức dậy muộn	Triêu Tẩm Phường
n4_advanced_drafts	batch_0101_0110	R_0101	目覚まし時計	めざましどけい	đồng hồ báo thức	Mục Giác Thì Kế
n4_advanced_drafts	batch_0101_0110	R_0101	急ぐ	いそぐ	vội, nhanh lên	Cấp
n4_advanced_drafts	batch_0101_0110	R_0101	着替える	きがえる	thay đồ	Trứ Thế
n4_advanced_drafts	batch_0101_0110	R_0101	満員	まんいん	đông nghẹt, kín chỗ	Mãn Viên
n4_advanced_drafts	batch_0101_0110	R_0101	上司	じょうし	sếp, cấp trên	Thượng Ti
n4_advanced_drafts	batch_0101_0110	R_0101	我慢する	がまんする	nhịn, chịu đựng	Ngã Mạn
n4_advanced_drafts	batch_0101_0110	R_0102	健康診断	けんこうしんだん	khám sức khỏe định kỳ	Kiện Khang Chẩn Đoạn
n4_advanced_drafts	batch_0101_0110	R_0102	体重	たいじゅう	cân nặng	Thể Trọng
n4_advanced_drafts	batch_0101_0110	R_0102	食生活	しょくせいかつ	thói quen ăn uống	Thực Sanh Hoạt
n4_advanced_drafts	batch_0101_0110	R_0102	レシピ	レシピ	công thức nấu ăn	
n4_advanced_drafts	batch_0101_0110	R_0102	挑戦する	ちょうせんする	thử sức, thử làm điều mới	Khiêu Chiến
n4_advanced_drafts	batch_0101_0110	R_0102	一汁三菜	いちじゅうさんさい	cơm Nhật chuẩn: 1 món canh + 3 món phụ (triết lý ăn uống cân bằng)	Nhất Trấp Tam Thái
n4_advanced_drafts	batch_0101_0110	R_0102	代わりに	かわりに	thay vào đó	Đại
n4_advanced_drafts	batch_0101_0110	R_0102	減る	へる	giảm	Giảm
n4_advanced_drafts	batch_0101_0110	R_0103	送料	そうりょう	phí vận chuyển	Tống Liêu
n4_advanced_drafts	batch_0101_0110	R_0103	合計	ごうけい	tổng cộng	Hợp Kế
n4_advanced_drafts	batch_0101_0110	R_0103	返品する	へんぴんする	trả lại hàng	Phản Phẩm
n4_advanced_drafts	batch_0101_0110	R_0103	触る	さわる	sờ, chạm	Xúc
n4_advanced_drafts	batch_0101_0110	R_0103	試す	ためす	thử	Thí
n4_advanced_drafts	batch_0101_0110	R_0103	失敗する	しっぱいする	thất bại, mua hỏng	Thất Bại
n4_advanced_drafts	batch_0101_0110	R_0103	結局	けっきょく	cuối cùng, rốt cuộc	Kết Cục
n4_advanced_drafts	batch_0101_0110	R_0103	気に入る	きにいる	ưng ý, thích	Khí Nhập
n4_advanced_drafts	batch_0101_0110	R_0104	散らかる	ちらかる	bừa bộn	Tán
n4_advanced_drafts	batch_0101_0110	R_0104	書類	しょるい	giấy tờ, tài liệu	Thư Loại
n4_advanced_drafts	batch_0101_0110	R_0104	散らばる	ちらばる	ngổn ngang, vương vãi	Tán
n4_advanced_drafts	batch_0101_0110	R_0104	捨てる	すてる	vứt, bỏ	Xá
n4_advanced_drafts	batch_0101_0110	R_0104	取っておく	とっておく	giữ lại	Thủ
n4_advanced_drafts	batch_0101_0110	R_0104	片付ける	かたづける	dọn dẹp, sắp xếp	Phiến Phó
n4_advanced_drafts	batch_0101_0110	R_0105	経験	けいけん	kinh nghiệm	Kinh Nghiệm
n4_advanced_drafts	batch_0101_0110	R_0105	材料	ざいりょう	nguyên liệu	Tài Liêu
n4_advanced_drafts	batch_0101_0110	R_0105	砂糖	さとう	đường	Sa Đường
n4_advanced_drafts	batch_0101_0110	R_0105	塩	しお	muối	Diêm
n4_advanced_drafts	batch_0101_0110	R_0105	間違える	まちがえる	nhầm lẫn	Gian Vi
n4_advanced_drafts	batch_0101_0110	R_0105	膨らむ	ふくらむ	phồng lên, nở ra	Bành
n4_advanced_drafts	batch_0101_0110	R_0105	一生懸命	いっしょうけんめい	hết sức, cố gắng hết mình	Nhất Sanh Huyền Mệnh
n4_advanced_drafts	batch_0101_0110	R_0106	習慣	しゅうかん	thói quen	Tập Quán
n4_advanced_drafts	batch_0101_0110	R_0106	動画	どうが	video, đoạn phim	Động Họa
n4_advanced_drafts	batch_0101_0110	R_0106	夜中	よなか	nửa đêm	Dạ Trung
n4_advanced_drafts	batch_0101_0110	R_0106	遅刻する	ちこくする	đi muộn, trễ giờ	Trì Khắc
n4_advanced_drafts	batch_0101_0110	R_0106	慣れる	なれる	quen, thích nghi	Quán
n4_advanced_drafts	batch_0101_0110	R_0106	ストレス	ストレス	căng thẳng, stress	
n4_advanced_drafts	batch_0101_0110	R_0106	調子	ちょうし	tình trạng, thể trạng	Điều Tử
n4_advanced_drafts	batch_0101_0110	R_0107	食材	しょくざい	thực phẩm, nguyên liệu nấu ăn	Thực Tài
n4_advanced_drafts	batch_0101_0110	R_0107	天気予報	てんきよほう	dự báo thời tiết	Thiên Khí Dư Báo
n4_advanced_drafts	batch_0101_0110	R_0107	鍋	なべ	lẩu, nồi	Oa
n4_advanced_drafts	batch_0101_0110	R_0107	材料	ざいりょう	nguyên liệu	Tài Liêu
n4_advanced_drafts	batch_0101_0110	R_0107	切る	きる	cắt	Thiết
n4_advanced_drafts	batch_0101_0110	R_0107	予定	よてい	kế hoạch, lịch trình	Dư Định
n4_advanced_drafts	batch_0101_0110	R_0108	ユニーク	ユニーク	đặc biệt, độc đáo	
n4_advanced_drafts	batch_0101_0110	R_0108	経営する	けいえいする	kinh doanh, quản lý	Kinh Doanh
n4_advanced_drafts	batch_0101_0110	R_0108	弾く	ひく	chơi (nhạc cụ)	Đàn
n4_advanced_drafts	batch_0101_0110	R_0108	曲	きょく	bài hát, bản nhạc	Khúc
n4_advanced_drafts	batch_0101_0110	R_0108	拾う	ひろう	nhặt	Thập
n4_advanced_drafts	batch_0101_0110	R_0108	似顔絵	にがおえ	chân dung, tranh vẽ mặt	Tự Nhan Hội
n4_advanced_drafts	batch_0101_0110	R_0108	看板	かんばん	biển hiệu	Khán Bản
n4_advanced_drafts	batch_0101_0110	R_0108	それぞれ	それぞれ	mỗi người, mỗi cái	
n4_advanced_drafts	batch_0101_0110	R_0109	実家	じっか	nhà ở quê, nhà bố mẹ đẻ	Thực Gia
n4_advanced_drafts	batch_0101_0110	R_0109	封筒	ふうとう	phong bì	Phong Đồng
n4_advanced_drafts	batch_0101_0110	R_0109	日付	ひづけ	ngày tháng	Nhật Phó
n4_advanced_drafts	batch_0101_0110	R_0109	普段	ふだん	bình thường, thường ngày	Phổ Đoạn
n4_advanced_drafts	batch_0101_0110	R_0109	行動	こうどう	hành động	Hành Động
n4_advanced_drafts	batch_0101_0110	R_0109	愛	あい	tình yêu thương	Ái
n4_advanced_drafts	batch_0101_0110	R_0109	気づく	きづく	nhận ra	Khí
n4_advanced_drafts	batch_0101_0110	R_0110	保育園	ほいくえん	nhà trẻ	Bảo Dục Viên
n4_advanced_drafts	batch_0101_0110	R_0110	通う	かよう	đi lại (thường xuyên)	Thông
n4_advanced_drafts	batch_0101_0110	R_0110	連れていく	つれていく	dẫn đi, đưa đi	Liên
n4_advanced_drafts	batch_0101_0110	R_0110	離す	はなす	buông, thả	Li
n4_advanced_drafts	batch_0101_0110	R_0110	迎えに行く	むかえにいく	đi đón	Nghênh Hành
n4_advanced_drafts	batch_0101_0110	R_0110	成長	せいちょう	sự trưởng thành, lớn lên	Thành Trường
n4_advanced_drafts	batch_0101_0110	R_0110	慣らし保育	ならしほいく	giai đoạn làm quen với nhà trẻ (thường 1-2 tuần đầu, chỉ đi nửa ngày)	Quán Bảo Dục
n4_advanced_drafts	batch_0111_0120	R_0111	祖父母	そふぼ	ông bà	Tổ Phụ Mẫu
n4_advanced_drafts	batch_0111_0120	R_0111	若い頃	わかいころ	thời trẻ	Nhược Khoảnh
n4_advanced_drafts	batch_0111_0120	R_0111	貧しい	まずしい	nghèo	Bần
n4_advanced_drafts	batch_0111_0120	R_0111	珍しい	めずらしい	hiếm, lạ	Trân
n4_advanced_drafts	batch_0111_0120	R_0111	結婚	けっこん	kết hôn	Kết Hôn
n4_advanced_drafts	batch_0111_0120	R_0111	全員	ぜんいん	tất cả mọi người	Toàn Viên
n4_advanced_drafts	batch_0111_0120	R_0111	一生懸命	いっしょうけんめい	hết sức, chăm chỉ	Nhất Sanh Huyền Mệnh
n4_advanced_drafts	batch_0111_0120	R_0112	お盆	おぼん	lễ Obon (lễ Vu Lan)	Bồn
n4_advanced_drafts	batch_0111_0120	R_0112	田舎	いなか	quê, nông thôn	Điền Xá
n4_advanced_drafts	batch_0111_0120	R_0112	お墓参り	おはかまいり	viếng mộ	Mộ Tham
n4_advanced_drafts	batch_0111_0120	R_0112	ご先祖様	ごせんぞさま	tổ tiên	Tiên Tổ Dạng
n4_advanced_drafts	batch_0111_0120	R_0112	煮物	にもの	món kho, món niềm	Chử Vật
n4_advanced_drafts	batch_0111_0120	R_0112	盆踊り	ぼんおどり	múa Bon (điệu múa truyền thống)	Bồn Dũng
n4_advanced_drafts	batch_0111_0120	R_0112	浴衣	ゆかた	yukata (kimono mùa hè)	Dục Y
n4_advanced_drafts	batch_0111_0120	R_0112	行事	ぎょうじ	sự kiện, lễ hội	Hành Sự
n4_advanced_drafts	batch_0111_0120	R_0113	数学	すうがく	toán học	Sổ Học
n4_advanced_drafts	batch_0111_0120	R_0113	叱られる	しかられる	bị mắng	Sất
n4_advanced_drafts	batch_0111_0120	R_0113	褒められる	ほめられる	được khen	Bao
n4_advanced_drafts	batch_0111_0120	R_0113	厳しい	きびしい	nghiêm khắc	Nghiêm
n4_advanced_drafts	batch_0111_0120	R_0113	丁寧	ていねい	cẩn thận, lịch sự	Đinh Ninh
n4_advanced_drafts	batch_0111_0120	R_0113	成績	せいせき	thành tích, điểm số	Thành Tích
n4_advanced_drafts	batch_0111_0120	R_0113	得意	とくい	giỏi, sở trường	Đắc Ý
n4_advanced_drafts	batch_0111_0120	R_0114	親友	しんゆう	bạn thân	Thân Hữu
n4_advanced_drafts	batch_0111_0120	R_0114	喧嘩	けんか	cãi nhau	Huyên Hoa
n4_advanced_drafts	batch_0111_0120	R_0114	秘密	ひみつ	bí mật	Bí Mật
n4_advanced_drafts	batch_0111_0120	R_0114	ショック	ショック	sốc	
n4_advanced_drafts	batch_0111_0120	R_0114	素直	すなお	thành thật, ngoan ngoãn	Tố Trực
n4_advanced_drafts	batch_0111_0120	R_0114	確認	かくにん	xác nhận	Xác Nhận
n4_advanced_drafts	batch_0111_0120	R_0114	誤解	ごかい	hiểu lầm	Ngộ Giải
n4_advanced_drafts	batch_0111_0120	R_0114	謝る	あやまる	xin lỗi	Tạ
n4_advanced_drafts	batch_0111_0120	R_0115	全国大会	ぜんこくたいかい	giải toàn quốc	Toàn Quốc Đại Hội
n4_advanced_drafts	batch_0111_0120	R_0115	目標	もくひょう	mục tiêu	Mục Tiêu
n4_advanced_drafts	batch_0111_0120	R_0115	決勝戦	けっしょうせん	trận chung kết	Quyết Thắng Chiến
n4_advanced_drafts	batch_0111_0120	R_0115	緊張	きんちょう	căng thẳng	Khẩn Trương
n4_advanced_drafts	batch_0111_0120	R_0115	瞬間	しゅんかん	khoảnh khắc	Thuấn Gian
n4_advanced_drafts	batch_0111_0120	R_0115	監督	かんとく	huấn luyện viên	Giam Đốc
n4_advanced_drafts	batch_0111_0120	R_0115	努力	どりょく	nỗ lực	Nỗ Lực
n4_advanced_drafts	batch_0111_0120	R_0115	仲間	なかま	đồng đội, bạn bè	Trọng Gian
n4_advanced_drafts	batch_0111_0120	R_0116	期末テスト	きまつテスト	thi cuối kỳ	Kì Mạt
n4_advanced_drafts	batch_0111_0120	R_0116	自信	じしん	tự tin	Tự Tín
n4_advanced_drafts	batch_0111_0120	R_0116	足りない	たりない	không đủ	Túc
n4_advanced_drafts	batch_0111_0120	R_0116	答案用紙	とうあんようし	bài thi, giấy trả lời	Đáp Án Dụng Chỉ
n4_advanced_drafts	batch_0111_0120	R_0116	疑う	うたがう	nghi ngờ	Nghi
n4_advanced_drafts	batch_0111_0120	R_0116	落ち込む	おちこむ	buồn nản, chán nản	Lạc Nhập
n4_advanced_drafts	batch_0111_0120	R_0116	改めて	あらためて	lại một lần nữa, càng thêm	Cải
n4_advanced_drafts	batch_0111_0120	R_0117	卒業	そつぎょう	tốt nghiệp	Tốt Nghiệp
n4_advanced_drafts	batch_0111_0120	R_0117	担任	たんにん	chủ nhiệm	Đam Nhâm
n4_advanced_drafts	batch_0111_0120	R_0117	生徒	せいと	học sinh	Sanh Đồ
n4_advanced_drafts	batch_0111_0120	R_0117	励ます	はげます	động viên	Lệ
n4_advanced_drafts	batch_0111_0120	R_0117	文化祭	ぶんかさい	lễ hội văn hóa	Văn Hóa Tế
n4_advanced_drafts	batch_0111_0120	R_0117	卒業式	そつぎょうしき	lễ tốt nghiệp	Tốt Nghiệp Thức
n4_advanced_drafts	batch_0111_0120	R_0117	宝物	たからもの	báu vật	Bảo Vật
n4_advanced_drafts	batch_0111_0120	R_0118	文化祭	ぶんかさい	lễ hội văn hóa (của trường)	Văn Hóa Tế
n4_advanced_drafts	batch_0111_0120	R_0118	役割	やくわり	vai trò	Dịch Cát
n4_advanced_drafts	batch_0111_0120	R_0118	放課後	ほうかご	sau giờ học	Phóng Khóa Hậu
n4_advanced_drafts	batch_0111_0120	R_0118	本番	ほんばん	hôm chính thức	Bản Phiên
n4_advanced_drafts	batch_0111_0120	R_0118	出し物	だしもの	tiết mục (biểu diễn tại lễ hội)	Xuất Vật
n4_advanced_drafts	batch_0111_0120	R_0118	焦る	あせる	hoảng, nóng ruột	Tiêu
n4_advanced_drafts	batch_0111_0120	R_0118	絆	きずな	tình bạn, sợi dây gắn kết	Bán
n4_advanced_drafts	batch_0111_0120	R_0118	思い出	おもいで	kỷ niệm	Tư Xuất
n4_advanced_drafts	batch_0111_0120	R_0119	面接	めんせつ	phỏng vấn	Diện Tiếp
n4_advanced_drafts	batch_0111_0120	R_0119	自己紹介	じこしょうかい	tự giới thiệu	Tự Kỉ Thiệu Giới
n4_advanced_drafts	batch_0111_0120	R_0119	履歴書	りれきしょ	sơ yếu lý lịch (tài liệu phỏng vấn)	Lí Lịch Thư
n4_advanced_drafts	batch_0111_0120	R_0119	面接官	めんせつかん	người phỏng vấn	Diện Tiếp Quan
n4_advanced_drafts	batch_0111_0120	R_0119	敬語	けいご	kính ngữ	Kính Ngữ
n4_advanced_drafts	batch_0111_0120	R_0119	完璧	かんぺき	hoàn hảo	Hoàn Bích
n4_advanced_drafts	batch_0111_0120	R_0119	正直	しょうじき	thành thật	Chánh Trực
n4_advanced_drafts	batch_0111_0120	R_0119	志望動機	しぼうどうき	lý do ứng tuyển	Chí Vọng Động Ki
n4_advanced_drafts	batch_0111_0120	R_0120	先輩	せんぱい	tiền bối, anh/chị đi trước	Tiên Bối
n4_advanced_drafts	batch_0111_0120	R_0120	不安	ふあん	lo lắng	Bất An
n4_advanced_drafts	batch_0111_0120	R_0120	メール	メール	email, thư điện tử	
n4_advanced_drafts	batch_0111_0120	R_0120	敬語	けいご	kính ngữ	Kính Ngữ
n4_advanced_drafts	batch_0111_0120	R_0120	マナー	マナー	cách ứng xử, phép tắc	
n4_advanced_drafts	batch_0111_0120	R_0120	メモ	メモ	ghi chép	
n4_advanced_drafts	batch_0111_0120	R_0120	後輩	こうはい	đàn em, người đi sau	Hậu Bối
n4_advanced_drafts	batch_0121_0130	R_0121	会議	かいぎ	cuộc họp	Hội Nghị
n4_advanced_drafts	batch_0121_0130	R_0121	焦って	あせって	hoảng hốt, nóng vội	Tiêu
n4_advanced_drafts	batch_0121_0130	R_0121	結局	けっきょく	kết cục, cuối cùng	Kết Cục
n4_advanced_drafts	batch_0121_0130	R_0121	カバー	カバー	nắp, vỏ bọc	
n4_advanced_drafts	batch_0121_0130	R_0121	マイク	マイク	micro thu âm	
n4_advanced_drafts	batch_0121_0130	R_0121	工事	こうじ	công trình xây dựng	Công Sự
n4_advanced_drafts	batch_0121_0130	R_0121	慣れる	なれる	quen, thành thạo	Quán
n4_advanced_drafts	batch_0121_0130	R_0122	部長	ぶちょう	trưởng phòng	Bộ Trường
n4_advanced_drafts	batch_0121_0130	R_0122	突然	とつぜん	đột ngột	Đột Nhiên
n4_advanced_drafts	batch_0121_0130	R_0122	手術	しゅじゅつ	phẫu thuật	Thủ Thuật
n4_advanced_drafts	batch_0121_0130	R_0122	付き添う	つきそう	đi cùng, hộ tống	Phó Thiêm
n4_advanced_drafts	batch_0121_0130	R_0122	出社	しゅっしゃ	đi làm (đến công ty)	Xuất Xã
n4_advanced_drafts	batch_0121_0130	R_0122	資料	しりょう	tài liệu	Tư Liêu
n4_advanced_drafts	batch_0121_0130	R_0122	迷惑	めいわく	phiền phức, phiền hà	Mê Hoặc
n4_advanced_drafts	batch_0121_0130	R_0123	昇進	しょうしん	thăng chức	Thăng Tiến
n4_advanced_drafts	batch_0121_0130	R_0123	失敗	しっぱい	thất bại, mắc lỗi	Thất Bại
n4_advanced_drafts	batch_0121_0130	R_0123	先輩	せんぱい	tiền bối, đàn anh	Tiên Bối
n4_advanced_drafts	batch_0121_0130	R_0123	任されました	まかされました	được giao phó, được ủy thác	Nhâm
n4_advanced_drafts	batch_0121_0130	R_0123	プロジェクト	プロジェクト	dự án	
n4_advanced_drafts	batch_0121_0130	R_0123	後輩	こうはい	hậu bối, đàn em	Hậu Bối
n4_advanced_drafts	batch_0121_0130	R_0123	報告	ほうこく	báo cáo	Báo Cáo
n4_advanced_drafts	batch_0121_0130	R_0123	不安	ふあん	lo lắng, bất an	Bất An
n4_advanced_drafts	batch_0121_0130	R_0124	安定	あんてい	ổn định	An Định
n4_advanced_drafts	batch_0121_0130	R_0124	繰り返し	くりかえし	sự lặp lại	Sào Phản
n4_advanced_drafts	batch_0121_0130	R_0124	デザイン	デザイン	thiết kế	
n4_advanced_drafts	batch_0121_0130	R_0124	相談	そうだん	tham khảo ý kiến, bàn bạc	Tương Đàm
n4_advanced_drafts	batch_0121_0130	R_0124	結果	けっか	kết quả	Kết Quả
n4_advanced_drafts	batch_0121_0130	R_0124	貯金	ちょきん	tiết kiệm (tiền)	Trữ Kim
n4_advanced_drafts	batch_0121_0130	R_0124	応援	おうえん	ủng hộ, cổ vũ	Ứng Viên
n4_advanced_drafts	batch_0121_0130	R_0125	フリーランス	フリーランス	freelance, làm việc tự do	
n4_advanced_drafts	batch_0121_0130	R_0125	同僚	どうりょう	đồng nghiệp	Đồng Liêu
n4_advanced_drafts	batch_0121_0130	R_0125	困った	こまった	gặp khó khăn	Khốn
n4_advanced_drafts	batch_0121_0130	R_0125	一日中	いちにちじゅう	cả ngày	Nhất Nhật Trung
n4_advanced_drafts	batch_0121_0130	R_0125	コワーキングスペース	コワーキングスペース	không gian làm việc chung	
n4_advanced_drafts	batch_0121_0130	R_0125	知り合い	しりあい	người quen	Tri Hợp
n4_advanced_drafts	batch_0121_0130	R_0125	つながり	つながり	sự kết nối, mối quan hệ	
n4_advanced_drafts	batch_0121_0130	R_0126	冗談	じょうだん	đùa, nói đùa	Nhũng Đàm
n4_advanced_drafts	batch_0121_0130	R_0126	本気	ほんき	nghiêm túc, thật sự	Bản Khí
n4_advanced_drafts	batch_0121_0130	R_0126	値段	ねだん	giá cả	Trị Đoạn
n4_advanced_drafts	batch_0121_0130	R_0126	注文	ちゅうもん	đơn hàng, đặt hàng	Chú Văn
n4_advanced_drafts	batch_0121_0130	R_0126	儲け	もうけ	lợi nhuận	Trữ
n4_advanced_drafts	batch_0121_0130	R_0126	種類	しゅるい	loại, chủng loại	Chủng Loại
n4_advanced_drafts	batch_0121_0130	R_0126	リピーター	リピーター	khách hàng quay lại	
n4_advanced_drafts	batch_0121_0130	R_0126	諦める	あきらめる	bỏ cuộc, từ bỏ	Đế
n4_advanced_drafts	batch_0121_0130	R_0127	東北地方	とうほくちほう	vùng Tohoku (đông bắc Nhật Bản)	Đông Bắc Địa Phương
n4_advanced_drafts	batch_0121_0130	R_0127	牛タン	ぎゅうタン	lưỡi bò	Ngưu
n4_advanced_drafts	batch_0121_0130	R_0127	松島	まつしま	Matsushima (địa danh)	Tùng Đảo
n4_advanced_drafts	batch_0121_0130	R_0127	日本三景	にほんさんけい	ba cảnh đẹp nhất Nhật Bản	Nhật Bản Tam Cảnh
n4_advanced_drafts	batch_0121_0130	R_0127	移動	いどう	di chuyển	Di Động
n4_advanced_drafts	batch_0121_0130	R_0127	予約	よやく	đặt trước, đặt chỗ	Dư Ước
n4_advanced_drafts	batch_0121_0130	R_0127	景色	けしき	cảnh sắc, phong cảnh	Cảnh Sắc
n4_advanced_drafts	batch_0121_0130	R_0128	民泊	みんぱく	nhà dân cho thuê (kiểu Airbnb)	Dân Bạc
n4_advanced_drafts	batch_0121_0130	R_0128	迷う	まよう	phân vân, do dự	Mê
n4_advanced_drafts	batch_0121_0130	R_0128	フロント	フロント	quầy lễ tân	
n4_advanced_drafts	batch_0121_0130	R_0128	一方	いっぽう	mặt khác	Nhất Phương
n4_advanced_drafts	batch_0121_0130	R_0128	地元	じもと	địa phương	Địa Nguyên
n4_advanced_drafts	batch_0121_0130	R_0128	魅力	みりょく	sức hấp dẫn	Mị Lực
n4_advanced_drafts	batch_0121_0130	R_0128	スマートロック	スマートロック	khóa thông minh (dùng điện thoại thay chìa khóa)	
n4_advanced_drafts	batch_0121_0130	R_0128	安心	あんしん	an tâm, yên tâm	An Tâm
n4_advanced_drafts	batch_0121_0130	R_0129	金閣寺	きんかくじ	chùa Kinkakuji (chùa Vàng)	Kim Các Tự
n4_advanced_drafts	batch_0121_0130	R_0129	乗り換え	のりかえ	đổi tàu/xe	Thừa Hoán
n4_advanced_drafts	batch_0121_0130	R_0129	混んでいて	こんでいて	đông đúc	Hỗn
n4_advanced_drafts	batch_0121_0130	R_0129	満員	まんいん	đầy người, chật cứng	Mãn Viên
n4_advanced_drafts	batch_0121_0130	R_0129	なんとか	なんとか	bằng cách nào đó	
n4_advanced_drafts	batch_0121_0130	R_0129	立ちっぱなし	たちっぱなし	đứng mãi không nghỉ (っぱなし = trạng thái kéo dài liên tục)	Lập
n4_advanced_drafts	batch_0121_0130	R_0130	田舎	いなか	nông thôn, quê	Điền Xá
n4_advanced_drafts	batch_0121_0130	R_0130	畑	はたけ	vườn rau, ruộng	Vườn
n4_advanced_drafts	batch_0121_0130	R_0130	採れた	とれた	hái được, thu hoạch được	Thải
n4_advanced_drafts	batch_0121_0130	R_0130	案内	あんない	hướng dẫn, dẫn đường	Án Nội
n4_advanced_drafts	batch_0121_0130	R_0130	電波	でんぱ	sóng điện thoại	Điện Ba
n4_advanced_drafts	batch_0121_0130	R_0130	滞在	たいざい	lưu trú, ở lại	Trệ Tại
n4_advanced_drafts	batch_0121_0130	R_0130	漬物	つけもの	dưa muối, rau ngâm	Tí Vật
n4_advanced_drafts	batch_0121_0130	R_0130	豊かさ	ゆたかさ	sự giàu có, sự phong phú	Phong
n4_advanced_drafts	batch_0131_0140	R_0131	天気予報	てんきよほう	dự báo thời tiết	Thiên Khí Dư Báo
n4_advanced_drafts	batch_0131_0140	R_0131	台風	たいふう	bão	Thai Phong
n4_advanced_drafts	batch_0131_0140	R_0131	せっかく	せっかく	tốn công, hiếm có dịp	
n4_advanced_drafts	batch_0131_0140	R_0131	悲しそう	かなしそう	悲しい + そう (suffix conjecture) — trông có vẻ buồn	Bi
n4_advanced_drafts	batch_0131_0140	R_0131	トランプ	トランプ	bài tây	
n4_advanced_drafts	batch_0131_0140	R_0131	飛行機	ひこうき	máy bay	Phi Hành Ki
n4_advanced_drafts	batch_0131_0140	R_0131	一泊	いっぱく	một đêm (ở lại)	Nhất Bạc
n4_advanced_drafts	batch_0131_0140	R_0131	去る	さる	đi qua, rời đi	Khứ
n4_advanced_drafts	batch_0131_0140	R_0132	大仏	だいぶつ	Đại Phật, tượng Phật lớn	Đại Phật
n4_advanced_drafts	batch_0131_0140	R_0132	小町通り	こまちどおり	phố Komachi	Tiểu Đinh Thông
n4_advanced_drafts	batch_0131_0140	R_0132	食べ歩き	たべあるき	ăn vặt dọc đường	Thực Bộ
n4_advanced_drafts	batch_0131_0140	R_0132	コロッケ	コロッケ	croquette (bánh chiên)	
n4_advanced_drafts	batch_0131_0140	R_0132	団子	だんご	bánh dango (bánh nếp)	Đoàn Tử
n4_advanced_drafts	batch_0131_0140	R_0132	鶴岡八幡宮	つるがおかはちまんぐう	đền Tsurugaoka Hachimangu	Hạc Cương Bát Phiên Cung
n4_advanced_drafts	batch_0131_0140	R_0132	紅葉	こうよう	lá đỏ mùa thu	Hồng Diệp
n4_advanced_drafts	batch_0131_0140	R_0133	熱	ねつ	sốt	Nhiệt
n4_advanced_drafts	batch_0131_0140	R_0133	医者	いしゃ	bác sĩ	Y Giả
n4_advanced_drafts	batch_0131_0140	R_0133	インフルエンザ	インフルエンザ	cúm	
n4_advanced_drafts	batch_0131_0140	R_0133	薬	くすり	thuốc	Dược
n4_advanced_drafts	batch_0131_0140	R_0133	五日分	いつかぶん	phần cho 5 ngày	Ngũ Nhật Phân
n4_advanced_drafts	batch_0131_0140	R_0133	散歩	さんぽ	đi dạo	Tán Bộ
n4_advanced_drafts	batch_0131_0140	R_0133	大切	たいせつ	quan trọng	Đại Thiết
n4_advanced_drafts	batch_0131_0140	R_0134	健康	けんこう	sức khỏe	Kiện Khang
n4_advanced_drafts	batch_0131_0140	R_0134	ジョギング	ジョギング	chạy bộ	
n4_advanced_drafts	batch_0131_0140	R_0134	疲れる	つかれる	mệt	Bì
n4_advanced_drafts	batch_0131_0140	R_0134	少しずつ	すこしずつ	dần dần, từng chút một	Thiểu
n4_advanced_drafts	batch_0131_0140	R_0134	ハーフマラソン大会	ハーフマラソンたいかい	giải half marathon (21km)	Đại Hội
n4_advanced_drafts	batch_0131_0140	R_0134	練習	れんしゅう	luyện tập	Luyện Tập
n4_advanced_drafts	batch_0131_0140	R_0134	緊張	きんちょう	hồi hộp, căng thẳng	Khẩn Trương
n4_advanced_drafts	batch_0131_0140	R_0134	ゴール	ゴール	đích	
n4_advanced_drafts	batch_0131_0140	R_0135	健康診断	けんこうしんだん	khám sức khỏe	Kiện Khang Chẩn Đoạn
n4_advanced_drafts	batch_0131_0140	R_0135	体重	たいじゅう	cân nặng	Thể Trọng
n4_advanced_drafts	batch_0131_0140	R_0135	栄養	えいよう	dinh dưỡng	Vinh Dưỡng
n4_advanced_drafts	batch_0131_0140	R_0135	偏る	かたよる	mất cân bằng, lệch	Thiên
n4_advanced_drafts	batch_0131_0140	R_0135	食生活	しょくせいかつ	chế độ ăn uống	Thực Sanh Hoạt
n4_advanced_drafts	batch_0131_0140	R_0135	お菓子	おかし	bánh kẹo	Quả Tử
n4_advanced_drafts	batch_0131_0140	R_0135	減る	へる	giảm	Giảm
n4_advanced_drafts	batch_0131_0140	R_0135	軽い	かるい	nhẹ	Khinh
n4_advanced_drafts	batch_0131_0140	R_0136	ストレス	ストレス	stress, căng thẳng	
n4_advanced_drafts	batch_0131_0140	R_0136	たまる	たまる	tích tụ	
n4_advanced_drafts	batch_0131_0140	R_0136	相談する	そうだんする	tham khảo, hỏi ý kiến	Tương Đàm
n4_advanced_drafts	batch_0131_0140	R_0136	アドバイス	アドバイス	lời khuyên	
n4_advanced_drafts	batch_0131_0140	R_0136	気持ち	きもち	tâm trạng, cảm xúc	Khí Trì
n4_advanced_drafts	batch_0131_0140	R_0136	落ち着く	おちつく	bình tĩnh lại	Lạc Trứ
n4_advanced_drafts	batch_0131_0140	R_0136	頭痛	ずつう	đau đầu	Đầu Thống
n4_advanced_drafts	batch_0131_0140	R_0136	生活	せいかつ	cuộc sống	Sanh Hoạt
n4_advanced_drafts	batch_0131_0140	R_0137	夜更かし	よふかし	thức khuya	Dạ Canh
n4_advanced_drafts	batch_0131_0140	R_0137	気がつく	きがつく	nhận ra, để ý	Khí
n4_advanced_drafts	batch_0131_0140	R_0137	SNS	エスエヌエス	mạng xã hội	
n4_advanced_drafts	batch_0131_0140	R_0137	経つ	たつ	trôi qua (thời gian)	Kinh
n4_advanced_drafts	batch_0131_0140	R_0137	動画	どうが	video, đoạn phim	Động Họa
n4_advanced_drafts	batch_0131_0140	R_0137	目覚まし時計	めざましどけい	đồng hồ báo thức	Mục Giác Thì Kế
n4_advanced_drafts	batch_0131_0140	R_0137	遅刻	ちこく	đi muộn, trễ	Trì Khắc
n4_advanced_drafts	batch_0131_0140	R_0137	すっきり	すっきり	thoải mái, sảng khoái	
n4_advanced_drafts	batch_0131_0140	R_0138	寂しい	さびしい	cô đơn	Tịch
n4_advanced_drafts	batch_0131_0140	R_0138	涙	なみだ	nước mắt	Lệ
n4_advanced_drafts	batch_0131_0140	R_0138	つらい	つらい	khó khăn, đau khổ	
n4_advanced_drafts	batch_0131_0140	R_0138	頑張る	がんばる	cố gắng	Ngoan Trương
n4_advanced_drafts	batch_0131_0140	R_0138	声	こえ	giọng nói	Thanh
n4_advanced_drafts	batch_0131_0140	R_0138	強い	つよい	mạnh mẽ	Cường
n4_advanced_drafts	batch_0131_0140	R_0139	季節	きせつ	mùa	Quý Tiết
n4_advanced_drafts	batch_0131_0140	R_0139	桜餅	さくらもち	bánh mochi hoa anh đào	Anh Bính
n4_advanced_drafts	batch_0131_0140	R_0139	そうめん	そうめん	mì somen (mì lạnh)	
n4_advanced_drafts	batch_0131_0140	R_0139	かき氷	かきごおり	đá bào	Băng
n4_advanced_drafts	batch_0131_0140	R_0139	秋刀魚	さんま	cá sanma	Thu Đao Ngư
n4_advanced_drafts	batch_0131_0140	R_0139	鍋料理	なべりょうり	lẩu	Oa Liêu Lí
n4_advanced_drafts	batch_0131_0140	R_0139	おせち料理	おせちりょうり	món ăn Tết truyền thống	Liêu Lí
n4_advanced_drafts	batch_0131_0140	R_0139	食文化	しょくぶんか	văn hóa ẩm thực	Thực Văn Hóa
n4_advanced_drafts	batch_0131_0140	R_0140	たこ焼き	たこやき	takoyaki (bánh bạch tuộc)	Thiêu
n4_advanced_drafts	batch_0131_0140	R_0140	大阪出身	おおさかしゅっしん	quê Osaka	Đại Sàn Xuất Thân
n4_advanced_drafts	batch_0131_0140	R_0140	小麦粉	こむぎこ	bột mì	Tiểu Mạch Phấn
n4_advanced_drafts	batch_0131_0140	R_0140	天かす	てんかす	tenkasu (vụn bột chiên)	Thiên
n4_advanced_drafts	batch_0131_0140	R_0140	ひっくり返す	ひっくりかえす	lật	Phản
n4_advanced_drafts	batch_0131_0140	R_0140	つぶれる	つぶれる	bị bẹp, bị nát	
n4_advanced_drafts	batch_0131_0140	R_0140	意外と	いがいと	bất ngờ, ngoài dự kiến (adverb form)	Ý Ngoại
n4_advanced_drafts	batch_0131_0140	R_0140	失敗	しっぱい	thất bại	Thất Bại
n3_basic_drafts	batch_0141_0150	R_0141	地球温暖化	ちきゅうおんだんか	hiện tượng nóng lên toàn cầu	Địa Cầu Ôn Noãn Hóa
n3_basic_drafts	batch_0141_0150	R_0141	深刻	しんこく	nghiêm trọng	Thâm Khắc
n3_basic_drafts	batch_0141_0150	R_0141	食物連鎖	しょくもつれんさ	chuỗi thức ăn	Thực Vật Liên Tỏa
n3_basic_drafts	batch_0141_0150	R_0141	影響	えいきょう	ảnh hưởng	Ảnh Hưởng
n3_basic_drafts	batch_0141_0150	R_0141	意識	いしき	ý thức	Ý Thức
n3_basic_drafts	batch_0141_0150	R_0141	努力	どりょく	nỗ lực, cố gắng	Nỗ Lực
n3_basic_drafts	batch_0141_0150	R_0141	解決	かいけつ	giải quyết	Giải Quyết
n3_basic_drafts	batch_0141_0150	R_0141	生き物	いきもの	sinh vật, sinh linh	Sanh Vật
n3_basic_drafts	batch_0141_0150	R_0141	分別	ぶんべつ	phân loại (rác)	Phân Biệt
n3_basic_drafts	batch_0141_0150	R_0142	敬語	けいご	kính ngữ	Kính Ngữ
n3_basic_drafts	batch_0141_0150	R_0142	先輩	せんぱい	đàn anh/chị, người đi trước	Tiên Bối
n3_basic_drafts	batch_0141_0150	R_0142	丁寧	ていねい	tận tình, chu đáo	Đinh Ninh
n3_basic_drafts	batch_0141_0150	R_0142	やりがい	やりがい	ý nghĩa/niềm vui trong công việc	
n3_basic_drafts	batch_0141_0150	R_0142	迷惑	めいわく	phiền toái, gây phiền	Mê Hoặc
n3_basic_drafts	batch_0141_0150	R_0142	習慣	しゅうかん	thói quen	Tập Quán
n3_basic_drafts	batch_0141_0150	R_0142	遅刻	ちこく	đến muộn, trễ giờ	Trì Khắc
n3_basic_drafts	batch_0141_0150	R_0142	社会	しゃかい	xã hội	Xã Hội
n3_basic_drafts	batch_0141_0150	R_0143	提供	ていきょう	cung cấp	Đề Cung
n3_basic_drafts	batch_0141_0150	R_0143	公共料金	こうきょうりょうきん	phí công cộng (điện, nước, gas...)	Công Cộng Liêu Kim
n3_basic_drafts	batch_0141_0150	R_0143	取り扱う	とりあつかう	xử lý, cung cấp (dịch vụ)	Thủ Tráp
n3_basic_drafts	batch_0141_0150	R_0143	申請書類	しんせいしょるい	giấy tờ đơn xin	Thân Thỉnh Thư Loại
n3_basic_drafts	batch_0141_0150	R_0143	陳列	ちんれつ	trưng bày, bày biện	Trần Liệt
n3_basic_drafts	batch_0141_0150	R_0143	季節限定	きせつげんてい	giới hạn theo mùa	Quý Tiết Hạn Định
n3_basic_drafts	batch_0141_0150	R_0143	豊富	ほうふ	phong phú, dồi dào	Phong Phú
n3_basic_drafts	batch_0141_0150	R_0143	観光客	かんこうきゃく	khách du lịch	Quan Quang Khách
n3_basic_drafts	batch_0141_0150	R_0144	語彙	ごい	vốn từ vựng	Ngữ Vị
n3_basic_drafts	batch_0141_0150	R_0144	集中力	しゅうちゅうりょく	khả năng tập trung	Tập Trung Lực
n3_basic_drafts	batch_0141_0150	R_0144	モチベーション	もちべーしょん	động lực	
n3_basic_drafts	batch_0141_0150	R_0144	完璧	かんぺき	hoàn hảo	Hoàn Bích
n3_basic_drafts	batch_0141_0150	R_0144	長続き	ながつづき	duy trì lâu dài	Trường Tục
n3_basic_drafts	batch_0141_0150	R_0144	コツ	こつ	bí quyết, mẹo	
n3_basic_drafts	batch_0141_0150	R_0144	活用	かつよう	tận dụng, sử dụng có hiệu quả	Hoạt Dụng
n3_basic_drafts	batch_0141_0150	R_0144	目次	もくじ	mục lục	Mục Thứ
n3_basic_drafts	batch_0141_0150	R_0145	欠かせない	かかせない	không thể thiếu	Khiếm
n3_basic_drafts	batch_0141_0150	R_0145	翻訳	ほんやく	dịch thuật	Phiên Dịch
n3_basic_drafts	batch_0141_0150	R_0145	傾向	けいこう	xu hướng	Khuynh Hướng
n3_basic_drafts	batch_0141_0150	R_0145	睡眠	すいみん	giấc ngủ	Thụy Miên
n3_basic_drafts	batch_0141_0150	R_0145	失礼	しつれい	thiếu lịch sự, bất lịch sự	Thất Lễ
n3_basic_drafts	batch_0141_0150	R_0145	味方	みかた	người đồng minh, người ủng hộ	Vị Phương
n3_basic_drafts	batch_0141_0150	R_0145	SNS疲れ	えすえぬえすつかれ	mệt mỏi vì mạng xã hội	Bì
n3_basic_drafts	batch_0141_0150	R_0145	デジタルデトックス	でじたるでとっくす	digital detox — ngắt kết nối khỏi thiết bị số	
n3_basic_drafts	batch_0141_0150	R_0146	大みそか	おおみそか	đêm giao thừa (31/12)	Đại
n3_basic_drafts	batch_0141_0150	R_0146	長寿	ちょうじゅ	trường thọ, sống lâu	Trường Thọ
n3_basic_drafts	batch_0141_0150	R_0146	初詣	はつもうで	lễ đầu năm (lần đầu thăm đền/chùa)	Sơ Nghệ
n3_basic_drafts	batch_0141_0150	R_0146	お年玉	おとしだま	tiền lì xì ngày Tết	Niên Ngọc
n3_basic_drafts	batch_0141_0150	R_0146	おせち料理	おせちりょうり	món ăn truyền thống ngày Tết Nhật	Liêu Lí
n3_basic_drafts	batch_0141_0150	R_0146	多様	たよう	đa dạng	Đa Dạng
n3_basic_drafts	batch_0141_0150	R_0146	紅白歌合戦	こうはくうたがっせん	chương trình ca nhạc cuối năm NHK (Kohaku Utagassen)	Hồng Bạch Ca Hợp Chiến
n3_basic_drafts	batch_0141_0150	R_0146	習慣	しゅうかん	phong tục, thói quen	Tập Quán
n3_basic_drafts	batch_0141_0150	R_0147	健康診断	けんこうしんだん	khám sức khỏe định kỳ	Kiện Khang Chẩn Đoạn
n3_basic_drafts	batch_0141_0150	R_0147	血圧	けつあつ	huyết áp	Huyết Áp
n3_basic_drafts	batch_0141_0150	R_0147	運動不足	うんどうぶそく	thiếu vận động	Vận Động Bất Túc
n3_basic_drafts	batch_0141_0150	R_0147	息切れ	いきぎれ	hụt hơi, thở dốc	Tức Thiết
n3_basic_drafts	batch_0141_0150	R_0147	顔なじみ	かおなじみ	quen mặt nhau	Nhan
n3_basic_drafts	batch_0141_0150	R_0147	すっきり	すっきり	thông suốt, thoải mái, sảng khoái	
n3_basic_drafts	batch_0141_0150	R_0147	距離	きょり	khoảng cách, quãng đường	Cự Li
n3_basic_drafts	batch_0141_0150	R_0147	指摘	してき	chỉ ra, nêu ra (vấn đề)	Chỉ Trích
n3_basic_drafts	batch_0141_0150	R_0148	清掃	せいそう	dọn dẹp, vệ sinh	Thanh Tảo
n3_basic_drafts	batch_0141_0150	R_0148	打ち解ける	うちとける	hòa nhập, cởi mở với nhau	Đả Giải
n3_basic_drafts	batch_0141_0150	R_0148	幅広い	はばひろい	đa dạng, rộng rãi	Phúc Quảng
n3_basic_drafts	batch_0141_0150	R_0148	達成感	たっせいかん	cảm giác hoàn thành, cảm giác đạt được	Đạt Thành Cảm
n3_basic_drafts	batch_0141_0150	R_0148	つながり	つながり	mối liên kết, sự kết nối	
n3_basic_drafts	batch_0141_0150	R_0148	満たされる	みたされる	được thỏa mãn, được lấp đầy	Mãn
n3_basic_drafts	batch_0141_0150	R_0148	努力	どりょく	nỗ lực, cố gắng	Nỗ Lực
n3_basic_drafts	batch_0141_0150	R_0148	協力	きょうりょく	hợp tác, phối hợp	Hiệp Lực
n3_basic_drafts	batch_0141_0150	R_0148	災害ボランティア	さいがいぼらんてぃあ	tình nguyện viên cứu trợ thiên tai	Tai Hại
n3_basic_drafts	batch_0141_0150	R_0149	一人暮らし	ひとりぐらし	sống một mình	Nhất Nhân Mộ
n3_basic_drafts	batch_0141_0150	R_0149	コツをつかむ	こつをつかむ	nắm được bí quyết	
n3_basic_drafts	batch_0141_0150	R_0149	旬	しゅん	đúng mùa, theo mùa	Tuần
n3_basic_drafts	batch_0141_0150	R_0149	積極的	せっきょくてき	chủ động, tích cực	Tích Cực Đích
n3_basic_drafts	batch_0141_0150	R_0149	凝った	こった	cầu kỳ, công phu	Ngưng
n3_basic_drafts	batch_0141_0150	R_0149	手段	しゅだん	phương tiện, cách thức	Thủ Đoạn
n3_basic_drafts	batch_0141_0150	R_0149	栄養	えいよう	dinh dưỡng	Vinh Dưỡng
n3_basic_drafts	batch_0141_0150	R_0149	繰り返す	くりかえす	lặp đi lặp lại	Sào Phản
n3_basic_drafts	batch_0141_0150	R_0150	志望校	しぼうこう	trường mơ ước, trường muốn thi vào	Chí Vọng Giáo
n3_basic_drafts	batch_0141_0150	R_0150	模試	もし	thi thử	Mô Thí
n3_basic_drafts	batch_0141_0150	R_0150	過去問	かこもん	đề thi các năm trước	Quá Khứ Vấn
n3_basic_drafts	batch_0141_0150	R_0150	解き直す	ときなおす	làm lại (bài đã sai)	Giải Trực
n3_basic_drafts	batch_0141_0150	R_0150	励まし合う	はげましあう	động viên lẫn nhau	Lệ Hợp
n3_basic_drafts	batch_0141_0150	R_0150	合格発表	ごうかくはっぴょう	công bố kết quả đỗ	Hợp Cách Phát Biểu
n3_basic_drafts	batch_0141_0150	R_0150	忍耐力	にんたいりょく	sức chịu đựng, tính kiên nhẫn	Nhẫn Nại Lực
n3_basic_drafts	batch_0141_0150	R_0150	時間配分	じかんはいぶん	phân bổ thời gian	Thì Gian Phối Phân
n3_basic_drafts	batch_0151_0160	R_0151	上陸	じょうりく	đổ bộ (bão, quân đội)	Thượng Lục
n3_basic_drafts	batch_0151_0160	R_0151	気象庁	きしょうちょう	Cục khí tượng	Khí Tượng Sảnh
n3_basic_drafts	batch_0151_0160	R_0151	避難	ひなん	sơ tán, lánh nạn	Tị Nan
n3_basic_drafts	batch_0151_0160	R_0151	規模	きぼ	quy mô	Quy Mô
n3_basic_drafts	batch_0151_0160	R_0151	懐中電灯	かいちゅうでんとう	đèn pin	Hoài Trung Điện Đăng
n3_basic_drafts	batch_0151_0160	R_0151	防災意識	ぼうさいいしき	ý thức phòng chống thiên tai	Phòng Tai Ý Thức
n3_basic_drafts	batch_0151_0160	R_0151	警戒レベル	けいかいれべる	mức độ cảnh báo (hệ thống 5 cấp từ 2019)	Cảnh Giới
n3_basic_drafts	batch_0151_0160	R_0151	停電	ていでん	mất điện	Đình Điện
n3_basic_drafts	batch_0151_0160	R_0151	避難場所	ひなんばしょ	địa điểm sơ tán	Tị Nan Tràng Sở
n3_basic_drafts	batch_0151_0160	R_0152	物価	ぶっか	giá cả (hàng hóa)	Vật Giá
n3_basic_drafts	batch_0151_0160	R_0152	特売品	とくばいひん	hàng khuyến mãi đặc biệt	Đặc Mại Phẩm
n3_basic_drafts	batch_0151_0160	R_0152	節約	せつやく	tiết kiệm	Tiết Ước
n3_basic_drafts	batch_0151_0160	R_0152	送料	そうりょう	phí vận chuyển	Tống Liêu
n3_basic_drafts	batch_0151_0160	R_0152	衝動買い	しょうどうがい	mua sắm bốc đồng	Xung Động Mãi
n3_basic_drafts	batch_0151_0160	R_0152	家計	かけい	ngân sách gia đình, chi tiêu gia đình	Gia Kế
n3_basic_drafts	batch_0151_0160	R_0152	キャッシュレス決済	きゃっしゅれすけっさい	thanh toán không dùng tiền mặt	Quyết Tế
n3_basic_drafts	batch_0151_0160	R_0152	ポイント還元	ぽいんとかんげん	hoàn điểm thưởng	Hoàn Nguyên
n3_basic_drafts	batch_0151_0160	R_0152	まとめ買い	まとめがい	mua gom, mua số lượng lớn một lần	Mãi
n3_basic_drafts	batch_0151_0160	R_0153	身振り手振り	みぶりてぶり	cử chỉ điệu bộ	Thân Chấn Thủ Chấn
n3_basic_drafts	batch_0151_0160	R_0153	言葉の壁	ことばのかべ	rào cản ngôn ngữ	Ngôn Diệp Bích
n3_basic_drafts	batch_0151_0160	R_0153	現地	げんち	địa phương, nơi tại chỗ	Hiện Địa
n3_basic_drafts	batch_0151_0160	R_0153	伝統的	でんとうてき	truyền thống	Truyền Thống Đích
n3_basic_drafts	batch_0151_0160	R_0153	帰国	きこく	về nước	Quy Quốc
n3_basic_drafts	batch_0151_0160	R_0153	世界を広げる	せかいをひろげる	mở rộng thế giới, mở mang tầm nhìn	Thế Giới Quảng
n3_basic_drafts	batch_0151_0160	R_0153	乗り越える	のりこえる	vượt qua (khó khăn, thử thách)	Thừa Việt
n3_basic_drafts	batch_0151_0160	R_0153	予想外	よそうがい	ngoài dự kiến, bất ngờ	Dư Tưởng Ngoại
n3_basic_drafts	batch_0151_0160	R_0153	自信がつく	じしんがつく	tự tin hơn, có thêm tự tin	Tự Tín
n3_basic_drafts	batch_0151_0160	R_0154	介護	かいご	chăm sóc (người già, người bệnh)	Giới Hộ
n3_basic_drafts	batch_0151_0160	R_0154	戸惑う	とまどう	bối rối, lúng túng	Hộ Hoặc
n3_basic_drafts	batch_0151_0160	R_0154	役割分担	やくわりぶんたん	phân chia vai trò	Dịch Cát Phân Đam
n3_basic_drafts	batch_0151_0160	R_0154	わがまま	わがまま	ích kỷ, bướng bỉnh	
n3_basic_drafts	batch_0151_0160	R_0154	絆	きずな	sợi dây liên kết, tình cảm gắn bó	Bán
n3_basic_drafts	batch_0151_0160	R_0154	実感	じっかん	cảm nhận thực sự, thấm thía	Thực Cảm
n3_basic_drafts	batch_0151_0160	R_0154	介護保険	かいごほけん	bảo hiểm điều dưỡng (chế độ hỗ trợ chăm sóc người già Nhật Bản)	Giới Hộ Bảo Hiểm
n3_basic_drafts	batch_0151_0160	R_0154	ケアマネジャー	けあまねじゃー	quản lý chăm sóc, care manager	
n3_basic_drafts	batch_0151_0160	R_0154	立場	たちば	lập trường, hoàn cảnh, vị trí	Lập Tràng
n3_basic_drafts	batch_0151_0160	R_0155	所属	しょぞく	thuộc về, là thành viên của	Sở Chúc
n3_basic_drafts	batch_0151_0160	R_0155	責任感	せきにんかん	tinh thần trách nhiệm	Trách Nhâm Cảm
n3_basic_drafts	batch_0151_0160	R_0155	キャプテン	きゃぷてん	đội trưởng	
n3_basic_drafts	batch_0151_0160	R_0155	冷静	れいせい	bình tĩnh, điềm tĩnh	Lãnh Tĩnh
n3_basic_drafts	batch_0151_0160	R_0155	悔しい	くやしい	tức, tiếc, ấm ức	Hối
n3_basic_drafts	batch_0151_0160	R_0155	原動力	げんどうりょく	động lực, nguồn sức mạnh	Nguyên Động Lực
n3_basic_drafts	batch_0151_0160	R_0155	尽くす	つくす	cống hiến hết mình, tận tụy	Tẫn
n3_basic_drafts	batch_0151_0160	R_0155	成長	せいちょう	trưởng thành, phát triển	Thành Trường
n3_basic_drafts	batch_0151_0160	R_0156	ご当地グルメ	ごとうちぐるめ	ẩm thực đặc sản địa phương	Đương Địa
n3_basic_drafts	batch_0151_0160	R_0156	名物料理	めいぶつりょうり	món ăn đặc sản nổi tiếng	Danh Vật Liêu Lí
n3_basic_drafts	batch_0151_0160	R_0156	調理法	ちょうりほう	phương pháp nấu ăn	Điều Lí Pháp
n3_basic_drafts	batch_0151_0160	R_0156	活性化	かっせいか	sôi động hóa, hoạt hóa	Hoạt Tính Hóa
n3_basic_drafts	batch_0151_0160	R_0156	反映	はんえい	phản ánh	Phản Ánh
n3_basic_drafts	batch_0151_0160	R_0156	琉球王国	りゅうきゅうおうこく	vương quốc Ryukyu (lịch sử Okinawa)	Lưu Cầu Vương Quốc
n3_basic_drafts	batch_0151_0160	R_0156	根付く	ねづく	bén rễ, ăn sâu vào (văn hóa, phong tục)	Căn Phó
n3_basic_drafts	batch_0151_0160	R_0156	気候	きこう	khí hậu	Khí Hậu
n3_basic_drafts	batch_0151_0160	R_0157	テレワーク	てれわーく	làm việc từ xa (remote work)	
n3_basic_drafts	batch_0151_0160	R_0157	導入	どうにゅう	áp dụng, đưa vào sử dụng	Đạo Nhập
n3_basic_drafts	batch_0151_0160	R_0157	通勤	つうきん	đi làm (di chuyển đến nơi làm)	Thông Cần
n3_basic_drafts	batch_0151_0160	R_0157	新入社員	しんにゅうしゃいん	nhân viên mới vào công ty	Tân Nhập Xã Viên
n3_basic_drafts	batch_0151_0160	R_0157	育成	いくせい	đào tạo, nuôi dưỡng	Dục Thành
n3_basic_drafts	batch_0151_0160	R_0157	境界	きょうかい	ranh giới	Cảnh Giới
n3_basic_drafts	batch_0151_0160	R_0157	ハイブリッド勤務	はいぶりっどきんむ	làm việc kết hợp (vừa remote vừa đến văn phòng)	Cần Vụ
n3_basic_drafts	batch_0151_0160	R_0157	Web会議	うぇぶかいぎ	họp trực tuyến, hội nghị trực tuyến	Hội Nghị
n3_basic_drafts	batch_0151_0160	R_0157	曖昧	あいまい	mơ hồ, không rõ ràng	Ái Muội
n3_basic_drafts	batch_0151_0160	R_0158	追い詰められる	おいつめられる	bị dồn vào góc tường, bị áp lực	Truy Cật
n3_basic_drafts	batch_0151_0160	R_0158	抱え込む	かかえこむ	tự ôm hết một mình, không chia sẻ	Bão Nhập
n3_basic_drafts	batch_0151_0160	R_0158	落ち込む	おちこむ	suy sụp, chán nản	Lạc Nhập
n3_basic_drafts	batch_0151_0160	R_0158	気分転換	きぶんてんかん	thay đổi tâm trạng, giải khuây	Khí Phân Chuyển Hoán
n3_basic_drafts	batch_0151_0160	R_0158	怠る	おこたる	lơ là, sao nhãng	Đãi
n3_basic_drafts	batch_0151_0160	R_0158	ケア	けあ	chăm sóc, quan tâm	
n3_basic_drafts	batch_0151_0160	R_0158	心療内科	しんりょうないか	phòng khám tâm lý nội khoa (chuyên về stress tâm lý ảnh hưởng cơ thể)	Tâm Liệu Nội Khoa
n3_basic_drafts	batch_0151_0160	R_0158	症状	しょうじょう	triệu chứng	Chứng Trạng
n3_basic_drafts	batch_0151_0160	R_0158	専門家	せんもんか	chuyên gia	Chuyên Môn Gia
n3_basic_drafts	batch_0151_0160	R_0159	過言ではない	かごんではない	không phải là nói quá	Quá Ngôn
n3_basic_drafts	batch_0151_0160	R_0159	精神的な負担	せいしんてきなふたん	gánh nặng tinh thần	Tinh Thần Đích Phụ Đam
n3_basic_drafts	batch_0151_0160	R_0159	拡散	かくさん	lan truyền, phát tán	Khuếch Tán
n3_basic_drafts	batch_0151_0160	R_0159	発信元	はっしんもと	nguồn gốc thông tin	Phát Tín Nguyên
n3_basic_drafts	batch_0151_0160	R_0159	依存	いぞん	phụ thuộc, lệ thuộc	Y Tồn
n3_basic_drafts	batch_0151_0160	R_0159	有害	ゆうがい	có hại	Hữu Hại
n3_basic_drafts	batch_0151_0160	R_0159	健全	けんぜん	lành mạnh, khỏe khoắn	Kiện Toàn
n3_basic_drafts	batch_0151_0160	R_0159	バランスを保つ	ばらんすをたもつ	giữ cân bằng	Bảo
n3_basic_drafts	batch_0151_0160	R_0160	就職活動	しゅうしょくかつどう	hoạt động tìm việc làm (就活)	Tựu Chức Hoạt Động
n3_basic_drafts	batch_0151_0160	R_0160	業界研究	ぎょうかいけんきゅう	nghiên cứu ngành	Nghiệp Giới Nghiên Cứu
n3_basic_drafts	batch_0151_0160	R_0160	自己分析	じこぶんせき	phân tích bản thân	Tự Kỉ Phân Tích
n3_basic_drafts	batch_0151_0160	R_0160	明確	めいかく	rõ ràng, minh bạch	Minh Xác
n3_basic_drafts	batch_0151_0160	R_0160	内定	ないてい	thư mời làm việc (trước khi tốt nghiệp)	Nội Định
n3_basic_drafts	batch_0151_0160	R_0160	向き合う	むきあう	đối mặt, đối diện	Hướng Hợp
n3_basic_drafts	batch_0151_0160	R_0160	エントリーシート	えんとりーしーと	hồ sơ xin việc (ES — viết sẵn trước phỏng vấn)	
n3_basic_drafts	batch_0151_0160	R_0160	強み	つよみ	điểm mạnh	Cường
n3_basic_drafts	batch_0151_0160	R_0160	エピソード	えぴそーど	giai thoại, câu chuyện cụ thể	
n3_basic_drafts	batch_0161_0170	R_0161	屋台	やたい	quầy hàng, xe đẩy bán hàng	Ốc Thai
n3_basic_drafts	batch_0161_0170	R_0161	出し物	だしもの	tiết mục biểu diễn, trò chơi	Xuất Vật
n3_basic_drafts	batch_0161_0170	R_0161	浴衣	ゆかた	yukata (kimono mùa hè)	Dục Y
n3_basic_drafts	batch_0161_0170	R_0161	金魚すくい	きんぎょすくい	trò vớt cá vàng	Kim Ngư
n3_basic_drafts	batch_0161_0170	R_0161	祭り離れ	まつりばなれ	xa rời lễ hội (xu hướng ít tham gia hơn)	Tế Li
n3_basic_drafts	batch_0161_0170	R_0161	賑やか	にぎやか	rộn rã, nhộn nhịp	Tấn
n3_basic_drafts	batch_0161_0170	R_0161	盆踊り	ぼんおどり	điệu múa bon odori (điệu múa truyền thống trong lễ hội mùa hè Nhật)	Bồn Dũng
n3_basic_drafts	batch_0161_0170	R_0161	絆	きずな	sợi dây gắn kết, tình nghĩa gắn bó	Bán
n3_basic_drafts	batch_0161_0170	R_0162	引っ越す	ひっこす	chuyển nhà	Dẫn Việt
n3_basic_drafts	batch_0161_0170	R_0162	びしょぬれ	びしょぬれ	ướt sũng, ướt như chuột lột	
n3_basic_drafts	batch_0161_0170	R_0162	手続き	てつづき	thủ tục	Thủ Tục
n3_basic_drafts	batch_0161_0170	R_0162	焦る	あせる	hốt hoảng, lo lắng, cuống lên	Tiêu
n3_basic_drafts	batch_0161_0170	R_0162	吹き飛ぶ	ふきとぶ	bay biến, tan biến	Xuy Phi
n3_basic_drafts	batch_0161_0170	R_0162	山積み	やまづみ	chất đống như núi	San Tích
n3_basic_drafts	batch_0161_0170	R_0162	設置する	せっちする	lắp đặt, thiết lập	Thiết Trí
n3_basic_drafts	batch_0161_0170	R_0162	弾む	はずむ	rộn ràng, hứng khởi, nảy lên	Đàn
n3_basic_drafts	batch_0161_0170	R_0162	転入届	てんにゅうとどけ	giấy đăng ký nhập khẩu (nộp tại cơ quan hành chính khi chuyển đến nơi ở mới)	Chuyển Nhập Giới
n3_basic_drafts	batch_0161_0170	R_0163	気まぐれ	きまぐれ	hay thay đổi, thất thường, tùy hứng	Khí
n3_basic_drafts	batch_0161_0170	R_0163	丸まる	まるまる	cuộn tròn lại	Hoàn
n3_basic_drafts	batch_0161_0170	R_0163	毛並み	けなみ	bộ lông (sắp xếp của lông thú)	Mao Tịnh
n3_basic_drafts	batch_0161_0170	R_0163	ブラッシング		chải lông, chải bằng bàn chải	
n3_basic_drafts	batch_0161_0170	R_0163	気難しい	きむずかしい	khó tính, khó chiều	Khí Nan
n3_basic_drafts	batch_0161_0170	R_0163	甘える	あまえる	làm nũng, cậy nhờ vào tình thương	Cam
n3_basic_drafts	batch_0161_0170	R_0163	豊か	ゆたか	phong phú, giàu có (về cảm xúc, trải nghiệm)	Phong
n3_basic_drafts	batch_0161_0170	R_0163	気まぐれ	きまぐれ	thất thường, tùy hứng (tính cách hay thay đổi)	Khí
n3_basic_drafts	batch_0161_0170	R_0164	なかなか～ない	なかなか～ない	mãi vẫn không, khó mà...	
n3_basic_drafts	batch_0161_0170	R_0164	自信	じしん	sự tự tin	Tự Tín
n3_basic_drafts	batch_0161_0170	R_0164	優先する	ゆうせんする	ưu tiên	Ưu Tiên
n3_basic_drafts	batch_0161_0170	R_0164	完璧	かんぺき	hoàn hảo, hoàn toàn	Hoàn Bích
n3_basic_drafts	batch_0161_0170	R_0164	諦める	あきらめる	bỏ cuộc, từ bỏ	Đế
n3_basic_drafts	batch_0161_0170	R_0164	かえって	かえって	ngược lại, trái lại, càng thêm	
n3_basic_drafts	batch_0161_0170	R_0164	伝える	つたえる	truyền đạt, chuyển tải ý	Truyền
n3_basic_drafts	batch_0161_0170	R_0164	上達	じょうたつ	tiến bộ, nâng cao kỹ năng	Thượng Đạt
n3_basic_drafts	batch_0161_0170	R_0165	神輿	みこし	kiệu thần, kiệu rước trong lễ hội Nhật	Thần Dữ, dự
n3_basic_drafts	batch_0161_0170	R_0165	担ぐ	かつぐ	khiêng, vác (trên vai)	Đam
n3_basic_drafts	batch_0161_0170	R_0165	伝統	でんとう	truyền thống	Truyền Thống
n3_basic_drafts	batch_0161_0170	R_0165	屋台	やたい	quầy hàng ngoài trời, xe đẩy bán đồ ăn	Ốc Thai
n3_basic_drafts	batch_0161_0170	R_0165	見物客	けんぶつきゃく	người đến xem, du khách tham quan	Kiến Vật Khách
n3_basic_drafts	batch_0161_0170	R_0165	印象的	いんしょうてき	ấn tượng, gây ấn tượng	Ấn Tượng Đích
n3_basic_drafts	batch_0161_0170	R_0165	体力	たいりょく	thể lực, sức khỏe thể chất	Thể Lực
n3_basic_drafts	batch_0161_0170	R_0165	チームワーク		tinh thần đồng đội, làm việc nhóm	
n3_basic_drafts	batch_0161_0170	R_0166	自然災害	しぜんさいがい	thiên tai, thảm họa thiên nhiên	Tự Nhiên Tai Hại
n3_basic_drafts	batch_0161_0170	R_0166	非常食	ひじょうしょく	đồ ăn dự phòng khẩn cấp	Phi Thường Thực
n3_basic_drafts	batch_0161_0170	R_0166	懐中電灯	かいちゅうでんとう	đèn pin cầm tay	Hoài Trung Điện Đăng
n3_basic_drafts	batch_0161_0170	R_0166	避難場所	ひなんばしょ	địa điểm sơ tán, nơi lánh nạn	Tị Nan Tràng Sở
n3_basic_drafts	batch_0161_0170	R_0166	土砂崩れ	どしゃくずれ	sạt lở đất	Thổ Sa Băng
n3_basic_drafts	batch_0161_0170	R_0166	防災グッズ		đồ dùng phòng chống thiên tai	Phòng Tai
n3_basic_drafts	batch_0161_0170	R_0166	避難訓練	ひなんくんれん	diễn tập sơ tán	Tị Nan Huấn Luyện
n3_basic_drafts	batch_0161_0170	R_0166	怠る	おこたる	lơ là, xao nhãng, bỏ bê	Đãi
n3_basic_drafts	batch_0161_0170	R_0166	ハザードマップ		bản đồ ngập lụt / bản đồ rủi ro thiên tai (hazard map)	
n3_basic_drafts	batch_0161_0170	R_0167	親友	しんゆう	bạn thân, người bạn thân thiết	Thân Hữu
n3_basic_drafts	batch_0161_0170	R_0167	出張	しゅっちょう	đi công tác	Xuất Trương
n3_basic_drafts	batch_0161_0170	R_0167	事前に	じぜんに	trước đó, sự chuẩn bị trước	Sự Tiền
n3_basic_drafts	batch_0161_0170	R_0167	大喜び	おおよろこび	vui mừng khôn xiết, hết sức vui	Đại Hỉ
n3_basic_drafts	batch_0161_0170	R_0167	転職	てんしょく	chuyển việc, đổi công việc	Chuyển Chức
n3_basic_drafts	batch_0161_0170	R_0167	別れ際	わかれぎわ	lúc chia tay, thời điểm từ biệt	Biệt Tế
n3_basic_drafts	batch_0161_0170	R_0167	誓う	ちかう	thề, hứa chắc chắn	Thệ
n3_basic_drafts	batch_0161_0170	R_0167	遠距離	えんきょり	khoảng cách xa, tầm xa	Viễn Cự Li
n3_basic_drafts	batch_0161_0170	R_0168	節約	せつやく	tiết kiệm, tiêu dùng có tiết chế	Tiết Ước
n3_basic_drafts	batch_0161_0170	R_0168	消費	しょうひ	tiêu dùng, tiêu thụ	Tiêu Phí
n3_basic_drafts	batch_0161_0170	R_0168	満足	まんぞく	sự thỏa mãn, hài lòng	Mãn Túc
n3_basic_drafts	batch_0161_0170	R_0168	才能	さいのう	tài năng, năng khiếu	Tài Năng
n3_basic_drafts	batch_0161_0170	R_0168	区別	くべつ	sự phân biệt	Khu Biệt
n3_basic_drafts	batch_0161_0170	R_0168	品質	ひんしつ	chất lượng	Phẩm Chất
n3_basic_drafts	batch_0161_0170	R_0168	我慢	がまん	kiềm chế bản thân, chịu đựng, nhẫn nại	Ngã Mạn
n3_basic_drafts	batch_0161_0170	R_0168	不要	ふよう	không cần thiết, vô dụng	Bất Yếu
n3_basic_drafts	batch_0161_0170	R_0169	習慣	しゅうかん	thói quen	Tập Quán
n3_basic_drafts	batch_0161_0170	R_0169	記事	きじ	bài báo, bài viết (trên báo chí)	Kí Sự
n3_basic_drafts	batch_0161_0170	R_0169	仮定	かてい	giả định, giả sử	Giả Định
n3_basic_drafts	batch_0161_0170	R_0169	報道	ほうどう	đưa tin, bản tin, báo cáo tin tức	Báo Đạo
n3_basic_drafts	batch_0161_0170	R_0169	批判的	ひはんてき	mang tính phê phán, có tư duy phản biện	Phê Phán Đích
n3_basic_drafts	batch_0161_0170	R_0169	立場	たちば	lập trường, quan điểm, vị thế	Lập Tràng
n3_basic_drafts	batch_0161_0170	R_0169	背景	はいけい	bối cảnh, nền tảng, cảnh nền	Bối Cảnh
n3_basic_drafts	batch_0161_0170	R_0169	姿勢	しせい	thái độ, tư thế, lập trường	Tư Thế
n3_basic_drafts	batch_0161_0170	R_0169	フェイクニュース		tin giả, thông tin sai lệch (fake news)	
n3_basic_drafts	batch_0161_0170	R_0170	撮影	さつえい	việc chụp ảnh, quay phim	Toát Ảnh
n3_basic_drafts	batch_0161_0170	R_0170	褒める	ほめる	khen, ca ngợi	Bao
n3_basic_drafts	batch_0161_0170	R_0170	夕日	ゆうひ	hoàng hôn, ánh nắng chiều tà	Tịch Nhật
n3_basic_drafts	batch_0161_0170	R_0170	不思議	ふしぎ	kỳ lạ, huyền bí, khó giải thích	Bất Tư Nghị
n3_basic_drafts	batch_0161_0170	R_0170	理想	りそう	lý tưởng, mong muốn hoàn hảo	Lí Tưởng
n3_basic_drafts	batch_0161_0170	R_0170	伝える	つたえる	truyền đạt, chuyển tải	Truyền
n3_basic_drafts	batch_0161_0170	R_0170	完成	かんせい	hoàn thành, hoàn thiện	Hoàn Thành
n3_basic_drafts	batch_0161_0170	R_0170	丁寧	ていねい	tỉ mỉ, cẩn thận, lịch sự	Đinh Ninh
n3_basic_drafts	batch_0171_0180	R_0171	刺激	しげき	sự kích thích, điều thú vị mới lạ	Thứ Kích
n3_basic_drafts	batch_0171_0180	R_0171	孤独	こどく	sự cô đơn, cô độc	Cô Độc
n3_basic_drafts	batch_0171_0180	R_0171	つながり	つながり	sự kết nối, mối liên hệ	
n3_basic_drafts	batch_0171_0180	R_0171	商店街	しょうてんがい	phố mua bán, khu phố thương mại	Thương Điếm Nhai
n3_basic_drafts	batch_0171_0180	R_0171	施設	しせつ	cơ sở, công trình, khu vực	Thi Thiết
n3_basic_drafts	batch_0171_0180	R_0171	絆	きずな	sợi dây gắn kết, mối ràng buộc tình cảm	Bán
n3_basic_drafts	batch_0171_0180	R_0171	地域	ちいき	khu vực địa phương, vùng lân cận	Địa Vực
n3_basic_drafts	batch_0171_0180	R_0171	確実に	かくじつに	một cách chắc chắn, dứt khoát	Xác Thực
n3_basic_drafts	batch_0171_0180	R_0172	洪水	こうずい	lũ lụt, nạn lũ	Hồng Thủy
n3_basic_drafts	batch_0171_0180	R_0172	水害	すいがい	thiệt hại do lũ lụt, thảm họa nước	Thủy Hại
n3_basic_drafts	batch_0171_0180	R_0172	防災	ぼうさい	phòng chống thiên tai, phòng ngừa thảm họa	Phòng Tai
n3_basic_drafts	batch_0171_0180	R_0172	片付け	かたづけ	việc dọn dẹp, thu dọn	Phiến Phó
n3_basic_drafts	batch_0171_0180	R_0172	マニュアル	マニュアル	cẩm nang hướng dẫn, tài liệu hướng dẫn	
n3_basic_drafts	batch_0171_0180	R_0172	目の当たりにする	まのあたりにする	tận mắt chứng kiến, chứng kiến trực tiếp	Mục Đương
n3_basic_drafts	batch_0171_0180	R_0172	仕組み	しくみ	cơ chế, cấu trúc, hệ thống	Sĩ Tổ
n3_basic_drafts	batch_0171_0180	R_0172	備える	そなえる	chuẩn bị, dự phòng	Bị
n3_basic_drafts	batch_0171_0180	R_0173	医療	いりょう	y tế, chữa bệnh	Y Liệu
n3_basic_drafts	batch_0171_0180	R_0173	分野	ぶんや	lĩnh vực, ngành	Phân Dã
n3_basic_drafts	batch_0171_0180	R_0173	活躍	かつやく	hoạt động tích cực, phát huy vai trò	Hoạt Dược
n3_basic_drafts	batch_0171_0180	R_0173	企業	きぎょう	doanh nghiệp, công ty	Xí Nghiệp
n3_basic_drafts	batch_0171_0180	R_0173	効率	こうりつ	hiệu quả, năng suất	Hiệu Suất
n3_basic_drafts	batch_0171_0180	R_0173	選択肢	せんたくし	lựa chọn, phương án lựa chọn	Tuyển Trạch Chi
n3_basic_drafts	batch_0171_0180	R_0173	冷静	れいせい	bình tĩnh, điềm tĩnh	Lãnh Tĩnh
n3_basic_drafts	batch_0171_0180	R_0173	向き合う	むきあう	đối mặt, nhìn thẳng vào	Hướng Hợp
n3_basic_drafts	batch_0171_0180	R_0173	生成AI	せいせいエーアイ	AI tạo sinh (generative AI), ví dụ ChatGPT	Sanh Thành
n3_basic_drafts	batch_0171_0180	R_0174	社会人	しゃかいじん	người đi làm, người trưởng thành	Xã Hội Nhân
n3_basic_drafts	batch_0171_0180	R_0174	真剣	しんけん	nghiêm túc, thật sự	Chân Kiếm
n3_basic_drafts	batch_0171_0180	R_0174	慣れる	なれる	quen, làm quen	Quán
n3_basic_drafts	batch_0171_0180	R_0174	目を通す	めをとおす	lướt qua, đọc qua	Mục Thông
n3_basic_drafts	batch_0171_0180	R_0174	動き	うごき	chuyển động, biến động	Động
n3_basic_drafts	batch_0171_0180	R_0174	和食	わしょく	đồ ăn kiểu Nhật	Hòa Thực
n3_basic_drafts	batch_0171_0180	R_0174	味噌汁	みそしる	súp miso	Vị Tăng Trấp
n3_basic_drafts	batch_0171_0180	R_0174	手帳	てちょう	sổ tay	Thủ Trướng
n3_basic_drafts	batch_0171_0180	R_0174	工夫	くふう	cải tiến, sáng kiến	Công Phu
n3_basic_drafts	batch_0171_0180	R_0174	慌てる	あわてる	vội vàng, hấp tấp	Hoảng
n3_basic_drafts	batch_0171_0180	R_0175	納豆	なっとう	natto, đậu nành lên men	Nạp Đậu
n3_basic_drafts	batch_0171_0180	R_0175	昔ながら	むかしながら	(theo) lối xưa, truyền thống	Tích
n3_basic_drafts	batch_0171_0180	R_0175	食卓	しょくたく	bàn ăn, mâm cơm	Thực Trác
n3_basic_drafts	batch_0171_0180	R_0175	味付け	あじつけ	cách nêm nếm, vị	Vị Phó
n3_basic_drafts	batch_0171_0180	R_0175	年配	ねんぱい	lớn tuổi, đứng tuổi	Niên Phối
n3_basic_drafts	batch_0171_0180	R_0175	旅館	りょかん	nhà trọ truyền thống Nhật	Lữ Quán
n3_basic_drafts	batch_0171_0180	R_0175	卵焼き	たまごやき	trứng cuộn	Noãn Thiêu
n3_basic_drafts	batch_0171_0180	R_0175	海苔	のり	rong biển khô	Hải Thải
n3_basic_drafts	batch_0171_0180	R_0175	小鉢	こばち	đĩa nhỏ, bát nhỏ	Tiểu Bát
n3_basic_drafts	batch_0171_0180	R_0175	美術品	びじゅつひん	tác phẩm nghệ thuật	Mĩ Thuật Phẩm
n3_basic_drafts	batch_0171_0180	R_0175	祖母	そぼ	bà nội, bà ngoại	Tổ Mẫu
n3_basic_drafts	batch_0171_0180	R_0176	通勤	つうきん	đi làm, đi đến chỗ làm	Thông Cần
n3_basic_drafts	batch_0171_0180	R_0176	混雑	こんざつ	sự đông đúc, hỗn loạn	Hỗn Tạp
n3_basic_drafts	batch_0171_0180	R_0176	寝不足	ねぶそく	thiếu ngủ	Tẩm Bất Túc
n3_basic_drafts	batch_0171_0180	R_0176	うとうと	うとうと	gà gật, lơ mơ buồn ngủ	
n3_basic_drafts	batch_0171_0180	R_0176	押し込む	おしこむ	đẩy vào, nhồi vào	Áp Nhập
n3_basic_drafts	batch_0171_0180	R_0176	汚れ	よごれ	bụi bẩn, vết bẩn	Ô
n3_basic_drafts	batch_0171_0180	R_0176	同僚	どうりょう	đồng nghiệp	Đồng Liêu
n3_basic_drafts	batch_0171_0180	R_0176	残業	ざんぎょう	tăng ca, làm thêm giờ	Tàn Nghiệp
n3_basic_drafts	batch_0171_0180	R_0176	具合	ぐあい	tình trạng (sức khỏe)	Cụ Hợp
n3_basic_drafts	batch_0171_0180	R_0176	駅員	えきいん	nhân viên nhà ga	Dịch Viên
n3_basic_drafts	batch_0171_0180	R_0176	戦場	せんじょう	chiến trường	Chiến Tràng
n3_basic_drafts	batch_0171_0180	R_0176	女性専用車両	じょせいせんようしゃりょう	toa xe dành riêng cho phụ nữ	Nữ Tính Chuyên Dụng Xa Lưỡng
n3_basic_drafts	batch_0171_0180	R_0177	梅雨	つゆ	mùa mưa (Nhật Bản, tháng 6-7)	Mai Vũ
n3_basic_drafts	batch_0171_0180	R_0177	湿気	しっけ	độ ẩm, hơi nước trong không khí	Thấp Khí
n3_basic_drafts	batch_0171_0180	R_0177	例年	れいねん	mọi năm, năm thường	Lệ Niên
n3_basic_drafts	batch_0171_0180	R_0177	天気予報	てんきよほう	dự báo thời tiết	Thiên Khí Dư Báo
n3_basic_drafts	batch_0171_0180	R_0177	あじさい	あじさい	hoa cẩm tú cầu	
n3_basic_drafts	batch_0171_0180	R_0177	景色	けしき	phong cảnh, cảnh sắc	Cảnh Sắc
n3_basic_drafts	batch_0171_0180	R_0177	発見	はっけん	sự phát hiện, khám phá	Phát Kiến
n3_basic_drafts	batch_0171_0180	R_0177	長靴	ながぐつ	ủng cao su, giày bốt	Trường Ngoa
n3_basic_drafts	batch_0171_0180	R_0177	水たまり	みずたまり	vũng nước	Thủy
n3_basic_drafts	batch_0171_0180	R_0177	落ち着く	おちつく	lắng dịu, bình tĩnh, ổn định	Lạc Trứ
n3_basic_drafts	batch_0171_0180	R_0178	迫力	はくりょく	sức mạnh, sức cuốn hút (âm thanh, hình ảnh)	Bách Lực
n3_basic_drafts	batch_0171_0180	R_0178	想像	そうぞう	tưởng tượng, hình dung	Tưởng Tượng
n3_basic_drafts	batch_0171_0180	R_0178	登場人物	とうじょうじんぶつ	nhân vật trong tác phẩm	Đăng Tràng Nhân Vật
n3_basic_drafts	batch_0171_0180	R_0178	場面	ばめん	cảnh, tình huống	Tràng Diện
n3_basic_drafts	batch_0171_0180	R_0178	感動	かんどう	cảm động, xúc động	Cảm Động
n3_basic_drafts	batch_0171_0180	R_0178	語り合う	かたりあう	thảo luận, chia sẻ với nhau	Ngữ Hợp
n3_basic_drafts	batch_0171_0180	R_0178	選択	せんたく	sự lựa chọn	Tuyển Trạch
n3_basic_drafts	batch_0171_0180	R_0178	映像	えいぞう	hình ảnh (phim, video)	Ánh Tượng
n3_basic_drafts	batch_0171_0180	R_0178	技術	ぎじゅつ	kỹ thuật, công nghệ	Kĩ Thuật
n3_basic_drafts	batch_0171_0180	R_0178	進化	しんか	sự tiến hóa, phát triển	Tiến Hóa
n3_basic_drafts	batch_0171_0180	R_0179	衣替え	ころもがえ	việc đổi quần áo theo mùa	Y Thế
n3_basic_drafts	batch_0171_0180	R_0179	習慣	しゅうかん	phong tục, thói quen	Tập Quán
n3_basic_drafts	batch_0171_0180	R_0179	制服	せいふく	đồng phục	Chế Phục
n3_basic_drafts	batch_0171_0180	R_0179	整理	せいり	sắp xếp, dọn dẹp	Chỉnh Lí
n3_basic_drafts	batch_0171_0180	R_0179	リサイクル	リサイクル	tái chế	
n3_basic_drafts	batch_0171_0180	R_0179	清潔	せいけつ	sạch sẽ	Thanh Khiết
n3_basic_drafts	batch_0171_0180	R_0179	収納	しゅうのう	cất giữ, thu nạp vào kho	Thu Nạp
n3_basic_drafts	batch_0171_0180	R_0179	手順	てじゅん	trình tự, các bước	Thủ Thuận
n3_basic_drafts	batch_0171_0180	R_0179	棚	たな	kệ, giá đựng đồ	Bằng
n3_basic_drafts	batch_0171_0180	R_0179	丁寧	ていねい	cẩn thận, tỉ mỉ	Đinh Ninh
n3_basic_drafts	batch_0171_0180	R_0179	クールビズ	クールビズ	Cool Biz, phong trào mặc trang phục nhẹ nhàng (không cà vạt) vào mùa hè ở Nhật	
n3_basic_drafts	batch_0171_0180	R_0180	準備	じゅんび	sự chuẩn bị	Chuẩn Bị
n3_basic_drafts	batch_0171_0180	R_0180	能力	のうりょく	năng lực, khả năng	Năng Lực
n3_basic_drafts	batch_0171_0180	R_0180	落ち込む	おちこむ	buồn rầu, suy sụp tinh thần	Lạc Nhập
n3_basic_drafts	batch_0171_0180	R_0180	立ち直る	たちなおる	đứng dậy lại, hồi phục	Lập Trực
n3_basic_drafts	batch_0171_0180	R_0180	反省	はんせい	sự kiểm điểm, tự nhìn lại	Phản Tỉnh
n3_basic_drafts	batch_0171_0180	R_0180	弱点	じゃくてん	điểm yếu	Nhược Điểm
n3_basic_drafts	batch_0171_0180	R_0180	緊張	きんちょう	sự căng thẳng	Khẩn Trương
n3_basic_drafts	batch_0171_0180	R_0180	深呼吸	しんこきゅう	hít thở sâu	Thâm Hô Hấp
n3_basic_drafts	batch_0171_0180	R_0180	同僚	どうりょう	đồng nghiệp	Đồng Liêu
n3_basic_drafts	batch_0171_0180	R_0180	成長	せいちょう	sự trưởng thành, phát triển	Thành Trường
n3_basic_drafts	batch_0171_0180	R_0180	感謝	かんしゃ	biết ơn, cảm tạ	Cảm Tạ
n3_basic_drafts	batch_0171_0180	R_0180	経験	けいけん	kinh nghiệm, trải nghiệm	Kinh Nghiệm
n3_basic_drafts	batch_0181_0190	R_0181	飼う	かう	nuôi (động vật)	Tự
n3_basic_drafts	batch_0181_0190	R_0181	不安	ふあん	sự lo lắng, bất an	Bất An
n3_basic_drafts	batch_0181_0190	R_0181	品種	ひんしゅ	giống loài, chủng loại	Phẩm Chủng
n3_basic_drafts	batch_0181_0190	R_0181	改良	かいりょう	cải tạo, cải tiến	Cải Lương
n3_basic_drafts	batch_0181_0190	R_0181	おとなしい	おとなしい	hiền lành, ngoan	
n3_basic_drafts	batch_0181_0190	R_0181	登り棒	のぼりぼう	cây leo, cột để leo trèo	Đăng Bổng
n3_basic_drafts	batch_0181_0190	R_0181	消臭	しょうしゅう	khử mùi	Tiêu Xú
n3_basic_drafts	batch_0181_0190	R_0181	いたずら	いたずら	sự nghịch ngợm, trò đùa	
n3_basic_drafts	batch_0181_0190	R_0181	工夫	くふう	sự sáng tạo, mẹo, khéo léo	Công Phu
n3_basic_drafts	batch_0181_0190	R_0181	実感	じっかん	cảm nhận thực tế, cảm thấy rõ	Thực Cảm
n3_basic_drafts	batch_0181_0190	R_0181	世話	せわ	sự chăm sóc	Thế Thoại
n3_basic_drafts	batch_0181_0190	R_0181	相性	あいしょう	sự hợp nhau, tương thích	Tương Tính
n3_basic_drafts	batch_0181_0190	R_0182	暗記	あんき	việc học thuộc lòng	Ám Kí
n3_basic_drafts	batch_0181_0190	R_0182	効率的	こうりつてき	có tính hiệu quả	Hiệu Suất Đích
n3_basic_drafts	batch_0181_0190	R_0182	繰り返す	くりかえす	lặp đi lặp lại	Sào Phản
n3_basic_drafts	batch_0181_0190	R_0182	身につく	みにつく	nhập tâm, học được vào người	Thân
n3_basic_drafts	batch_0181_0190	R_0182	定着	ていちゃく	sự định hình, ổn định	Định Trứ
n3_basic_drafts	batch_0181_0190	R_0182	信頼	しんらい	sự tin tưởng, tín nhiệm	Tín Lại
n3_basic_drafts	batch_0181_0190	R_0182	道具	どうぐ	công cụ, dụng cụ	Đạo Cụ
n3_basic_drafts	batch_0181_0190	R_0182	辞書を引く	じしょをひく	tra từ điển	Từ Thư Dẫn
n3_basic_drafts	batch_0181_0190	R_0182	語彙	ごい	vốn từ vựng	Ngữ Vị
n3_basic_drafts	batch_0181_0190	R_0182	聞き流す	ききながす	nghe lướt qua, nghe không tập trung	Văn Lưu
n3_basic_drafts	batch_0181_0190	R_0182	効果	こうか	hiệu quả, tác dụng	Hiệu Quả
n3_basic_drafts	batch_0181_0190	R_0182	確か	たしか	chắc chắn, đáng tin	Xác
n3_basic_drafts	batch_0181_0190	R_0182	単語アプリ	たんごアプリ	ứng dụng từ vựng	Đơn Ngữ
n3_basic_drafts	batch_0181_0190	R_0183	卒業	そつぎょう	tốt nghiệp	Tốt Nghiệp
n3_basic_drafts	batch_0181_0190	R_0183	地元	じもと	quê nhà, địa phương	Địa Nguyên
n3_basic_drafts	batch_0181_0190	R_0183	実家	じっか	nhà bố mẹ	Thực Gia
n3_basic_drafts	batch_0181_0190	R_0183	出張	しゅっちょう	đi công tác	Xuất Trương
n3_basic_drafts	batch_0181_0190	R_0183	親友	しんゆう	bạn thân	Thân Hữu
n3_basic_drafts	batch_0181_0190	R_0183	盛り上がる	もりあがる	rôm rả, sôi nổi	Thịnh Thượng
n3_basic_drafts	batch_0181_0190	R_0183	やり取り	やりとり	trao đổi qua lại	Thủ
n3_basic_drafts	batch_0181_0190	R_0183	見返す	みかえす	xem lại, nhìn lại	Kiến Phản
n3_basic_drafts	batch_0181_0190	R_0183	懐かしさ	なつかしさ	sự hoài niệm	Hoài
n3_basic_drafts	batch_0181_0190	R_0183	言い訳	いいわけ	cái cớ, lý do biện hộ	Ngôn Dịch
n3_basic_drafts	batch_0181_0190	R_0183	近況	きんきょう	tình hình gần đây	Cận Huống
n3_basic_drafts	batch_0181_0190	R_0184	開花	かいか	sự nở hoa	Khai Hoa
n3_basic_drafts	batch_0181_0190	R_0184	名所	めいしょ	danh thắng, địa điểm nổi tiếng	Danh Sở
n3_basic_drafts	batch_0181_0190	R_0184	つぼみ	つぼみ	nụ hoa	
n3_basic_drafts	batch_0181_0190	R_0184	満開	まんかい	nở rộ, nở hết	Mãn Khai
n3_basic_drafts	batch_0181_0190	R_0184	家族連れ	かぞくづれ	gia đình cùng đi	Gia Tộc Liên
n3_basic_drafts	batch_0181_0190	R_0184	雰囲気	ふんいき	bầu không khí	Phân Vi Khí
n3_basic_drafts	batch_0181_0190	R_0184	染まる	そまる	nhuộm, nhuốm màu	Nhiễm
n3_basic_drafts	batch_0181_0190	R_0184	夜桜	よざくら	hoa anh đào ban đêm	Dạ Anh
n3_basic_drafts	batch_0181_0190	R_0184	歌声	うたごえ	tiếng hát	Ca Thanh
n3_basic_drafts	batch_0181_0190	R_0184	年を重ねる	としをかさねる	thêm tuổi, lớn dần	Niên Trọng
n3_basic_drafts	batch_0181_0190	R_0184	行事	ぎょうじ	sự kiện, lễ hội thường niên	Hành Sự
n3_basic_drafts	batch_0181_0190	R_0185	自動販売機	じどうはんばいき	máy bán hàng tự động	Tự Động Phiến Mại Ki
n3_basic_drafts	batch_0181_0190	R_0185	風景	ふうけい	phong cảnh	Phong Cảnh
n3_basic_drafts	batch_0181_0190	R_0185	手軽	てがる	dễ dàng, nhẹ nhàng	Thủ Khinh
n3_basic_drafts	batch_0181_0190	R_0185	進歩	しんぽ	tiến bộ	Tiến Bộ
n3_basic_drafts	batch_0181_0190	R_0185	機能	きのう	chức năng	Ki Năng
n3_basic_drafts	batch_0181_0190	R_0185	支払い	しはらい	việc thanh toán	Chi Phất
n3_basic_drafts	batch_0181_0190	R_0185	災害	さいがい	thiên tai, thảm họa	Tai Hại
n3_basic_drafts	batch_0181_0190	R_0185	停電	ていでん	mất điện	Đình Điện
n3_basic_drafts	batch_0181_0190	R_0185	休憩室	きゅうけいしつ	phòng nghỉ	Hưu Khế Thất
n3_basic_drafts	batch_0181_0190	R_0185	消費	しょうひ	tiêu thụ	Tiêu Phí
n3_basic_drafts	batch_0181_0190	R_0185	景観	けいかん	cảnh quan	Cảnh Quan
n3_basic_drafts	batch_0181_0190	R_0185	設置	せっち	việc đặt, lắp đặt	Thiết Trí
n3_basic_drafts	batch_0181_0190	R_0186	公共	こうきょう	công cộng	Công Cộng
n3_basic_drafts	batch_0181_0190	R_0186	施設	しせつ	cơ sở, công trình	Thi Thiết
n3_basic_drafts	batch_0181_0190	R_0186	資料	しりょう	tài liệu	Tư Liêu
n3_basic_drafts	batch_0181_0190	R_0186	司書	ししょ	thủ thư	Ti Thư
n3_basic_drafts	batch_0181_0190	R_0186	貸し出す	かしだす	cho mượn	Thải Xuất
n3_basic_drafts	batch_0181_0190	R_0186	豊富	ほうふ	phong phú, dồi dào	Phong Phú
n3_basic_drafts	batch_0181_0190	R_0186	絵本	えほん	sách tranh, truyện tranh thiếu nhi	Hội Bản
n3_basic_drafts	batch_0181_0190	R_0186	講演会	こうえんかい	buổi diễn thuyết	Giảng Diễn Hội
n3_basic_drafts	batch_0181_0190	R_0186	市民	しみん	thị dân, người dân thành phố	Thị Dân
n3_basic_drafts	batch_0181_0190	R_0186	貴重	きちょう	quý giá	Quý Trọng
n3_basic_drafts	batch_0181_0190	R_0186	魅力	みりょく	sức hấp dẫn	Mị Lực
n3_basic_drafts	batch_0181_0190	R_0186	電子書籍	でんししょせき	sách điện tử	Điện Tử Thư Tịch
n3_basic_drafts	batch_0181_0190	R_0187	弾く	ひく	chơi (nhạc cụ dây/phím)	Đàn
n3_basic_drafts	batch_0181_0190	R_0187	励ます	はげます	động viên, cổ vũ	Lệ
n3_basic_drafts	batch_0181_0190	R_0187	叱る	しかる	la, mắng	Sất
n3_basic_drafts	batch_0181_0190	R_0187	成長	せいちょう	sự trưởng thành, phát triển	Thành Trường
n3_basic_drafts	batch_0181_0190	R_0187	演奏	えんそう	biểu diễn nhạc, trình tấu	Diễn Tấu
n3_basic_drafts	batch_0181_0190	R_0187	上達	じょうたつ	sự tiến bộ	Thượng Đạt
n3_basic_drafts	batch_0181_0190	R_0187	発表会	はっぴょうかい	buổi biểu diễn, recital	Phát Biểu Hội
n3_basic_drafts	batch_0181_0190	R_0187	本番	ほんばん	buổi chính thức, biểu diễn thật	Bản Phiên
n3_basic_drafts	batch_0181_0190	R_0187	緊張	きんちょう	sự hồi hộp, căng thẳng	Khẩn Trương
n3_basic_drafts	batch_0181_0190	R_0187	和らぐ	やわらぐ	dịu đi, dịu xuống	Hòa
n3_basic_drafts	batch_0181_0190	R_0188	菜園	さいえん	vườn rau	Thái Viên
n3_basic_drafts	batch_0181_0190	R_0188	苗	なえ	cây con, cây giống	Miêu
n3_basic_drafts	batch_0181_0190	R_0188	種	たね	hạt giống	Chủng
n3_basic_drafts	batch_0181_0190	R_0188	芽	め	mầm cây	Nha
n3_basic_drafts	batch_0181_0190	R_0188	色づく	いろづく	chuyển màu, lên màu	Sắc
n3_basic_drafts	batch_0181_0190	R_0188	農薬	のうやく	thuốc trừ sâu, thuốc bảo vệ thực vật	Nông Dược
n3_basic_drafts	batch_0181_0190	R_0188	取り除く	とりのぞく	loại bỏ, bắt đi	Thủ Trừ
n3_basic_drafts	batch_0181_0190	R_0188	収穫	しゅうかく	thu hoạch	Thu Hoạch
n3_basic_drafts	batch_0181_0190	R_0188	葉物野菜	はものやさい	rau ăn lá	Diệp Vật Dã Thái
n3_basic_drafts	batch_0181_0190	R_0188	ほうれん草	ほうれんそう	cải bó xôi, rau bina	Thảo
n3_basic_drafts	batch_0181_0190	R_0188	癒し	いやし	sự an ủi, chữa lành tâm hồn	Dũ
n3_basic_drafts	batch_0181_0190	R_0188	移り変わり	うつりかわり	sự chuyển dời, biến đổi	Di Biến
n3_basic_drafts	batch_0181_0190	R_0189	陶器	とうき	đồ gốm sứ	Đào Khí
n3_basic_drafts	batch_0181_0190	R_0189	工芸	こうげい	thủ công mỹ nghệ	Công Vân
n3_basic_drafts	batch_0181_0190	R_0189	産地	さんち	vùng sản xuất, xuất xứ	Sản Địa
n3_basic_drafts	batch_0181_0190	R_0189	輸出	ゆしゅつ	xuất khẩu	Thâu Xuất
n3_basic_drafts	batch_0181_0190	R_0189	繊細	せんさい	tinh tế, tinh xảo	Tiêm Tế
n3_basic_drafts	batch_0181_0190	R_0189	絵付け	えつけ	vẽ trang trí (trên gốm)	Hội Phó
n3_basic_drafts	batch_0181_0190	R_0189	粘土	ねんど	đất sét	Niêm Thổ
n3_basic_drafts	batch_0181_0190	R_0189	釉薬	ゆうやく	men gốm	Dứu Dược
n3_basic_drafts	batch_0181_0190	R_0189	陶芸家	とうげいか	nghệ nhân gốm	Đào Vân Gia
n3_basic_drafts	batch_0181_0190	R_0189	技法	ぎほう	kỹ thuật, kỹ pháp	Kĩ Pháp
n3_basic_drafts	batch_0181_0190	R_0189	湯のみ	ゆのみ	cốc trà (kiểu Nhật)	Thang
n3_basic_drafts	batch_0181_0190	R_0189	温かみ	あたたかみ	sự ấm áp, hơi ấm	Ôn
n3_basic_drafts	batch_0181_0190	R_0190	重み	おもみ	sự nặng nề, trọng lượng (sắc thái cảm nhận)	Trọng
n3_basic_drafts	batch_0181_0190	R_0190	辛い	つらい	vất vả, khổ sở	Tân
n3_basic_drafts	batch_0181_0190	R_0190	初心者	しょしんしゃ	người mới bắt đầu	Sơ Tâm Giả
n3_basic_drafts	batch_0181_0190	R_0190	呼吸	こきゅう	hô hấp, hơi thở	Hô Hấp
n3_basic_drafts	batch_0181_0190	R_0190	設計	せっけい	thiết kế	Thiết Kế
n3_basic_drafts	batch_0181_0190	R_0190	伸ばす	のばす	kéo giãn, vươn dài	Thân
n3_basic_drafts	batch_0181_0190	R_0190	姿勢	しせい	tư thế, dáng vóc	Tư Thế
n3_basic_drafts	batch_0181_0190	R_0190	深み	ふかみ	chiều sâu, độ sâu	Thâm
n3_basic_drafts	batch_0181_0190	R_0190	筋肉	きんにく	cơ bắp	Cân Nhục
n3_basic_drafts	batch_0181_0190	R_0190	温かみ	あたたかみ	hơi ấm, sự ấm áp	Ôn
n3_basic_drafts	batch_0181_0190	R_0190	楽しみ	たのしみ	niềm vui, sự thú vị	Lạc
n3_basic_drafts	batch_0191_0200	R_0191	検索	けんさく	tìm kiếm, tra cứu	Kiểm Tác
n3_basic_drafts	batch_0191_0200	R_0191	正確さ	せいかくさ	độ chính xác	Chánh Xác
n3_basic_drafts	batch_0191_0200	R_0191	個人	こじん	cá nhân	Cá Nhân
n3_basic_drafts	batch_0191_0200	R_0191	公式	こうしき	chính thức, official	Công Thức
n3_basic_drafts	batch_0191_0200	R_0191	判断	はんだん	phán đoán, đánh giá	Phán Đoạn
n3_basic_drafts	batch_0191_0200	R_0191	薬	くすり	thuốc	Dược
n3_basic_drafts	batch_0191_0200	R_0191	嘘	うそ	lời nói dối, điều giả	Hư
n3_basic_drafts	batch_0191_0200	R_0191	結果	けっか	kết quả	Kết Quả
n3_basic_drafts	batch_0191_0200	R_0191	事件	じけん	vụ việc, sự kiện	Sự Kiện
n3_basic_drafts	batch_0191_0200	R_0191	投稿	とうこう	bài đăng, đầu cảo	Đầu Cảo
n3_basic_drafts	batch_0191_0200	R_0191	道具	どうぐ	công cụ, dụng cụ	Đạo Cụ
n3_basic_drafts	batch_0191_0200	R_0192	夕食	ゆうしょく	bữa tối	Tịch Thực
n3_basic_drafts	batch_0191_0200	R_0192	全員	ぜんいん	tất cả mọi người	Toàn Viên
n3_basic_drafts	batch_0191_0200	R_0192	そろう	そろう	tụ họp đầy đủ, có mặt đủ	
n3_basic_drafts	batch_0191_0200	R_0192	部活	ぶかつ	hoạt động câu lạc bộ	Bộ Hoạt
n3_basic_drafts	batch_0191_0200	R_0192	出来事	できごと	sự việc, sự kiện xảy ra	Xuất Lai Sự
n3_basic_drafts	batch_0191_0200	R_0192	笑顔	えがお	nụ cười, gương mặt cười	Tiếu Nhan
n3_basic_drafts	batch_0191_0200	R_0192	片づけ	かたづけ	việc dọn dẹp	Phiến
n3_basic_drafts	batch_0191_0200	R_0192	交代	こうたい	luân phiên, thay phiên	Giao Đại
n3_basic_drafts	batch_0191_0200	R_0192	絆	きずな	sợi dây gắn kết, tình cảm	Bán
n3_basic_drafts	batch_0191_0200	R_0192	深まる	ふかまる	sâu sắc thêm, đậm đà thêm	Thâm
n3_basic_drafts	batch_0191_0200	R_0193	都会	とかい	đô thị, thành phố lớn	Đô Hội
n3_basic_drafts	batch_0191_0200	R_0193	世代	せだい	thế hệ, lứa tuổi	Thế Đại
n3_basic_drafts	batch_0191_0200	R_0193	都市計画	としけいかく	quy hoạch đô thị	Đô Thị Kế Họa
n3_basic_drafts	batch_0191_0200	R_0193	役割	やくわり	vai trò	Dịch Cát
n3_basic_drafts	batch_0191_0200	R_0193	交流	こうりゅう	sự giao lưu	Giao Lưu
n3_basic_drafts	batch_0191_0200	R_0193	貴重	きちょう	quý giá, quý báu	Quý Trọng
n3_basic_drafts	batch_0191_0200	R_0193	気分転換	きぶんてんかん	đổi gió, thay đổi tâm trạng	Khí Phân Chuyển Hoán
n3_basic_drafts	batch_0191_0200	R_0193	雑貨	ざっか	đồ tạp hóa, hàng thủ công	Tạp Hóa
n3_basic_drafts	batch_0191_0200	R_0193	近所	きんじょ	hàng xóm, khu vực xung quanh	Cận Sở
n3_basic_drafts	batch_0191_0200	R_0193	求める	もとめる	yêu cầu, đòi hỏi	Cầu
n3_basic_drafts	batch_0191_0200	R_0194	計画	けいかく	kế hoạch	Kế Họa
n3_basic_drafts	batch_0191_0200	R_0194	慌てる	あわてる	vội vàng, hấp tấp	Hoảng
n3_basic_drafts	batch_0191_0200	R_0194	予約	よやく	lịch hẹn, đặt trước	Dư Ước
n3_basic_drafts	batch_0191_0200	R_0194	余白	よはく	khoảng trống, chỗ chừa	Dư Bạch
n3_basic_drafts	batch_0191_0200	R_0194	用事	ようじ	việc cần làm	Dụng Sự
n3_basic_drafts	batch_0191_0200	R_0194	工夫	くふう	sáng kiến, cách làm khéo	Công Phu
n3_basic_drafts	batch_0191_0200	R_0194	依頼	いらい	lời nhờ, yêu cầu	Y Lại
n3_basic_drafts	batch_0191_0200	R_0194	振り返る	ふりかえる	nhìn lại, ngoái lại	Chấn Phản
n3_basic_drafts	batch_0191_0200	R_0194	失敗	しっぱい	thất bại, sai lầm	Thất Bại
n3_basic_drafts	batch_0191_0200	R_0194	完璧	かんぺき	hoàn hảo, hoàn toàn	Hoàn Bích
n3_basic_drafts	batch_0191_0200	R_0194	落ち着く	おちつく	ổn định, bình tĩnh	Lạc Trứ
n3_basic_drafts	batch_0191_0200	R_0195	町内会	ちょうないかい	hội khu phố, hội tổ dân phố	Đinh Nội Hội
n3_basic_drafts	batch_0191_0200	R_0195	行事	ぎょうじ	sự kiện, nghi thức thường niên	Hành Sự
n3_basic_drafts	batch_0191_0200	R_0195	高齢化	こうれいか	sự già hóa dân số	Cao Linh Hóa
n3_basic_drafts	batch_0191_0200	R_0195	飾り付け	かざりつけ	việc trang trí	Sức Phó
n3_basic_drafts	batch_0191_0200	R_0195	屋台	やたい	quầy hàng rong, quầy lễ hội	Ốc Thai
n3_basic_drafts	batch_0191_0200	R_0195	片付け	かたづけ	việc dọn dẹp	Phiến Phó
n3_basic_drafts	batch_0191_0200	R_0195	礼儀	れいぎ	lễ nghĩa, phép tắc	Lễ Nghi
n3_basic_drafts	batch_0191_0200	R_0195	根本	こんぽん	cốt lõi, gốc rễ	Căn Bản
n3_basic_drafts	batch_0191_0200	R_0195	積極的	せっきょくてき	tích cực, chủ động	Tích Cực Đích
n3_basic_drafts	batch_0191_0200	R_0195	愛着	あいちゃく	sự gắn bó, yêu mến	Ái Trứ
n3_basic_drafts	batch_0191_0200	R_0195	町内会費	ちょうないかいひ	phí hội khu phố (khoản đóng góp định kỳ để duy trì hoạt động cộng đồng)	Đinh Nội Hội Phí
n3_basic_drafts	batch_0191_0200	R_0196	電気代	でんきだい	tiền điện	Điện Khí Đại
n3_basic_drafts	batch_0191_0200	R_0196	節約	せつやく	tiết kiệm, tằn tiện	Tiết Ước
n3_basic_drafts	batch_0191_0200	R_0196	無駄	むだ	lãng phí, vô ích	Vô Đà
n3_basic_drafts	batch_0191_0200	R_0196	家計	かけい	tài chính gia đình	Gia Kế
n3_basic_drafts	batch_0191_0200	R_0196	意識	いしき	ý thức, nhận thức	Ý Thức
n3_basic_drafts	batch_0191_0200	R_0196	冷蔵庫	れいぞうこ	tủ lạnh	Lãnh Tàng Khố
n3_basic_drafts	batch_0191_0200	R_0196	設定	せってい	cài đặt	Thiết Định
n3_basic_drafts	batch_0191_0200	R_0196	使用量	しようりょう	lượng sử dụng	Sử Dụng Lượng
n3_basic_drafts	batch_0191_0200	R_0196	性能	せいのう	tính năng, hiệu năng	Tính Năng
n3_basic_drafts	batch_0191_0200	R_0196	電球	でんきゅう	bóng đèn	Điện Cầu
n3_basic_drafts	batch_0191_0200	R_0196	工夫	くふう	sự sáng tạo, cách làm	Công Phu
n3_basic_drafts	batch_0191_0200	R_0197	登山	とざん	leo núi	Đăng San
n3_basic_drafts	batch_0191_0200	R_0197	登山口	とざんぐち	chân núi, lối vào đường núi	Đăng San Khẩu
n3_basic_drafts	batch_0191_0200	R_0197	山道	やまみち	đường núi	San Đạo
n3_basic_drafts	batch_0191_0200	R_0197	傾斜	けいしゃ	độ dốc, độ nghiêng	Khuynh Tà
n3_basic_drafts	batch_0191_0200	R_0197	標高	ひょうこう	độ cao so với mực nước biển	Tiêu Cao
n3_basic_drafts	batch_0191_0200	R_0197	中腹	ちゅうふく	lưng chừng núi	Trung Phúc
n3_basic_drafts	batch_0191_0200	R_0197	頂上	ちょうじょう	đỉnh núi	Đính Thượng
n3_basic_drafts	batch_0191_0200	R_0197	達成感	たっせいかん	cảm giác thành tựu	Đạt Thành Cảm
n3_basic_drafts	batch_0191_0200	R_0197	下山	げざん	xuống núi	Hạ San
n3_basic_drafts	batch_0191_0200	R_0197	雰囲気	ふんいき	bầu không khí, không gian	Phân Vi Khí
n3_basic_drafts	batch_0191_0200	R_0198	弁当	べんとう	cơm hộp, bento	Biện Đương
n3_basic_drafts	batch_0191_0200	R_0198	同僚	どうりょう	đồng nghiệp	Đồng Liêu
n3_basic_drafts	batch_0191_0200	R_0198	炊く	たく	nấu (cơm)	Xuy
n3_basic_drafts	batch_0191_0200	R_0198	おかず	おかず	món ăn kèm	
n3_basic_drafts	batch_0191_0200	R_0198	冷蔵庫	れいぞうこ	tủ lạnh	Lãnh Tàng Khố
n3_basic_drafts	batch_0191_0200	R_0198	詰める	つめる	xếp vào, nhồi vào	Cật
n3_basic_drafts	batch_0191_0200	R_0198	範囲	はんい	phạm vi	Phạm Vi
n3_basic_drafts	batch_0191_0200	R_0198	見た目	みため	hình thức bên ngoài	Kiến Mục
n3_basic_drafts	batch_0191_0200	R_0198	多め	おおめ	nhiều hơn (chút), dư ra	Đa
n3_basic_drafts	batch_0191_0200	R_0198	きっかけ	きっかけ	cơ duyên, sự kiện khởi đầu	
n3_basic_drafts	batch_0191_0200	R_0199	桃	もも	đào (quả)	Đào
n3_basic_drafts	batch_0191_0200	R_0199	旬	しゅん	mùa, mùa vụ ngon nhất	Tuần
n3_basic_drafts	batch_0191_0200	R_0199	甘み	あまみ	vị ngọt	Cam
n3_basic_drafts	batch_0191_0200	R_0199	品種	ひんしゅ	giống, chủng loại (vd 新しい品種 = giống mới)	Phẩm Chủng
n3_basic_drafts	batch_0191_0200	R_0199	品種改良	ひんしゅかいりょう	cải tiến giống (kỹ thuật N2 — trong bài chỉ cần hiểu nghĩa qua định nghĩa câu 7)	Phẩm Chủng Cải Lương
n3_basic_drafts	batch_0191_0200	R_0199	収穫	しゅうかく	thu hoạch	Thu Hoạch
n3_basic_drafts	batch_0191_0200	R_0199	果物狩り	くだものがり	việc hái hoa quả	Quả Vật Thú
n3_basic_drafts	batch_0191_0200	R_0199	風景	ふうけい	phong cảnh, cảnh sắc	Phong Cảnh
n3_basic_drafts	batch_0191_0200	R_0199	祖父	そふ	ông nội/ngoại	Tổ Phụ
n3_basic_drafts	batch_0191_0200	R_0199	温暖化	おんだんか	sự nóng lên (khí hậu) — 地球温暖化 = sự nóng lên toàn cầu; trong bài được định nghĩa rõ nên không cần biết sẵn	Ôn Noãn Hóa
n3_basic_drafts	batch_0191_0200	R_0199	現象	げんしょう	hiện tượng	Hiện Tượng
n3_basic_drafts	batch_0191_0200	R_0200	卒業式	そつぎょうしき	lễ tốt nghiệp	Tốt Nghiệp Thức
n3_basic_drafts	batch_0191_0200	R_0200	式場	しきじょう	hội trường nghi lễ	Thức Tràng
n3_basic_drafts	batch_0191_0200	R_0200	保護者	ほごしゃ	phụ huynh, người giám hộ	Bảo Hộ Giả
n3_basic_drafts	batch_0191_0200	R_0200	校長	こうちょう	hiệu trưởng	Giáo Trường
n3_basic_drafts	batch_0191_0200	R_0200	卒業証書	そつぎょうしょうしょ	bằng tốt nghiệp	Tốt Nghiệp Chứng Thư
n3_basic_drafts	batch_0191_0200	R_0200	緊張	きんちょう	căng thẳng, hồi hộp	Khẩn Trương
n3_basic_drafts	batch_0191_0200	R_0200	担任	たんにん	(thầy cô) chủ nhiệm	Đam Nhâm
n3_basic_drafts	batch_0191_0200	R_0200	誇り	ほこり	niềm tự hào	Khoa
n3_basic_drafts	batch_0191_0200	R_0200	在校生	ざいこうせい	học sinh đang học (chưa tốt nghiệp)	Tại Giáo Sanh
n3_basic_drafts	batch_0191_0200	R_0200	震える	ふるえる	run rẩy, run	Chấn
n3_basic_drafts	batch_0191_0200	R_0200	教育者	きょういくしゃ	người làm giáo dục, nhà giáo	Giáo Dục Giả
n3_basic_drafts	batch_0201_0210	R_0201	大掃除	おおそうじ	tổng vệ sinh	Đại Tảo Trừ
n3_basic_drafts	batch_0201_0210	R_0201	計画表	けいかくひょう	bảng kế hoạch	Kế Họa Biểu
n3_basic_drafts	batch_0201_0210	R_0201	玄関	げんかん	cửa vào, lối vào nhà	Huyền Quan
n3_basic_drafts	batch_0201_0210	R_0201	押入れ	おしいれ	tủ tường (kiểu Nhật)	Áp Nhập
n3_basic_drafts	batch_0201_0210	R_0201	段ボール	だんボール	thùng các tông	Đoạn
n3_basic_drafts	batch_0201_0210	R_0201	換気扇	かんきせん	quạt hút mùi	Hoán Khí Phiến
n3_basic_drafts	batch_0201_0210	R_0201	しきたり	しきたり	phong tục, lề lối	
n3_basic_drafts	batch_0201_0210	R_0201	言い伝え	いいつたえ	lời truyền lại, lời dặn xưa	Ngôn Truyền
n3_basic_drafts	batch_0201_0210	R_0201	寄付	きふ	quyên góp	Kí Phó
n3_basic_drafts	batch_0201_0210	R_0201	ぴかぴか	ぴかぴか	sạch bóng, sáng loáng	
n3_basic_drafts	batch_0201_0210	R_0202	デスクワーク	デスクワーク	công việc bàn giấy	
n3_basic_drafts	batch_0201_0210	R_0202	肩こり	かたこり	đau mỏi vai	Kiên
n3_basic_drafts	batch_0201_0210	R_0202	運動不足	うんどうぶそく	thiếu vận động	Vận Động Bất Túc
n3_basic_drafts	batch_0201_0210	R_0202	前屈	ぜんくつ	cúi gập người về phía trước	Tiền Khuất
n3_basic_drafts	batch_0201_0210	R_0202	太もも	ふともも	đùi	Thái
n3_basic_drafts	batch_0201_0210	R_0202	やわらかい	やわらかい	mềm, mềm dẻo	
n3_basic_drafts	batch_0201_0210	R_0202	サボる	サボる	trốn việc, lơ là	
n3_basic_drafts	batch_0201_0210	R_0202	呼吸	こきゅう	hô hấp, hít thở	Hô Hấp
n3_basic_drafts	batch_0201_0210	R_0202	集中	しゅうちゅう	tập trung	Tập Trung
n3_basic_drafts	batch_0201_0210	R_0202	すすめる	すすめる	khuyên, đề xuất	
n3_basic_drafts	batch_0201_0210	R_0203	出張	しゅっちょう	công tác	Xuất Trương
n3_basic_drafts	batch_0201_0210	R_0203	改札	かいさつ	cửa soát vé	Cải Trát
n3_basic_drafts	batch_0201_0210	R_0203	切符	きっぷ	vé	Thiết Phù
n3_basic_drafts	batch_0201_0210	R_0203	交通機関	こうつうきかん	phương tiện giao thông	Giao Thông Ki Quan
n3_basic_drafts	batch_0201_0210	R_0203	正確	せいかく	chính xác	Chánh Xác
n3_basic_drafts	batch_0201_0210	R_0203	車内放送	しゃないほうそう	thông báo trên tàu	Xa Nội Phóng Tống
n3_basic_drafts	batch_0201_0210	R_0203	停車駅	ていしゃえき	ga dừng	Đình Xa Dịch
n3_basic_drafts	batch_0201_0210	R_0203	座席	ざせき	chỗ ngồi	Tọa Tịch
n3_basic_drafts	batch_0201_0210	R_0203	富士山	ふじさん	núi Phú Sĩ	Phú Sĩ San
n3_basic_drafts	batch_0201_0210	R_0203	駅構内	えきこうない	trong khuôn viên ga	Dịch Cấu Nội
n3_basic_drafts	batch_0201_0210	R_0203	案内所	あんないじょ	quầy thông tin	Án Nội Sở
n3_basic_drafts	batch_0201_0210	R_0204	成人式	せいじんしき	lễ thành nhân	Thành Nhân Thức
n3_basic_drafts	batch_0201_0210	R_0204	儀式	ぎしき	nghi thức, nghi lễ	Nghi Thức
n3_basic_drafts	batch_0201_0210	R_0204	振袖	ふりそで	kimono tay dài (cho nữ chưa kết hôn)	Chấn Tụ
n3_basic_drafts	batch_0201_0210	R_0204	髪飾り	かみかざり	phụ kiện cài tóc	Phát Sức
n3_basic_drafts	batch_0201_0210	R_0204	袴	はかま	hakama, váy quần truyền thống	Cáp
n3_basic_drafts	batch_0201_0210	R_0204	紋付き	もんつき	có gia huy	Văn Phó
n3_basic_drafts	batch_0201_0210	R_0204	羽織	はおり	áo khoác kimono	Vũ Chức
n3_basic_drafts	batch_0201_0210	R_0204	文様	もんよう	hoa văn, họa tiết	Văn Dạng
n3_basic_drafts	batch_0201_0210	R_0204	誇り	ほこり	niềm tự hào	Khoa
n3_basic_drafts	batch_0201_0210	R_0204	新成人	しんせいじん	thành nhân mới (vừa đủ 20 tuổi)	Tân Thành Nhân
n3_basic_drafts	batch_0201_0210	R_0204	述べる	のべる	phát biểu, trình bày	Thuật
n3_basic_drafts	batch_0201_0210	R_0204	二十歳のつどい	はたちのつどい	lễ hội tập họp tuổi hai mươi (thay thế 成人式 sau 2022)	Nhị Thập Tuế
n3_basic_drafts	batch_0201_0210	R_0205	柴犬	しばいぬ	chó Shiba (giống Nhật)	Sài Khuyển
n3_basic_drafts	batch_0201_0210	R_0205	散歩	さんぽ	đi dạo	Tán Bộ
n3_basic_drafts	batch_0201_0210	R_0205	表情	ひょうじょう	biểu cảm, vẻ mặt	Biểu Tình
n3_basic_drafts	batch_0201_0210	R_0205	豊か	ゆたか	phong phú, dồi dào	Phong
n3_basic_drafts	batch_0201_0210	R_0205	尻尾	しっぽ	đuôi	Khào Vĩ
n3_basic_drafts	batch_0201_0210	R_0205	振る	ふる	vẫy, lắc	Chấn
n3_basic_drafts	batch_0201_0210	R_0205	飼い主	かいぬし	chủ nuôi	Tự Chủ
n3_basic_drafts	batch_0201_0210	R_0205	甘えん坊	あまえんぼう	kẻ nhõng nhẽo	Cam Phường
n3_basic_drafts	batch_0201_0210	R_0205	立ち止まる	たちどまる	dừng lại, đứng khựng	Lập Chỉ
n3_basic_drafts	batch_0201_0210	R_0205	怖がる	こわがる	sợ, e ngại	Phố
n3_basic_drafts	batch_0201_0210	R_0206	就職	しゅうしょく	xin việc, nhận việc	Tựu Chức
n3_basic_drafts	batch_0201_0210	R_0206	人事部長	じんじぶちょう	trưởng phòng nhân sự	Nhân Sự Bộ Trường
n3_basic_drafts	batch_0201_0210	R_0206	業務	ぎょうむ	công việc, nghiệp vụ	Nghiệp Vụ
n3_basic_drafts	batch_0201_0210	R_0206	志望動機	しぼうどうき	động cơ ứng tuyển	Chí Vọng Động Ki
n3_basic_drafts	batch_0201_0210	R_0206	面接官	めんせつかん	người phỏng vấn	Diện Tiếp Quan
n3_basic_drafts	batch_0201_0210	R_0206	応募者	おうぼしゃ	ứng viên, người ứng tuyển	Ứng Mộ Giả
n3_basic_drafts	batch_0201_0210	R_0206	人柄	ひとがら	nhân cách, tính cách	Nhân Bính
n3_basic_drafts	batch_0201_0210	R_0206	誠実	せいじつ	chân thành, thật thà	Thành Thực
n3_basic_drafts	batch_0201_0210	R_0206	清潔感	せいけつかん	cảm giác sạch sẽ, tươm tất	Thanh Khiết Cảm
n3_basic_drafts	batch_0201_0210	R_0206	規定	きてい	quy định	Quy Định
n3_basic_drafts	batch_0201_0210	R_0206	深呼吸	しんこきゅう	hít thở sâu	Thâm Hô Hấp
n3_basic_drafts	batch_0201_0210	R_0206	勤務	きんむ	làm việc, công tác	Cần Vụ
n3_basic_drafts	batch_0201_0210	R_0207	通販	つうはん	mua hàng qua mạng/đặt hàng	Thông Phiến
n3_basic_drafts	batch_0201_0210	R_0207	家具	かぐ	đồ nội thất	Gia Cụ
n3_basic_drafts	batch_0201_0210	R_0207	配送	はいそう	vận chuyển, giao hàng	Phối Tống
n3_basic_drafts	batch_0201_0210	R_0207	進歩	しんぽ	tiến bộ	Tiến Bộ
n3_basic_drafts	batch_0201_0210	R_0207	翌日	よくじつ	ngày hôm sau	Dực Nhật
n3_basic_drafts	batch_0201_0210	R_0207	返品	へんぴん	trả lại hàng	Phản Phẩm
n3_basic_drafts	batch_0201_0210	R_0207	手続き	てつづき	thủ tục	Thủ Tục
n3_basic_drafts	batch_0201_0210	R_0207	店舗	てんぽ	cửa hàng	Điếm Phố
n3_basic_drafts	batch_0201_0210	R_0207	指摘	してき	chỉ ra, chỉ trích	Chỉ Trích
n3_basic_drafts	batch_0201_0210	R_0207	結局	けっきょく	rốt cuộc, cuối cùng	Kết Cục
n3_basic_drafts	batch_0201_0210	R_0208	油絵	あぶらえ	tranh sơn dầu	Du Hội
n3_basic_drafts	batch_0201_0210	R_0208	風景画	ふうけいが	tranh phong cảnh	Phong Cảnh Họa
n3_basic_drafts	batch_0201_0210	R_0208	完成	かんせい	hoàn thành	Hoàn Thành
n3_basic_drafts	batch_0201_0210	R_0208	アトリエ	あとりえ	xưởng vẽ, atelier	
n3_basic_drafts	batch_0201_0210	R_0208	集中力	しゅうちゅうりょく	sức tập trung	Tập Trung Lực
n3_basic_drafts	batch_0201_0210	R_0208	感心	かんしん	khâm phục, ngưỡng mộ	Cảm Tâm
n3_basic_drafts	batch_0201_0210	R_0208	諦める	あきらめる	từ bỏ, bỏ cuộc	Đế
n3_basic_drafts	batch_0201_0210	R_0208	筆	ふで	cọ vẽ, bút lông	Bút
n3_basic_drafts	batch_0201_0210	R_0208	塗り直す	ぬりなおす	sơn lại, vẽ đè lên	Đồ Trực
n3_basic_drafts	batch_0201_0210	R_0208	代えがたい	かえがたい	khó thay thế	Đại
n3_basic_drafts	batch_0201_0210	R_0209	定期健診	ていきけんしん	khám sức khỏe định kỳ	Định Kì Kiện Chẩn
n3_basic_drafts	batch_0201_0210	R_0209	規則	きそく	quy định, quy tắc	Quy Tắc
n3_basic_drafts	batch_0201_0210	R_0209	血圧	けつあつ	huyết áp	Huyết Áp
n3_basic_drafts	batch_0201_0210	R_0209	指示	しじ	chỉ thị, hướng dẫn	Chỉ Kì
n3_basic_drafts	batch_0201_0210	R_0209	油断	ゆだん	chủ quan, lơ là	Du Đoạn
n3_basic_drafts	batch_0201_0210	R_0209	生活習慣	せいかつしゅうかん	thói quen sinh hoạt	Sanh Hoạt Tập Quán
n3_basic_drafts	batch_0201_0210	R_0209	治療	ちりょう	điều trị	Trì Liệu
n3_basic_drafts	batch_0201_0210	R_0209	早期発見	そうきはっけん	phát hiện sớm	Tảo Kì Phát Kiến
n3_basic_drafts	batch_0201_0210	R_0209	責任	せきにん	trách nhiệm	Trách Nhâm
n3_basic_drafts	batch_0201_0210	R_0209	運動不足	うんどうぶそく	thiếu vận động	Vận Động Bất Túc
n3_basic_drafts	batch_0201_0210	R_0209	心臓	しんぞう	tim, trái tim	Tâm Tạng
n3_basic_drafts	batch_0201_0210	R_0210	巡り	めぐり	đi vòng quanh, dạo quanh	Tuần
n3_basic_drafts	batch_0201_0210	R_0210	豚骨	とんこつ	xương heo (nước hầm)	Đồn Cốt
n3_basic_drafts	batch_0201_0210	R_0210	背脂	せあぶら	mỡ lưng (lợn)	Bối Chi
n3_basic_drafts	batch_0201_0210	R_0210	濃厚	のうこう	đậm đặc, đậm vị	Nùng Hậu
n3_basic_drafts	batch_0201_0210	R_0210	湿度	しつど	độ ẩm	Thấp Độ
n3_basic_drafts	batch_0201_0210	R_0210	絶品	ぜっぴん	tuyệt phẩm, cực ngon	Tuyệt Phẩm
n3_basic_drafts	batch_0201_0210	R_0210	崩れる	くずれる	vỡ ra, mềm tan	Băng
n3_basic_drafts	batch_0201_0210	R_0210	行列	ぎょうれつ	hàng người xếp	Hành Liệt
n3_basic_drafts	batch_0201_0210	R_0210	庶民	しょみん	dân thường, bình dân	Thứ Dân
n3_basic_drafts	batch_0201_0210	R_0210	こだわり	こだわり	tâm huyết, sự cầu kỳ	
n3_basic_drafts	batch_0211_0220	R_0211	緊張	きんちょう	căng thẳng, hồi hộp	Khẩn Trương
n3_basic_drafts	batch_0211_0220	R_0211	同期	どうき	đồng kỳ (cùng vào công ty)	Đồng Kì
n3_basic_drafts	batch_0211_0220	R_0211	社交的	しゃこうてき	có tính xã giao	Xã Giao Đích
n3_basic_drafts	batch_0211_0220	R_0211	誘う	さそう	rủ rê, mời	Dụ
n3_basic_drafts	batch_0211_0220	R_0211	気を使う	きをつかう	ngại ngùng, để ý	Khí Sử
n3_basic_drafts	batch_0211_0220	R_0211	頼もしい	たのもしい	đáng tin cậy	Lại
n3_basic_drafts	batch_0211_0220	R_0211	雑談	ざつだん	trò chuyện vu vơ, tán gẫu	Tạp Đàm
n3_basic_drafts	batch_0211_0220	R_0211	資料	しりょう	tài liệu	Tư Liêu
n3_basic_drafts	batch_0211_0220	R_0211	気が利く	きがきく	biết để ý, tinh tế	Khí Lợi
n3_basic_drafts	batch_0211_0220	R_0211	照れる	てれる	ngượng, e thẹn	Chiếu
n3_basic_drafts	batch_0211_0220	R_0211	支え	ささえ	chỗ dựa, sự nâng đỡ	Chi
n3_basic_drafts	batch_0211_0220	R_0212	語学	ごがく	ngoại ngữ học	Ngữ Học
n3_basic_drafts	batch_0211_0220	R_0212	運動不足	うんどうぶそく	thiếu vận động	Vận Động Bất Túc
n3_basic_drafts	batch_0211_0220	R_0212	呼吸	こきゅう	hơi thở, nhịp thở	Hô Hấp
n3_basic_drafts	batch_0211_0220	R_0212	講師	こうし	giảng viên, người dạy	Giảng Sư
n3_basic_drafts	batch_0211_0220	R_0212	気付く	きづく	nhận ra, phát hiện	Khí Phó
n3_basic_drafts	batch_0211_0220	R_0212	国際交流	こくさいこうりゅう	giao lưu quốc tế	Quốc Tế Giao Lưu
n3_basic_drafts	batch_0211_0220	R_0212	巻き戻す	まきもどす	tua lại, quay lại	Quyển Lệ
n3_basic_drafts	batch_0211_0220	R_0212	反省	はんせい	phản tỉnh, tự kiểm điểm	Phản Tỉnh
n3_basic_drafts	batch_0211_0220	R_0212	誘惑	ゆうわく	cám dỗ, sự lôi kéo	Dụ Hoặc
n3_basic_drafts	batch_0211_0220	R_0212	幅	はば	phạm vi, bề rộng	Phúc
n3_basic_drafts	batch_0211_0220	R_0212	もたらす	もたらす	mang đến, đem lại	
n3_basic_drafts	batch_0211_0220	R_0213	暮らし	くらし	cuộc sống, nếp sinh hoạt	Mộ
n3_basic_drafts	batch_0211_0220	R_0213	落ち着く	おちつく	yên tĩnh, lắng dịu	Lạc Trứ
n3_basic_drafts	batch_0211_0220	R_0213	手元	てもと	bên cạnh, trong tầm tay	Thủ Nguyên
n3_basic_drafts	batch_0211_0220	R_0213	食器	しょっき	đồ dùng ăn uống, bát đĩa	Thực Khí
n3_basic_drafts	batch_0211_0220	R_0213	支度	したく	sự chuẩn bị	Chi Độ
n3_basic_drafts	batch_0211_0220	R_0213	我慢	がまん	sự chịu đựng, nhẫn nhịn	Ngã Mạn
n3_basic_drafts	batch_0211_0220	R_0213	空間	くうかん	không gian	Không Gian
n3_basic_drafts	batch_0211_0220	R_0213	心地よい	ここちよい	dễ chịu, thoải mái	Tâm Địa
n3_basic_drafts	batch_0211_0220	R_0213	見直す	みなおす	xem lại, đánh giá lại	Kiến Trực
n3_basic_drafts	batch_0211_0220	R_0213	きっかけ	きっかけ	cơ hội, duyên cớ	
n3_basic_drafts	batch_0211_0220	R_0214	通学	つうがく	việc đi học, đi đến trường	Thông Học
n3_basic_drafts	batch_0211_0220	R_0214	専用	せんよう	chuyên dụng, dành riêng	Chuyên Dụng
n3_basic_drafts	batch_0211_0220	R_0214	信号	しんごう	đèn tín hiệu	Tín Hào
n3_basic_drafts	batch_0211_0220	R_0214	解消	かいしょう	sự giải quyết, khắc phục	Giải Tiêu
n3_basic_drafts	batch_0211_0220	R_0214	運動不足	うんどうぶそく	thiếu vận động	Vận Động Bất Túc
n3_basic_drafts	batch_0211_0220	R_0214	交通手段	こうつうしゅだん	phương tiện giao thông	Giao Thông Thủ Đoạn
n3_basic_drafts	batch_0211_0220	R_0214	環境	かんきょう	môi trường	Hoàn Cảnh
n3_basic_drafts	batch_0211_0220	R_0214	校門	こうもん	cổng trường	Giáo Môn
n3_basic_drafts	batch_0211_0220	R_0214	サドル	サドル	yên xe (đạp)	
n3_basic_drafts	batch_0211_0220	R_0214	パンク	パンク	sự thủng (lốp)	
n3_basic_drafts	batch_0211_0220	R_0214	努力義務	どりょくぎむ	nghĩa vụ nỗ lực (quy định khuyến khích, không cưỡng chế)	Nỗ Lực Nghĩa Vụ
n3_basic_drafts	batch_0211_0220	R_0214	ヘルメット	ヘルメット	mũ bảo hiểm	
n3_basic_drafts	batch_0211_0220	R_0215	紅葉狩り	もみじがり	ngắm lá đỏ mùa thu	Hồng Diệp Thú
n3_basic_drafts	batch_0211_0220	R_0215	染まる	そまる	nhuộm màu, chuyển màu	Nhiễm
n3_basic_drafts	batch_0211_0220	R_0215	色づき	いろづき	sự chuyển màu (của lá)	Sắc
n3_basic_drafts	batch_0211_0220	R_0215	境内	けいだい	khuôn viên đền/chùa	Cảnh Nội
n3_basic_drafts	batch_0211_0220	R_0215	標高	ひょうこう	độ cao so với mực nước biển	Tiêu Cao
n3_basic_drafts	batch_0211_0220	R_0215	現れる	あらわれる	xuất hiện	Hiện
n3_basic_drafts	batch_0211_0220	R_0215	積もる	つもる	chất chồng, tích lại	Tích
n3_basic_drafts	batch_0211_0220	R_0215	じゅうたん	じゅうたん	tấm thảm	
n3_basic_drafts	batch_0211_0220	R_0215	飽きる	あきる	chán	Bão
n3_basic_drafts	batch_0211_0220	R_0215	澄む	すむ	trong lành, trong vắt	Trừng
n3_basic_drafts	batch_0211_0220	R_0215	流れ	ながれ	dòng chảy	Lưu
n3_basic_drafts	batch_0211_0220	R_0216	社内	しゃない	trong công ty, nội bộ	Xã Nội
n3_basic_drafts	batch_0211_0220	R_0216	雰囲気	ふんいき	bầu không khí	Phân Vi Khí
n3_basic_drafts	batch_0211_0220	R_0216	営業部	えいぎょうぶ	phòng kinh doanh	Doanh Nghiệp Bộ
n3_basic_drafts	batch_0211_0220	R_0216	開発部	かいはつぶ	phòng phát triển	Khai Phát Bộ
n3_basic_drafts	batch_0211_0220	R_0216	議論	ぎろん	thảo luận, tranh luận	Nghị Luận
n3_basic_drafts	batch_0211_0220	R_0216	発言	はつげん	phát biểu	Phát Ngôn
n3_basic_drafts	batch_0211_0220	R_0216	耳を傾ける	みみをかたむける	lắng nghe	Nhĩ Khuynh
n3_basic_drafts	batch_0211_0220	R_0216	改善	かいぜん	cải thiện	Cải Thiện
n3_basic_drafts	batch_0211_0220	R_0216	資料	しりょう	tài liệu	Tư Liêu
n3_basic_drafts	batch_0211_0220	R_0216	受け止める	うけとめる	tiếp nhận, đón nhận	Thụ Chỉ
n3_basic_drafts	batch_0211_0220	R_0216	積極的	せっきょくてき	tích cực, chủ động	Tích Cực Đích
n3_basic_drafts	batch_0211_0220	R_0217	区役所	くやくしょ	ủy ban phường, văn phòng quận	Khu Dịch Sở
n3_basic_drafts	batch_0211_0220	R_0217	制度	せいど	chế độ	Chế Độ
n3_basic_drafts	batch_0211_0220	R_0217	窓口	まどぐち	quầy tiếp dân	Song Khẩu
n3_basic_drafts	batch_0211_0220	R_0217	予約	よやく	đặt trước, đặt chỗ	Dư Ước
n3_basic_drafts	batch_0211_0220	R_0217	判断	はんだん	phán đoán, đánh giá	Phán Đoạn
n3_basic_drafts	batch_0211_0220	R_0217	本人確認	ほんにんかくにん	xác nhận cá nhân	Bản Nhân Xác Nhận
n3_basic_drafts	batch_0211_0220	R_0217	強化	きょうか	tăng cường, củng cố	Cường Hóa
n3_basic_drafts	batch_0211_0220	R_0217	対応	たいおう	đối ứng, tiếp đón, xử lý	Đối Ứng
n3_basic_drafts	batch_0211_0220	R_0217	記入もれ	きにゅうもれ	thiếu sót khi điền	Kí Nhập
n3_basic_drafts	batch_0211_0220	R_0217	番号札	ばんごうふだ	thẻ/phiếu số thứ tự	Phiên Hào Trát
n3_basic_drafts	batch_0211_0220	R_0217	業務	ぎょうむ	nghiệp vụ, công việc	Nghiệp Vụ
n3_basic_drafts	batch_0211_0220	R_0218	地域	ちいき	khu vực, địa phương	Địa Vực
n3_basic_drafts	batch_0211_0220	R_0218	ボランティア	ぼらんてぃあ	tình nguyện viên	
n3_basic_drafts	batch_0211_0220	R_0218	活動	かつどう	hoạt động	Hoạt Động
n3_basic_drafts	batch_0211_0220	R_0218	壁	かべ	bức tường, rào cản	Bích
n3_basic_drafts	batch_0211_0220	R_0218	心がける	こころがける	chú tâm, để ý làm	Tâm
n3_basic_drafts	batch_0211_0220	R_0218	支え	ささえ	chỗ dựa, sự nâng đỡ	Chi
n3_basic_drafts	batch_0211_0220	R_0218	相談にのる	そうだんにのる	lắng nghe lời khuyên	Tương Đàm
n3_basic_drafts	batch_0211_0220	R_0218	悩み	なやみ	nỗi lo, phiền muộn	Não
n3_basic_drafts	batch_0211_0220	R_0218	発見	はっけん	phát hiện, khám phá	Phát Kiến
n3_basic_drafts	batch_0211_0220	R_0218	当たり前	あたりまえ	đương nhiên, hiển nhiên	Đương Tiền
n3_basic_drafts	batch_0211_0220	R_0218	魅力	みりょく	sức hấp dẫn, sức cuốn hút	Mị Lực
n3_basic_drafts	batch_0211_0220	R_0218	つながり	つながり	sự kết nối, mối liên hệ	
n3_basic_drafts	batch_0211_0220	R_0219	奥歯	おくば	răng hàm	Áo Xỉ
n3_basic_drafts	batch_0211_0220	R_0219	我慢	がまん	chịu đựng, nhẫn nhịn	Ngã Mạn
n3_basic_drafts	batch_0211_0220	R_0219	痛み止め	いたみどめ	thuốc giảm đau	Thống Chỉ
n3_basic_drafts	batch_0211_0220	R_0219	根本的	こんぽんてき	tận gốc, cơ bản	Căn Bản Đích
n3_basic_drafts	batch_0211_0220	R_0219	歯科	しか	khoa nha sĩ	Xỉ Khoa
n3_basic_drafts	batch_0211_0220	R_0219	診察室	しんさつしつ	phòng khám	Chẩn Sát Thất
n3_basic_drafts	batch_0211_0220	R_0219	虫歯	むしば	sâu răng	Trùng Xỉ
n3_basic_drafts	batch_0211_0220	R_0219	覚悟	かくご	quyết tâm, sẵn sàng tâm lý	Giác Ngộ
n3_basic_drafts	batch_0211_0220	R_0219	麻酔	ますい	thuốc tê, gây tê	Ma Túy
n3_basic_drafts	batch_0211_0220	R_0219	和らぐ	やわらぐ	dịu đi, giảm bớt	Hòa
n3_basic_drafts	batch_0211_0220	R_0219	定期的	ていきてき	định kỳ	Định Kì Đích
n3_basic_drafts	batch_0211_0220	R_0220	土産	みやげ	quà lưu niệm	Thổ Sản
n3_basic_drafts	batch_0211_0220	R_0220	観光地	かんこうち	địa điểm du lịch	Quan Quang Địa
n3_basic_drafts	batch_0211_0220	R_0220	八つ橋	やつはし	yatsuhashi (bánh đặc sản Kyoto)	Bát Kiều
n3_basic_drafts	batch_0211_0220	R_0220	抹茶	まっちゃ	matcha, trà xanh bột	Mạt Trà
n3_basic_drafts	batch_0211_0220	R_0220	定番	ていばん	đồ kinh điển, lựa chọn quen thuộc	Định Phiên
n3_basic_drafts	batch_0211_0220	R_0220	個包装	こほうそう	đóng gói riêng từng chiếc	Cá Bao Trang
n3_basic_drafts	batch_0211_0220	R_0220	出張	しゅっちょう	đi công tác	Xuất Trương
n3_basic_drafts	batch_0211_0220	R_0220	手作り	てづくり	làm bằng tay, tự làm	Thủ Tác
n3_basic_drafts	batch_0211_0220	R_0220	失礼	しつれい	thất lễ, bất lịch sự	Thất Lễ
n3_basic_drafts	batch_0211_0220	R_0220	手段	しゅだん	phương tiện, cách thức	Thủ Đoạn
n3_basic_drafts	batch_0211_0220	R_0220	現地	げんち	tại chỗ, địa phương đó	Hiện Địa
n3_basic_drafts	batch_0221_0230	R_0221	削る	けずる	bào, gọt	Tước
n3_basic_drafts	batch_0221_0230	R_0221	老舗	しにせ	quán lâu đời, cửa hàng truyền thống	Lão Phố
n3_basic_drafts	batch_0221_0230	R_0221	ふわふわ	ふわふわ	bông xốp, mềm mại	
n3_basic_drafts	batch_0221_0230	R_0221	溶ける	とける	tan, chảy	Dong
n3_basic_drafts	batch_0221_0230	R_0221	営業	えいぎょう	kinh doanh, mở cửa	Doanh Nghiệp
n3_basic_drafts	batch_0221_0230	R_0221	店主	てんしゅ	chủ quán	Điếm Chủ
n3_basic_drafts	batch_0221_0230	R_0221	質	しつ	chất lượng	Chất
n3_basic_drafts	batch_0221_0230	R_0221	定番	ていばん	đồ kinh điển, lựa chọn quen thuộc	Định Phiên
n3_basic_drafts	batch_0221_0230	R_0221	見た目	みため	vẻ ngoài, hình thức	Kiến Mục
n3_basic_drafts	batch_0221_0230	R_0221	魅力	みりょく	sức hút, sức hấp dẫn	Mị Lực
n3_basic_drafts	batch_0221_0230	R_0221	思い出	おもいで	kỷ niệm	Tư Xuất
n3_basic_drafts	batch_0221_0230	R_0222	昼寝	ひるね	ngủ trưa	Trú Tẩm
n3_basic_drafts	batch_0221_0230	R_0222	眠気	ねむけ	cơn buồn ngủ	Miên Khí
n3_basic_drafts	batch_0221_0230	R_0222	集中	しゅうちゅう	tập trung	Tập Trung
n3_basic_drafts	batch_0221_0230	R_0222	睡眠	すいみん	giấc ngủ	Thụy Miên
n3_basic_drafts	batch_0221_0230	R_0222	効率	こうりつ	hiệu suất	Hiệu Suất
n3_basic_drafts	batch_0221_0230	R_0222	仮眠	かみん	ngủ ngắn, ngủ tạm	Giả Miên
n3_basic_drafts	batch_0221_0230	R_0222	怠ける	なまける	lười biếng	Đãi
n3_basic_drafts	batch_0221_0230	R_0222	だるい	だるい	uể oải, mệt mỏi	
n3_basic_drafts	batch_0221_0230	R_0222	深く	ふかく	sâu, sâu sắc	Thâm
n3_basic_drafts	batch_0221_0230	R_0222	無理なく	むりなく	không gắng sức, hợp lý	Vô Lí
n3_basic_drafts	batch_0221_0230	R_0222	パワーナップ	パワーナップ	power nap, giấc ngủ ngắn phục hồi	
n3_basic_drafts	batch_0221_0230	R_0222	コーヒーナップ	コーヒーナップ	coffee nap, uống cà phê rồi ngủ ngắn	
n3_basic_drafts	batch_0221_0230	R_0223	敬意	けいい	sự tôn trọng, lòng kính trọng	Kính Ý
n3_basic_drafts	batch_0221_0230	R_0223	伝達	でんたつ	sự truyền đạt	Truyền Đạt
n3_basic_drafts	batch_0221_0230	R_0223	角度	かくど	góc độ	Giác Độ
n3_basic_drafts	batch_0221_0230	R_0223	敬礼	けいれい	kính lễ, chào kính	Kính Lễ
n3_basic_drafts	batch_0221_0230	R_0223	最敬礼	さいけいれい	tối kính lễ, cúi rạp	Tối Kính Lễ
n3_basic_drafts	batch_0221_0230	R_0223	謝罪	しゃざい	xin lỗi, tạ tội	Tạ Tội
n3_basic_drafts	batch_0221_0230	R_0223	物差し	ものさし	thước đo	Vật Soa
n3_basic_drafts	batch_0221_0230	R_0223	傾向	けいこう	khuynh hướng, xu hướng	Khuynh Hướng
n3_basic_drafts	batch_0221_0230	R_0223	冠婚葬祭	かんこんそうさい	nghi lễ cưới hỏi tang ma	Quan Hôn Táng Tế
n3_basic_drafts	batch_0221_0230	R_0223	戸惑う	とまどう	lúng túng, bối rối	Hộ Hoặc
n3_basic_drafts	batch_0221_0230	R_0223	思いやる	おもいやる	nghĩ đến, quan tâm đến	Tư
n3_basic_drafts	batch_0221_0230	R_0224	親友	しんゆう	bạn thân	Thân Hữu
n3_basic_drafts	batch_0221_0230	R_0224	盛り上がる	もりあがる	phấn khởi, sôi nổi	Thịnh Thượng
n3_basic_drafts	batch_0221_0230	R_0224	手作り	てづくり	tự làm bằng tay	Thủ Tác
n3_basic_drafts	batch_0221_0230	R_0224	愛情	あいじょう	tình yêu, tình cảm	Ái Tình
n3_basic_drafts	batch_0221_0230	R_0224	緊張	きんちょう	căng thẳng, hồi hộp	Khẩn Trương
n3_basic_drafts	batch_0221_0230	R_0224	叫ぶ	さけぶ	hô, hét	Khiếu
n3_basic_drafts	batch_0221_0230	R_0224	笑顔	えがお	khuôn mặt cười, nụ cười	Tiếu Nhan
n3_basic_drafts	batch_0221_0230	R_0224	涙	なみだ	nước mắt	Lệ
n3_basic_drafts	batch_0221_0230	R_0224	感謝	かんしゃ	biết ơn, cảm tạ	Cảm Tạ
n3_basic_drafts	batch_0221_0230	R_0224	祝う	いわう	chúc mừng, ăn mừng	Chúc
n3_basic_drafts	batch_0221_0230	R_0224	願う	ねがう	mong, ước	Nguyện
n3_basic_drafts	batch_0221_0230	R_0225	初雪	はつゆき	tuyết đầu mùa	Sơ Tuyết
n3_basic_drafts	batch_0221_0230	R_0225	景色	けしき	khung cảnh, phong cảnh	Cảnh Sắc
n3_basic_drafts	batch_0221_0230	R_0225	真っ白	まっしろ	trắng xóa, trắng tinh	Chân Bạch
n3_basic_drafts	batch_0221_0230	R_0225	砂糖	さとう	đường (gia vị)	Sa Đường
n3_basic_drafts	batch_0221_0230	R_0225	綿	わた	bông	Miên
n3_basic_drafts	batch_0221_0230	R_0225	滑る	すべる	trơn, trượt	Hoạt
n3_basic_drafts	batch_0221_0230	R_0225	吸い込む	すいこむ	hút vào	Hấp Nhập
n3_basic_drafts	batch_0221_0230	R_0225	溶ける	とける	tan, chảy	Dong
n3_basic_drafts	batch_0221_0230	R_0225	結晶	けっしょう	tinh thể	Kết Tinh
n3_basic_drafts	batch_0221_0230	R_0225	肉眼	にくがん	mắt thường	Nhục Nhãn
n3_basic_drafts	batch_0221_0230	R_0225	尻尾	しっぽ	cái đuôi	Khào Vĩ
n3_basic_drafts	batch_0221_0230	R_0226	やり取り	やりとり	trao đổi, đối đáp	Thủ
n3_basic_drafts	batch_0221_0230	R_0226	誤解	ごかい	hiểu nhầm	Ngộ Giải
n3_basic_drafts	batch_0221_0230	R_0226	深夜	しんや	đêm khuya	Thâm Dạ
n3_basic_drafts	batch_0221_0230	R_0226	機嫌	きげん	tâm trạng, tâm tính	Ki Hiềm
n3_basic_drafts	batch_0221_0230	R_0226	失礼	しつれい	thất lễ, bất lịch sự	Thất Lễ
n3_basic_drafts	batch_0221_0230	R_0226	先輩	せんぱい	tiền bối, đàn anh đàn chị	Tiên Bối
n3_basic_drafts	batch_0221_0230	R_0226	反省	はんせい	tự xem xét, rút kinh nghiệm	Phản Tỉnh
n3_basic_drafts	batch_0221_0230	R_0226	無視	むし	phớt lờ	Vô Thị
n3_basic_drafts	batch_0221_0230	R_0226	最低限	さいていげん	tối thiểu	Tối Đê Hạn
n3_basic_drafts	batch_0221_0230	R_0226	丁寧	ていねい	lịch sự, cẩn thận	Đinh Ninh
n3_basic_drafts	batch_0221_0230	R_0226	改めて	あらためて	một lần nữa, lại	Cải
n3_basic_drafts	batch_0221_0230	R_0226	既読スルー	きどくスルー	đọc tin nhắn mà không trả lời	Kí Độc
n3_basic_drafts	batch_0221_0230	R_0227	期末試験	きまつしけん	thi cuối kỳ, thi học kỳ	Kì Mạt Thí Nghiệm
n3_basic_drafts	batch_0221_0230	R_0227	集中	しゅうちゅう	tập trung	Tập Trung
n3_basic_drafts	batch_0221_0230	R_0227	応用	おうよう	ứng dụng, nâng cao	Ứng Dụng
n3_basic_drafts	batch_0221_0230	R_0227	焦る	あせる	cuống, sốt ruột	Tiêu
n3_basic_drafts	batch_0221_0230	R_0227	復習	ふくしゅう	ôn tập	Phục Tập
n3_basic_drafts	batch_0221_0230	R_0227	削る	けずる	cắt giảm, gọt	Tước
n3_basic_drafts	batch_0221_0230	R_0227	睡眠	すいみん	giấc ngủ	Thụy Miên
n3_basic_drafts	batch_0221_0230	R_0227	定着	ていちゃく	ổn định, gắn chặt	Định Trứ
n3_basic_drafts	batch_0221_0230	R_0227	計画表	けいかくひょう	bảng kế hoạch	Kế Họa Biểu
n3_basic_drafts	batch_0221_0230	R_0227	諦める	あきらめる	bỏ cuộc, từ bỏ	Đế
n3_basic_drafts	batch_0221_0230	R_0227	財産	ざいさん	tài sản	Tài Sản
n3_basic_drafts	batch_0221_0230	R_0228	行事	ぎょうじ	lễ, sự kiện	Hành Sự
n3_basic_drafts	batch_0221_0230	R_0228	先祖	せんぞ	tổ tiên	Tiên Tổ
n3_basic_drafts	batch_0221_0230	R_0228	魂	たましい	linh hồn	Hồn
n3_basic_drafts	batch_0221_0230	R_0228	仏壇	ぶつだん	bàn thờ Phật	Phật Đàn
n3_basic_drafts	batch_0221_0230	R_0228	迎え火	むかえび	lửa đón (hồn tổ tiên)	Nghênh Hỏa
n3_basic_drafts	batch_0221_0230	R_0228	送り火	おくりび	lửa tiễn (hồn tổ tiên)	Tống Hỏa
n3_basic_drafts	batch_0221_0230	R_0228	太鼓	たいこ	trống	Thái Cổ
n3_basic_drafts	batch_0221_0230	R_0228	盆踊り	ぼんおどり	điệu nhảy lễ Obon	Bồn Dũng
n3_basic_drafts	batch_0221_0230	R_0228	浴衣	ゆかた	yukata, kimono mùa hè	Dục Y
n3_basic_drafts	batch_0221_0230	R_0228	帰省	きせい	về quê	Quy Tỉnh
n3_basic_drafts	batch_0221_0230	R_0228	精霊馬	しょうりょううま	shorouma, linh ngựa làm từ dưa leo (cà tím) dịp Obon	Tinh Linh Mã
n3_basic_drafts	batch_0221_0230	R_0229	絵本	えほん	sách tranh	Hội Bản
n3_basic_drafts	batch_0221_0230	R_0229	読み聞かせ	よみきかせ	việc đọc sách cho nghe	Độc Văn
n3_basic_drafts	batch_0221_0230	R_0229	想像力	そうぞうりょく	trí tưởng tượng	Tưởng Tượng Lực
n3_basic_drafts	batch_0221_0230	R_0229	成長	せいちょう	trưởng thành, lớn lên	Thành Trường
n3_basic_drafts	batch_0221_0230	R_0229	場面	ばめん	cảnh, tình huống	Tràng Diện
n3_basic_drafts	batch_0221_0230	R_0229	心がける	こころがける	lưu ý, để tâm	Tâm
n3_basic_drafts	batch_0221_0230	R_0229	語彙	ごい	vốn từ vựng	Ngữ Vị
n3_basic_drafts	batch_0221_0230	R_0229	確保する	かくほする	đảm bảo, giữ chắc	Xác Bảo
n3_basic_drafts	batch_0221_0230	R_0229	登場人物	とうじょうじんぶつ	nhân vật xuất hiện	Đăng Tràng Nhân Vật
n3_basic_drafts	batch_0221_0230	R_0229	穏やか	おだやか	êm dịu, hiền hòa	Ổn
n3_basic_drafts	batch_0221_0230	R_0229	種	たね	hạt giống	Chủng
n3_basic_drafts	batch_0221_0230	R_0230	誘う	さそう	rủ, mời	Dụ
n3_basic_drafts	batch_0221_0230	R_0230	現地	げんち	nơi tổ chức, hiện trường	Hiện Địa
n3_basic_drafts	batch_0221_0230	R_0230	テント	テント	lều	
n3_basic_drafts	batch_0221_0230	R_0230	ポール	ポール	cọc, thanh chống	
n3_basic_drafts	batch_0221_0230	R_0230	火をおこす	ひをおこす	nhóm lửa	Hỏa
n3_basic_drafts	batch_0221_0230	R_0230	炭	すみ	than củi	Thán
n3_basic_drafts	batch_0221_0230	R_0230	アウトドア	アウトドア	ngoài trời	
n3_basic_drafts	batch_0221_0230	R_0230	光景	こうけい	quang cảnh	Quang Cảnh
n3_basic_drafts	batch_0221_0230	R_0230	焚き火	たきび	đống lửa, đốt lửa	Phuẫn Hỏa
n3_basic_drafts	batch_0221_0230	R_0230	さわやか	さわやか	trong lành, sảng khoái	
n3_basic_drafts	batch_0231_0240	R_0231	同僚	どうりょう	đồng nghiệp	Đồng Liêu
n3_basic_drafts	batch_0231_0240	R_0231	提灯	ちょうちん	đèn lồng	Đề Đăng
n3_basic_drafts	batch_0231_0240	R_0231	雰囲気	ふんいき	bầu không khí	Phân Vi Khí
n3_basic_drafts	batch_0231_0240	R_0231	焼き鳥	やきとり	thịt gà nướng xiên	Thiêu Điểu
n3_basic_drafts	batch_0231_0240	R_0231	枝豆	えだまめ	đậu nành luộc	Chi Đậu
n3_basic_drafts	batch_0231_0240	R_0231	定番	ていばん	món tủ, phổ biến	Định Phiên
n3_basic_drafts	batch_0231_0240	R_0231	時間帯	じかんたい	khung giờ	Thì Gian Đới
n3_basic_drafts	batch_0231_0240	R_0231	割引	わりびき	giảm giá	Cát Dẫn
n3_basic_drafts	batch_0231_0240	R_0231	乾杯	かんぱい	cụng ly, dô	Kiền Bôi
n3_basic_drafts	batch_0231_0240	R_0231	年配	ねんぱい	người lớn tuổi	Niên Phối
n3_basic_drafts	batch_0231_0240	R_0231	店長	てんちょう	chủ quán, quản lý	Điếm Trường
n3_basic_drafts	batch_0231_0240	R_0231	ノンアル	ノンアル	không cồn (viết tắt của ノンアルコール)	
n3_basic_drafts	batch_0231_0240	R_0231	お通し	おとおし	món khai vị nhỏ phục vụ tự động khi vào izakaya	Thông
n3_basic_drafts	batch_0231_0240	R_0232	家賃	やちん	tiền thuê nhà	Gia Nhẫm
n3_basic_drafts	batch_0231_0240	R_0232	物件	ぶっけん	bất động sản, căn nhà	Vật Kiện
n3_basic_drafts	batch_0231_0240	R_0232	日当たり	ひあたり	độ chiếu nắng	Nhật Đương
n3_basic_drafts	batch_0231_0240	R_0232	予算	よさん	ngân sách, dự toán	Dư Toán
n3_basic_drafts	batch_0231_0240	R_0232	台所	だいどころ	nhà bếp	Thai Sở
n3_basic_drafts	batch_0231_0240	R_0232	不動産屋	ふどうさんや	công ty môi giới bất động sản	Bất Động Sản Ốc
n3_basic_drafts	batch_0231_0240	R_0232	住宅街	じゅうたくがい	khu dân cư	Trụ Trạch Nhai
n3_basic_drafts	batch_0231_0240	R_0232	見学	けんがく	đi xem, tham quan	Kiến Học
n3_basic_drafts	batch_0231_0240	R_0232	設備	せつび	trang thiết bị	Thiết Bị
n3_basic_drafts	batch_0231_0240	R_0232	共用	きょうよう	dùng chung	Cộng Dụng
n3_basic_drafts	batch_0231_0240	R_0232	初心者	しょしんしゃ	người mới bắt đầu	Sơ Tâm Giả
n3_basic_drafts	batch_0231_0240	R_0232	初期費用	しょきひよう	chi phí ban đầu khi thuê nhà (đặt cọc, tiền lễ...)	Sơ Kì Phí Dụng
n3_basic_drafts	batch_0231_0240	R_0232	保証会社	ほしょうがいしゃ	công ty bảo lãnh thuê nhà	Bảo Chứng Hội Xã
n3_basic_drafts	batch_0231_0240	R_0233	入学式	にゅうがくしき	lễ khai giảng (nhập học)	Nhập Học Thức
n3_basic_drafts	batch_0231_0240	R_0233	鮮明	せんめい	rõ ràng, sống động	Tiên Minh
n3_basic_drafts	batch_0231_0240	R_0233	制服	せいふく	đồng phục	Chế Phục
n3_basic_drafts	batch_0231_0240	R_0233	立派	りっぱ	đường hoàng, tuyệt vời	Lập Phái
n3_basic_drafts	batch_0231_0240	R_0233	満開	まんかい	nở rộ	Mãn Khai
n3_basic_drafts	batch_0231_0240	R_0233	校長	こうちょう	hiệu trưởng	Giáo Trường
n3_basic_drafts	batch_0231_0240	R_0233	上級生	じょうきゅうせい	học sinh lớp trên	Thượng Cấp Sanh
n3_basic_drafts	batch_0231_0240	R_0233	新入生	しんにゅうせい	học sinh mới	Tân Nhập Sanh
n3_basic_drafts	batch_0231_0240	R_0233	歓迎	かんげい	chào đón	Hoan Nghênh
n3_basic_drafts	batch_0231_0240	R_0233	保護者	ほごしゃ	phụ huynh, người giám hộ	Bảo Hộ Giả
n3_basic_drafts	batch_0231_0240	R_0233	見守る	みまもる	dõi theo, trông nom	Kiến Thủ
n3_basic_drafts	batch_0231_0240	R_0234	出かける	でかける	đi ra ngoài, đi tới	Xuất
n3_basic_drafts	batch_0231_0240	R_0234	広がる	ひろがる	trải rộng, lan ra	Quảng
n3_basic_drafts	batch_0231_0240	R_0234	日に焼ける	ひにやける	bị cháy nắng, sạm da	Nhật Thiêu
n3_basic_drafts	batch_0231_0240	R_0234	落ち着く	おちつく	bình tĩnh, dịu lại	Lạc Trứ
n3_basic_drafts	batch_0231_0240	R_0234	砂浜	すなはま	bãi cát	Sa Banh
n3_basic_drafts	batch_0231_0240	R_0234	景色	けしき	phong cảnh	Cảnh Sắc
n3_basic_drafts	batch_0231_0240	R_0234	かき氷	かきごおり	đá bào	Băng
n3_basic_drafts	batch_0231_0240	R_0234	地元	じもと	địa phương, vùng quê	Địa Nguyên
n3_basic_drafts	batch_0231_0240	R_0234	海の家	うみのいえ	quán bãi biển	Hải Gia
n3_basic_drafts	batch_0231_0240	R_0234	沈む	しずむ	lặn, chìm	Trầm
n3_basic_drafts	batch_0231_0240	R_0234	思い出	おもいで	kỷ niệm	Tư Xuất
n3_basic_drafts	batch_0231_0240	R_0235	水分	すいぶん	lượng nước, độ ẩm	Thủy Phân
n3_basic_drafts	batch_0231_0240	R_0235	脱水症状	だっすいしょうじょう	triệu chứng mất nước	Thoát Thủy Chứng Trạng
n3_basic_drafts	batch_0231_0240	R_0235	高齢者	こうれいしゃ	người cao tuổi	Cao Linh Giả
n3_basic_drafts	batch_0231_0240	R_0235	渇き	かわき	cảm giác khát, sự khô	Khát
n3_basic_drafts	batch_0231_0240	R_0235	こまめに	こまめに	thường xuyên, chu đáo	
n3_basic_drafts	batch_0231_0240	R_0235	乾燥	かんそう	khô, hanh	Kiền Táo
n3_basic_drafts	batch_0231_0240	R_0235	頭痛	ずつう	đau đầu	Đầu Thống
n3_basic_drafts	batch_0231_0240	R_0235	専門家	せんもんか	chuyên gia	Chuyên Môn Gia
n3_basic_drafts	batch_0231_0240	R_0235	後回し	あとまわし	để lại sau, hoãn	Hậu Hồi
n3_basic_drafts	batch_0231_0240	R_0235	呼びかける	よびかける	kêu gọi, hô hào	Hô
n3_basic_drafts	batch_0231_0240	R_0235	熱中症警戒アラート	ねっちゅうしょうけいかいアラート	cảnh báo nguy cơ say nắng (của Bộ Môi trường Nhật)	Nhiệt Trung Chứng Cảnh Giới
n3_basic_drafts	batch_0231_0240	R_0235	経口補水液	けいこうほすいえき	dung dịch bù nước đường miệng (OS-1)	Kinh Khẩu Bổ Thủy Dịch
n3_basic_drafts	batch_0231_0240	R_0235	集中力	しゅうちゅうりょく	khả năng tập trung	Tập Trung Lực
n3_basic_drafts	batch_0231_0240	R_0235	効率	こうりつ	hiệu quả, năng suất	Hiệu Suất
n3_basic_drafts	batch_0231_0240	R_0236	卒業	そつぎょう	tốt nghiệp	Tốt Nghiệp
n3_basic_drafts	batch_0231_0240	R_0236	親友	しんゆう	bạn thân	Thân Hữu
n3_basic_drafts	batch_0231_0240	R_0236	再会	さいかい	gặp lại	Tái Hội
n3_basic_drafts	batch_0231_0240	R_0236	返事	へんじ	trả lời, hồi đáp	Phản Sự
n3_basic_drafts	batch_0231_0240	R_0236	待ち合わせ	まちあわせ	hẹn gặp	Đãi Hợp
n3_basic_drafts	batch_0231_0240	R_0236	建築	けんちく	kiến trúc	Kiến Trúc
n3_basic_drafts	batch_0231_0240	R_0236	設計	せっけい	thiết kế	Thiết Kế
n3_basic_drafts	batch_0231_0240	R_0236	結婚	けっこん	kết hôn	Kết Hôn
n3_basic_drafts	batch_0231_0240	R_0236	連絡	れんらく	liên lạc	Liên Lạc
n3_basic_drafts	batch_0231_0240	R_0236	文化祭	ぶんかさい	lễ hội văn hoá trường	Văn Hóa Tế
n3_basic_drafts	batch_0231_0240	R_0236	焼きそば	やきそば	mì xào kiểu Nhật	Thiêu
n3_basic_drafts	batch_0231_0240	R_0236	約束	やくそく	lời hứa	Ước Thúc
n3_basic_drafts	batch_0231_0240	R_0237	近所	きんじょ	gần nhà, hàng xóm	Cận Sở
n3_basic_drafts	batch_0231_0240	R_0237	値引き	ねびき	giảm giá	Trị Dẫn
n3_basic_drafts	batch_0231_0240	R_0237	貼る	はる	dán	Thiếp
n3_basic_drafts	batch_0231_0240	R_0237	惣菜	そうざい	đồ ăn sẵn, món phụ	Tổng Thái
n3_basic_drafts	batch_0231_0240	R_0237	唐揚げ	からあげ	gà chiên kiểu Nhật	Đường Dương
n3_basic_drafts	batch_0231_0240	R_0237	弁当	べんとう	cơm hộp	Biện Đương
n3_basic_drafts	batch_0231_0240	R_0237	有料	ゆうりょう	có tính phí	Hữu Liêu
n3_basic_drafts	batch_0231_0240	R_0237	会計	かいけい	thanh toán	Hội Kế
n3_basic_drafts	batch_0231_0240	R_0237	雷	かみなり	sấm sét	Lôi
n3_basic_drafts	batch_0231_0240	R_0237	肉まん	にくまん	bánh bao thịt	Nhục
n3_basic_drafts	batch_0231_0240	R_0238	茶道	さどう	trà đạo	Trà Đạo
n3_basic_drafts	batch_0231_0240	R_0238	教え	おしえ	lời dạy, giáo huấn	Giáo
n3_basic_drafts	batch_0231_0240	R_0238	落ち着ける	おちつける	làm cho điềm tĩnh	Lạc Trứ
n3_basic_drafts	batch_0231_0240	R_0238	お辞儀	おじぎ	cúi chào	Từ Nghi
n3_basic_drafts	batch_0231_0240	R_0238	作法	さほう	phép tắc, lễ nghi	Tác Pháp
n3_basic_drafts	batch_0231_0240	R_0238	順序	じゅんじょ	thứ tự, trình tự	Thuận Tự
n3_basic_drafts	batch_0231_0240	R_0238	和菓子	わがし	bánh truyền thống Nhật	Hòa Quả Tử
n3_basic_drafts	batch_0231_0240	R_0238	苦味	にがみ	vị đắng	Khổ Vị
n3_basic_drafts	batch_0231_0240	R_0238	畳	たたみ	chiếu tatami	Điệp
n3_basic_drafts	batch_0231_0240	R_0238	礼儀	れいぎ	lễ nghi, lễ phép	Lễ Nghi
n3_basic_drafts	batch_0231_0240	R_0239	掲示板	けいじばん	bảng thông báo	Yết Kì Bản
n3_basic_drafts	batch_0231_0240	R_0239	地域	ちいき	khu vực, địa phương	Địa Vực
n3_basic_drafts	batch_0231_0240	R_0239	集まり	あつまり	buổi tụ họp, buổi gặp	Tập
n3_basic_drafts	batch_0231_0240	R_0239	笑顔	えがお	nụ cười, gương mặt cười	Tiếu Nhan
n3_basic_drafts	batch_0231_0240	R_0239	活動	かつどう	hoạt động	Hoạt Động
n3_basic_drafts	batch_0231_0240	R_0239	話し合い	はなしあい	buổi thảo luận, họp	Thoại Hợp
n3_basic_drafts	batch_0231_0240	R_0239	世代	せだい	thế hệ	Thế Đại
n3_basic_drafts	batch_0231_0240	R_0239	定年退職	ていねんたいしょく	về hưu (đến tuổi)	Định Niên Thối Chức
n3_basic_drafts	batch_0231_0240	R_0239	実感	じっかん	cảm nhận thực tế	Thực Cảm
n3_basic_drafts	batch_0231_0240	R_0239	愛着	あいちゃく	sự gắn bó, yêu mến	Ái Trứ
n3_basic_drafts	batch_0231_0240	R_0239	集会所	しゅうかいじょ	hội trường, nơi tụ họp	Tập Hội Sở
n3_basic_drafts	batch_0231_0240	R_0240	恩師	おんし	thầy cô từng dạy mình, ân sư	Ân Sư
n3_basic_drafts	batch_0231_0240	R_0240	手書き	てがき	viết tay	Thủ Thư
n3_basic_drafts	batch_0231_0240	R_0240	向き合う	むきあう	đối diện, đối xử trực tiếp	Hướng Hợp
n3_basic_drafts	batch_0231_0240	R_0240	励ます	はげます	động viên, khích lệ	Lệ
n3_basic_drafts	batch_0231_0240	R_0240	第一志望	だいいちしぼう	nguyện vọng một	Đệ Nhất Chí Vọng
n3_basic_drafts	batch_0231_0240	R_0240	取り組む	とりくむ	bắt tay vào, đối mặt giải quyết	Thủ Tổ
n3_basic_drafts	batch_0231_0240	R_0240	合格発表	ごうかくはっぴょう	công bố kết quả thi đỗ	Hợp Cách Phát Biểu
n3_basic_drafts	batch_0231_0240	R_0240	便箋	びんせん	giấy viết thư	Tiện Tiên
n3_basic_drafts	batch_0231_0240	R_0240	決意	けつい	quyết tâm	Quyết Ý
n3_basic_drafts	batch_0231_0240	R_0240	立派	りっぱ	đàng hoàng, đáng nể	Lập Phái
n3_basic_drafts	batch_0231_0240	R_0240	応える	こたえる	đáp lại, đáp ứng	Ứng
n3_advanced_drafts	batch_0241_0250	R_0241	少子高齢化	しょうしこうれいか	tình trạng sinh ít, già hóa dân số	Thiểu Tử Cao Linh Hóa
n3_advanced_drafts	batch_0241_0250	R_0241	社会保障	しゃかいほしょう	an sinh xã hội	Xã Hội Bảo Chướng
n3_advanced_drafts	batch_0241_0250	R_0241	政策立案	せいさくりつあん	hoạch định chính sách	Chánh Sách Lập Án
n3_advanced_drafts	batch_0241_0250	R_0241	生活実態	せいかつじったい	thực trạng cuộc sống	Sanh Hoạt Thực Thái
n3_advanced_drafts	batch_0241_0250	R_0241	拡充	かくじゅう	mở rộng, tăng cường	Khuếch Sung
n3_advanced_drafts	batch_0241_0250	R_0241	無償化	むしょうか	miễn phí hóa, không mất phí	Vô Thường Hóa
n3_advanced_drafts	batch_0241_0250	R_0241	財政	ざいせい	tài chính (nhà nước)	Tài Chánh
n3_advanced_drafts	batch_0241_0250	R_0241	段階的	だんかいてき	theo từng giai đoạn	Đoạn Giai Đích
n3_advanced_drafts	batch_0241_0250	R_0241	実効性	じっこうせい	hiệu quả thực tế, tính thực thi	Thực Hiệu Tính
n3_advanced_drafts	batch_0241_0250	R_0241	持続可能	じぞくかのう	bền vững, có thể duy trì lâu dài	Trì Tục Khả Năng
n3_advanced_drafts	batch_0241_0250	R_0242	山積み	やまづみ	chồng chất, đống như núi	San Tích
n3_advanced_drafts	batch_0241_0250	R_0242	締め切り	しめきり	hạn chót, deadline	Đế Thiết
n3_advanced_drafts	batch_0241_0250	R_0242	愚痴	ぐち	lời ca thán, nỗi lòng bức bối	Ngu Si
n3_advanced_drafts	batch_0241_0250	R_0242	漂う	ただよう	lan tỏa, phảng phất, lơ lửng	Phiếu
n3_advanced_drafts	batch_0241_0250	R_0242	消耗	しょうもう	kiệt sức, hao mòn	Tiêu Háo
n3_advanced_drafts	batch_0241_0250	R_0242	限界	げんかい	giới hạn	Hạn Giới
n3_advanced_drafts	batch_0241_0250	R_0242	焦り	あせり	sự nôn nóng, bứt rứt	Tiêu
n3_advanced_drafts	batch_0241_0250	R_0242	向き合う	むきあう	đối mặt, đối diện (với cảm xúc)	Hướng Hợp
n3_advanced_drafts	batch_0241_0250	R_0242	意識的	いしきてき	có ý thức, chủ động	Ý Thức Đích
n3_advanced_drafts	batch_0241_0250	R_0242	深呼吸	しんこきゅう	thở sâu	Thâm Hô Hấp
n3_advanced_drafts	batch_0241_0250	R_0243	遺産	いさん	di sản	Di Sản
n3_advanced_drafts	batch_0241_0250	R_0243	結晶化	けっしょうか	sự kết tinh, trở thành tinh chất	Kết Tinh Hóa
n3_advanced_drafts	batch_0241_0250	R_0243	担い手	にないて	người kế thừa, người gánh vác	Đam Thủ
n3_advanced_drafts	batch_0241_0250	R_0243	後継者	こうけいしゃ	người kế thừa, người nối nghiệp	Hậu Kế Giả
n3_advanced_drafts	batch_0241_0250	R_0243	形骸化	けいがいか	hình thức hóa, trở thành vỏ rỗng	Hình Hai Hóa
n3_advanced_drafts	batch_0241_0250	R_0243	共生	きょうせい	cộng sinh, cùng tồn tại	Cộng Sanh
n3_advanced_drafts	batch_0241_0250	R_0243	鍛錬	たんれん	rèn luyện, mài giũa	Đoán Luyện
n3_advanced_drafts	batch_0241_0250	R_0243	対抗軸	たいこうじく	trục đối kháng, lực đối trọng	Đối Kháng Trục
n3_advanced_drafts	batch_0241_0250	R_0243	存続	そんぞく	sự tồn tục, tiếp tục tồn tại	Tồn Tục
n3_advanced_drafts	batch_0241_0250	R_0243	問い直す	といなおす	đặt câu hỏi lại, xem xét lại	Vấn Trực
n3_advanced_drafts	batch_0241_0250	R_0244	批判的思考	ひはんてきしこう	tư duy phản biện	Phê Phán Đích Tư Khảo
n3_advanced_drafts	batch_0241_0250	R_0244	体験学習	たいけんがくしゅう	học tập trải nghiệm	Thể Nghiệm Học Tập
n3_advanced_drafts	batch_0241_0250	R_0244	主体的・対話的で深い学び	しゅたいてき・たいわてきでふかいまなび	học tập chủ động, đối thoại và sâu sắc (khái niệm trọng tâm của chương trình học 2020)	Chủ Thể Đích Đối Thoại Đích Thâm Học
n3_advanced_drafts	batch_0241_0250	R_0244	学習指導要領	がくしゅうしどうようりょう	chương trình giảng dạy (quy định của Bộ Giáo dục)	Học Tập Chỉ Đạo Yếu Lĩnh
n3_advanced_drafts	batch_0241_0250	R_0244	意欲	いよく	tinh thần, ý chí, động lực	Ý Dục
n3_advanced_drafts	batch_0241_0250	R_0244	研修制度	けんしゅうせいど	chế độ đào tạo, bồi dưỡng	Nghiên Tu Chế Độ
n3_advanced_drafts	batch_0241_0250	R_0244	課題解決型	かだいかいけつがた	kiểu giải quyết vấn đề	Khóa Đề Giải Quyết Hình
n3_advanced_drafts	batch_0241_0250	R_0244	雰囲気	ふんいき	bầu không khí, không khí	Phân Vi Khí
n3_advanced_drafts	batch_0241_0250	R_0244	連携	れんけい	hợp tác, phối hợp	Liên Huề
n3_advanced_drafts	batch_0241_0250	R_0244	着実に	ちゃくじつに	vững chắc, từng bước chắc chắn	Trứ Thực
n3_advanced_drafts	batch_0241_0250	R_0244	根本	こんぽん	căn bản, gốc rễ	Căn Bản
n3_advanced_drafts	batch_0241_0250	R_0245	再生可能エネルギー	さいせいかのうエネルギー	năng lượng tái tạo	Tái Sanh Khả Năng
n3_advanced_drafts	batch_0241_0250	R_0245	CO2排出量	シーオーツーはいしゅつりょう	lượng phát thải CO2	Bài Xuất Lượng
n3_advanced_drafts	batch_0241_0250	R_0245	化石燃料	かせきねんりょう	nhiên liệu hóa thạch	Hóa Thạch Nhiên Liêu
n3_advanced_drafts	batch_0241_0250	R_0245	温室効果ガス	おんしつこうかガス	khí nhà kính	Ôn Thất Hiệu Quả
n3_advanced_drafts	batch_0241_0250	R_0245	安定供給	あんていきょうきゅう	cung cấp ổn định	An Định Cung Cấp
n3_advanced_drafts	batch_0241_0250	R_0245	景観	けいかん	cảnh quan	Cảnh Quan
n3_advanced_drafts	batch_0241_0250	R_0245	恩恵	おんけい	lợi ích, ân huệ	Ân Huệ
n3_advanced_drafts	batch_0241_0250	R_0245	技術革新	ぎじゅつかくしん	đổi mới công nghệ	Kĩ Thuật Cách Tân
n3_advanced_drafts	batch_0241_0250	R_0245	エネルギー安全保障	エネルギーあんぜんほしょう	an ninh năng lượng	An Toàn Bảo Chướng
n3_advanced_drafts	batch_0241_0250	R_0245	移行	いこう	chuyển đổi, di chuyển sang	Di Hành
n3_advanced_drafts	batch_0241_0250	R_0246	余裕	よゆう	sự thong thả, thoải mái; khoảng thời gian/tinh thần dư dả	Dư Dụ
n3_advanced_drafts	batch_0241_0250	R_0246	栄養バランス	えいようバランス	cân bằng dinh dưỡng	Vinh Dưỡng
n3_advanced_drafts	batch_0241_0250	R_0246	腹八分目	はらはちぶんめ	ăn no bảy tám phần (không ăn quá no)	Phúc Bát Phân Mục
n3_advanced_drafts	batch_0241_0250	R_0246	生活リズム	せいかつリズム	nhịp sinh hoạt	Sanh Hoạt
n3_advanced_drafts	batch_0241_0250	R_0246	気分転換	きぶんてんかん	giải trí, thay đổi không khí	Khí Phân Chuyển Hoán
n3_advanced_drafts	batch_0241_0250	R_0246	くじける	くじける	bỏ cuộc, nản lòng, khuỵu ngã	
n3_advanced_drafts	batch_0241_0250	R_0246	積み重なる	つみかさなる	tích lũy, chồng chất lên	Tích Trọng
n3_advanced_drafts	batch_0241_0250	R_0246	充実感	じゅうじつかん	cảm giác thỏa mãn, cảm giác sung mãn	Sung Thực Cảm
n3_advanced_drafts	batch_0241_0250	R_0246	規則正しい	きそくただしい	đều đặn, có quy tắc	Quy Tắc Chánh
n3_advanced_drafts	batch_0241_0250	R_0246	集中力	しゅうちゅうりょく	khả năng tập trung	Tập Trung Lực
n3_advanced_drafts	batch_0241_0250	R_0247	優先する	ゆうせんする	ưu tiên	Ưu Tiên
n3_advanced_drafts	batch_0241_0250	R_0247	不可欠	ふかけつ	không thể thiếu, cần thiết	Bất Khả Khiếm
n3_advanced_drafts	batch_0241_0250	R_0247	締め切り	しめきり	thời hạn, hạn chót	Đế Thiết
n3_advanced_drafts	batch_0241_0250	R_0247	リソース	リソース	nguồn lực, tài nguyên	
n3_advanced_drafts	batch_0241_0250	R_0247	分担	ぶんたん	phân công, chia sẻ	Phân Đam
n3_advanced_drafts	batch_0241_0250	R_0247	重複	ちょうふく	trùng lặp, trùng nhau	Trọng Phức
n3_advanced_drafts	batch_0241_0250	R_0247	洗い出す	あらいだす	liệt kê, phát hiện ra, làm rõ	Tẩy Xuất
n3_advanced_drafts	batch_0241_0250	R_0247	アジェンダ	アジェンダ	chương trình nghị sự	
n3_advanced_drafts	batch_0241_0250	R_0247	生産性	せいさんせい	năng suất	Sanh Sản Tính
n3_advanced_drafts	batch_0241_0250	R_0247	有限	ゆうげん	hữu hạn	Hữu Hạn
n3_advanced_drafts	batch_0241_0250	R_0248	配慮する	はいりょする	quan tâm, tôn trọng, chú ý đến	Phối Lự
n3_advanced_drafts	batch_0241_0250	R_0248	使い捨て	つかいすて	dùng một lần rồi bỏ	Sử Xá
n3_advanced_drafts	batch_0241_0250	R_0248	持続可能	じぞくかのう	bền vững, có thể duy trì	Trì Tục Khả Năng
n3_advanced_drafts	batch_0241_0250	R_0248	公共交通機関	こうきょうこうつうきかん	phương tiện giao thông công cộng	Công Cộng Giao Thông Ki Quan
n3_advanced_drafts	batch_0241_0250	R_0248	立ち入り禁止	たちいりきんし	khu vực cấm vào, cấm xâm nhập	Lập Nhập Cấm Chỉ
n3_advanced_drafts	batch_0241_0250	R_0248	振る舞う	ふるまう	cư xử, hành động, xử sự	Chấn Vũ
n3_advanced_drafts	batch_0241_0250	R_0248	野生動物	やせいどうぶつ	động vật hoang dã	Dã Sanh Động Vật
n3_advanced_drafts	batch_0241_0250	R_0248	積み重ね	つみかさね	sự tích lũy, chồng chất	Tích Trọng
n3_advanced_drafts	batch_0241_0250	R_0248	贈り物	おくりもの	món quà	Tặng Vật
n3_advanced_drafts	batch_0241_0250	R_0248	確信する	かくしんする	tin chắc, xác tín	Xác Tín
n3_advanced_drafts	batch_0241_0250	R_0249	人工知能	じんこうちのう	trí tuệ nhân tạo	Nhân Công Tri Năng
n3_advanced_drafts	batch_0241_0250	R_0249	生成AI	せいせいエーアイ	AI tạo sinh (generative AI); các mô hình AI tạo ra nội dung mới như văn bản, hình ảnh	Sanh Thành
n3_advanced_drafts	batch_0241_0250	R_0249	診断支援	しんだんしえん	hỗ trợ chẩn đoán	Chẩn Đoạn Chi Viên
n3_advanced_drafts	batch_0241_0250	R_0249	自動化	じどうか	tự động hóa	Tự Động Hóa
n3_advanced_drafts	batch_0241_0250	R_0249	情報リテラシー	じょうほうリテラシー	trình độ hiểu biết thông tin, năng lực đọc hiểu thông tin	Tình Báo
n3_advanced_drafts	batch_0241_0250	R_0249	意思決定	いしけってい	ra quyết định, quyết định	Ý Tư Quyết Định
n3_advanced_drafts	batch_0241_0250	R_0249	倫理	りんり	đạo đức, luân lý	Luân Lí
n3_advanced_drafts	batch_0241_0250	R_0249	先端技術	せんたんぎじゅつ	công nghệ tiên tiến, công nghệ đầu ngành	Tiên Đoan Kĩ Thuật
n3_advanced_drafts	batch_0241_0250	R_0249	偏る	かたよる	thiên lệch, nghiêng về một phía	Thiên
n3_advanced_drafts	batch_0241_0250	R_0249	縮小する	しゅくしょうする	thu hẹp, giảm quy mô	Súc Tiểu
n3_advanced_drafts	batch_0241_0250	R_0249	感性	かんせい	cảm thụ, nhạy cảm, cảm xúc	Cảm Tính
n3_advanced_drafts	batch_0241_0250	R_0250	子育て	こそだて	việc nuôi dạy con cái	Tử Dục
n3_advanced_drafts	batch_0241_0250	R_0250	育児休業	いくじきゅうぎょう	nghỉ chăm sóc con (nghỉ thai sản/parental leave)	Dục Nhi Hưu Nghiệp
n3_advanced_drafts	batch_0241_0250	R_0250	忍耐力	にんたいりょく	sức kiên nhẫn, khả năng chịu đựng	Nhẫn Nại Lực
n3_advanced_drafts	batch_0241_0250	R_0250	観察力	かんさつりょく	khả năng quan sát	Quan Sát Lực
n3_advanced_drafts	batch_0241_0250	R_0250	個性	こせい	cá tính, tính cách riêng	Cá Tính
n3_advanced_drafts	batch_0241_0250	R_0250	育児	いくじ	nuôi dưỡng trẻ em, chăm sóc trẻ nhỏ	Dục Nhi
n3_advanced_drafts	batch_0241_0250	R_0250	方針	ほうしん	phương châm, chính sách	Phương Châm
n3_advanced_drafts	batch_0241_0250	R_0250	挫折	ざせつ	sự vấp ngã, thất bại nặng nề	Toa Chiết
n3_advanced_drafts	batch_0241_0250	R_0250	育む	はぐくむ	nuôi dưỡng, vun đắp	Dục
n3_advanced_drafts	batch_0241_0250	R_0250	深み	ふかみ	sự sâu sắc, chiều sâu	Thâm
n3_advanced_drafts	batch_0241_0250	R_0250	本質	ほんしつ	bản chất, cốt lõi	Bản Chất
n3_advanced_drafts	batch_0251_0260	R_0251	発酵食品	はっこうしょくひん	thực phẩm lên men	Phát Diếu Thực Phẩm
n3_advanced_drafts	batch_0251_0260	R_0251	油脂	ゆし	dầu mỡ, chất béo	Du Chi
n3_advanced_drafts	batch_0251_0260	R_0251	移民	いみん	người nhập cư, dân di cư	Di Dân
n3_advanced_drafts	batch_0251_0260	R_0251	融合料理	ゆうごうりょうり	món ăn kết hợp, ẩm thực fusion	Dung Hợp Liêu Lí
n3_advanced_drafts	batch_0251_0260	R_0251	外来	がいらい	ngoại lai, xuất xứ từ nước ngoài	Ngoại Lai
n3_advanced_drafts	batch_0251_0260	R_0251	唐辛子	とうがらし	ớt	Đường Tân Tử
n3_advanced_drafts	batch_0251_0260	R_0251	旬	しゅん	mùa vụ, thời điểm ngon nhất của thực phẩm	Tuần
n3_advanced_drafts	batch_0251_0260	R_0251	美意識	びいしき	quan niệm thẩm mỹ, ý thức về cái đẹp	Mĩ Ý Thức
n3_advanced_drafts	batch_0251_0260	R_0251	アイデンティティ	アイデンティティ	bản sắc, căn tính	
n3_advanced_drafts	batch_0251_0260	R_0251	営み	いとなみ	hoạt động, sinh hoạt (trang trọng)	Doanh
n3_advanced_drafts	batch_0251_0260	R_0251	無形文化遺産	むけいぶんかいさん	di sản văn hóa phi vật thể	Vô Hình Văn Hóa Di Sản
n3_advanced_drafts	batch_0251_0260	R_0252	拡散する	かくさんする	lan truyền, phát tán	Khuếch Tán
n3_advanced_drafts	batch_0251_0260	R_0252	誤解を招く	ごかいをまねく	dẫn đến hiểu lầm, gây ra hiểu nhầm	Ngộ Giải Chiêu
n3_advanced_drafts	batch_0251_0260	R_0252	一面的	いちめんてき	phiến diện, một chiều	Nhất Diện Đích
n3_advanced_drafts	batch_0251_0260	R_0252	アルゴリズム	アルゴリズム	thuật toán	
n3_advanced_drafts	batch_0251_0260	R_0252	選別する	せんべつする	lọc lựa, phân loại	Tuyển Biệt
n3_advanced_drafts	batch_0251_0260	R_0252	フェイクニュース	フェイクニュース	tin giả, tin tức giả mạo	
n3_advanced_drafts	batch_0251_0260	R_0252	見極める	みきわめる	nhận ra, phân biệt được, xác định chính xác	Kiến Cực
n3_advanced_drafts	batch_0251_0260	R_0252	批判的思考力	ひはんてきしこうりょく	tư duy phê phán, năng lực tư duy phản biện	Phê Phán Đích Tư Khảo Lực
n3_advanced_drafts	batch_0251_0260	R_0252	文脈	ぶんみゃく	ngữ cảnh, mạch văn	Văn Mạch
n3_advanced_drafts	batch_0251_0260	R_0252	付き合い方	つきあいかた	cách ứng xử, cách giao tiếp với	Phó Hợp Phương
n3_advanced_drafts	batch_0251_0260	R_0252	生成AI	せいせいエーアイ	AI tạo sinh (generative AI)	Sanh Thành
n3_advanced_drafts	batch_0251_0260	R_0252	ディープフェイク	ディープフェイク	deepfake (hình ảnh/video giả mạo bằng AI)	
n3_advanced_drafts	batch_0251_0260	R_0253	昇進	しょうしん	thăng tiến	Thăng Tiến
n3_advanced_drafts	batch_0251_0260	R_0253	本格的	ほんかくてき	nghiêm túc, thực sự	Bản Cách Đích
n3_advanced_drafts	batch_0251_0260	R_0253	不十分	ふじゅうぶん	không đủ, chưa đủ	Bất Thập Phân
n3_advanced_drafts	batch_0251_0260	R_0253	きっかけ	きっかけ	cơ duyên, điểm khởi đầu	
n3_advanced_drafts	batch_0251_0260	R_0253	反省	はんせい	phản tỉnh, tự kiểm điểm	Phản Tỉnh
n3_advanced_drafts	batch_0251_0260	R_0253	案件	あんけん	dự án, vụ việc	Án Kiện
n3_advanced_drafts	batch_0251_0260	R_0253	実感	じっかん	cảm nhận thực sự	Thực Cảm
n3_advanced_drafts	batch_0251_0260	R_0253	フィードバック	フィードバック	phản hồi	
n3_advanced_drafts	batch_0251_0260	R_0253	覚悟	かくご	quyết tâm, sự chuẩn bị tâm lý	Giác Ngộ
n3_advanced_drafts	batch_0251_0260	R_0253	豊か	ゆたか	phong phú, giàu có	Phong
n3_advanced_drafts	batch_0251_0260	R_0254	都市計画	としけいかく	quy hoạch đô thị	Đô Thị Kế Họa
n3_advanced_drafts	batch_0251_0260	R_0254	無秩序	むちつじょ	vô trật tự	Vô Trật Tự
n3_advanced_drafts	batch_0251_0260	R_0254	自治体	じちたい	chính quyền địa phương	Tự Trì Thể
n3_advanced_drafts	batch_0251_0260	R_0254	策定	さくてい	xây dựng, soạn thảo (kế hoạch)	Sách Định
n3_advanced_drafts	batch_0251_0260	R_0254	公共交通機関	こうきょうこうつうきかん	phương tiện giao thông công cộng	Công Cộng Giao Thông Ki Quan
n3_advanced_drafts	batch_0251_0260	R_0254	徒歩圏内	とほけんない	trong phạm vi đi bộ	Đồ Bộ Quyển Nội
n3_advanced_drafts	batch_0251_0260	R_0254	緑地	りょくち	khu xanh, vùng cây xanh	Lục Địa
n3_advanced_drafts	batch_0251_0260	R_0254	保育所	ほいくしょ	nhà trẻ	Bảo Dục Sở
n3_advanced_drafts	batch_0251_0260	R_0254	指標	しひょう	chỉ số, tiêu chí	Chỉ Tiêu
n3_advanced_drafts	batch_0251_0260	R_0254	満足度	まんぞくど	mức độ hài lòng	Mãn Túc Độ
n3_advanced_drafts	batch_0251_0260	R_0255	絶滅危惧種	ぜつめつきぐしゅ	loài có nguy cơ tuyệt chủng	Tuyệt Diệt Nguy Cụ Chủng
n3_advanced_drafts	batch_0251_0260	R_0255	生息地	せいそくち	môi trường sống, nơi sinh sống	Sanh Tức Địa
n3_advanced_drafts	batch_0251_0260	R_0255	伐採	ばっさい	khai thác gỗ, chặt cây	Phạt Thải
n3_advanced_drafts	batch_0251_0260	R_0255	自然保護区	しぜんほごく	khu bảo tồn thiên nhiên	Tự Nhiên Bảo Hộ Khu
n3_advanced_drafts	batch_0251_0260	R_0255	密猟	みつりょう	săn trộm, săn bắt trái phép	Mật Liệp
n3_advanced_drafts	batch_0251_0260	R_0255	個体数	こたいすう	số lượng cá thể	Cá Thể Sổ
n3_advanced_drafts	batch_0251_0260	R_0255	外来種	がいらいしゅ	loài ngoại lai	Ngoại Lai Chủng
n3_advanced_drafts	batch_0251_0260	R_0255	在来種	ざいらいしゅ	loài bản địa	Tại Lai Chủng
n3_advanced_drafts	batch_0251_0260	R_0255	生態系	せいたいけい	hệ sinh thái	Sanh Thái Hệ
n3_advanced_drafts	batch_0251_0260	R_0255	生物多様性	せいぶつたようせい	đa dạng sinh học	Sanh Vật Đa Dạng Tính
n3_advanced_drafts	batch_0251_0260	R_0256	シェアリングエコノミー	シェアリングエコノミー	kinh tế chia sẻ	
n3_advanced_drafts	batch_0251_0260	R_0256	仕組み	しくみ	cơ chế, cách hoạt động	Sĩ Tổ
n3_advanced_drafts	batch_0251_0260	R_0256	従来	じゅうらい	truyền thống, từ trước đến nay	Tùng Lai
n3_advanced_drafts	batch_0251_0260	R_0256	民泊	みんぱく	lưu trú tại nhà dân (Airbnb-style)	Dân Bạc
n3_advanced_drafts	batch_0251_0260	R_0256	普及	ふきゅう	sự phổ biến, sự lan rộng	Phổ Cập
n3_advanced_drafts	batch_0251_0260	R_0256	プラットフォーム	プラットフォーム	nền tảng (công nghệ)	
n3_advanced_drafts	batch_0251_0260	R_0256	リソース	リソース	tài nguyên, nguồn lực	
n3_advanced_drafts	batch_0251_0260	R_0256	有効活用	ゆうこうかつよう	tận dụng hiệu quả	Hữu Hiệu Hoạt Dụng
n3_advanced_drafts	batch_0251_0260	R_0256	規制	きせい	quy định, quy chế	Quy Chế
n3_advanced_drafts	batch_0251_0260	R_0256	在り方	ありかた	cách thức tồn tại, hình thái	Tại Phương
n3_advanced_drafts	batch_0251_0260	R_0256	民泊新法	みんぱくしんぽう	Luật Minpaku Mới (住宅宿泊事業法 2018)	Dân Bạc Tân Pháp
n3_advanced_drafts	batch_0251_0260	R_0257	望遠鏡	ぼうえんきょう	kính thiên văn	Vọng Viễn Kính
n3_advanced_drafts	batch_0251_0260	R_0257	探査機	たんさき	tàu thăm dò	Tham Tra Ki
n3_advanced_drafts	batch_0251_0260	R_0257	銀河	ぎんが	thiên hà	Ngân Hà
n3_advanced_drafts	batch_0251_0260	R_0257	形成過程	けいせいかてい	quá trình hình thành	Hình Thành Quá Trình
n3_advanced_drafts	batch_0251_0260	R_0257	ブラックホール	ブラックホール	hố đen	
n3_advanced_drafts	batch_0251_0260	R_0257	重力波	じゅうりょくは	sóng hấp dẫn	Trọng Lực Ba
n3_advanced_drafts	batch_0251_0260	R_0257	膨張	ぼうちょう	sự giãn nở, sự phình ra	Bành Trương
n3_advanced_drafts	batch_0251_0260	R_0257	暗黒物質	あんこくぶっしつ	vật chất tối	Ám Hắc Vật Chất
n3_advanced_drafts	batch_0251_0260	R_0257	原動力	げんどうりょく	động lực, nguồn sức mạnh	Nguyên Động Lực
n3_advanced_drafts	batch_0251_0260	R_0257	知的好奇心	ちてきこうきしん	trí tò mò, tính hiếu kỳ trí tuệ	Tri Đích Hảo Kì Tâm
n3_advanced_drafts	batch_0251_0260	R_0257	月面着陸	げつめんちゃくりく	hạ cánh lên mặt trăng	Nguyệt Diện Trứ Lục
n3_advanced_drafts	batch_0251_0260	R_0258	多言語話者	たげんごわしゃ	người đa ngôn ngữ	Đa Ngôn Ngữ Thoại Giả
n3_advanced_drafts	batch_0251_0260	R_0258	グローバル化	グローバルか	toàn cầu hóa	Hóa
n3_advanced_drafts	batch_0251_0260	R_0258	国際交渉	こくさいこうしょう	đàm phán quốc tế	Quốc Tế Giao Thiệp
n3_advanced_drafts	batch_0251_0260	R_0258	意思疎通	いしそつう	giao tiếp, thông hiểu nhau	Ý Tư Sơ Thông
n3_advanced_drafts	batch_0251_0260	R_0258	翻訳	ほんやく	dịch thuật, phiên dịch	Phiên Dịch
n3_advanced_drafts	batch_0251_0260	R_0258	ニュアンス	ニュアンス	sắc thái, hàm ý tinh tế	
n3_advanced_drafts	batch_0251_0260	R_0258	認知能力	にんちのうりょく	khả năng nhận thức	Nhận Tri Năng Lực
n3_advanced_drafts	batch_0251_0260	R_0258	多様性	たようせい	sự đa dạng	Đa Dạng Tính
n3_advanced_drafts	batch_0251_0260	R_0258	異文化理解	いぶんかりかい	sự hiểu biết giữa các nền văn hóa	Dị Văn Hóa Lí Giải
n3_advanced_drafts	batch_0251_0260	R_0258	橋を架ける	はしをかける	bắc cầu, tạo kết nối	Kiều Giá
n3_advanced_drafts	batch_0251_0260	R_0258	やさしい日本語	やさしいにほんご	tiếng Nhật dễ hiểu (đơn giản hóa cho người nước ngoài)	Nhật Bản Ngữ
n3_advanced_drafts	batch_0251_0260	R_0258	在留外国人	ざいりゅうがいこくじん	người nước ngoài cư trú (tại Nhật)	Tại Lưu Ngoại Quốc Nhân
n3_advanced_drafts	batch_0251_0260	R_0259	復興	ふっこう	tái thiết, phục hồi	Phục Hưng
n3_advanced_drafts	batch_0251_0260	R_0259	被災地	ひさいち	vùng thiệt hại (do thiên tai)	Bị Tai Địa
n3_advanced_drafts	batch_0251_0260	R_0259	仮設住宅	かせつじゅうたく	nhà ở tạm, nhà tiền chế tạm thời	Giả Thiết Trụ Trạch
n3_advanced_drafts	batch_0251_0260	R_0259	余儀なくされる	よぎなくされる	bị buộc phải (làm gì)	Dư Nghi
n3_advanced_drafts	batch_0251_0260	R_0259	慣れ親しむ	なれしたしむ	quen thuộc, thân quen	Quán Thân
n3_advanced_drafts	batch_0251_0260	R_0259	語り継ぐ	かたりつぐ	truyền lại (câu chuyện, ký ức)	Ngữ Kế
n3_advanced_drafts	batch_0251_0260	R_0259	絆	きずな	sợi dây gắn kết, tình cảm gắn bó	Bán
n3_advanced_drafts	batch_0251_0260	R_0259	避難	ひなん	sơ tán, lánh nạn	Tị Nan
n3_advanced_drafts	batch_0251_0260	R_0259	格差	かくさ	sự chênh lệch, khoảng cách	Cách Soa
n3_advanced_drafts	batch_0251_0260	R_0259	使命	しめい	sứ mệnh, nhiệm vụ thiêng liêng	Sử Mệnh
n3_advanced_drafts	batch_0251_0260	R_0259	能登半島地震	のとはんとうじしん	động đất bán đảo Noto (2024)	Năng Đăng Bán Đảo Địa Chấn
n3_advanced_drafts	batch_0251_0260	R_0260	インスタレーション	インスタレーション	installation (nghệ thuật sắp đặt)	
n3_advanced_drafts	batch_0251_0260	R_0260	内なる	うちなる	nội tâm, bên trong	Nội
n3_advanced_drafts	batch_0251_0260	R_0260	解釈	かいしゃく	diễn giải, giải thích	Giải Thích
n3_advanced_drafts	batch_0251_0260	R_0260	矛盾	むじゅん	mâu thuẫn	Mâu Thuẫn
n3_advanced_drafts	batch_0251_0260	R_0260	揺さぶる	ゆさぶる	lay động, rung chuyển (cảm xúc)	Dao
n3_advanced_drafts	batch_0251_0260	R_0260	完成度	かんせいど	mức độ hoàn thiện	Hoàn Thành Độ
n3_advanced_drafts	batch_0251_0260	R_0260	思想	しそう	tư tưởng	Tư Tưởng
n3_advanced_drafts	batch_0251_0260	R_0260	画廊	がろう	phòng tranh, gallery	Họa Lang
n3_advanced_drafts	batch_0251_0260	R_0260	姿勢	しせい	thái độ, tư thế	Tư Thế
n3_advanced_drafts	batch_0251_0260	R_0260	投げかける	なげかける	đặt ra (câu hỏi), ném về phía	Đầu
n3_advanced_drafts	batch_0251_0260	R_0260	デジタルアート	デジタルアート	nghệ thuật kỹ thuật số	
n3_advanced_drafts	batch_0261_0270	R_0261	高齢化社会	こうれいかしゃかい	xã hội già hóa	Cao Linh Hóa Xã Hội
n3_advanced_drafts	batch_0261_0270	R_0261	寄り添う	よりそう	đồng hành, ở bên cạnh (để hỗ trợ tinh thần)	Kí Thiêm
n3_advanced_drafts	batch_0261_0270	R_0261	孤独	こどく	sự cô đơn	Cô Độc
n3_advanced_drafts	batch_0261_0270	R_0261	通院	つういん	đi khám bệnh định kỳ	Thông Viện
n3_advanced_drafts	batch_0261_0270	R_0261	自立	じりつ	tự lập, độc lập	Tự Lập
n3_advanced_drafts	batch_0261_0270	R_0261	欠かせない	かかせない	không thể thiếu, không thể bỏ qua	Khiếm
n3_advanced_drafts	batch_0261_0270	R_0261	善意	ぜんい	thiện chí, lòng tốt	Thiện Ý
n3_advanced_drafts	batch_0261_0270	R_0261	やりがい	やりがい	nguồn động lực, ý nghĩa khi làm việc	
n3_advanced_drafts	batch_0261_0270	R_0261	連携	れんけい	hợp tác, liên kết	Liên Huề
n3_advanced_drafts	batch_0261_0270	R_0261	仕組み	しくみ	cơ chế, hệ thống	Sĩ Tổ
n3_advanced_drafts	batch_0261_0270	R_0261	介護保険制度	かいごほけんせいど	chế độ bảo hiểm chăm sóc điều dưỡng (chính sách công của Nhật từ năm 2000)	Giới Hộ Bảo Hiểm Chế Độ
n3_advanced_drafts	batch_0261_0270	R_0261	民生委員	みんせいいいん	dân sinh ủy viên (tình nguyện viên phúc lợi do Bộ Phúc lợi Nhật chỉ định)	Dân Sanh Ủy Viên
n3_advanced_drafts	batch_0261_0270	R_0262	取り入れる	とりいれる	kết hợp, áp dụng, đưa vào	Thủ Nhập
n3_advanced_drafts	batch_0261_0270	R_0262	天然素材	てんねんそざい	vật liệu tự nhiên	Thiên Nhiên Tố Tài
n3_advanced_drafts	batch_0261_0270	R_0262	間取り	まどり	mặt bằng, bố trí phòng	Gian Thủ
n3_advanced_drafts	batch_0261_0270	R_0262	バリアフリー	バリアフリー	thiết kế không rào cản (cho người cao tuổi, người khuyết tật)	
n3_advanced_drafts	batch_0261_0270	R_0262	施主	せしゅ	chủ nhà, người đặt xây dựng	Thi Chủ
n3_advanced_drafts	batch_0261_0270	R_0262	断熱設計	だんねつせっけい	thiết kế cách nhiệt	Đoạn Nhiệt Thiết Kế
n3_advanced_drafts	batch_0261_0270	R_0262	収納	しゅうのう	lưu trữ, không gian cất đồ	Thu Nạp
n3_advanced_drafts	batch_0261_0270	R_0262	維持	いじ	bảo trì, duy trì	Duy Trì
n3_advanced_drafts	batch_0261_0270	R_0262	温かみ	あたたかみ	sự ấm áp, cảm giác ấm cúng	Ôn
n3_advanced_drafts	batch_0261_0270	R_0262	豊かさ	ゆたかさ	sự phong phú, sự giàu có (cảm xúc)	Phong
n3_advanced_drafts	batch_0261_0270	R_0262	省エネ基準	しょうエネきじゅん	tiêu chuẩn tiết kiệm năng lượng	Tỉnh Cơ Chuẩn
n3_advanced_drafts	batch_0261_0270	R_0263	教訓	きょうくん	bài học, giáo huấn	Giáo Huấn
n3_advanced_drafts	batch_0261_0270	R_0263	敗北	はいぼく	thất bại, thua cuộc	Bại Bắc
n3_advanced_drafts	batch_0261_0270	R_0263	糧	かて	hành trang/dưỡng chất tinh thần (nuôi dưỡng tâm hồn, không chỉ là cảm hứng)	Lương
n3_advanced_drafts	batch_0261_0270	R_0263	限界	げんかい	giới hạn	Hạn Giới
n3_advanced_drafts	batch_0261_0270	R_0263	試練	しれん	thử thách, thử thách gian nan	Thí Luyện
n3_advanced_drafts	batch_0261_0270	R_0263	決意	けつい	quyết tâm, quyết định	Quyết Ý
n3_advanced_drafts	batch_0261_0270	R_0263	ライバル	ライバル	đối thủ, tình địch	
n3_advanced_drafts	batch_0261_0270	R_0263	自信	じしん	sự tự tin	Tự Tín
n3_advanced_drafts	batch_0261_0270	R_0263	口を揃える	くちをそろえる	đồng thanh, cùng nói một giọng	Khẩu Tiễn
n3_advanced_drafts	batch_0261_0270	R_0263	精神的	せいしんてき	thuộc về tinh thần	Tinh Thần Đích
n3_advanced_drafts	batch_0261_0270	R_0264	創造力	そうぞうりょく	khả năng sáng tạo	Sang Tạo Lực
n3_advanced_drafts	batch_0261_0270	R_0264	育まれる	はぐくまれる	được nuôi dưỡng, được phát triển	Dục
n3_advanced_drafts	batch_0261_0270	R_0264	好奇心	こうきしん	sự tò mò	Hảo Kì Tâm
n3_advanced_drafts	batch_0261_0270	R_0264	試行錯誤	しこうさくご	thử và sai, phương pháp thử nghiệm	Thí Hành Thác Ngộ
n3_advanced_drafts	batch_0261_0270	R_0264	自己表現	じこひょうげん	tự biểu đạt, bộc lộ bản thân	Tự Kỉ Biểu Hiện
n3_advanced_drafts	batch_0261_0270	R_0264	自立心	じりつしん	tinh thần tự lập	Tự Lập Tâm
n3_advanced_drafts	batch_0261_0270	R_0264	責任感	せきにんかん	ý thức trách nhiệm	Trách Nhâm Cảm
n3_advanced_drafts	batch_0261_0270	R_0264	干渉	かんしょう	can thiệp	Kiền Thiệp
n3_advanced_drafts	batch_0261_0270	R_0264	見守る	みまもる	theo dõi, nhìn trông	Kiến Thủ
n3_advanced_drafts	batch_0261_0270	R_0264	想像力	そうぞうりょく	trí tưởng tượng	Tưởng Tượng Lực
n3_advanced_drafts	batch_0261_0270	R_0264	主体的・対話的で深い学び	しゅたいてき・たいわてきでふかいまなび	học tập chủ động, đối thoại và sâu sắc (phương châm trong chương trình học mới của Nhật)	Chủ Thể Đích Đối Thoại Đích Thâm Học
n3_advanced_drafts	batch_0261_0270	R_0265	意識する	いしきする	ý thức, chú tâm đến	Ý Thức
n3_advanced_drafts	batch_0261_0270	R_0265	うなずく	うなずく	gật đầu (đồng ý, đồng cảm)	
n3_advanced_drafts	batch_0261_0270	R_0265	信頼関係	しんらいかんけい	mối quan hệ tin tưởng	Tín Lại Quan Hệ
n3_advanced_drafts	batch_0261_0270	R_0265	押しつける	おしつける	áp đặt, ép buộc	Áp
n3_advanced_drafts	batch_0261_0270	R_0265	誠実	せいじつ	thành thật, trung thực	Thành Thực
n3_advanced_drafts	batch_0261_0270	R_0265	誤解	ごかい	hiểu lầm, nhầm lẫn	Ngộ Giải
n3_advanced_drafts	batch_0261_0270	R_0265	耳を傾ける	みみをかたむける	lắng tai, chú ý lắng nghe	Nhĩ Khuynh
n3_advanced_drafts	batch_0261_0270	R_0265	基礎	きそ	nền tảng, cơ sở	Cơ Sở
n3_advanced_drafts	batch_0261_0270	R_0265	本質	ほんしつ	bản chất, cốt lõi	Bản Chất
n3_advanced_drafts	batch_0261_0270	R_0265	確信する	かくしんする	tin chắc, xác tín	Xác Tín
n3_advanced_drafts	batch_0261_0270	R_0266	サステナブル	サステナブル	bền vững (sustainable)	
n3_advanced_drafts	batch_0261_0270	R_0266	消費行動	しょうひこうどう	hành vi tiêu dùng	Tiêu Phí Hành Động
n3_advanced_drafts	batch_0261_0270	R_0266	廃棄	はいき	thải bỏ, vứt bỏ	Phế Khí
n3_advanced_drafts	batch_0261_0270	R_0266	リサイクル素材	リサイクルそざい	vật liệu tái chế	Tố Tài
n3_advanced_drafts	batch_0261_0270	R_0266	生産工程	せいさんこうてい	quy trình sản xuất	Sanh Sản Công Trình
n3_advanced_drafts	batch_0261_0270	R_0266	過剰	かじょう	quá mức, dư thừa	Quá Thặng
n3_advanced_drafts	batch_0261_0270	R_0266	倫理的	りんりてき	có đạo đức, thuộc về đạo đức	Luân Lí Đích
n3_advanced_drafts	batch_0261_0270	R_0266	持続可能性	じぞくかのうせい	tính bền vững (sustainability)	Trì Tục Khả Năng Tính
n3_advanced_drafts	batch_0261_0270	R_0266	潮流	ちょうりゅう	xu hướng, trào lưu	Triều Lưu
n3_advanced_drafts	batch_0261_0270	R_0266	見直す	みなおす	xem lại, xét lại, đánh giá lại	Kiến Trực
n3_advanced_drafts	batch_0261_0270	R_0266	エシカル消費	エシカルしょうひ	tiêu dùng có đạo đức (chọn sản phẩm xem xét tác động đến môi trường, xã hội, người lao động)	Tiêu Phí
n3_advanced_drafts	batch_0261_0270	R_0266	レジ袋有料化	レジぶくろゆうりょうか	việc tính phí túi nhựa tại quầy thu ngân (Nhật áp dụng từ tháng 7/2020)	Đại Hữu Liêu Hóa
n3_advanced_drafts	batch_0261_0270	R_0267	遺産	いさん	di sản, tài sản để lại	Di Sản
n3_advanced_drafts	batch_0261_0270	R_0267	後世	こうせい	thế hệ sau, hậu thế	Hậu Thế
n3_advanced_drafts	batch_0261_0270	R_0267	結晶	けっしょう	tinh hoa, kết tinh	Kết Tinh
n3_advanced_drafts	batch_0261_0270	R_0267	遺跡	いせき	di tích, tàn tích	Di Tích
n3_advanced_drafts	batch_0261_0270	R_0267	普遍的	ふへんてき	phổ quát, có giá trị chung	Phổ Biến Đích
n3_advanced_drafts	batch_0261_0270	R_0267	架け橋	かけはし	cầu nối, nhịp cầu	Giá Kiều
n3_advanced_drafts	batch_0261_0270	R_0267	修復	しゅうふく	trùng tu, sửa chữa, phục hồi	Tu Phục
n3_advanced_drafts	batch_0261_0270	R_0267	誇り	ほこり	niềm tự hào	Khoa
n3_advanced_drafts	batch_0261_0270	R_0267	受け継ぐ	うけつぐ	kế thừa, tiếp nhận và truyền lại	Thụ Kế
n3_advanced_drafts	batch_0261_0270	R_0267	象徴する	しょうちょうする	là biểu tượng của, tượng trưng cho	Tượng Trưng
n3_advanced_drafts	batch_0261_0270	R_0268	締め切り	しめきり	hạn chót, deadline	Đế Thiết
n3_advanced_drafts	batch_0261_0270	R_0268	追われる	おわれる	bị đuổi theo, bị dồn ép (thụ động)	Truy
n3_advanced_drafts	batch_0261_0270	R_0268	抱える	かかえる	ôm đồm, gánh chịu (nhiều vấn đề)	Bão
n3_advanced_drafts	batch_0261_0270	R_0268	焦り	あせり	sự lo lắng, sự nóng vội	Tiêu
n3_advanced_drafts	batch_0261_0270	R_0268	心地よい	ここちよい	dễ chịu, thoải mái	Tâm Địa
n3_advanced_drafts	batch_0261_0270	R_0268	プレッシャー	プレッシャー	áp lực	
n3_advanced_drafts	batch_0261_0270	R_0268	怠ける	なまける	lười biếng, lười nhác	Đãi
n3_advanced_drafts	batch_0261_0270	R_0268	回復	かいふく	sự hồi phục	Hồi Phục
n3_advanced_drafts	batch_0261_0270	R_0268	冷静に	れいせいに	một cách điềm tĩnh, bình tĩnh	Lãnh Tĩnh
n3_advanced_drafts	batch_0261_0270	R_0268	優先順位	ゆうせんじゅんい	thứ tự ưu tiên	Ưu Tiên Thuận Vị
n3_advanced_drafts	batch_0261_0270	R_0268	働き方改革	はたらきかたかいかく	cải cách cách làm việc (chính sách Nhật nhằm giảm giờ làm thêm, cải thiện môi trường lao động)	Động Phương Cải Cách
n3_advanced_drafts	batch_0261_0270	R_0269	機能性食品	きのうせいしょくひん	thực phẩm chức năng	Ki Năng Tính Thực Phẩm
n3_advanced_drafts	batch_0261_0270	R_0269	乳酸菌	にゅうさんきん	vi khuẩn lactic, lợi khuẩn	Nhũ Toan Khuẩn
n3_advanced_drafts	batch_0261_0270	R_0269	腸内環境	ちょうないかんきょう	môi trường đường ruột	Tràng Nội Hoàn Cảnh
n3_advanced_drafts	batch_0261_0270	R_0269	イソフラボン	イソフラボン	isoflavone (chất trong đậu nành)	
n3_advanced_drafts	batch_0261_0270	R_0269	抗酸化作用	こうさんかさよう	tác dụng chống oxy hóa	Kháng Toan Hóa Tác Dụng
n3_advanced_drafts	batch_0261_0270	R_0269	生活習慣病	せいかつしゅうかんびょう	bệnh lối sống (tiểu đường, cao huyết áp, v.v.)	Sanh Hoạt Tập Quán Bệnh
n3_advanced_drafts	batch_0261_0270	R_0269	過剰に	かじょうに	một cách quá mức, thái quá	Quá Thặng
n3_advanced_drafts	batch_0261_0270	R_0269	逆効果	ぎゃっこうか	phản tác dụng	Nghịch Hiệu Quả
n3_advanced_drafts	batch_0261_0270	R_0269	穏やか	おだやか	nhẹ nhàng, ôn hòa	Ổn
n3_advanced_drafts	batch_0261_0270	R_0269	万能	ばんのう	vạn năng, toàn năng	Vạn Năng
n3_advanced_drafts	batch_0261_0270	R_0269	特定保健用食品	とくていほけんようしょくひん	thực phẩm tốt cho sức khỏe đặc định (Tokuho) — loại thực phẩm chức năng được nhà nước Nhật phê duyệt nghiêm ngặt nhất	Đặc Định Bảo Kiện Dụng Thực Phẩm
n3_advanced_drafts	batch_0261_0270	R_0269	紅麹問題	べにこうじもんだい	vấn đề gạo đỏ nấm mốc (bê bối 2024: sản phẩm Kobayashi Pharmaceutical gây tử vong, dẫn đến cải cách quy định)	Hồng Khúc Vấn Đề
n3_advanced_drafts	batch_0261_0270	R_0270	少子高齢化	しょうしこうれいか	tình trạng ít con nhiều người già	Thiểu Tử Cao Linh Hóa
n3_advanced_drafts	batch_0261_0270	R_0270	割合	わりあい	tỷ lệ, tỷ phần	Cát Hợp
n3_advanced_drafts	batch_0261_0270	R_0270	介護費	かいごひ	chi phí chăm sóc điều dưỡng	Giới Hộ Phí
n3_advanced_drafts	batch_0261_0270	R_0270	財政	ざいせい	tài chính (quốc gia)	Tài Chánh
n3_advanced_drafts	batch_0261_0270	R_0270	鈍化	どんか	sự chậm lại, sự trì trệ	Độn Hóa
n3_advanced_drafts	batch_0261_0270	R_0270	過疎化	かそか	tình trạng dân số thưa thớt	Quá Sơ Hóa
n3_advanced_drafts	batch_0261_0270	R_0270	空き家	あきや	nhà bỏ hoang, nhà không có người ở	Không Gia
n3_advanced_drafts	batch_0261_0270	R_0270	共生社会	きょうせいしゃかい	xã hội cộng sinh, xã hội cùng tồn tại	Cộng Sanh Xã Hội
n3_advanced_drafts	batch_0261_0270	R_0270	長寿社会	ちょうじゅしゃかい	xã hội trường thọ	Trường Thọ Xã Hội
n3_advanced_drafts	batch_0261_0270	R_0270	過度な	かど	quá mức, thái quá	Quá Độ
n3_advanced_drafts	batch_0261_0270	R_0270	特定技能	とくていぎのう	kỹ năng đặc định (visa lao động Nhật cho 14 ngành thiếu nhân lực, cải cách 2024 → 育成就労)	Đặc Định Kĩ Năng
n3_advanced_drafts	batch_0261_0270	R_0270	2025年問題	にせんにじゅうごねんもんだい	vấn đề năm 2025 — khi thế hệ đoàn khối (đoàn塊 世代, sinh 1947-49) đều trên 75 tuổi, áp lực y tế/điều dưỡng tăng đột biến	Niên Vấn Đề
n3_advanced_drafts	batch_0271_0280	R_0271	定着	ていちゃく	trở thành thói quen, ổn định, định hình	Định Trứ
n3_advanced_drafts	batch_0271_0280	R_0271	在宅勤務	ざいたくきんむ	làm việc tại nhà	Tại Trạch Cần Vụ
n3_advanced_drafts	batch_0271_0280	R_0271	両立	りょうりつ	cân bằng hai việc, dung hòa	Lưỡng Lập
n3_advanced_drafts	batch_0271_0280	R_0271	自己管理	じこかんり	tự quản lý bản thân	Tự Kỉ Quản Lí
n3_advanced_drafts	batch_0271_0280	R_0271	信頼	しんらい	sự tin tưởng, niềm tin	Tín Lại
n3_advanced_drafts	batch_0271_0280	R_0271	成果	せいか	kết quả, thành quả	Thành Quả
n3_advanced_drafts	batch_0271_0280	R_0271	ガイドライン	ガイドライン	hướng dẫn, quy định	
n3_advanced_drafts	batch_0271_0280	R_0271	双方	そうほう	cả hai phía, đôi bên	Song Phương
n3_advanced_drafts	batch_0271_0280	R_0271	効率	こうりつ	hiệu quả, hiệu suất	Hiệu Suất
n3_advanced_drafts	batch_0271_0280	R_0271	取り組み	とりくみ	cách tiếp cận, nỗ lực xử lý	Thủ Tổ
n3_advanced_drafts	batch_0271_0280	R_0271	働き方改革	はたらきかたかいかく	cải cách cách làm việc (chính sách nhà nước Nhật Bản)	Động Phương Cải Cách
n3_advanced_drafts	batch_0271_0280	R_0272	活用	かつよう	tận dụng, sử dụng hiệu quả	Hoạt Dụng
n3_advanced_drafts	batch_0271_0280	R_0272	個別化	こべつか	cá nhân hóa	Cá Biệt Hóa
n3_advanced_drafts	batch_0271_0280	R_0272	主体的	しゅたいてき	chủ động, tự giác	Chủ Thể Đích
n3_advanced_drafts	batch_0271_0280	R_0272	双方向	そうほうこう	hai chiều, tương tác qua lại	Song Phương Hướng
n3_advanced_drafts	batch_0271_0280	R_0272	均一	きんいつ	đồng đều, nhất quán	Quân Nhất
n3_advanced_drafts	batch_0271_0280	R_0272	継続	けいぞく	tiếp tục, duy trì	Kế Tục
n3_advanced_drafts	batch_0271_0280	R_0272	制約	せいやく	ràng buộc, hạn chế	Chế Ước
n3_advanced_drafts	batch_0271_0280	R_0272	進度	しんど	tiến độ, mức tiến triển	Tiến Độ
n3_advanced_drafts	batch_0271_0280	R_0272	コンテンツ	コンテンツ	nội dung (content)	
n3_advanced_drafts	batch_0271_0280	R_0272	意欲	いよく	động lực, ham muốn, ý chí	Ý Dục
n3_advanced_drafts	batch_0271_0280	R_0272	生成AI	せいせいエーアイ	AI tạo sinh (generative AI)	Sanh Thành
n3_advanced_drafts	batch_0271_0280	R_0273	育む	はぐくむ	nuôi dưỡng, vun trồng	Dục
n3_advanced_drafts	batch_0271_0280	R_0273	共存	きょうぞん	cùng tồn tại, chung sống	Cộng Tồn
n3_advanced_drafts	batch_0271_0280	R_0273	恩恵	おんけい	ân huệ, lợi ích được ban	Ân Huệ
n3_advanced_drafts	batch_0271_0280	R_0273	生物多様性	せいぶつたようせい	đa dạng sinh học	Sanh Vật Đa Dạng Tính
n3_advanced_drafts	batch_0271_0280	R_0273	伐採	ばっさい	khai thác gỗ, chặt cây	Phạt Thải
n3_advanced_drafts	batch_0271_0280	R_0273	生息地	せいそくち	môi trường sống, nơi cư trú của sinh vật	Sanh Tức Địa
n3_advanced_drafts	batch_0271_0280	R_0273	持続可能	じぞくかのう	bền vững, có thể duy trì lâu dài	Trì Tục Khả Năng
n3_advanced_drafts	batch_0271_0280	R_0273	安らぎ	やすらぎ	sự bình yên, sự thư thái	An
n3_advanced_drafts	batch_0271_0280	R_0273	光合成	こうごうせい	quang hợp	Quang Hợp Thành
n3_advanced_drafts	batch_0271_0280	R_0273	引き継ぐ	ひきつぐ	truyền lại, kế thừa	Dẫn Kế
n3_advanced_drafts	batch_0271_0280	R_0274	習慣化	しゅうかんか	biến thành thói quen, thói quen hóa	Tập Quán Hóa
n3_advanced_drafts	batch_0271_0280	R_0274	継続	けいぞく	tiếp tục, duy trì	Kế Tục
n3_advanced_drafts	batch_0271_0280	R_0274	怠さ	だるさ	uể oải, mệt mỏi rã rời	Đãi
n3_advanced_drafts	batch_0271_0280	R_0274	意欲	いよく	nhiệt huyết, ý chí, động lực	Ý Dục
n3_advanced_drafts	batch_0271_0280	R_0274	繰り返し	くりかえし	sự lặp lại, việc làm đi làm lại	Sào Phản
n3_advanced_drafts	batch_0271_0280	R_0274	性質	せいしつ	tính chất, đặc tính	Tính Chất
n3_advanced_drafts	batch_0271_0280	R_0274	ルーティン	ルーティン	thói quen hằng ngày, quy trình cố định	
n3_advanced_drafts	batch_0271_0280	R_0274	左右される	さゆうされる	bị ảnh hưởng, bị chi phối	Tả Hữu
n3_advanced_drafts	batch_0271_0280	R_0274	確信	かくしん	sự xác tín, niềm tin chắc chắn	Xác Tín
n3_advanced_drafts	batch_0271_0280	R_0274	積み重なる	つみかさなる	tích lũy, chồng chất dần	Tích Trọng
n3_advanced_drafts	batch_0271_0280	R_0275	踏み切る	ふみきる	quyết định dứt khoát, liều mình bước vào	Đạp Thiết
n3_advanced_drafts	batch_0271_0280	R_0275	見つめ直す	みつめなおす	nhìn lại, xem xét lại một cách nghiêm túc	Kiến Trực
n3_advanced_drafts	batch_0271_0280	R_0275	転職	てんしょく	chuyển nghề, thay đổi công việc	Chuyển Chức
n3_advanced_drafts	batch_0271_0280	R_0275	手放す	てばなす	buông bỏ, từ bỏ	Thủ Phóng
n3_advanced_drafts	batch_0271_0280	R_0275	上達	じょうたつ	sự tiến bộ (về kỹ năng)	Thượng Đạt
n3_advanced_drafts	batch_0271_0280	R_0275	インターンシップ	インターンシップ	thực tập (internship)	
n3_advanced_drafts	batch_0271_0280	R_0275	向き合い方	むきあいかた	cách đối mặt, cách tiếp cận	Hướng Hợp Phương
n3_advanced_drafts	batch_0271_0280	R_0275	価値観	かちかん	hệ giá trị, quan niệm về giá trị	Giá Trị Quan
n3_advanced_drafts	batch_0271_0280	R_0275	踏み出す	ふみだす	bước ra, bước tiếp, khởi động	Đạp Xuất
n3_advanced_drafts	batch_0271_0280	R_0275	内側	うちがわ	bên trong, nội tâm	Nội Trắc
n3_advanced_drafts	batch_0271_0280	R_0276	異文化	いぶんか	văn hóa khác, dị văn hóa	Dị Văn Hóa
n3_advanced_drafts	batch_0271_0280	R_0276	尊重	そんちょう	sự tôn trọng	Tôn Trọng
n3_advanced_drafts	batch_0271_0280	R_0276	適応	てきおう	sự thích nghi	Thích Ứng
n3_advanced_drafts	batch_0271_0280	R_0276	戸惑い	とまどい	sự bối rối, ngỡ ngàng	Hộ Hoặc
n3_advanced_drafts	batch_0271_0280	R_0276	敬意	けいい	sự kính trọng, lòng tôn kính	Kính Ý
n3_advanced_drafts	batch_0271_0280	R_0276	思い込み	おもいこみ	sự khư khư tin tưởng, định kiến	Tư Nhập
n3_advanced_drafts	batch_0271_0280	R_0276	視野	しや	tầm nhìn, góc nhìn	Thị Dã
n3_advanced_drafts	batch_0271_0280	R_0276	共感	きょうかん	sự đồng cảm, đồng điệu	Cộng Cảm
n3_advanced_drafts	batch_0271_0280	R_0276	国際交流	こくさいこうりゅう	giao lưu quốc tế	Quốc Tế Giao Lưu
n3_advanced_drafts	batch_0271_0280	R_0276	身振り	みぶり	cử chỉ, ngôn ngữ cơ thể	Thân Chấn
n3_advanced_drafts	batch_0271_0280	R_0277	急速	きゅうそく	nhanh chóng, khẩn cấp	Cấp Tốc
n3_advanced_drafts	batch_0271_0280	R_0277	精密	せいみつ	chính xác, tỉ mỉ	Tinh Mật
n3_advanced_drafts	batch_0271_0280	R_0277	短縮	たんしゅく	rút ngắn	Đoản Súc
n3_advanced_drafts	batch_0271_0280	R_0277	発症メカニズム	はっしょうメカニズム	cơ chế phát sinh bệnh	Phát Chứng
n3_advanced_drafts	batch_0271_0280	R_0277	衝撃	しょうげき	cú sốc, chấn động	Xung Kích
n3_advanced_drafts	batch_0271_0280	R_0277	遺伝子治療	いでんしちりょう	liệu pháp gen	Di Truyền Tử Trì Liệu
n3_advanced_drafts	batch_0271_0280	R_0277	個別化医療	こべつかいりょう	y học cá thể hóa	Cá Biệt Hóa Y Liệu
n3_advanced_drafts	batch_0271_0280	R_0277	膨大	ぼうだい	khổng lồ, rất lớn	Bành Đại
n3_advanced_drafts	batch_0271_0280	R_0277	補助	ほじょ	hỗ trợ, bổ trợ	Bổ Trợ
n3_advanced_drafts	batch_0271_0280	R_0277	慎重	しんちょう	thận trọng, cẩn thận	Thận Trọng
n3_advanced_drafts	batch_0271_0280	R_0277	iPS細胞	アイピーエスさいぼう	tế bào iPS (tế bào gốc cảm ứng đa năng)	Tế Bào
n3_advanced_drafts	batch_0271_0280	R_0277	国民皆保険	こくみんかいほけん	bảo hiểm y tế toàn dân (hệ thống y tế đặc trưng Nhật Bản)	Quốc Dân Giai Bảo Hiểm
n3_advanced_drafts	batch_0271_0280	R_0278	決意	けつい	quyết tâm, quyết định	Quyết Ý
n3_advanced_drafts	batch_0271_0280	R_0278	資金不足	しきんぶそく	thiếu vốn	Tư Kim Bất Túc
n3_advanced_drafts	batch_0271_0280	R_0278	人材確保	じんざいかくほ	tuyển dụng và giữ chân nhân tài	Nhân Tài Xác Bảo
n3_advanced_drafts	batch_0271_0280	R_0278	障害	しょうがい	trở ngại, cản trở	Chướng Hại
n3_advanced_drafts	batch_0271_0280	R_0278	試行錯誤	しこうさくご	thử nghiệm và rút kinh nghiệm (thử sai)	Thí Hành Thác Ngộ
n3_advanced_drafts	batch_0271_0280	R_0278	フィードバック	フィードバック	phản hồi	
n3_advanced_drafts	batch_0271_0280	R_0278	口コミ	くちコミ	truyền miệng, đánh giá	Khẩu
n3_advanced_drafts	batch_0271_0280	R_0278	黒字化	くろじか	đạt lợi nhuận, có lãi	Hắc Tự Hóa
n3_advanced_drafts	batch_0271_0280	R_0278	軌道に乗る	きどうにのる	đi vào quỹ đạo, đi vào ổn định	Quỹ Đạo Thừa
n3_advanced_drafts	batch_0271_0280	R_0278	諦める	あきらめる	từ bỏ, bỏ cuộc	Đế
n3_advanced_drafts	batch_0271_0280	R_0279	絆	きずな	tình thân, sợi dây liên kết	Bán
n3_advanced_drafts	batch_0271_0280	R_0279	瞬間	しゅんかん	khoảnh khắc, thời điểm	Thuấn Gian
n3_advanced_drafts	batch_0271_0280	R_0279	運動会	うんどうかい	lễ hội thể thao (ở trường)	Vận Động Hội
n3_advanced_drafts	batch_0271_0280	R_0279	欠席	けっせき	vắng mặt	Khiếm Tịch
n3_advanced_drafts	batch_0271_0280	R_0279	我慢	がまん	chịu đựng, nhịn	Ngã Mạn
n3_advanced_drafts	batch_0271_0280	R_0279	寂しがる	さびしがる	tỏ ra/cảm thấy cô đơn, nhớ ai	Tịch
n3_advanced_drafts	batch_0271_0280	R_0279	刺さる	ささる	cắm vào, đâm vào (nghĩa bóng: cảm xúc sâu sắc)	Thứ
n3_advanced_drafts	batch_0271_0280	R_0279	見直す	みなおす	xem xét lại, đánh giá lại	Kiến Trực
n3_advanced_drafts	batch_0271_0280	R_0279	残業	ざんぎょう	làm thêm giờ, tăng ca	Tàn Nghiệp
n3_advanced_drafts	batch_0271_0280	R_0279	効率	こうりつ	hiệu suất, hiệu quả	Hiệu Suất
n3_advanced_drafts	batch_0271_0280	R_0279	産後パパ育休	さんごパパいくきゅう	nghỉ phép thai sản cho bố sau sinh (chế độ Nhật Bản từ 2022)	Sản Hậu Dục Hưu
n3_advanced_drafts	batch_0271_0280	R_0280	農村	のうそん	nông thôn, vùng quê	Nông Thôn
n3_advanced_drafts	batch_0271_0280	R_0280	さえずり	さえずり	tiếng chim hót, tiếng líu lo	
n3_advanced_drafts	batch_0271_0280	R_0280	農作業	のうさぎょう	công việc đồng áng, nông nghiệp	Nông Tác Nghiệp
n3_advanced_drafts	batch_0271_0280	R_0280	稲	いね	cây lúa	Đạo
n3_advanced_drafts	batch_0271_0280	R_0280	感触	かんしょく	cảm giác, cảm xúc khi chạm vào	Cảm Xúc
n3_advanced_drafts	batch_0271_0280	R_0280	戸惑う	とまどう	bối rối, lúng túng	Hộ Hoặc
n3_advanced_drafts	batch_0271_0280	R_0280	夕焼け	ゆうやけ	ánh hoàng hôn, ráng chiều	Tịch Thiêu
n3_advanced_drafts	batch_0271_0280	R_0280	共存	きょうぞん	cùng tồn tại, chung sống	Cộng Tồn
n3_advanced_drafts	batch_0271_0280	R_0280	手間	てま	công sức, sự cố gắng	Thủ Gian
n3_advanced_drafts	batch_0271_0280	R_0280	見落とす	みおとす	bỏ qua, không nhận ra	Kiến Lạc
n3_advanced_drafts	batch_0281_0290	R_0281	情報漏洩	じょうほうろうえい	rò rỉ thông tin	Tình Báo Lậu Lệu
n3_advanced_drafts	batch_0281_0290	R_0281	サイバー攻撃	サイバーこうげき	tấn công mạng	Công Kích
n3_advanced_drafts	batch_0281_0290	R_0281	ランサムウェア	ランサムウェア	ransomware, phần mềm tống tiền	
n3_advanced_drafts	batch_0281_0290	R_0281	アクセス権限	アクセスけんげん	quyền truy cập	Quyền Hạn
n3_advanced_drafts	batch_0281_0290	R_0281	外部委託先	がいぶいたくさき	đối tác thuê ngoài	Ngoại Bộ Ủy Thác Tiên
n3_advanced_drafts	batch_0281_0290	R_0281	セキュリティポリシー	セキュリティポリシー	chính sách bảo mật	
n3_advanced_drafts	batch_0281_0290	R_0281	インシデント	インシデント	sự cố (bảo mật)	
n3_advanced_drafts	batch_0281_0290	R_0281	個人情報保護法	こじんじょうほうほごほう	Luật bảo vệ thông tin cá nhân (sửa đổi 2022)	Cá Nhân Tình Báo Bảo Hộ Pháp
n3_advanced_drafts	batch_0281_0290	R_0281	存続	そんぞく	sự tồn tại, sự duy trì	Tồn Tục
n3_advanced_drafts	batch_0281_0290	R_0281	巧妙	こうみょう	tinh vi, khéo léo	Xảo Diệu
n3_advanced_drafts	batch_0281_0290	R_0282	神経伝達物質	しんけいでんたつぶっしつ	chất dẫn truyền thần kinh	Thần Kinh Truyền Đạt Vật Chất
n3_advanced_drafts	batch_0281_0290	R_0282	ドーパミン	ドーパミン	dopamine (chất dẫn truyền thần kinh)	
n3_advanced_drafts	batch_0281_0290	R_0282	心拍数	しんぱくすう	nhịp tim	Tâm Phách Sổ
n3_advanced_drafts	batch_0281_0290	R_0282	音楽療法	おんがくりょうほう	âm nhạc trị liệu	Âm Lạc Liệu Pháp
n3_advanced_drafts	batch_0281_0290	R_0282	臨床試験	りんしょうしけん	thử nghiệm lâm sàng	Lâm Sàng Thí Nghiệm
n3_advanced_drafts	batch_0281_0290	R_0282	認知症	にんちしょう	chứng sa sút trí tuệ, bệnh mất trí nhớ	Nhận Tri Chứng
n3_advanced_drafts	batch_0281_0290	R_0282	鎮痛剤	ちんつうざい	thuốc giảm đau	Trấn Thống Tễ
n3_advanced_drafts	batch_0281_0290	R_0282	普遍性	ふへんせい	tính phổ quát	Phổ Biến Tính
n3_advanced_drafts	batch_0281_0290	R_0282	解明	かいめい	làm sáng tỏ, giải mã (vấn đề khoa học)	Giải Minh
n3_advanced_drafts	batch_0281_0290	R_0282	うつ病	うつびょう	bệnh trầm cảm	Bệnh
n3_advanced_drafts	batch_0281_0290	R_0283	障害	しょうがい	khuyết tật, trở ngại	Chướng Hại
n3_advanced_drafts	batch_0281_0290	R_0283	並外れた	なみはずれた	phi thường, vượt trội	Tịnh Ngoại
n3_advanced_drafts	batch_0281_0290	R_0283	義足	ぎそく	chân giả	Nghĩa Túc
n3_advanced_drafts	batch_0281_0290	R_0283	挫折	ざせつ	thất bại, bỏ cuộc	Toa Chiết
n3_advanced_drafts	batch_0281_0290	R_0283	励まし	はげまし	sự động viên, khích lệ	Lệ
n3_advanced_drafts	batch_0281_0290	R_0283	宿る	やどる	trú ngụ, ẩn chứa	Túc
n3_advanced_drafts	batch_0281_0290	R_0283	自己ベスト	じこベスト	kỷ lục cá nhân	Tự Kỉ
n3_advanced_drafts	batch_0281_0290	R_0283	表彰台	ひょうしょうだい	bục vinh quang, bục khen thưởng	Biểu Chương Thai
n3_advanced_drafts	batch_0281_0290	R_0283	勝敗	しょうはい	thắng thua	Thắng Bại
n3_advanced_drafts	batch_0281_0290	R_0283	象徴	しょうちょう	biểu tượng	Tượng Trưng
n3_advanced_drafts	batch_0281_0290	R_0284	志願者	しがんしゃ	tình nguyện viên, người tự nguyện	Chí Nguyện Giả
n3_advanced_drafts	batch_0281_0290	R_0284	派遣	はけん	sự phái cử, cử đi	Phái Khiển
n3_advanced_drafts	batch_0281_0290	R_0284	分野	ぶんや	lĩnh vực	Phân Dã
n3_advanced_drafts	batch_0281_0290	R_0284	課題	かだい	vấn đề, nhiệm đề	Khóa Đề
n3_advanced_drafts	batch_0281_0290	R_0284	貢献	こうけん	sự đóng góp, cống hiến	Cống Hiến
n3_advanced_drafts	batch_0281_0290	R_0284	読み聞かせる	よみきかせる	đọc cho nghe (truyện)	Độc Văn
n3_advanced_drafts	batch_0281_0290	R_0284	言葉の壁	ことばのかべ	rào cản ngôn ngữ	Ngôn Diệp Bích
n3_advanced_drafts	batch_0281_0290	R_0284	実感する	じっかんする	thực sự cảm nhận được, cảm thấy thực sự	Thực Cảm
n3_advanced_drafts	batch_0281_0290	R_0284	証言する	しょうげんする	chứng nhận, làm chứng	Chứng Ngôn
n3_advanced_drafts	batch_0281_0290	R_0284	積み重なる	つみかさなる	tích lũy, chồng chất lên	Tích Trọng
n3_advanced_drafts	batch_0281_0290	R_0285	特別支援教育	とくべつしえんきょういく	giáo dục đặc biệt, giáo dục hỗ trợ đặc biệt	Đặc Biệt Chi Viên Giáo Dục
n3_advanced_drafts	batch_0281_0290	R_0285	発達	はったつ	sự phát triển	Phát Đạt
n3_advanced_drafts	batch_0281_0290	R_0285	特性	とくせい	đặc tính, đặc điểm riêng	Đặc Tính
n3_advanced_drafts	batch_0281_0290	R_0285	寄り添う	よりそう	đồng hành, sát cánh bên cạnh	Kí Thiêm
n3_advanced_drafts	batch_0281_0290	R_0285	尊重する	そんちょうする	tôn trọng	Tôn Trọng
n3_advanced_drafts	batch_0281_0290	R_0285	自閉スペクトラム症	じへいスペクトラムしょう	rối loạn phổ tự kỷ	Tự Bế Chứng
n3_advanced_drafts	batch_0281_0290	R_0285	忍耐	にんたい	sự kiên nhẫn, nhẫn nại	Nhẫn Nại
n3_advanced_drafts	batch_0281_0290	R_0285	見守る	みまもる	quan sát bảo hộ, theo dõi bảo vệ	Kiến Thủ
n3_advanced_drafts	batch_0281_0290	R_0285	引き出す	ひきだす	kéo ra, khai thác, phát huy	Dẫn Xuất
n3_advanced_drafts	batch_0281_0290	R_0285	輝く	かがやく	tỏa sáng, rực rỡ	Huy
n3_advanced_drafts	batch_0281_0290	R_0286	精神性	せいしんせい	tính chất tinh thần, chiều sâu tinh thần	Tinh Thần Tính
n3_advanced_drafts	batch_0281_0290	R_0286	にじり口	にじりぐち	cửa nhỏ trong phòng trà (buộc người vào phải cúi người)	Khẩu
n3_advanced_drafts	batch_0281_0290	R_0286	身分	みぶん	địa vị xã hội, thân phận	Thân Phân
n3_advanced_drafts	batch_0281_0290	R_0286	一期一会	いちごいちえ	một lần gặp gỡ duy nhất trong đời (triết lý trà đạo)	Nhất Kì Nhất Hội
n3_advanced_drafts	batch_0281_0290	R_0286	お点前	おてまえ	nghi thức pha trà, cách pha trà chuẩn mực	Điểm Tiền
n3_advanced_drafts	batch_0281_0290	R_0286	心遣い	こころづかい	sự quan tâm, sự chăm sóc ân cần	Tâm Khiển
n3_advanced_drafts	batch_0281_0290	R_0286	茶杓	ちゃしゃく	muỗng trà (dụng cụ múc bột matcha)	Trà Thược
n3_advanced_drafts	batch_0281_0290	R_0286	間	ま	khoảng trống, khoảng lặng (khái niệm thẩm mỹ Nhật)	Gian
n3_advanced_drafts	batch_0281_0290	R_0286	情報過多	じょうほうかた	tràn ngập thông tin, quá nhiều thông tin	Tình Báo Quá Đa
n3_advanced_drafts	batch_0281_0290	R_0286	静寂	せいじゃく	sự tĩnh lặng, sự im ắng hoàn toàn	Tĩnh Tịch
n3_advanced_drafts	batch_0281_0290	R_0287	公共交通機関	こうきょうこうつうきかん	phương tiện giao thông công cộng	Công Cộng Giao Thông Ki Quan
n3_advanced_drafts	batch_0281_0290	R_0287	地方自治体	ちほうじちたい	chính quyền địa phương	Địa Phương Tự Trì Thể
n3_advanced_drafts	batch_0281_0290	R_0287	莫大	ばくだい	khổng lồ, to lớn (về số lượng/giá trị)	Mạc Đại
n3_advanced_drafts	batch_0281_0290	R_0287	自家用車	じかようしゃ	xe riêng, xe cá nhân	Tự Gia Dụng Xa
n3_advanced_drafts	batch_0281_0290	R_0287	排気ガス	はいきガス	khí thải (từ phương tiện giao thông)	Bài Khí
n3_advanced_drafts	batch_0281_0290	R_0287	二酸化炭素	にさんかたんそ	carbon dioxide, khí CO₂	Nhị Toan Hóa Thán Tố
n3_advanced_drafts	batch_0281_0290	R_0287	持続可能	じぞくかのう	bền vững, có thể duy trì lâu dài	Trì Tục Khả Năng
n3_advanced_drafts	batch_0281_0290	R_0287	パークアンドライド	パークアンドライド	hệ thống đỗ xe + đi tàu (park-and-ride)	
n3_advanced_drafts	batch_0281_0290	R_0287	好循環	こうじゅんかん	vòng tròn tích cực, chu kỳ thuận lợi	Hảo Tuần Hoàn
n3_advanced_drafts	batch_0281_0290	R_0287	都市計画	としけいかく	quy hoạch đô thị	Đô Thị Kế Họa
n3_advanced_drafts	batch_0281_0290	R_0287	ライドシェア	ライドシェア	ride-share, dịch vụ chia sẻ chuyến xe	
n3_advanced_drafts	batch_0281_0290	R_0287	MaaS	マース	Mobility as a Service - dịch vụ di chuyển tích hợp	
n3_advanced_drafts	batch_0281_0290	R_0288	認知機能	にんちきのう	chức năng nhận thức (trí nhớ, tư duy, phán đoán)	Nhận Tri Ki Năng
n3_advanced_drafts	batch_0281_0290	R_0288	オメガ3脂肪酸	オメガスリーしぼうさん	axit béo omega-3	Chi Phương Toan
n3_advanced_drafts	batch_0281_0290	R_0288	神経細胞	しんけいさいぼう	tế bào thần kinh	Thần Kinh Tế Bào
n3_advanced_drafts	batch_0281_0290	R_0288	腸内環境	ちょうないかんきょう	môi trường đường ruột, hệ vi sinh đường ruột	Tràng Nội Hoàn Cảnh
n3_advanced_drafts	batch_0281_0290	R_0288	発酵食品	はっこうしょくひん	thực phẩm lên men (sữa chua, miso, tương...)	Phát Diếu Thực Phẩm
n3_advanced_drafts	batch_0281_0290	R_0288	ブドウ糖	ブドウとう	glucose, đường nho	Đường
n3_advanced_drafts	batch_0281_0290	R_0288	脱水	だっすい	mất nước, thiếu nước trong cơ thể	Thoát Thủy
n3_advanced_drafts	batch_0281_0290	R_0288	炎症	えんしょう	tình trạng viêm, viêm nhiễm	Viêm Chứng
n3_advanced_drafts	batch_0281_0290	R_0288	裏付ける	うらづける	chứng minh, xác nhận bằng bằng chứng	Lí Phó
n3_advanced_drafts	batch_0281_0290	R_0288	解明	かいめい	làm sáng tỏ, giải mã (vấn đề khoa học)	Giải Minh
n3_advanced_drafts	batch_0281_0290	R_0288	機能性表示食品	きのうせいひょうじしょくひん	thực phẩm khai báo chức năng (nhãn do DN tự công bố)	Ki Năng Tính Biểu Kì Thực Phẩm
n3_advanced_drafts	batch_0281_0290	R_0289	師匠	ししょう	người thầy, bậc thầy (trong nghề)	Sư Tượng
n3_advanced_drafts	batch_0281_0290	R_0289	寡黙	かもく	ít nói, trầm lặng	Quả Mặc
n3_advanced_drafts	batch_0281_0290	R_0289	姿勢	しせい	thái độ, tư thế, cách đối xử	Tư Thế
n3_advanced_drafts	batch_0281_0290	R_0289	思いやる	おもいやる	quan tâm, thông cảm với người khác	Tư
n3_advanced_drafts	batch_0281_0290	R_0289	積み重ね	つみかさね	sự tích lũy, dồn dần	Tích Trọng
n3_advanced_drafts	batch_0281_0290	R_0289	黙々と	もくもくと	lặng lẽ, âm thầm, không nói gì	Mặc
n3_advanced_drafts	batch_0281_0290	R_0289	後輩	こうはい	đàn em, người đến sau	Hậu Bối
n3_advanced_drafts	batch_0281_0290	R_0289	言語化	げんごか	diễn đạt bằng ngôn ngữ, ngôn ngữ hóa	Ngôn Ngữ Hóa
n3_advanced_drafts	batch_0281_0290	R_0289	近況	きんきょう	tình hình gần đây, tin tức mới nhất	Cận Huống
n3_advanced_drafts	batch_0281_0290	R_0289	恩返し	おんがえし	sự đền ơn, báo đáp ân tình	Ân Phản
n3_advanced_drafts	batch_0281_0290	R_0289	後継者	こうけいしゃ	người kế thừa, người nối nghề	Hậu Kế Giả
n3_advanced_drafts	batch_0281_0290	R_0290	生き残る	いきのこる	sống sót, còn sống	Sanh Tàn
n3_advanced_drafts	batch_0281_0290	R_0290	瞬く間に	またたくまに	trong chớp mắt, rất nhanh	Thuấn Gian
n3_advanced_drafts	batch_0281_0290	R_0290	取り残される	とりのこされる	bị bỏ lại, bị bỏ rơi	Thủ Tàn
n3_advanced_drafts	batch_0281_0290	R_0290	絆	きずな	mối liên kết, dây kết nối cảm xúc	Bán
n3_advanced_drafts	batch_0281_0290	R_0290	分かち合う	わかちあう	cùng chia sẻ, san sẻ với nhau	Phân Hợp
n3_advanced_drafts	batch_0281_0290	R_0290	癒す	いやす	chữa lành, xoa dịu	Dũ
n3_advanced_drafts	batch_0281_0290	R_0290	見いだす	みいだす	tìm thấy, khám phá ra	Kiến
n3_advanced_drafts	batch_0281_0290	R_0290	復興	ふっこう	phục hồi, tái thiết	Phục Hưng
n3_advanced_drafts	batch_0281_0290	R_0290	刻み込む	きざみこむ	khắc sâu, ghi nhớ sâu sắc	Khắc Nhập
n3_advanced_drafts	batch_0281_0290	R_0290	互いに	たがいに	lẫn nhau, qua lại	Hỗ
n3_advanced_drafts	batch_0281_0290	R_0290	こころのケア	こころのケア	chăm sóc tâm lý, chăm sóc sức khỏe tâm thần	
n3_advanced_drafts	batch_0291_0300	R_0291	協働	きょうどう	sự hợp tác, cùng làm việc	Hiệp Động
n3_advanced_drafts	batch_0291_0300	R_0291	目覚ましい	めざましい	đáng chú ý, nổi bật, ấn tượng	Mục Giác
n3_advanced_drafts	batch_0291_0300	R_0291	点検	てんけん	kiểm tra, xem xét	Điểm Kiểm
n3_advanced_drafts	batch_0291_0300	R_0291	反復作業	はんぷくさぎょう	công việc lặp đi lặp lại	Phản Phục Tác Nghiệp
n3_advanced_drafts	batch_0291_0300	R_0291	不可欠	ふかけつ	không thể thiếu, cần thiết	Bất Khả Khiếm
n3_advanced_drafts	batch_0291_0300	R_0291	補助	ほじょ	hỗ trợ, bổ trợ	Bổ Trợ
n3_advanced_drafts	batch_0291_0300	R_0291	相互補完	そうごほかん	bổ sung lẫn nhau, tương hỗ	Tương Hỗ Bổ Hoàn
n3_advanced_drafts	batch_0291_0300	R_0291	普及	ふきゅう	sự phổ biến, lan rộng	Phổ Cập
n3_advanced_drafts	batch_0291_0300	R_0291	再訓練	さいくんれん	đào tạo lại, huấn luyện lại	Tái Huấn Luyện
n3_advanced_drafts	batch_0291_0300	R_0291	意識改革	いしきかいかく	cải cách nhận thức, thay đổi tư duy	Ý Thức Cải Cách
n3_advanced_drafts	batch_0291_0300	R_0291	生成AI	せいせいエーアイ	AI tạo sinh (generative AI)	Sanh Thành
n3_advanced_drafts	batch_0291_0300	R_0292	彩る	いろどる	tô điểm, trang trí rực rỡ	Thải
n3_advanced_drafts	batch_0291_0300	R_0292	提灯	ちょうちん	đèn lồng	Đề Đăng
n3_advanced_drafts	batch_0291_0300	R_0292	活気	かっき	sức sống, sinh khí	Hoạt Khí
n3_advanced_drafts	batch_0291_0300	R_0292	根ざす	ねざす	bắt nguồn từ, có gốc rễ ở (根ざした = dạng quá khứ, dùng như tính từ)	Căn
n3_advanced_drafts	batch_0291_0300	R_0292	習わし	ならわし	phong tục, tập quán	Tập
n3_advanced_drafts	batch_0291_0300	R_0292	受け継がれる	うけつがれる	được kế thừa, được truyền lại	Thụ Kế
n3_advanced_drafts	batch_0291_0300	R_0292	一丸となる	いちがんとなる	cùng nhau đoàn kết thành một khối (一丸となって = dạng て, kết hợp hành động)	Nhất Hoàn
n3_advanced_drafts	batch_0291_0300	R_0292	絆	きずな	sợi dây gắn kết, tình nghĩa	Bán
n3_advanced_drafts	batch_0291_0300	R_0292	象徴する	しょうちょうする	tượng trưng, biểu tượng cho	Tượng Trưng
n3_advanced_drafts	batch_0291_0300	R_0292	固有の	こゆうの	đặc trưng, riêng có	Cố Hữu
n3_advanced_drafts	batch_0291_0300	R_0293	生態系	せいたいけい	hệ sinh thái	Sanh Thái Hệ
n3_advanced_drafts	batch_0291_0300	R_0293	削減する	さくげんする	giảm thiểu, cắt giảm	Tước Giảm
n3_advanced_drafts	batch_0291_0300	R_0293	レジ袋	レジぶくろ	túi nilon (túi thanh toán)	Đại
n3_advanced_drafts	batch_0291_0300	R_0293	有料化	ゆうりょうか	việc thu phí, chuyển sang có tính tiền	Hữu Liêu Hóa
n3_advanced_drafts	batch_0291_0300	R_0293	廃止	はいし	bãi bỏ, hủy bỏ	Phế Chỉ
n3_advanced_drafts	batch_0291_0300	R_0293	取り組む	とりくむ	nỗ lực giải quyết, dấn thân vào	Thủ Tổ
n3_advanced_drafts	batch_0291_0300	R_0293	啓発	けいはつ	nâng cao nhận thức, khai sáng	Khải Phát
n3_advanced_drafts	batch_0291_0300	R_0293	マイクロプラスチック	マイクロプラスチック	vi nhựa, hạt nhựa siêu nhỏ	
n3_advanced_drafts	batch_0291_0300	R_0293	食物連鎖	しょくもつれんさ	chuỗi thức ăn	Thực Vật Liên Tỏa
n3_advanced_drafts	batch_0291_0300	R_0293	依存	いぞん	sự phụ thuộc	Y Tồn
n3_advanced_drafts	batch_0291_0300	R_0293	プラスチック資源循環促進法	プラスチックしげんじゅんかんそくしんほう	Luật Thúc đẩy Tuần hoàn Tài nguyên Nhựa (ban hành 2022)	Tư Nguyên Tuần Hoàn Xúc Tiến Pháp
n3_advanced_drafts	batch_0291_0300	R_0294	幸福感	こうふくかん	cảm giác hạnh phúc	Hạnh Phúc Cảm
n3_advanced_drafts	batch_0291_0300	R_0294	相関する	そうかんする	tương quan với nhau	Tương Quan
n3_advanced_drafts	batch_0291_0300	R_0294	集団主義	しゅうだんしゅぎ	chủ nghĩa tập thể	Tập Đoàn Chủ Nghĩa
n3_advanced_drafts	batch_0291_0300	R_0294	個人主義	こじんしゅぎ	chủ nghĩa cá nhân	Cá Nhân Chủ Nghĩa
n3_advanced_drafts	batch_0291_0300	R_0294	達成感	たっせいかん	cảm giác thành tựu, cảm giác hoàn thành	Đạt Thành Cảm
n3_advanced_drafts	batch_0291_0300	R_0294	精神的	せいしんてき	thuộc về tinh thần, tâm lý	Tinh Thần Đích
n3_advanced_drafts	batch_0291_0300	R_0294	遺伝的	いでんてき	thuộc về di truyền	Di Truyền Đích
n3_advanced_drafts	batch_0291_0300	R_0294	双子研究	ふたごけんきゅう	nghiên cứu trên cặp sinh đôi	Song Tử Nghiên Cứu
n3_advanced_drafts	batch_0291_0300	R_0294	明らかになる	あきらかになる	được làm rõ, trở nên rõ ràng	Minh
n3_advanced_drafts	batch_0291_0300	R_0294	一致して	いっちして	một cách nhất quán, đồng thuận	Nhất Trí
n3_advanced_drafts	batch_0291_0300	R_0295	見守る	みまもる	theo dõi, trông chừng (với sự quan tâm)	Kiến Thủ
n3_advanced_drafts	batch_0291_0300	R_0295	活用する	かつようする	tận dụng, sử dụng hiệu quả	Hoạt Dụng
n3_advanced_drafts	batch_0291_0300	R_0295	繋がる	つながる	kết nối, liên lạc được với nhau	Hệ
n3_advanced_drafts	batch_0291_0300	R_0295	血圧	けつあつ	huyết áp	Huyết Áp
n3_advanced_drafts	batch_0291_0300	R_0295	歩数	ほすう	số bước chân	Bộ Sổ
n3_advanced_drafts	batch_0291_0300	R_0295	体調	たいちょう	tình trạng sức khỏe, thể trạng	Thể Điều
n3_advanced_drafts	batch_0291_0300	R_0295	帰省	きせい	về thăm quê, về nhà	Quy Tỉnh
n3_advanced_drafts	batch_0291_0300	R_0295	緊急時	きんきゅうじ	lúc khẩn cấp, trường hợp khẩn cấp	Khẩn Cấp Thì
n3_advanced_drafts	batch_0291_0300	R_0295	絆	きずな	sợi dây gắn kết, mối liên kết	Bán
n3_advanced_drafts	batch_0291_0300	R_0295	体制	たいせい	hệ thống, cơ chế, thể chế	Thể Chế
n3_advanced_drafts	batch_0291_0300	R_0295	介護保険	かいごほけん	bảo hiểm chăm sóc (chế độ bảo hiểm chăm sóc người cao tuổi của Nhật, bắt đầu 2000)	Giới Hộ Bảo Hiểm
n3_advanced_drafts	batch_0291_0300	R_0296	根付く	ねづく	ăn sâu, bén rễ, trở nên thấm nhuần	Căn Phó
n3_advanced_drafts	batch_0291_0300	R_0296	形成する	けいせいする	hình thành, tạo nên	Hình Thành
n3_advanced_drafts	batch_0291_0300	R_0296	関わる	かかわる	liên quan đến, có dính líu đến	Quan
n3_advanced_drafts	batch_0291_0300	R_0296	理念	りねん	triết lý, lý tưởng, nguyên tắc	Lí Niệm
n3_advanced_drafts	batch_0291_0300	R_0296	行動指針	こうどうししん	phương châm hành động, kim chỉ nam	Hành Động Chỉ Châm
n3_advanced_drafts	batch_0291_0300	R_0296	一体感	いったいかん	cảm giác đoàn kết, cảm giác hợp nhất	Nhất Thể Cảm
n3_advanced_drafts	batch_0291_0300	R_0296	浸透する	しんとうする	thấm nhuần, lan rộng, thâm nhập	Tẩm Thấu
n3_advanced_drafts	batch_0291_0300	R_0296	一朝一夕	いっちょういっせき	trong một sớm một chiều (thường dùng phủ định)	Nhất Triêu Nhất Tịch
n3_advanced_drafts	batch_0291_0300	R_0296	継承	けいしょう	sự kế thừa, tiếp nối	Kế Thừa
n3_advanced_drafts	batch_0291_0300	R_0296	端々	はしばし	từng góc khuất, từng chi tiết nhỏ, đây đó	Đoan
n3_advanced_drafts	batch_0291_0300	R_0297	広げる	ひろげる	mở rộng, khuếch đại	Quảng
n3_advanced_drafts	batch_0291_0300	R_0297	深める	ふかめる	làm sâu thêm, làm phong phú thêm	Thâm
n3_advanced_drafts	batch_0291_0300	R_0297	気づく	きづく	nhận ra, nhận thức được (気づかせる = thể sai khiến: khiến người khác nhận ra)	Khí
n3_advanced_drafts	batch_0291_0300	R_0297	視野	しや	tầm nhìn, góc nhìn, phạm vi quan sát	Thị Dã
n3_advanced_drafts	batch_0291_0300	R_0297	対話	たいわ	đối thoại, trò chuyện hai chiều	Đối Thoại
n3_advanced_drafts	batch_0291_0300	R_0297	常識	じょうしき	thường thức, lẽ thường, điều hiển nhiên	Thường Thức
n3_advanced_drafts	batch_0291_0300	R_0297	共感する	きょうかんする	đồng cảm, cảm thông	Cộng Cảm
n3_advanced_drafts	batch_0291_0300	R_0297	醍醐味	だいごみ	điều thú vị nhất, hương vị đích thực, tinh túy	Đề Cô Vị
n3_advanced_drafts	batch_0291_0300	R_0297	電子書籍	でんししょせき	sách điện tử	Điện Tử Thư Tịch
n3_advanced_drafts	batch_0291_0300	R_0297	普及する	ふきゅうする	phổ biến, lan rộng, trở nên thông dụng	Phổ Cập
n3_advanced_drafts	batch_0291_0300	R_0298	忍耐力	にんたいりょく	sức chịu đựng, sức kiên nhẫn	Nhẫn Nại Lực
n3_advanced_drafts	batch_0291_0300	R_0298	積み重ね	つみかさね	sự tích lũy, dồn dần	Tích Trọng
n3_advanced_drafts	batch_0291_0300	R_0298	痛感する	つうかんする	nhận ra sâu sắc, thấm thía	Thống Cảm
n3_advanced_drafts	batch_0291_0300	R_0298	不快感	ふかいかん	cảm giác khó chịu, cảm giác bất ổn	Bất Khoái Cảm
n3_advanced_drafts	batch_0291_0300	R_0298	逆境	ぎゃっきょう	nghịch cảnh, hoàn cảnh bất lợi	Nghịch Cảnh
n3_advanced_drafts	batch_0291_0300	R_0298	粘り強い	ねばりづよい	bền bỉ, kiên trì, dai	Niêm Cường
n3_advanced_drafts	batch_0291_0300	R_0298	有意義	ゆういぎ	có ý nghĩa, bổ ích	Hữu Ý Nghĩa
n3_advanced_drafts	batch_0291_0300	R_0298	我慢	がまん	nhẫn nhịn, chịu đựng	Ngã Mạn
n3_advanced_drafts	batch_0291_0300	R_0298	試練	しれん	thử thách, sự thử thách	Thí Luyện
n3_advanced_drafts	batch_0291_0300	R_0298	精神的	せいしんてき	thuộc tinh thần, về mặt tinh thần	Tinh Thần Đích
n3_advanced_drafts	batch_0291_0300	R_0298	燃え尽き症候群	もえつきしょうこうぐん	hội chứng kiệt sức (burnout), tình trạng kiệt sức tinh thần do cố gắng quá mức	Nhiên Tẫn Chứng Hậu Quần
n3_advanced_drafts	batch_0291_0300	R_0299	教訓	きょうくん	bài học, bài học kinh nghiệm	Giáo Huấn
n3_advanced_drafts	batch_0291_0300	R_0299	裏付け	うらづけ	nền tảng, căn cứ, sự chứng thực	Lí Phó
n3_advanced_drafts	batch_0291_0300	R_0299	定着する	ていちゃくする	định hình, bám chắc, trở nên ổn định	Định Trứ
n3_advanced_drafts	batch_0291_0300	R_0299	実力	じつりょく	thực lực, năng lực thực sự	Thực Lực
n3_advanced_drafts	batch_0291_0300	R_0299	当てはめる	あてはめる	áp dụng, đặt vào, gắn vào	Đương
n3_advanced_drafts	batch_0291_0300	R_0299	養われる	やしなわれる	được nuôi dưỡng, được phát triển (bị động)	Dưỡng
n3_advanced_drafts	batch_0291_0300	R_0299	問題解決能力	もんだいかいけつのうりょく	năng lực giải quyết vấn đề	Vấn Đề Giải Quyết Năng Lực
n3_advanced_drafts	batch_0291_0300	R_0299	実践	じっせん	thực tiễn, thực hành	Thực Tiễn
n3_advanced_drafts	batch_0291_0300	R_0299	戸惑う	とまどう	bối rối, lúng túng	Hộ Hoặc
n3_advanced_drafts	batch_0291_0300	R_0299	条件	じょうけん	điều kiện, yêu cầu	Điều Kiện
n3_advanced_drafts	batch_0291_0300	R_0299	リスキリング	リスキリング	reskilling, đào tạo lại kỹ năng (học kỹ năng mới để thích nghi với thị trường lao động thay đổi)	
n3_advanced_drafts	batch_0291_0300	R_0300	ジェンダー平等	びょうどう	bình đẳng giới (ジェンダー là lối từ tiếng Anh 'gender'; 平等 đọc là びょうどう)	Bình Đẳng
n3_advanced_drafts	batch_0291_0300	R_0300	管理職	かんりしょく	vị trí quản lý, chức vụ quản lý	Quản Lí Chức
n3_advanced_drafts	batch_0291_0300	R_0300	育児休暇	いくじきゅうか	nghỉ phép nuôi con, nghỉ thai sản	Dục Nhi Hưu Hạ
n3_advanced_drafts	batch_0291_0300	R_0300	固定化	こていか	sự cố định hóa, trở nên cứng nhắc	Cố Định Hóa
n3_advanced_drafts	batch_0291_0300	R_0300	性別役割	せいべつやくわり	vai trò giới tính, phân công vai trò theo giới	Tính Biệt Dịch Cát
n3_advanced_drafts	batch_0291_0300	R_0300	一朝一夕	いっちょういっせき	chỉ sau một sớm một chiều (thành ngữ)	Nhất Triêu Nhất Tịch
n3_advanced_drafts	batch_0291_0300	R_0300	両立	りょうりつ	cân bằng, duy trì cả hai cùng lúc	Lưỡng Lập
n3_advanced_drafts	batch_0291_0300	R_0300	偏る	かたよる	thiên lệch, nghiêng về một phía	Thiên
n3_advanced_drafts	batch_0291_0300	R_0300	変革	へんかく	sự đổi thay, cải cách	Biến Cách
n3_advanced_drafts	batch_0291_0300	R_0300	主体的	しゅたいてき	chủ động, tự chủ	Chủ Thể Đích
n3_advanced_drafts	batch_0291_0300	R_0300	LGBT理解増進法	エルジービーティーりかいぞうしんほう	Luật xúc tiến hiểu biết về LGBT (thành lập năm 2023, nhằm tăng cường hiểu biết và thúc đẩy bình đẳng cho cộng đồng LGBT)	Lí Giải Tăng Tiến Pháp
n3_advanced_drafts	batch_0301_0310	R_0301	干ばつ	かんばつ	hạn hán	Kiền
n3_advanced_drafts	batch_0301_0310	R_0301	貯水池	ちょすいち	hồ chứa nước, bể chứa nước	Trữ Thủy Trì
n3_advanced_drafts	batch_0301_0310	R_0301	収穫量	しゅうかくりょう	sản lượng thu hoạch	Thu Hoạch Lượng
n3_advanced_drafts	batch_0301_0310	R_0301	砂漠化	さばくか	sa mạc hóa	Sa Mạc Hóa
n3_advanced_drafts	batch_0301_0310	R_0301	廃業	はいぎょう	đóng cửa kinh doanh, ngừng hoạt động	Phế Nghiệp
n3_advanced_drafts	batch_0301_0310	R_0301	飼料	しりょう	thức ăn chăn nuôi, thức ăn gia súc	Tự Liêu
n3_advanced_drafts	batch_0301_0310	R_0301	荒地	あれち	đất hoang, đất bỏ hoang	Hoang Địa
n3_advanced_drafts	batch_0301_0310	R_0301	頻度	ひんど	tần suất, tần số	Tần Độ
n3_advanced_drafts	batch_0301_0310	R_0301	持続可能	じぞくかのう	bền vững, có thể duy trì lâu dài	Trì Tục Khả Năng
n3_advanced_drafts	batch_0301_0310	R_0301	余儀なくされる	よぎなくされる	bị buộc phải, không có lựa chọn nào khác	Dư Nghi
n3_advanced_drafts	batch_0301_0310	R_0301	線状降水帯	せんじょうこうすいたい	dải mưa tuyến tính — vùng mưa cực lớn hình thành do đối lưu liên tiếp, gây lũ lụt nghiêm trọng	Tuyến Trạng Hàng Thủy Đới
n3_advanced_drafts	batch_0301_0310	R_0302	概日リズム	がいじつリズム	nhịp sinh học, nhịp điệu ngày đêm (circadian rhythm)	Khái Nhật
n3_advanced_drafts	batch_0301_0310	R_0302	メラトニン	メラトニン	melatonin (hormone điều chỉnh giấc ngủ)	
n3_advanced_drafts	batch_0301_0310	R_0302	免疫力	めんえきりょく	sức miễn dịch, khả năng miễn dịch	Miễn Dịch Lực
n3_advanced_drafts	batch_0301_0310	R_0302	慢性的	まんせいてき	mãn tính, kéo dài	Mạn Tính Đích
n3_advanced_drafts	batch_0301_0310	R_0302	定着する	ていちゃくする	định hình, bám rễ, được củng cố	Định Trứ
n3_advanced_drafts	batch_0301_0310	R_0302	成長ホルモン	せいちょうホルモン	hormone tăng trưởng	Thành Trường
n3_advanced_drafts	batch_0301_0310	R_0302	割合	わりあい	tỷ lệ, tỷ phần	Cát Hợp
n3_advanced_drafts	batch_0301_0310	R_0302	放置する	ほうちする	bỏ qua, để mặc, không xử lý	Phóng Trí
n3_advanced_drafts	batch_0301_0310	R_0302	短眠	たんみん	thiếu ngủ, ngủ ít	Đoản Miên
n3_advanced_drafts	batch_0301_0310	R_0302	不可欠	ふかけつ	không thể thiếu, cần thiết tuyệt đối	Bất Khả Khiếm
n3_advanced_drafts	batch_0301_0310	R_0303	無形文化遺産	むけいぶんかいさん	Di sản Văn hóa Phi vật thể	Vô Hình Văn Hóa Di Sản
n3_advanced_drafts	batch_0301_0310	R_0303	美食家	びしょくか	người sành ăn, thực khách sành ăn	Mĩ Thực Gia
n3_advanced_drafts	batch_0301_0310	R_0303	調理哲学	ちょうりてつがく	triết lý nấu ăn, tư tưởng về việc nấu ăn	Điều Lí Triết Học
n3_advanced_drafts	batch_0301_0310	R_0303	好循環	こうじゅんかん	vòng tuần hoàn tích cực, vòng lặp tốt	Hảo Tuần Hoàn
n3_advanced_drafts	batch_0301_0310	R_0303	存在感	そんざいかん	sự hiện diện, cảm giác tồn tại đáng kể	Tồn Tại Cảm
n3_advanced_drafts	batch_0301_0310	R_0303	普及	ふきゅう	sự phổ biến, sự lan rộng	Phổ Cập
n3_advanced_drafts	batch_0301_0310	R_0303	素材	そざい	nguyên liệu thô, thực phẩm tươi nguyên bản	Tố Tài
n3_advanced_drafts	batch_0301_0310	R_0303	継承	けいしょう	kế thừa, truyền lại	Kế Thừa
n3_advanced_drafts	batch_0301_0310	R_0303	確固たる	かっこたる	vững chắc, kiên định, không lay chuyển	Xác Cố
n3_advanced_drafts	batch_0301_0310	R_0303	認定	にんてい	sự công nhận, chứng nhận (chính thức)	Nhận Định
n3_advanced_drafts	batch_0301_0310	R_0303	伝統的酒造り	でんとうてきさけづくり	nghề nấu rượu truyền thống Nhật Bản (được UNESCO công nhận 12/2024)	Truyền Thống Đích Tửu Tạo
n3_advanced_drafts	batch_0301_0310	R_0304	移行	いこう	sự chuyển đổi, sự dịch chuyển sang	Di Hành
n3_advanced_drafts	batch_0301_0310	R_0304	電動化	でんどうか	điện khí hóa, chuyển sang dùng điện	Điện Động Hóa
n3_advanced_drafts	batch_0301_0310	R_0304	航続距離	こうぞくきょり	phạm vi di chuyển, tầm hoạt động	Hàng Tục Cự Li
n3_advanced_drafts	batch_0301_0310	R_0304	充電インフラ	じゅうでんインフラ	hạ tầng sạc điện	Sung Điện
n3_advanced_drafts	batch_0301_0310	R_0304	排気ガス	はいきガス	khí thải	Bài Khí
n3_advanced_drafts	batch_0301_0310	R_0304	燃料電池車	ねんりょうでんちしゃ	xe pin nhiên liệu	Nhiên Liêu Điện Trì Xa
n3_advanced_drafts	batch_0301_0310	R_0304	補助金	ほじょきん	tiền trợ cấp, tiền hỗ trợ	Bổ Trợ Kim
n3_advanced_drafts	batch_0301_0310	R_0304	税制優遇	ぜいせいゆうぐう	ưu đãi thuế	Thuế Chế Ưu Ngộ
n3_advanced_drafts	batch_0301_0310	R_0304	技術革新	ぎじゅつかくしん	đổi mới công nghệ, cách mạng kỹ thuật	Kĩ Thuật Cách Tân
n3_advanced_drafts	batch_0301_0310	R_0304	都市計画	としけいかく	quy hoạch đô thị	Đô Thị Kế Họa
n3_advanced_drafts	batch_0301_0310	R_0304	全固体電池	ぜんこたいでんち	pin toàn thể rắn (công nghệ pin thế hệ mới, an toàn hơn pin lithium-ion)	Toàn Cố Thể Điện Trì
n3_advanced_drafts	batch_0301_0310	R_0305	非言語的	ひげんごてき	phi ngôn ngữ, không dùng lời nói	Phi Ngôn Ngữ Đích
n3_advanced_drafts	batch_0301_0310	R_0305	身振り	みぶり	cử chỉ tay chân, điệu bộ	Thân Chấn
n3_advanced_drafts	batch_0301_0310	R_0305	視線	しせん	ánh mắt, tầm nhìn	Thị Tuyến
n3_advanced_drafts	batch_0301_0310	R_0305	本心	ほんしん	tâm tư thực sự, lòng thực	Bản Tâm
n3_advanced_drafts	batch_0301_0310	R_0305	誠実さ	せいじつさ	sự chân thành, tính thành thật	Thành Thực
n3_advanced_drafts	batch_0301_0310	R_0305	すれ違い	すれちがい	sự hiểu lầm, sự không gặp nhau về ý kiến	Vi
n3_advanced_drafts	batch_0301_0310	R_0305	補完的	ほかんてき	mang tính bổ sung, bổ trợ	Bổ Hoàn Đích
n3_advanced_drafts	batch_0301_0310	R_0305	ニュアンス	ニュアンス	sắc thái, màu sắc tinh tế	
n3_advanced_drafts	batch_0301_0310	R_0305	絵文字	えもじ	biểu tượng cảm xúc, emoji	Hội Văn Tự
n3_advanced_drafts	batch_0301_0310	R_0305	個人差	こじんさ	sự khác biệt cá nhân	Cá Nhân Soa
n3_advanced_drafts	batch_0301_0310	R_0306	グローバル化	グローバルか	toàn cầu hóa	Hóa
n3_advanced_drafts	batch_0301_0310	R_0306	多様	たよう	đa dạng, phong phú	Đa Dạng
n3_advanced_drafts	batch_0301_0310	R_0306	相互理解	そうごりかい	sự hiểu biết lẫn nhau	Tương Hỗ Lí Giải
n3_advanced_drafts	batch_0301_0310	R_0306	専門知識	せんもんちしき	kiến thức chuyên môn	Chuyên Môn Tri Thức
n3_advanced_drafts	batch_0301_0310	R_0306	適応力	てきおうりょく	khả năng thích nghi	Thích Ứng Lực
n3_advanced_drafts	batch_0301_0310	R_0306	誠実	せいじつ	chân thành, thành thật	Thành Thực
n3_advanced_drafts	batch_0301_0310	R_0306	継続的	けいぞくてき	liên tục, mang tính duy trì	Kế Tục Đích
n3_advanced_drafts	batch_0301_0310	R_0306	存在感	そんざいかん	sự hiện diện, sức ảnh hưởng	Tồn Tại Cảm
n3_advanced_drafts	batch_0301_0310	R_0306	舞台	ぶたい	sân khấu, đấu trường	Vũ Thai
n3_advanced_drafts	batch_0301_0310	R_0306	繋がり	つながり	mối liên kết, sự kết nối	Hệ
n3_advanced_drafts	batch_0301_0310	R_0306	リスキリング	リスキリング	tái đào tạo kỹ năng — học kỹ năng mới để thích nghi với sự thay đổi trong công việc	
n3_advanced_drafts	batch_0301_0310	R_0307	両立	りょうりつ	cân bằng, dung hòa hai điều	Lưỡng Lập
n3_advanced_drafts	batch_0301_0310	R_0307	機能性	きのうせい	tính năng, tính chức năng	Ki Năng Tính
n3_advanced_drafts	batch_0301_0310	R_0307	細部	さいぶ	chi tiết nhỏ	Tế Bộ
n3_advanced_drafts	batch_0301_0310	R_0307	素材	そざい	vật liệu, chất liệu	Tố Tài
n3_advanced_drafts	batch_0301_0310	R_0307	質感	しっかん	cảm giác về chất liệu, kết cấu	Chất Cảm
n3_advanced_drafts	batch_0301_0310	R_0307	哲学	てつがく	triết lý, triết học	Triết Học
n3_advanced_drafts	batch_0301_0310	R_0307	無意識	むいしき	vô thức	Vô Ý Thức
n3_advanced_drafts	batch_0301_0310	R_0307	美意識	びいしき	thẩm mỹ quan, ý thức về cái đẹp	Mĩ Ý Thức
n3_advanced_drafts	batch_0301_0310	R_0307	余計	よけい	thừa, không cần thiết	Dư Kế
n3_advanced_drafts	batch_0301_0310	R_0307	日用品	にちようひん	đồ dùng hàng ngày	Nhật Dụng Phẩm
n3_advanced_drafts	batch_0301_0310	R_0307	わびさび	わびさび	tinh thần wabi-sabi — vẻ đẹp giản dị, mộc mạc và phù du trong thẩm mỹ Nhật Bản	
n3_advanced_drafts	batch_0301_0310	R_0308	孤独	こどく	sự cô đơn	Cô Độc
n3_advanced_drafts	batch_0301_0310	R_0308	表面的	ひょうめんてき	mang tính bề ngoài, hời hợt	Biểu Diện Đích
n3_advanced_drafts	batch_0301_0310	R_0308	初対面	しょたいめん	lần đầu gặp mặt	Sơ Đối Diện
n3_advanced_drafts	batch_0301_0310	R_0308	競争	きょうそう	sự cạnh tranh	Cạnh Tranh
n3_advanced_drafts	batch_0301_0310	R_0308	激しさ	はげしさ	mức độ gay gắt, dữ dội	Kích
n3_advanced_drafts	batch_0301_0310	R_0308	長期的	ちょうきてき	mang tính lâu dài	Trường Kì Đích
n3_advanced_drafts	batch_0301_0310	R_0308	孤立	こりつ	sự cô lập	Cô Lập
n3_advanced_drafts	batch_0301_0310	R_0308	役職	やくしょく	chức vụ, vai trò	Dịch Chức
n3_advanced_drafts	batch_0301_0310	R_0308	推進	すいしん	thúc đẩy, xúc tiến	Thôi Tiến
n3_advanced_drafts	batch_0301_0310	R_0308	取り組む	とりくむ	chung tay giải quyết, đối phó với	Thủ Tổ
n3_advanced_drafts	batch_0301_0310	R_0308	孤独・孤立対策推進法	こどく・こりつたいさくすいしんほう	Luật thúc đẩy đối sách cô đơn cô lập (ban hành 4/2024)	Cô Độc Cô Lập Đối Sách Thôi Tiến Pháp
n3_advanced_drafts	batch_0301_0310	R_0309	感染症	かんせんしょう	bệnh truyền nhiễm	Cảm Nhiễm Chứng
n3_advanced_drafts	batch_0301_0310	R_0309	免疫	めんえき	miễn dịch	Miễn Dịch
n3_advanced_drafts	batch_0301_0310	R_0309	病原体	びょうげんたい	mầm bệnh, tác nhân gây bệnh	Bệnh Nguyên Thể
n3_advanced_drafts	batch_0301_0310	R_0309	天然痘	てんねんとう	bệnh đậu mùa	Thiên Nhiên Đậu
n3_advanced_drafts	batch_0301_0310	R_0309	撲滅	ぼくめつ	thanh toán, diệt trừ hoàn toàn	Phác Diệt
n3_advanced_drafts	batch_0301_0310	R_0309	実証	じっしょう	chứng minh thực tế, kiểm chứng	Thực Chứng
n3_advanced_drafts	batch_0301_0310	R_0309	公衆衛生	こうしゅうえいせい	sức khỏe cộng đồng, y tế công cộng	Công Chúng Vệ Sanh
n3_advanced_drafts	batch_0301_0310	R_0309	集団免疫	しゅうだんめんえき	miễn dịch cộng đồng	Tập Đoàn Miễn Dịch
n3_advanced_drafts	batch_0301_0310	R_0309	接種率	せっしゅりつ	tỷ lệ tiêm chủng	Tiếp Chủng Suất
n3_advanced_drafts	batch_0301_0310	R_0309	不可欠	ふかけつ	không thể thiếu, thiết yếu	Bất Khả Khiếm
n3_advanced_drafts	batch_0301_0310	R_0310	発酵	はっこう	sự lên men	Phát Diếu
n3_advanced_drafts	batch_0301_0310	R_0310	微生物	びせいぶつ	vi sinh vật	Vi Sanh Vật
n3_advanced_drafts	batch_0301_0310	R_0310	増殖	ぞうしょく	sự sinh sôi, nhân lên	Tăng Thực
n3_advanced_drafts	batch_0301_0310	R_0310	腸内環境	ちょうないかんきょう	môi trường đường ruột	Tràng Nội Hoàn Cảnh
n3_advanced_drafts	batch_0301_0310	R_0310	乳酸菌	にゅうさんきん	vi khuẩn lactic	Nhũ Toan Khuẩn
n3_advanced_drafts	batch_0301_0310	R_0310	栄養素	えいようそ	chất dinh dưỡng	Vinh Dưỡng Tố
n3_advanced_drafts	batch_0301_0310	R_0310	免疫力	めんえきりょく	sức đề kháng, khả năng miễn dịch	Miễn Dịch Lực
n3_advanced_drafts	batch_0301_0310	R_0310	食物繊維	しょくもつせんい	chất xơ thực phẩm	Thực Vật Tiêm Duy
n3_advanced_drafts	batch_0301_0310	R_0310	根付く	ねづく	ăn sâu bén rễ, trở thành một phần của	Căn Phó
n3_advanced_drafts	batch_0301_0310	R_0310	解明	かいめい	làm sáng tỏ, giải mã	Giải Minh
n3_advanced_drafts	batch_0301_0310	R_0310	麹菌	こうじきん	nấm kōji — vi nấm được chỉ định là 'quốc nấm' Nhật Bản, dùng làm miso, nước tương, rượu sake	Khúc Khuẩn
n3_advanced_drafts	batch_0311_0320	R_0311	介護	かいご	sự chăm sóc người già/bệnh, điều dưỡng	Giới Hộ
n3_advanced_drafts	batch_0311_0320	R_0311	中年層	ちゅうねんそう	tầng lớp trung niên	Trung Niên Tằng
n3_advanced_drafts	batch_0311_0320	R_0311	消耗	しょうもう	sự tiêu hao, kiệt sức	Tiêu Háo
n3_advanced_drafts	batch_0311_0320	R_0311	家計	かけい	tài chính gia đình, ngân sách gia đình	Gia Kế
n3_advanced_drafts	batch_0311_0320	R_0311	介護離職	かいごりしょく	nghỉ việc để chăm sóc người thân	Giới Hộ Li Chức
n3_advanced_drafts	batch_0311_0320	R_0311	核家族	かくかぞく	gia đình hạt nhân (bố mẹ và con)	Hạch Gia Tộc
n3_advanced_drafts	batch_0311_0320	R_0311	介護保険	かいごほけん	bảo hiểm chăm sóc	Giới Hộ Bảo Hiểm
n3_advanced_drafts	batch_0311_0320	R_0311	負担軽減	ふたんけいげん	giảm nhẹ gánh nặng	Phụ Đam Khinh Giảm
n3_advanced_drafts	batch_0311_0320	R_0311	申請	しんせい	đơn xin, việc đăng ký nộp đơn	Thân Thỉnh
n3_advanced_drafts	batch_0311_0320	R_0311	抱え込む	かかえこむ	ôm đồm, gánh chịu một mình	Bão Nhập
n3_advanced_drafts	batch_0311_0320	R_0311	2025年問題	にせんにじゅうごねんもんだい	vấn đề năm 2025 — khi toàn bộ thế hệ baby boomer bước qua 75 tuổi	Niên Vấn Đề
n3_advanced_drafts	batch_0311_0320	R_0312	感情知性	かんじょうちせい	trí tuệ cảm xúc (EQ)	Cảm Tình Tri Tính
n3_advanced_drafts	batch_0311_0320	R_0312	共感力	きょうかんりょく	năng lực đồng cảm	Cộng Cảm Lực
n3_advanced_drafts	batch_0311_0320	R_0312	自己理解	じこりかい	sự hiểu bản thân, tự nhận thức	Tự Kỉ Lí Giải
n3_advanced_drafts	batch_0311_0320	R_0312	意思決定	いしけってい	sự ra quyết định	Ý Tư Quyết Định
n3_advanced_drafts	batch_0311_0320	R_0312	道徳教育	どうとくきょういく	giáo dục đạo đức	Đạo Đức Giáo Dục
n3_advanced_drafts	batch_0311_0320	R_0312	社会情動的	しゃかいじょうどうてき	mang tính xã hội-cảm xúc	Xã Hội Tình Động Đích
n3_advanced_drafts	batch_0311_0320	R_0312	対人関係	たいじんかんけい	quan hệ giữa người với người	Đối Nhân Quan Hệ
n3_advanced_drafts	batch_0311_0320	R_0312	基盤	きばん	nền tảng, cơ sở	Cơ Bàn
n3_advanced_drafts	batch_0311_0320	R_0312	生涯	しょうがい	suốt cuộc đời, cả cuộc đời	Sanh Nhai
n3_advanced_drafts	batch_0311_0320	R_0312	幸福感	こうふくかん	cảm giác hạnh phúc	Hạnh Phúc Cảm
n3_advanced_drafts	batch_0311_0320	R_0312	非認知能力	ひにんちのうりょく	năng lực phi nhận thức (cảm xúc, ý chí, xã hội)	Phi Nhận Tri Năng Lực
n3_advanced_drafts	batch_0311_0320	R_0313	記録する	きろくする	ghi lại, ghi chép	Kí Lục
n3_advanced_drafts	batch_0311_0320	R_0313	振り返る	ふりかえる	nhìn lại, hồi tưởng	Chấn Phản
n3_advanced_drafts	batch_0311_0320	R_0313	向き合う	むきあう	đối mặt, đương đầu	Hướng Hợp
n3_advanced_drafts	batch_0311_0320	R_0313	思考	しこう	tư duy, suy nghĩ	Tư Khảo
n3_advanced_drafts	batch_0311_0320	R_0313	整理する	せいりする	sắp xếp, dọn dẹp, chỉnh lý	Chỉnh Lí
n3_advanced_drafts	batch_0311_0320	R_0313	瞬間	しゅんかん	khoảnh khắc	Thuấn Gian
n3_advanced_drafts	batch_0311_0320	R_0313	実感	じっかん	cảm nhận thực sự	Thực Cảm
n3_advanced_drafts	batch_0311_0320	R_0313	弱さ	よわさ	điểm yếu, sự yếu đuối	Nhược
n3_advanced_drafts	batch_0311_0320	R_0313	もやもや	もやもや	cảm giác mơ hồ, bứt rứt trong lòng	
n3_advanced_drafts	batch_0311_0320	R_0313	丁寧に	ていねいに	một cách cẩn thận, tỉ mỉ	Đinh Ninh
n3_advanced_drafts	batch_0311_0320	R_0314	緑地	りょくち	không gian xanh, đất xanh	Lục Địa
n3_advanced_drafts	batch_0311_0320	R_0314	設ける	もうける	thiết lập, tạo ra, lập nên	Thiết
n3_advanced_drafts	batch_0311_0320	R_0314	恩恵	おんけい	ân huệ, lợi ích, phúc lợi	Ân Huệ
n3_advanced_drafts	batch_0311_0320	R_0314	もたらす	もたらす	mang lại, đem đến	
n3_advanced_drafts	batch_0311_0320	R_0314	ヒートアイランド現象	ヒートアイランドげんしょう	hiện tượng đảo nhiệt đô thị	Hiện Tượng
n3_advanced_drafts	batch_0311_0320	R_0314	緩和	かんわ	giảm nhẹ, làm dịu	Hoãn Hòa
n3_advanced_drafts	batch_0311_0320	R_0314	高齢化	こうれいか	già hóa (dân số)	Cao Linh Hóa
n3_advanced_drafts	batch_0311_0320	R_0314	必要	ひつよう	sự cần thiết, cần thiết	Tất Yếu
n3_advanced_drafts	batch_0311_0320	R_0314	緑化	りょっか	xanh hóa, trồng cây phủ xanh	Lục Hóa
n3_advanced_drafts	batch_0311_0320	R_0314	持続可能	じぞくかのう	bền vững, có thể duy trì lâu dài	Trì Tục Khả Năng
n3_advanced_drafts	batch_0311_0320	R_0315	踏み切る	ふみきる	quyết dứt khoát thực hiện, cắt đứt do dự	Đạp Thiết
n3_advanced_drafts	batch_0311_0320	R_0315	手放す	てばなす	buông bỏ, từ bỏ	Thủ Phóng
n3_advanced_drafts	batch_0311_0320	R_0315	疑問	ぎもん	câu hỏi, sự nghi ngờ, điều băn khoăn	Nghi Vấn
n3_advanced_drafts	batch_0311_0320	R_0315	向き合う	むきあう	đối mặt, đương đầu	Hướng Hợp
n3_advanced_drafts	batch_0311_0320	R_0315	採用情報	さいようじょうほう	thông tin tuyển dụng	Thải Dụng Tình Báo
n3_advanced_drafts	batch_0311_0320	R_0315	応募書類	おうぼしょるい	hồ sơ ứng tuyển	Ứng Mộ Thư Loại
n3_advanced_drafts	batch_0311_0320	R_0315	熱意	ねつい	nhiệt huyết, sự nhiệt tình	Nhiệt Ý
n3_advanced_drafts	batch_0311_0320	R_0315	内定	ないてい	thông báo trúng tuyển (không chính thức)	Nội Định
n3_advanced_drafts	batch_0311_0320	R_0315	覚悟	かくご	quyết tâm, sự sẵn sàng đối mặt	Giác Ngộ
n3_advanced_drafts	batch_0311_0320	R_0315	居場所	いばしょ	chỗ đứng, nơi thuộc về mình	Cư Tràng Sở
n3_advanced_drafts	batch_0311_0320	R_0315	リスキリング	リスキリング	tái đào tạo kỹ năng (reskilling) để chuyển sang công việc mới	
n3_advanced_drafts	batch_0311_0320	R_0316	実用化	じつようか	ứng dụng thực tế, đưa vào thực dụng	Thực Dụng Hóa
n3_advanced_drafts	batch_0311_0320	R_0316	グラフェン	グラフェン	graphene (vật liệu carbon dạng tấm đơn nguyên tử)	
n3_advanced_drafts	batch_0311_0320	R_0316	形状記憶合金	けいじょうきおくごうきん	hợp kim ghi nhớ hình dạng	Hình Trạng Kí Ức Hợp Kim
n3_advanced_drafts	batch_0311_0320	R_0316	炭素繊維	たんそせんい	sợi carbon	Thán Tố Tiêm Duy
n3_advanced_drafts	batch_0311_0320	R_0316	半導体	はんどうたい	chất bán dẫn	Bán Đạo Thể
n3_advanced_drafts	batch_0311_0320	R_0316	再生可能エネルギー	さいせいかのうエネルギー	năng lượng tái tạo	Tái Sanh Khả Năng
n3_advanced_drafts	batch_0311_0320	R_0316	航空宇宙	こうくううちゅう	hàng không vũ trụ	Hàng Không Vũ Trụ
n3_advanced_drafts	batch_0311_0320	R_0316	丈夫	じょうぶ	bền, chắc chắn	Trượng Phu
n3_advanced_drafts	batch_0311_0320	R_0316	注力	ちゅうりょく	tập trung nỗ lực, chú trọng	Chú Lực
n3_advanced_drafts	batch_0311_0320	R_0316	持続可能	じぞくかのう	bền vững, có thể duy trì lâu dài	Trì Tục Khả Năng
n3_advanced_drafts	batch_0311_0320	R_0316	全固体電池	ぜんこたいでんち	pin toàn chất rắn (all-solid-state battery)	Toàn Cố Thể Điện Trì
n3_advanced_drafts	batch_0311_0320	R_0317	瞑想	めいそう	thiền định, thiền	Minh Tưởng
n3_advanced_drafts	batch_0311_0320	R_0317	修行	しゅぎょう	tu tập, rèn luyện tâm linh	Tu Hành
n3_advanced_drafts	batch_0311_0320	R_0317	メンタルヘルス	メンタルヘルス	sức khỏe tinh thần	
n3_advanced_drafts	batch_0311_0320	R_0317	ストレスホルモン	ストレスホルモン	hormone căng thẳng	
n3_advanced_drafts	batch_0311_0320	R_0317	神経科学	しんけいかがく	thần kinh học	Thần Kinh Khoa Học
n3_advanced_drafts	batch_0311_0320	R_0317	裏付け	うらづけ	bằng chứng xác nhận, cơ sở chứng minh	Lí Phó
n3_advanced_drafts	batch_0311_0320	R_0317	うつ病	うつびょう	bệnh trầm cảm	Bệnh
n3_advanced_drafts	batch_0311_0320	R_0317	不安障害	ふあんしょうがい	rối loạn lo âu	Bất An Chướng Hại
n3_advanced_drafts	batch_0311_0320	R_0317	薬物療法	やくぶつりょうほう	liệu pháp thuốc, điều trị bằng thuốc	Dược Vật Liệu Pháp
n3_advanced_drafts	batch_0311_0320	R_0317	継続	けいぞく	sự tiếp tục, tiếp tục, duy trì liên tục	Kế Tục
n3_advanced_drafts	batch_0311_0320	R_0317	マインドフルネス	マインドフルネス	mindfulness — thực hành chánh niệm, dạng thiền hiện đại	
n3_advanced_drafts	batch_0311_0320	R_0318	格差	かくさ	sự chênh lệch, khoảng cách bất bình đẳng	Cách Soa
n3_advanced_drafts	batch_0311_0320	R_0318	悪循環	あくじゅんかん	vòng xoáy xấu, vòng luẩn quẩn	Ác Tuần Hoàn
n3_advanced_drafts	batch_0311_0320	R_0318	累進課税	るいしんかぜい	thuế lũy tiến	Lũy Tiến Khóa Thuế
n3_advanced_drafts	batch_0311_0320	R_0318	社会保障	しゃかいほしょう	an sinh xã hội	Xã Hội Bảo Chướng
n3_advanced_drafts	batch_0311_0320	R_0318	再分配	さいぶんぱい	phân phối lại	Tái Phân Phối
n3_advanced_drafts	batch_0311_0320	R_0318	包括的	ほうかつてき	toàn diện, bao quát	Bao Quát Đích
n3_advanced_drafts	batch_0311_0320	R_0318	デジタル格差	デジタルかくさ	khoảng cách kỹ thuật số	Cách Soa
n3_advanced_drafts	batch_0311_0320	R_0318	市民社会	しみんしゃかい	xã hội dân sự	Thị Dân Xã Hội
n3_advanced_drafts	batch_0311_0320	R_0318	生活水準	せいかつすいじゅん	mức sống	Sanh Hoạt Thủy Chuẩn
n3_advanced_drafts	batch_0311_0320	R_0318	富裕層	ふゆうそう	tầng lớp giàu có	Phú Dụ Tằng
n3_advanced_drafts	batch_0311_0320	R_0318	こども家庭庁	こどもかていちょう	Cơ quan Gia đình Trẻ em (thành lập năm 2023)	Gia Đình Sảnh
n3_advanced_drafts	batch_0311_0320	R_0319	社会保障	しゃかいほしょう	an sinh xã hội	Xã Hội Bảo Chướng
n3_advanced_drafts	batch_0311_0320	R_0319	少子高齢化	しょうしこうれいか	già hóa và giảm sinh	Thiểu Tử Cao Linh Hóa
n3_advanced_drafts	batch_0311_0320	R_0319	現役世代	げんえきせだい	thế hệ đang lao động	Hiện Dịch Thế Đại
n3_advanced_drafts	batch_0311_0320	R_0319	給付	きゅうふ	phúc lợi, trợ cấp	Cấp Phó
n3_advanced_drafts	batch_0311_0320	R_0319	保険料	ほけんりょう	phí bảo hiểm	Bảo Hiểm Liêu
n3_advanced_drafts	batch_0311_0320	R_0319	持続性	じぞくせい	tính bền vững	Trì Tục Tính
n3_advanced_drafts	batch_0311_0320	R_0319	賄う	まかなう	chi trả, trang trải	Hối
n3_advanced_drafts	batch_0311_0320	R_0319	公平性	こうへいせい	tính công bằng	Công Bình Tính
n3_advanced_drafts	batch_0311_0320	R_0319	削減	さくげん	cắt giảm	Tước Giảm
n3_advanced_drafts	batch_0311_0320	R_0319	基盤	きばん	nền tảng, cơ sở	Cơ Bàn
n3_advanced_drafts	batch_0311_0320	R_0319	全世代型社会保障	ぜんせだいがたしゃかいほしょう	an sinh xã hội toàn thế hệ (chương trình cải cách Nhật)	Toàn Thế Đại Hình Xã Hội Bảo Chướng
n3_advanced_drafts	batch_0311_0320	R_0320	企業倫理	きぎょうりんり	đạo đức doanh nghiệp	Xí Nghiệp Luân Lí
n3_advanced_drafts	batch_0311_0320	R_0320	不祥事	ふしょうじ	vụ bê bối, sự cố tai tiếng	Bất Tường Sự
n3_advanced_drafts	batch_0311_0320	R_0320	経営者	けいえいしゃ	nhà quản lý doanh nghiệp	Kinh Doanh Giả
n3_advanced_drafts	batch_0311_0320	R_0320	効率化	こうりつか	việc nâng cao hiệu quả	Hiệu Suất Hóa
n3_advanced_drafts	batch_0311_0320	R_0320	発覚する	はっかくする	bị phát hiện, lộ ra	Phát Giác
n3_advanced_drafts	batch_0311_0320	R_0320	目先	めさき	trước mắt, ngắn hạn	Mục Tiên
n3_advanced_drafts	batch_0311_0320	R_0320	軽視する	けいしする	coi nhẹ, xem thường	Khinh Thị
n3_advanced_drafts	batch_0311_0320	R_0320	理想論	りそうろん	lý thuyết suông, lý tưởng	Lí Tưởng Luận
n3_advanced_drafts	batch_0311_0320	R_0320	経営戦略	けいえいせんりゃく	chiến lược kinh doanh	Kinh Doanh Chiến Lược
n3_advanced_drafts	batch_0311_0320	R_0320	対立	たいりつ	sự đối lập, mâu thuẫn	Đối Lập
n3_advanced_drafts	batch_0311_0320	R_0320	ESG投資	ESGとうし	đầu tư ESG (môi trường, xã hội, quản trị doanh nghiệp)	Đầu Tư
n3_advanced_drafts	batch_0321_0330	R_0321	暗号資産	あんごうしさん	tài sản mã hóa, tiền điện tử	Ám Hào Tư Sản
n3_advanced_drafts	batch_0321_0330	R_0321	改ざん	かいざん	việc giả mạo, sửa đổi gian lận	Cải
n3_advanced_drafts	batch_0321_0330	R_0321	信頼性	しんらいせい	độ tin cậy	Tín Lại Tính
n3_advanced_drafts	batch_0321_0330	R_0321	活用する	かつようする	tận dụng, vận dụng	Hoạt Dụng
n3_advanced_drafts	batch_0321_0330	R_0321	損失	そんしつ	thua lỗ, tổn thất	Tổn Thất
n3_advanced_drafts	batch_0321_0330	R_0321	変動する	へんどうする	biến động	Biến Động
n3_advanced_drafts	batch_0321_0330	R_0321	欲望	よくぼう	ham muốn, dục vọng	Dục Vọng
n3_advanced_drafts	batch_0321_0330	R_0321	規制	きせい	quy định, sự kiểm soát	Quy Chế
n3_advanced_drafts	batch_0321_0330	R_0321	普及	ふきゅう	sự phổ biến	Phổ Cập
n3_advanced_drafts	batch_0321_0330	R_0321	発揮する	はっきする	phát huy	Phát Huy
n3_advanced_drafts	batch_0321_0330	R_0322	哲学者	てつがくしゃ	triết gia, nhà triết học	Triết Học Giả
n3_advanced_drafts	batch_0321_0330	R_0322	追求	ついきゅう	sự theo đuổi	Truy Cầu
n3_advanced_drafts	batch_0321_0330	R_0322	見出す	みいだす	tìm ra, phát hiện	Kiến Xuất
n3_advanced_drafts	batch_0321_0330	R_0322	空しさ	むなしさ	sự trống rỗng, hư vô	Không
n3_advanced_drafts	batch_0321_0330	R_0322	絆	きずな	sợi dây liên kết, mối ràng buộc	Bán
n3_advanced_drafts	batch_0321_0330	R_0322	情熱を注ぐ	じょうねつをそそぐ	dồn nhiệt huyết, đặt đam mê	Tình Nhiệt Chú
n3_advanced_drafts	batch_0321_0330	R_0322	乗り越える	のりこえる	vượt qua	Thừa Việt
n3_advanced_drafts	batch_0321_0330	R_0322	価値観	かちかん	quan niệm giá trị, hệ giá trị	Giá Trị Quan
n3_advanced_drafts	batch_0321_0330	R_0322	生涯	しょうがい	cả đời, cuộc đời	Sanh Nhai
n3_advanced_drafts	batch_0321_0330	R_0322	味わう	あじわう	thưởng thức, nếm trải	Vị
n3_advanced_drafts	batch_0321_0330	R_0323	引きこもり	ひきこもり	hikikomori, người tự cô lập trong nhà	Dẫn
n3_advanced_drafts	batch_0321_0330	R_0323	陥る	おちいる	rơi vào (tình trạng xấu)	Hãm
n3_advanced_drafts	batch_0321_0330	R_0323	叱責	しっせき	sự khiển trách, quở mắng	Sất Trách
n3_advanced_drafts	batch_0321_0330	R_0323	当事者	とうじしゃ	người trong cuộc, đương sự	Đương Sự Giả
n3_advanced_drafts	batch_0321_0330	R_0323	閉じこもる	とじこもる	đóng cửa ở yên trong, tự nhốt mình	Bế
n3_advanced_drafts	batch_0321_0330	R_0323	踏み出す	ふみだす	bước ra, bước tới	Đạp Xuất
n3_advanced_drafts	batch_0321_0330	R_0323	蓄積	ちくせき	sự tích tụ, tích lũy	Súc Tích
n3_advanced_drafts	batch_0321_0330	R_0323	自治体	じちたい	chính quyền địa phương, tự trị thể	Tự Trì Thể
n3_advanced_drafts	batch_0321_0330	R_0323	居場所	いばしょ	nơi thuộc về, chỗ dung thân	Cư Tràng Sở
n3_advanced_drafts	batch_0321_0330	R_0323	孤立	こりつ	sự cô lập, đơn độc	Cô Lập
n3_advanced_drafts	batch_0321_0330	R_0323	抱え込む	かかえこむ	ôm hết vào lòng, một mình gánh chịu	Bão Nhập
n3_advanced_drafts	batch_0321_0330	R_0323	8050問題	はちまるごーまるもんだい	vấn đề 8050: cha mẹ 80 tuổi phải nuôi con 50 tuổi cô lập	Vấn Đề
n3_advanced_drafts	batch_0321_0330	R_0324	本来	ほんらい	vốn dĩ, vốn là	Bản Lai
n3_advanced_drafts	batch_0321_0330	R_0324	進学塾	しんがくじゅく	trung tâm luyện thi vào trường	Tiến Học Thục
n3_advanced_drafts	batch_0321_0330	R_0324	選択肢	せんたくし	lựa chọn, sự lựa chọn	Tuyển Trạch Chi
n3_advanced_drafts	batch_0321_0330	R_0324	自己肯定感	じここうていかん	cảm giác tự khẳng định bản thân	Tự Kỉ Khẳng Định Cảm
n3_advanced_drafts	batch_0321_0330	R_0324	伸び悩む	のびなやむ	không tiến triển, bế tắc	Thân Não
n3_advanced_drafts	batch_0321_0330	R_0324	思い込む	おもいこむ	ngộ nhận, đinh ninh	Tư Nhập
n3_advanced_drafts	batch_0321_0330	R_0324	奨学金	しょうがくきん	học bổng	Tưởng Học Kim
n3_advanced_drafts	batch_0321_0330	R_0324	免除	めんじょ	miễn (giảm), bãi miễn	Miễn Trừ
n3_advanced_drafts	batch_0321_0330	R_0324	機会均等	きかいきんとう	bình đẳng về cơ hội	Ki Hội Quân Đẳng
n3_advanced_drafts	batch_0321_0330	R_0324	使命	しめい	sứ mệnh	Sử Mệnh
n3_advanced_drafts	batch_0321_0330	R_0324	コロナ禍	コロナか	đại dịch corona, thời kỳ khó khăn vì corona	Họa
n3_advanced_drafts	batch_0321_0330	R_0325	海洋	かいよう	đại dương, biển khơi	Hải Dương
n3_advanced_drafts	batch_0321_0330	R_0325	汚染	おせん	ô nhiễm	Ô Nhiễm
n3_advanced_drafts	batch_0321_0330	R_0325	粒子	りゅうし	hạt, phân tử	Lạp Tử
n3_advanced_drafts	batch_0321_0330	R_0325	分解	ぶんかい	phân hủy, phân giải	Phân Giải
n3_advanced_drafts	batch_0321_0330	R_0325	蓄積	ちくせき	tích tụ, dồn lại	Súc Tích
n3_advanced_drafts	batch_0321_0330	R_0325	生態系	せいたいけい	hệ sinh thái	Sanh Thái Hệ
n3_advanced_drafts	batch_0321_0330	R_0325	使い捨て	つかいすて	dùng một lần rồi vứt	Sử Xá
n3_advanced_drafts	batch_0321_0330	R_0325	素材	そざい	vật liệu, chất liệu	Tố Tài
n3_advanced_drafts	batch_0321_0330	R_0325	国境	こっきょう	biên giới quốc gia	Quốc Cảnh
n3_advanced_drafts	batch_0321_0330	R_0325	連携	れんけい	sự hợp tác, liên kết	Liên Huề
n3_advanced_drafts	batch_0321_0330	R_0326	優越的	ゆうえつてき	có tính ưu thế, vượt trội	Ưu Việt Đích
n3_advanced_drafts	batch_0321_0330	R_0326	苦痛	くつう	đau khổ, đau đớn	Khổ Thống
n3_advanced_drafts	batch_0321_0330	R_0326	怒鳴る	どなる	la mắng, quát tháo	Nộ Minh
n3_advanced_drafts	batch_0321_0330	R_0326	人格	じんかく	nhân cách	Nhân Cách
n3_advanced_drafts	batch_0321_0330	R_0326	加害者	かがいしゃ	kẻ gây hại, thủ phạm	Gia Hại Giả
n3_advanced_drafts	batch_0321_0330	R_0326	意欲	いよく	ý chí, động lực	Ý Dục
n3_advanced_drafts	batch_0321_0330	R_0326	精神疾患	せいしんしっかん	bệnh tâm thần	Tinh Thần Tật Hoạn
n3_advanced_drafts	batch_0321_0330	R_0326	泣き寝入り	なきねいり	nuốt nước mắt chịu đựng, ngậm bồ hòn	Khấp Tẩm Nhập
n3_advanced_drafts	batch_0321_0330	R_0326	施行	しこう	thi hành, ban hành	Thi Hành
n3_advanced_drafts	batch_0321_0330	R_0326	義務づける	ぎむづける	bắt buộc, quy định nghĩa vụ	Nghĩa Vụ
n3_advanced_drafts	batch_0321_0330	R_0326	抱え込む	かかえこむ	ôm trong lòng, gánh một mình	Bão Nhập
n3_advanced_drafts	batch_0321_0330	R_0326	カスタマーハラスメント	カスタマーハラスメント	quấy rối từ phía khách hàng (kashira)	
n3_advanced_drafts	batch_0321_0330	R_0327	略	りゃく	viết tắt, giản lược	Lược
n3_advanced_drafts	batch_0321_0330	R_0327	普及	ふきゅう	sự phổ biến, lan rộng	Phổ Cập
n3_advanced_drafts	batch_0321_0330	R_0327	のぞく	のぞく	nhìn vào, lén nhìn	
n3_advanced_drafts	batch_0321_0330	R_0327	投稿	とうこう	bài đăng, sự đăng tải	Đầu Cảo
n3_advanced_drafts	batch_0321_0330	R_0327	孤独感	こどくかん	cảm giác cô độc	Cô Độc Cảm
n3_advanced_drafts	batch_0321_0330	R_0327	皮肉	ひにく	mỉa mai, châm biếm	Bì Nhục
n3_advanced_drafts	batch_0321_0330	R_0327	傾向	けいこう	xu hướng	Khuynh Hướng
n3_advanced_drafts	batch_0321_0330	R_0327	焦り	あせり	sự sốt ruột, vội vàng	Tiêu
n3_advanced_drafts	batch_0321_0330	R_0327	余裕	よゆう	sự thư thái, dư dả	Dư Dụ
n3_advanced_drafts	batch_0321_0330	R_0327	ハイライト	ハイライト	điểm sáng, khoảnh khắc nổi bật	
n3_advanced_drafts	batch_0321_0330	R_0327	穏やか	おだやか	bình yên, êm dịu	Ổn
n3_advanced_drafts	batch_0321_0330	R_0327	デジタルデトックス	デジタルデトックス	digital detox — tách khỏi thiết bị số có chủ đích	
n3_advanced_drafts	batch_0321_0330	R_0328	個人情報	こじんじょうほう	thông tin cá nhân	Cá Nhân Tình Báo
n3_advanced_drafts	batch_0321_0330	R_0328	保護法	ほごほう	luật bảo vệ	Bảo Hộ Pháp
n3_advanced_drafts	batch_0321_0330	R_0328	行政機関	ぎょうせいきかん	cơ quan hành chính	Hành Chánh Ki Quan
n3_advanced_drafts	batch_0321_0330	R_0328	流出	りゅうしゅつ	sự rò rỉ, sự thoát ra ngoài	Lưu Xuất
n3_advanced_drafts	batch_0321_0330	R_0328	第三者	だいさんしゃ	bên thứ ba	Đệ Tam Giả
n3_advanced_drafts	batch_0321_0330	R_0328	漏えい	ろうえい	sự rò rỉ (thông tin)	Lậu
n3_advanced_drafts	batch_0321_0330	R_0328	監督機関	かんとくきかん	cơ quan giám sát	Giam Đốc Ki Quan
n3_advanced_drafts	batch_0321_0330	R_0328	義務付ける	ぎむづける	bắt buộc, quy định nghĩa vụ	Nghĩa Vụ Phó
n3_advanced_drafts	batch_0321_0330	R_0328	規制	きせい	quy định, sự điều chỉnh	Quy Chế
n3_advanced_drafts	batch_0321_0330	R_0328	出所	しゅっしょ	nguồn gốc, xuất xứ	Xuất Sở
n3_advanced_drafts	batch_0321_0330	R_0328	マイナンバーカード	マイナンバーカード	thẻ My Number (thẻ số định danh cá nhân Nhật Bản)	
n3_advanced_drafts	batch_0321_0330	R_0329	断り方	ことわりかた	cách từ chối	Đoạn Phương
n3_advanced_drafts	batch_0321_0330	R_0329	曖昧	あいまい	mơ hồ, không rõ ràng	Ái Muội
n3_advanced_drafts	batch_0321_0330	R_0329	遠回し	とおまわし	vòng vo, gián tiếp	Viễn Hồi
n3_advanced_drafts	batch_0321_0330	R_0329	思いやり	おもいやり	sự quan tâm, sự ân cần	Tư
n3_advanced_drafts	batch_0321_0330	R_0329	本音	ほんね	suy nghĩ thật, lòng thật	Bản Âm
n3_advanced_drafts	batch_0321_0330	R_0329	手がかり	てがかり	manh mối, đầu mối	Thủ
n3_advanced_drafts	batch_0321_0330	R_0329	繊細	せんさい	tinh tế, nhạy cảm	Tiêm Tế
n3_advanced_drafts	batch_0321_0330	R_0329	依然として	いぜんとして	vẫn còn (như cũ), vẫn	Y Nhiên
n3_advanced_drafts	batch_0321_0330	R_0329	円滑	えんかつ	suôn sẻ, trơn tru	Viên Hoạt
n3_advanced_drafts	batch_0321_0330	R_0329	本音と建前	ほんねとたてまえ	suy nghĩ thật (honne) và thái độ bên ngoài (tatemae) — hai mặt của giao tiếp Nhật	Bản Âm Kiến Tiền
n3_advanced_drafts	batch_0321_0330	R_0330	異常気象	いじょうきしょう	thời tiết cực đoan, thời tiết bất thường	Dị Thường Khí Tượng
n3_advanced_drafts	batch_0321_0330	R_0330	猛暑	もうしょ	nắng nóng dữ dội	Mãnh Thử
n3_advanced_drafts	batch_0321_0330	R_0330	干ばつ	かんばつ	hạn hán	Kiền
n3_advanced_drafts	batch_0321_0330	R_0330	豪雨	ごうう	mưa lớn, mưa xối xả	Hào Vũ
n3_advanced_drafts	batch_0321_0330	R_0330	産業革命	さんぎょうかくめい	cuộc cách mạng công nghiệp	Sản Nghiệp Cách Mệnh
n3_advanced_drafts	batch_0321_0330	R_0330	侵食	しんしょく	sự xói mòn	Xâm Thực
n3_advanced_drafts	batch_0321_0330	R_0330	余儀なくされる	よぎなくされる	bị buộc phải, không còn lựa chọn nào khác	Dư Nghi
n3_advanced_drafts	batch_0321_0330	R_0330	生態系	せいたいけい	hệ sinh thái	Sanh Thái Hệ
n3_advanced_drafts	batch_0321_0330	R_0330	温室効果ガス	おんしつこうかガス	khí nhà kính	Ôn Thất Hiệu Quả
n3_advanced_drafts	batch_0321_0330	R_0330	排出	はいしゅつ	sự phát thải, sự thải ra	Bài Xuất
n3_advanced_drafts	batch_0321_0330	R_0330	省エネ	しょうエネ	tiết kiệm năng lượng	Tỉnh
n3_advanced_drafts	batch_0321_0330	R_0330	熱中症警戒アラート	ねっちゅうしょうけいかいアラート	cảnh báo say nắng (hệ thống cảnh báo quốc gia Nhật từ 2021, cấp đặc biệt từ 2024)	Nhiệt Trung Chứng Cảnh Giới
n3_advanced_drafts	batch_0331_0340	R_0331	人工知能	じんこうちのう	trí tuệ nhân tạo	Nhân Công Tri Năng
n3_advanced_drafts	batch_0331_0340	R_0331	偽物	にせもの	đồ giả, hàng giả	Ngụy Vật
n3_advanced_drafts	batch_0331_0340	R_0331	鮮明	せんめい	rõ nét, rõ ràng	Tiên Minh
n3_advanced_drafts	batch_0331_0340	R_0331	詐欺	さぎ	lừa đảo	Trá Khi
n3_advanced_drafts	batch_0331_0340	R_0331	送金	そうきん	chuyển tiền	Tống Kim
n3_advanced_drafts	batch_0331_0340	R_0331	悪用	あくよう	lợi dụng cho mục đích xấu	Ác Dụng
n3_advanced_drafts	batch_0331_0340	R_0331	情報源	じょうほうげん	nguồn thông tin	Tình Báo Nguyên
n3_advanced_drafts	batch_0331_0340	R_0331	賢明	けんめい	khôn ngoan, sáng suốt	Hiền Minh
n3_advanced_drafts	batch_0331_0340	R_0331	真偽	しんぎ	thật giả, tính xác thực	Chân Ngụy
n3_advanced_drafts	batch_0331_0340	R_0331	見極める	みきわめる	phân biệt rõ, nhìn thấu	Kiến Cực
n3_advanced_drafts	batch_0331_0340	R_0331	生成AI	せいせいAI	AI tạo sinh (Generative AI, vd ChatGPT)	Sanh Thành
n3_advanced_drafts	batch_0331_0340	R_0332	起業家	きぎょうか	doanh nhân, người khởi nghiệp	Khởi Nghiệp Gia
n3_advanced_drafts	batch_0331_0340	R_0332	貧困	ひんこん	nghèo đói	Bần Khốn
n3_advanced_drafts	batch_0331_0340	R_0332	環境破壊	かんきょうはかい	phá hoại môi trường	Hoàn Cảnh Phá Hoại
n3_advanced_drafts	batch_0331_0340	R_0332	発展途上国	はってんとじょうこく	nước đang phát triển	Phát Triển Đồ Thượng Quốc
n3_advanced_drafts	batch_0331_0340	R_0332	手工芸品	しゅこうげいひん	đồ thủ công mỹ nghệ	Thủ Công Vân Phẩm
n3_advanced_drafts	batch_0331_0340	R_0332	公正	こうせい	công bằng, minh bạch	Công Chánh
n3_advanced_drafts	batch_0331_0340	R_0332	継承	けいしょう	kế thừa, tiếp nối	Kế Thừa
n3_advanced_drafts	batch_0331_0340	R_0332	資金調達	しきんちょうたつ	huy động vốn	Tư Kim Điều Đạt
n3_advanced_drafts	batch_0331_0340	R_0332	理念	りねん	triết lý, tư tưởng cốt lõi	Lí Niệm
n3_advanced_drafts	batch_0331_0340	R_0332	投資	とうし	đầu tư	Đầu Tư
n3_advanced_drafts	batch_0331_0340	R_0332	SDGs	エスディージーズ	Mục tiêu phát triển bền vững (Sustainable Development Goals)	
n3_advanced_drafts	batch_0331_0340	R_0332	掲げる	かかげる	giương cao, đề ra (lý tưởng, mục tiêu)	Yết
n3_advanced_drafts	batch_0331_0340	R_0333	書道	しょどう	thư pháp	Thư Đạo
n3_advanced_drafts	batch_0331_0340	R_0333	墨	すみ	mực tàu	Mặc
n3_advanced_drafts	batch_0331_0340	R_0333	筆	ふで	bút lông	Bút
n3_advanced_drafts	batch_0331_0340	R_0333	書道家	しょどうか	nhà thư pháp	Thư Đạo Gia
n3_advanced_drafts	batch_0331_0340	R_0333	迷い	まよい	sự do dự, phân vân	Mê
n3_advanced_drafts	batch_0331_0340	R_0333	茶道	さどう	trà đạo	Trà Đạo
n3_advanced_drafts	batch_0331_0340	R_0333	華道	かどう	hoa đạo	Hoa Đạo
n3_advanced_drafts	batch_0331_0340	R_0333	人格	じんかく	nhân cách	Nhân Cách
n3_advanced_drafts	batch_0331_0340	R_0333	濃淡	のうたん	đậm nhạt	Nùng Đạm
n3_advanced_drafts	batch_0331_0340	R_0333	精神性	せいしんせい	tính tinh thần, đời sống tinh thần	Tinh Thần Tính
n3_advanced_drafts	batch_0331_0340	R_0333	習字	しゅうじ	tập viết chữ đẹp (thường dùng cho trẻ em học ở trường, khác với 書道 = thư pháp nghệ thuật)	Tập Tự
n3_advanced_drafts	batch_0331_0340	R_0334	共生	きょうせい	cùng chung sống	Cộng Sanh
n3_advanced_drafts	batch_0331_0340	R_0334	少子高齢化	しょうしこうれいか	ít trẻ em và già hóa dân số	Thiểu Tử Cao Linh Hóa
n3_advanced_drafts	batch_0331_0340	R_0334	摩擦	まさつ	sự ma sát, xung đột	Ma Sát
n3_advanced_drafts	batch_0331_0340	R_0334	遠回しな表現	とおまわしなひょうげん	cách diễn đạt vòng vo	Viễn Hồi Biểu Hiện
n3_advanced_drafts	batch_0331_0340	R_0334	排除する	はいじょする	loại bỏ, gạt ra	Bài Trừ
n3_advanced_drafts	batch_0331_0340	R_0334	多様性	たようせい	tính đa dạng	Đa Dạng Tính
n3_advanced_drafts	batch_0331_0340	R_0334	歩み寄る	あゆみよる	cùng nhường nhịn, gặp nhau ở giữa	Bộ Kí
n3_advanced_drafts	batch_0331_0340	R_0334	配慮	はいりょ	sự quan tâm chu đáo	Phối Lự
n3_advanced_drafts	batch_0331_0340	R_0334	競争力	きょうそうりょく	sức cạnh tranh	Cạnh Tranh Lực
n3_advanced_drafts	batch_0331_0340	R_0334	創造性	そうぞうせい	tính sáng tạo	Sang Tạo Tính
n3_advanced_drafts	batch_0331_0340	R_0334	特定技能	とくていぎのう	kỹ năng đặc định (hệ thống thị thực lao động Nhật 2019)	Đặc Định Kĩ Năng
n3_advanced_drafts	batch_0331_0340	R_0335	頭文字	かしらもじ	chữ cái đầu, viết tắt	Đầu Văn Tự
n3_advanced_drafts	batch_0331_0340	R_0335	国家戦略	こっかせんりゃく	chiến lược quốc gia	Quốc Gia Chiến Lược
n3_advanced_drafts	batch_0331_0340	R_0335	必修化	ひっしゅうか	việc đưa vào bắt buộc	Tất Tu Hóa
n3_advanced_drafts	batch_0331_0340	R_0335	工作	こうさく	thủ công, chế tác	Công Tác
n3_advanced_drafts	batch_0331_0340	R_0335	思考方法	しこうほうほう	phương pháp tư duy	Tư Khảo Phương Pháp
n3_advanced_drafts	batch_0331_0340	R_0335	普及する	ふきゅうする	phổ biến, lan rộng	Phổ Cập
n3_advanced_drafts	batch_0331_0340	R_0335	不可欠	ふかけつ	không thể thiếu	Bất Khả Khiếm
n3_advanced_drafts	batch_0331_0340	R_0335	理系	りけい	khối khoa học (tự nhiên, kỹ thuật)	Lí Hệ
n3_advanced_drafts	batch_0331_0340	R_0335	進学率	しんがくりつ	tỷ lệ tiếp tục lên học cao hơn	Tiến Học Suất
n3_advanced_drafts	batch_0331_0340	R_0335	偏見	へんけん	định kiến	Thiên Kiến
n3_advanced_drafts	batch_0331_0340	R_0335	論理的	ろんりてき	tính logic	Luận Lí Đích
n3_advanced_drafts	batch_0331_0340	R_0335	GIGAスクール構想	ギガスクールこうそう	Chương trình GIGA School - mỗi học sinh một thiết bị (chính sách giáo dục Nhật)	Cấu Tưởng
n3_advanced_drafts	batch_0331_0340	R_0336	口腔ケア	こうくうケア	chăm sóc răng miệng	Khẩu Khang
n3_advanced_drafts	batch_0331_0340	R_0336	虫歯	むしば	sâu răng	Trùng Xỉ
n3_advanced_drafts	batch_0331_0340	R_0336	歯周病	ししゅうびょう	viêm nha chu	Xỉ Chu Bệnh
n3_advanced_drafts	batch_0331_0340	R_0336	肺炎	はいえん	viêm phổi	Phế Viêm
n3_advanced_drafts	batch_0331_0340	R_0336	唾液	だえき	nước bọt	Thóa Dịch
n3_advanced_drafts	batch_0331_0340	R_0336	入れ歯	いれば	răng giả	Nhập Xỉ
n3_advanced_drafts	batch_0331_0340	R_0336	誤嚥性肺炎	ごえんせいはいえん	viêm phổi do hít sặc	Ngộ Yết Tính Phế Viêm
n3_advanced_drafts	batch_0331_0340	R_0336	免疫力	めんえきりょく	sức đề kháng, miễn dịch	Miễn Dịch Lực
n3_advanced_drafts	batch_0331_0340	R_0336	認知症	にんちしょう	sa sút trí tuệ	Nhận Tri Chứng
n3_advanced_drafts	batch_0331_0340	R_0336	歯科検診	しかけんしん	khám nha khoa	Xỉ Khoa Kiểm Chẩn
n3_advanced_drafts	batch_0331_0340	R_0336	健康寿命	けんこうじゅみょう	tuổi thọ khỏe mạnh	Kiện Khang Thọ Mệnh
n3_advanced_drafts	batch_0331_0340	R_0336	8020運動	はちまるにいまるうんどう	Phong trào 8020 - mục tiêu giữ 20 răng đến 80 tuổi	Vận Động
n3_advanced_drafts	batch_0331_0340	R_0336	悪循環	あくじゅんかん	vòng luẩn quẩn	Ác Tuần Hoàn
n3_advanced_drafts	batch_0331_0340	R_0337	光熱費	こうねつひ	chi phí điện nước, chi phí năng lượng sinh hoạt	Quang Nhiệt Phí
n3_advanced_drafts	batch_0331_0340	R_0337	圧迫	あっぱく	siết chặt, đè nén	Áp Bách
n3_advanced_drafts	batch_0331_0340	R_0337	高騰	こうとう	tăng vọt, leo thang	Cao Đằng
n3_advanced_drafts	batch_0331_0340	R_0337	実質的	じっしつてき	mang tính thực chất, thực tế	Thực Chất Đích
n3_advanced_drafts	batch_0331_0340	R_0337	打撃	だげき	cú đánh, tổn hại	Đả Kích
n3_advanced_drafts	batch_0331_0340	R_0337	補助	ほじょ	trợ cấp, hỗ trợ	Bổ Trợ
n3_advanced_drafts	batch_0331_0340	R_0337	生産性	せいさんせい	năng suất	Sanh Sản Tính
n3_advanced_drafts	batch_0331_0340	R_0337	還元	かんげん	hoàn lại, trả về	Hoàn Nguyên
n3_advanced_drafts	batch_0331_0340	R_0337	節約	せつやく	tiết kiệm	Tiết Ước
n3_advanced_drafts	batch_0331_0340	R_0337	年金	ねんきん	lương hưu	Niên Kim
n3_advanced_drafts	batch_0331_0340	R_0337	春闘	しゅんとう	đàm phán lương xuân (đàm phán tăng lương hàng năm giữa công đoàn và doanh nghiệp Nhật)	Xuân Đấu
n3_advanced_drafts	batch_0331_0340	R_0337	賃金	ちんぎん	tiền lương, lương công nhân	Nhẫm Kim
n3_advanced_drafts	batch_0331_0340	R_0338	陳列	ちんれつ	trưng bày, sắp xếp hàng hóa	Trần Liệt
n3_advanced_drafts	batch_0331_0340	R_0338	衝動買い	しょうどうがい	mua hàng theo bản năng, mua bốc đồng	Xung Động Mãi
n3_advanced_drafts	batch_0331_0340	R_0338	仕掛け	しかけ	mẹo, sắp đặt có chủ đích	Sĩ Quải
n3_advanced_drafts	batch_0331_0340	R_0338	購買意欲	こうばいいよく	ý muốn mua, ham muốn tiêu dùng	Cấu Mãi Ý Dục
n3_advanced_drafts	batch_0331_0340	R_0338	動機づけ	どうきづけ	sự tạo động lực	Động Ki
n3_advanced_drafts	batch_0331_0340	R_0338	フィードバック	フィードバック	phản hồi	
n3_advanced_drafts	batch_0331_0340	R_0338	生活習慣	せいかつしゅうかん	thói quen sinh hoạt	Sanh Hoạt Tập Quán
n3_advanced_drafts	batch_0331_0340	R_0338	操る	あやつる	thao túng, điều khiển	Thao
n3_advanced_drafts	batch_0331_0340	R_0338	倫理的	りんりてき	mang tính đạo đức	Luân Lí Đích
n3_advanced_drafts	batch_0331_0340	R_0338	警鐘を鳴らす	けいしょうをならす	gióng hồi chuông cảnh báo	Cảnh Chung Minh
n3_advanced_drafts	batch_0331_0340	R_0338	ナッジ理論	ナッジりろん	Lý thuyết Nudge - khuyến khích hành vi bằng cách thiết kế lựa chọn (Nobel Kinh tế 2017)	Lí Luận
n3_advanced_drafts	batch_0331_0340	R_0339	ハクビシン	ハクビシン	cầy hương (động vật)	
n3_advanced_drafts	batch_0331_0340	R_0339	生活圏	せいかつけん	vùng sinh hoạt	Sanh Hoạt Quyển
n3_advanced_drafts	batch_0331_0340	R_0339	残飯	ざんぱん	đồ ăn thừa, cơm thừa	Tàn Phạn
n3_advanced_drafts	batch_0331_0340	R_0339	生物多様性	せいぶつたようせい	đa dạng sinh học	Sanh Vật Đa Dạng Tính
n3_advanced_drafts	batch_0331_0340	R_0339	媒介	ばいかい	lây truyền, trung gian truyền	Môi Giới
n3_advanced_drafts	batch_0331_0340	R_0339	自治体	じちたい	chính quyền địa phương	Tự Trì Thể
n3_advanced_drafts	batch_0331_0340	R_0339	依存	いぞん	phụ thuộc	Y Tồn
n3_advanced_drafts	batch_0331_0340	R_0339	共生	きょうせい	cộng sinh, sống chung	Cộng Sanh
n3_advanced_drafts	batch_0331_0340	R_0339	衝突	しょうとつ	xung đột, va chạm	Xung Đột
n3_advanced_drafts	batch_0331_0340	R_0339	調和	ちょうわ	sự hài hòa	Điều Hòa
n3_advanced_drafts	batch_0331_0340	R_0339	鳥獣保護管理法	ちょうじゅうほごかんりほう	Luật bảo vệ và quản lý chim thú hoang dã (sửa đổi 2024)	Điểu Thú Bảo Hộ Quản Lí Pháp
n3_advanced_drafts	batch_0331_0340	R_0340	人工知能	じんこうちのう	trí tuệ nhân tạo	Nhân Công Tri Năng
n3_advanced_drafts	batch_0331_0340	R_0340	自動化	じどうか	tự động hóa	Tự Động Hóa
n3_advanced_drafts	batch_0331_0340	R_0340	人件費	じんけんひ	chi phí nhân sự	Nhân Kiện Phí
n3_advanced_drafts	batch_0331_0340	R_0340	削減	さくげん	cắt giảm	Tước Giảm
n3_advanced_drafts	batch_0331_0340	R_0340	単純作業	たんじゅんさぎょう	công việc thao tác đơn giản	Đơn Thuần Tác Nghiệp
n3_advanced_drafts	batch_0331_0340	R_0340	共感	きょうかん	đồng cảm	Cộng Cảm
n3_advanced_drafts	batch_0331_0340	R_0340	判断力	はんだんりょく	khả năng phán đoán	Phán Đoạn Lực
n3_advanced_drafts	batch_0331_0340	R_0340	倫理	りんり	đạo đức, luân lý	Luân Lí
n3_advanced_drafts	batch_0331_0340	R_0340	左右される	さゆうされる	bị chi phối, bị tác động	Tả Hữu
n3_advanced_drafts	batch_0331_0340	R_0340	覚悟	かくご	quyết tâm, sự sẵn sàng	Giác Ngộ
n3_advanced_drafts	batch_0331_0340	R_0340	生成AI	せいせいAI	AI tạo sinh (Generative AI, vd ChatGPT, Gemini)	Sanh Thành
n3_advanced_drafts	batch_0331_0340	R_0340	奪う	うばう	cướp đoạt, lấy đi	Đoạt
n2_basic_drafts	batch_0341_0350	R_0341	合計特殊出生率	ごうけいとくしゅしゅっしょうりつ	tổng tỷ suất sinh	Hợp Kế Đặc Thù Xuất Sanh Suất
n2_basic_drafts	batch_0341_0350	R_0341	晩婚化	ばんこんか	xu hướng kết hôn muộn	Vãn Hôn Hóa
n2_basic_drafts	batch_0341_0350	R_0341	未婚率	みこんりつ	tỷ lệ không kết hôn	Vị Hôn Suất
n2_basic_drafts	batch_0341_0350	R_0341	複合的	ふくごうてき	phức hợp, đa nhân tố	Phức Hợp Đích
n2_basic_drafts	batch_0341_0350	R_0341	政策立案者	せいさくりつあんしゃ	người làm chính sách, nhà hoạch định chính sách	Chánh Sách Lập Án Giả
n2_basic_drafts	batch_0341_0350	R_0341	実効性	じっこうせい	tính hiệu lực thực tế	Thực Hiệu Tính
n2_basic_drafts	batch_0341_0350	R_0341	社会保障制度	しゃかいほしょうせいど	hệ thống an sinh xã hội	Xã Hội Bảo Chướng Chế Độ
n2_basic_drafts	batch_0341_0350	R_0341	持続可能性	じぞくかのうせい	tính bền vững	Trì Tục Khả Năng Tính
n2_basic_drafts	batch_0341_0350	R_0341	過疎化	かそか	tình trạng giảm dân số, thưa dân	Quá Sơ Hóa
n2_basic_drafts	batch_0341_0350	R_0341	保育所	ほいくしょ	nhà trẻ, cơ sở chăm sóc trẻ em	Bảo Dục Sở
n2_basic_drafts	batch_0341_0350	R_0341	育児休業	いくじきゅうぎょう	nghỉ chăm sóc con (chế độ nghỉ việc để nuôi con)	Dục Nhi Hưu Nghiệp
n2_basic_drafts	batch_0341_0350	R_0341	一朝一夕	いっちょういっせき	trong một sớm một chiều (thành ngữ: không thể giải quyết nhanh)	Nhất Triêu Nhất Tịch
n2_basic_drafts	batch_0341_0350	R_0341	こども家庭庁	こどもかていちょう	Cơ quan Gia đình và Trẻ em (thành lập 4/2023, phụ trách chính sách trẻ em và gia đình)	Gia Đình Sảnh
n2_basic_drafts	batch_0341_0350	R_0342	古来	こらい	từ thời xa xưa, từ xưa đến nay	Cổ Lai
n2_basic_drafts	batch_0341_0350	R_0342	一様	いちよう	đồng nhất, như nhau	Nhất Dạng
n2_basic_drafts	batch_0341_0350	R_0342	欲求段階説	よっきゅうだんかいせつ	thuyết bậc thang nhu cầu (Maslow)	Dục Cầu Đoạn Giai Thuyết
n2_basic_drafts	batch_0341_0350	R_0342	高次化	こうじか	tiến lên bậc cao hơn, nâng cao cấp độ	Cao Thứ Hóa
n2_basic_drafts	batch_0341_0350	R_0342	自己表現	じこひょうげん	tự biểu đạt bản thân	Tự Kỉ Biểu Hiện
n2_basic_drafts	batch_0341_0350	R_0342	ワーク・エンゲージメント	ワーク・エンゲージメント	sự gắn kết công việc (work engagement)	
n2_basic_drafts	batch_0341_0350	R_0342	やりがい搾取	やりがいさくしゅ	bóc lột niềm vui công việc (dùng niềm vui làm lý do trả lương thấp)	Trá Thủ
n2_basic_drafts	batch_0341_0350	R_0342	低賃金	ていちんぎん	mức lương thấp	Đê Nhẫm Kim
n2_basic_drafts	batch_0341_0350	R_0342	対価	たいか	đối giá, thù lao tương xứng	Đối Giá
n2_basic_drafts	batch_0341_0350	R_0342	充実感	じゅうじつかん	cảm giác sung mãn, cảm giác đầy đủ	Sung Thực Cảm
n2_basic_drafts	batch_0341_0350	R_0342	粘り強く	ねばりづよく	kiên trì, bền bỉ	Niêm Cường
n2_basic_drafts	batch_0341_0350	R_0342	インフラ	インフラ	cơ sở hạ tầng	
n2_basic_drafts	batch_0341_0350	R_0342	春闘	しゅんとう	mùa đàm phán tiền lương mùa xuân (đàm phán tập thể hàng năm giữa nghiệp đoàn và doanh nghiệp)	Xuân Đấu
n2_basic_drafts	batch_0341_0350	R_0343	生成AI	せいせいエーアイ	AI tạo sinh (AI có thể tạo ra nội dung mới)	Sanh Thành
n2_basic_drafts	batch_0341_0350	R_0343	契機	けいき	cơ hội, dịp, bước ngoặt	Khế Ki
n2_basic_drafts	batch_0341_0350	R_0343	人間固有	にんげんこゆう	đặc hữu của con người, chỉ con người mới có	Nhân Gian Cố Hữu
n2_basic_drafts	batch_0341_0350	R_0343	代替	だいたい	thay thế	Đại Thế
n2_basic_drafts	batch_0341_0350	R_0343	驚異的	きょういてき	đáng kinh ngạc, phi thường	Kinh Dị Đích
n2_basic_drafts	batch_0341_0350	R_0343	著作権	ちょさくけん	bản quyền, quyền tác giả	Trứ Tác Quyền
n2_basic_drafts	batch_0341_0350	R_0343	偏見	へんけん	định kiến, thành kiến	Thiên Kiến
n2_basic_drafts	batch_0341_0350	R_0343	倫理的	りんりてき	thuộc về đạo đức, mang tính đạo đức	Luân Lí Đích
n2_basic_drafts	batch_0341_0350	R_0343	協働	きょうどう	hợp tác cùng làm, cộng tác	Hiệp Động
n2_basic_drafts	batch_0341_0350	R_0343	花開く	はなひらく	nở rộ, nở hoa (ẩn dụ: phát triển rực rỡ)	Hoa Khai
n2_basic_drafts	batch_0341_0350	R_0343	根本的	こんぽんてき	căn bản, cơ bản	Căn Bản Đích
n2_basic_drafts	batch_0341_0350	R_0343	表現	ひょうげん	biểu đạt, cách thể hiện	Biểu Hiện
n2_basic_drafts	batch_0341_0350	R_0343	AI事業者ガイドライン	エーアイじぎょうしゃガイドライン	Hướng dẫn cho nhà kinh doanh AI (do Bộ METI và MIC Nhật Bản ban hành 4/2024)	Sự Nghiệp Giả
n2_basic_drafts	batch_0341_0350	R_0344	義務教育	ぎむきょういく	giáo dục bắt buộc	Nghĩa Vụ Giáo Dục
n2_basic_drafts	batch_0341_0350	R_0344	格差	かくさ	khoảng cách, bất bình đẳng	Cách Soa
n2_basic_drafts	batch_0341_0350	R_0344	過疎地域	かそちいき	vùng thưa dân, vùng hẻo lánh	Quá Sơ Địa Vực
n2_basic_drafts	batch_0341_0350	R_0344	統廃合	とうはいごう	sáp nhập và bãi bỏ (trường học)	Thống Phế Hợp
n2_basic_drafts	batch_0341_0350	R_0344	乖離	かいり	sự tách rời, khoảng cách (giữa lý tưởng và thực tế)	Quai Li
n2_basic_drafts	batch_0341_0350	R_0344	就学援助	しゅうがくえんじょ	hỗ trợ đi học (về mặt tài chính)	Tựu Học Viên Trợ
n2_basic_drafts	batch_0341_0350	R_0344	給付型奨学金	きゅうふがたしょうがくきん	học bổng cấp phát (không hoàn trả)	Cấp Phó Hình Tưởng Học Kim
n2_basic_drafts	batch_0341_0350	R_0344	貧困の連鎖	ひんこんのれんさ	vòng lặp nghèo đói (nghèo di truyền qua thế hệ)	Bần Khốn Liên Tỏa
n2_basic_drafts	batch_0341_0350	R_0344	公的投資	こうてきとうし	đầu tư công	Công Đích Đầu Tư
n2_basic_drafts	batch_0341_0350	R_0344	根強い	ねづよい	bền vững, ăn sâu, khó lay chuyển	Căn Cường
n2_basic_drafts	batch_0341_0350	R_0344	財政的	ざいせいてき	về mặt tài chính, tài khóa	Tài Chánh Đích
n2_basic_drafts	batch_0341_0350	R_0344	急務	きゅうむ	việc cấp bách, nhiệm vụ khẩn cấp	Cấp Vụ
n2_basic_drafts	batch_0341_0350	R_0345	線形経済	せんけいけいざい	kinh tế tuyến tính	Tuyến Hình Kinh Tế
n2_basic_drafts	batch_0341_0350	R_0345	循環型経済	じゅんかんがたけいざい	kinh tế tuần hoàn	Tuần Hoàn Hình Kinh Tế
n2_basic_drafts	batch_0341_0350	R_0345	枯渇	こかつ	cạn kiệt	Khô Khát
n2_basic_drafts	batch_0341_0350	R_0345	廃棄物	はいきぶつ	chất thải, rác thải	Phế Khí Vật
n2_basic_drafts	batch_0341_0350	R_0345	再製造	さいせいぞう	tái sản xuất, sản xuất lại	Tái Chế Tạo
n2_basic_drafts	batch_0341_0350	R_0345	法的枠組み	ほうてきわくぐみ	khung pháp lý	Pháp Đích Khung Tổ
n2_basic_drafts	batch_0341_0350	R_0345	採算	さいさん	tính sinh lời, khả năng có lãi	Thải Toán
n2_basic_drafts	batch_0341_0350	R_0345	サプライチェーン	サプライチェーン	chuỗi cung ứng	
n2_basic_drafts	batch_0341_0350	R_0345	可視化	かしか	hiển thị hóa, trực quan hóa	Khả Thị Hóa
n2_basic_drafts	batch_0341_0350	R_0345	インセンティブ	インセンティブ	ưu đãi, khuyến khích	
n2_basic_drafts	batch_0341_0350	R_0345	イノベーション	イノベーション	đổi mới sáng tạo	
n2_basic_drafts	batch_0341_0350	R_0345	障壁	しょうへき	rào cản, vật cản	Chướng Bích
n2_basic_drafts	batch_0341_0350	R_0345	移行	いこう	chuyển đổi, chuyển tiếp	Di Hành
n2_basic_drafts	batch_0341_0350	R_0345	プラスチック資源循環促進法	プラスチックしげんじゅんかんそくしんほう	Luật xúc tiến tuần hoàn tài nguyên nhựa (thi hành 4/2022)	Tư Nguyên Tuần Hoàn Xúc Tiến Pháp
n2_basic_drafts	batch_0341_0350	R_0346	精神疾患	せいしんしっかん	bệnh tâm thần	Tinh Thần Tật Hoạn
n2_basic_drafts	batch_0341_0350	R_0346	不安障害	ふあんしょうがい	rối loạn lo âu	Bất An Chướng Hại
n2_basic_drafts	batch_0341_0350	R_0346	偏見	へんけん	thành kiến, sự kỳ thị	Thiên Kiến
n2_basic_drafts	batch_0341_0350	R_0346	スティグマ	スティグマ	sự kỳ thị xã hội (stigma), vết nhơ/nhãn xấu	
n2_basic_drafts	batch_0341_0350	R_0346	受療行動	じゅりょうこうどう	hành vi tìm kiếm/tiếp cận điều trị y tế	Thụ Liệu Hành Động
n2_basic_drafts	batch_0341_0350	R_0346	認知行動療法	にんちこうどうりょうほう	liệu pháp nhận thức hành vi (CBT)	Nhận Tri Hành Động Liệu Pháp
n2_basic_drafts	batch_0341_0350	R_0346	マインドフルネス	マインドフルネス	chánh niệm (mindfulness)	
n2_basic_drafts	batch_0341_0350	R_0346	テレメディシン	テレメディシン	y tế từ xa (telemedicine)	
n2_basic_drafts	batch_0341_0350	R_0346	原因帰属	げんいんきぞく	sự quy kết nguyên nhân	Nguyên Nhân Quy Chúc
n2_basic_drafts	batch_0341_0350	R_0346	ウェルビーイング	ウェルビーイング	phúc lợi, sự thịnh vượng toàn diện (wellbeing)	
n2_basic_drafts	batch_0341_0350	R_0346	烙印	らくいん	vết nhơ, nhãn hiệu xấu (dùng giải thích スティグマ)	Lạc Ấn
n2_basic_drafts	batch_0341_0350	R_0346	包括的	ほうかつてき	toàn diện, bao quát	Bao Quát Đích
n2_basic_drafts	batch_0341_0350	R_0346	精神保健	せいしんほけん	chăm sóc sức khỏe tâm thần	Tinh Thần Bảo Kiện
n2_basic_drafts	batch_0341_0350	R_0347	侘び寂び	わびさび	wabi-sabi (mỹ học vẻ đẹp giản dị, không hoàn hảo của Nhật Bản)	Sá Tịch
n2_basic_drafts	batch_0341_0350	R_0347	儚さ	はかなさ	sự phù du, thoáng qua	Mộng
n2_basic_drafts	batch_0341_0350	R_0347	質素さ	しっそさ	sự giản dị, đơn sơ	Chất Tố
n2_basic_drafts	batch_0341_0350	R_0347	体現する	たいげんする	thể hiện, thể hiện cụ thể	Thể Hiện
n2_basic_drafts	batch_0341_0350	R_0347	相容れない	あいいれない	không dung hòa được, không tương thích	Tương Dung
n2_basic_drafts	batch_0341_0350	R_0347	無常観	むじょうかん	quan niệm vô thường	Vô Thường Quan
n2_basic_drafts	batch_0341_0350	R_0347	対称性	たいしょうせい	tính đối xứng	Đối Xưng Tính
n2_basic_drafts	batch_0341_0350	R_0347	趣	おもむき	vẻ thú vị, phong vị	Thú
n2_basic_drafts	batch_0341_0350	R_0347	希薄化	きはくか	sự loãng hóa, làm nhạt đi	Hi Bạc Hóa
n2_basic_drafts	batch_0341_0350	R_0347	美意識	びいしき	ý thức thẩm mỹ	Mĩ Ý Thức
n2_basic_drafts	batch_0341_0350	R_0347	風化	ふうか	sự phong hóa, mòn dần theo thời gian	Phong Hóa
n2_basic_drafts	batch_0341_0350	R_0347	随所	ずいしょ	khắp nơi, nhiều chỗ	Tùy Sở
n2_basic_drafts	batch_0341_0350	R_0347	金継ぎ	きんつぎ	kintsugi (mỹ học hàn gốm vỡ bằng vàng)	Kim Kế
n2_basic_drafts	batch_0341_0350	R_0348	生物多様性	せいぶつたようせい	đa dạng sinh học	Sanh Vật Đa Dạng Tính
n2_basic_drafts	batch_0341_0350	R_0348	生態系サービス	せいたいけいサービス	dịch vụ hệ sinh thái	Sanh Thái Hệ
n2_basic_drafts	batch_0341_0350	R_0348	絶滅速度	ぜつめつそくど	tốc độ tuyệt chủng	Tuyệt Diệt Tốc Độ
n2_basic_drafts	batch_0341_0350	R_0348	外来種	がいらいしゅ	loài ngoại lai, loài xâm lấn	Ngoại Lai Chủng
n2_basic_drafts	batch_0341_0350	R_0348	遺伝資源	いでんしげん	tài nguyên di truyền	Di Truyền Tư Nguyên
n2_basic_drafts	batch_0341_0350	R_0348	予防原則	よぼうげんそく	nguyên tắc phòng ngừa	Dư Phòng Nguyên Tắc
n2_basic_drafts	batch_0341_0350	R_0348	違法伐採	いほうばっさい	khai thác gỗ trái phép	Vi Pháp Phạt Thải
n2_basic_drafts	batch_0341_0350	R_0348	熱帯雨林	ねったいうりん	rừng nhiệt đới ẩm	Nhiệt Đới Vũ Lâm
n2_basic_drafts	batch_0341_0350	R_0348	利益配分	りえきはいぶん	phân chia lợi ích	Lợi Ích Phối Phân
n2_basic_drafts	batch_0341_0350	R_0348	インセンティブ	インセンティブ	ưu đãi, động lực khuyến khích	
n2_basic_drafts	batch_0341_0350	R_0348	批准	ひじゅん	phê chuẩn (điều ước quốc tế)	Phê Chuẩn
n2_basic_drafts	batch_0341_0350	R_0348	持続可能性	じぞくかのうせい	tính bền vững	Trì Tục Khả Năng Tính
n2_basic_drafts	batch_0341_0350	R_0348	生物多様性枠組	せいぶつたようせいわくぐみ	khung đa dạng sinh học (framework quốc tế về bảo tồn)	Sanh Vật Đa Dạng Tính Khung Tổ
n2_basic_drafts	batch_0341_0350	R_0349	Z世代	ゼットせだい	thế hệ Z	Thế Đại
n2_basic_drafts	batch_0341_0350	R_0349	終身雇用	しゅうしんこよう	biên chế trọn đời, tuyển dụng suốt đời	Chung Thân Cố Dụng
n2_basic_drafts	batch_0341_0350	R_0349	年功序列	ねんこうじょれつ	chế độ thăng tiến theo thâm niên	Niên Công Tự Liệt
n2_basic_drafts	batch_0341_0350	R_0349	承認欲求	しょうにんよっきゅう	nhu cầu được công nhận, thừa nhận	Thừa Nhận Dục Cầu
n2_basic_drafts	batch_0341_0350	R_0349	齟齬	そご	sự bất đồng, không khớp	Trở Ngữ
n2_basic_drafts	batch_0341_0350	R_0349	心理的安全性	しんりてきあんぜんせい	an toàn tâm lý (psychological safety)	Tâm Lí Đích An Toàn Tính
n2_basic_drafts	batch_0341_0350	R_0349	包括性	ほうかつせい	tính hòa nhập, tính bao trùm	Bao Quát Tính
n2_basic_drafts	batch_0341_0350	R_0349	台頭	たいとう	sự nổi lên, trỗi dậy	Thai Đầu
n2_basic_drafts	batch_0341_0350	R_0349	雇用慣行	こようかんこう	tập quán tuyển dụng	Cố Dụng Quán Hành
n2_basic_drafts	batch_0341_0350	R_0349	多様性	たようせい	tính đa dạng	Đa Dạng Tính
n2_basic_drafts	batch_0341_0350	R_0349	契機	けいき	cơ hội, dịp, nhân tố khởi động	Khế Ki
n2_basic_drafts	batch_0341_0350	R_0349	二十歳のつどい	はたちのつどい	lễ Hatachi no Tsudoi (lễ 20 tuổi sau khi tuổi thành niên hạ xuống 18 từ 2022)	Nhị Thập Tuế
n2_basic_drafts	batch_0341_0350	R_0350	第四の権力	だいしのけんりょく	quyền lực thứ tư (ám chỉ truyền thông)	Đệ Tứ Quyền Lực
n2_basic_drafts	batch_0341_0350	R_0350	三権	さんけん	ba quyền (lập pháp, hành pháp, tư pháp)	Tam Quyền
n2_basic_drafts	batch_0341_0350	R_0350	中立性	ちゅうりつせい	tính trung lập	Trung Lập Tính
n2_basic_drafts	batch_0341_0350	R_0350	歪める	ゆがめる	làm méo mó, bóp méo	Oai
n2_basic_drafts	batch_0341_0350	R_0350	有権者	ゆうけんしゃ	cử tri, người có quyền bầu cử	Hữu Quyền Giả
n2_basic_drafts	batch_0341_0350	R_0350	メディアリテラシー	メディアリテラシー	năng lực truyền thông, khả năng đọc hiểu và đánh giá truyền thông	
n2_basic_drafts	batch_0341_0350	R_0350	言論統制	げんろんとうせい	kiểm soát ngôn luận	Ngôn Luận Thống Chế
n2_basic_drafts	batch_0341_0350	R_0350	編集権	へんしゅうけん	quyền biên tập	Biên Tập Quyền
n2_basic_drafts	batch_0341_0350	R_0350	濫用	らんよう	lạm dụng	Lạm Dụng
n2_basic_drafts	batch_0341_0350	R_0350	分断	ぶんだん	sự phân rẽ, chia cắt	Phân Đoạn
n2_basic_drafts	batch_0341_0350	R_0350	封じ込める	ふうじこめる	bịt miệng, phong tỏa, ngăn chặn	Phong Nhập
n2_basic_drafts	batch_0341_0350	R_0350	守護者	しゅごしゃ	người bảo vệ, người canh giữ	Thủ Hộ Giả
n2_basic_drafts	batch_0351_0360	R_0351	世代ギャップ	せだいギャップ	khoảng cách thế hệ	Thế Đại
n2_basic_drafts	batch_0351_0360	R_0351	摩擦	まさつ	ma sát, mâu thuẫn	Ma Sát
n2_basic_drafts	batch_0351_0360	R_0351	干渉	かんしょう	sự can thiệp	Kiền Thiệp
n2_basic_drafts	batch_0351_0360	R_0351	自己決定	じこけってい	tự quyết, tự quyết định	Tự Kỉ Quyết Định
n2_basic_drafts	batch_0351_0360	R_0351	老後	ろうご	cuộc sống sau khi về hưu, tuổi già	Lão Hậu
n2_basic_drafts	batch_0351_0360	R_0351	孤立	こりつ	sự cô lập	Cô Lập
n2_basic_drafts	batch_0351_0360	R_0351	絆	きずな	sợi dây gắn kết, tình cảm	Bán
n2_basic_drafts	batch_0351_0360	R_0351	折り合いをつける	おりあいをつける	tìm điểm chung, thỏa hiệp	Chiết Hợp
n2_basic_drafts	batch_0351_0360	R_0351	不可欠	ふかけつ	không thể thiếu	Bất Khả Khiếm
n2_basic_drafts	batch_0351_0360	R_0351	融合	ゆうごう	hợp nhất, kết hợp	Dung Hợp
n2_basic_drafts	batch_0351_0360	R_0351	イノベーション	イノベーション	đổi mới, sáng tạo (innovation)	
n2_basic_drafts	batch_0351_0360	R_0351	促す	うながす	thúc đẩy, khuyến khích	Xúc
n2_basic_drafts	batch_0351_0360	R_0352	メタバース	メタバース	metaverse, không gian ảo ba chiều trên internet	
n2_basic_drafts	batch_0351_0360	R_0352	アバター	アバター	avatar, hình đại diện ảo	
n2_basic_drafts	batch_0351_0360	R_0352	三次元	さんじげん	ba chiều (3D)	Tam Thứ Nguyên
n2_basic_drafts	batch_0351_0360	R_0352	乖離	かいり	sự xa cách, tách biệt	Quai Li
n2_basic_drafts	batch_0351_0360	R_0352	没頭する	ぼっとうする	đắm chìm vào, say mê hoàn toàn	Một Đầu
n2_basic_drafts	batch_0351_0360	R_0352	デジタルデバイド	デジタルデバイド	khoảng cách số, bất bình đẳng tiếp cận công nghệ	
n2_basic_drafts	batch_0351_0360	R_0352	インフラ整備	インフラせいび	xây dựng cơ sở hạ tầng	Chỉnh Bị
n2_basic_drafts	batch_0351_0360	R_0352	包括的	ほうかつてき	toàn diện, bao quát	Bao Quát Đích
n2_basic_drafts	batch_0351_0360	R_0352	倫理規範	りんりきはん	chuẩn mực đạo đức	Luân Lí Quy Phạm
n2_basic_drafts	batch_0351_0360	R_0352	山積する	さんせきする	chồng chất, tích lũy nhiều	San Tích
n2_basic_drafts	batch_0351_0360	R_0352	没入感	ぼつにゅうかん	cảm giác đắm chìm, độ immersive	Một Nhập Cảm
n2_basic_drafts	batch_0351_0360	R_0352	契機	けいき	dịp, cơ hội, nhân tố kích hoạt	Khế Ki
n2_basic_drafts	batch_0351_0360	R_0352	生成AI	せいせいエーアイ	AI tạo sinh (generative AI)	Sanh Thành
n2_basic_drafts	batch_0351_0360	R_0353	越境EC	えっきょうイーシー	thương mại điện tử xuyên biên giới (cross-border e-commerce)	Việt Cảnh
n2_basic_drafts	batch_0351_0360	R_0353	関税制度	かんぜいせいど	chế độ thuế quan	Quan Thuế Chế Độ
n2_basic_drafts	batch_0351_0360	R_0353	障壁	しょうへき	rào cản, chướng ngại	Chướng Bích
n2_basic_drafts	batch_0351_0360	R_0353	市場特性	しじょうとくせい	đặc tính thị trường	Thị Tràng Đặc Tính
n2_basic_drafts	batch_0351_0360	R_0353	物流	ぶつりゅう	logistics, luồng hàng hóa	Vật Lưu
n2_basic_drafts	batch_0351_0360	R_0353	偽造品	ぎぞうひん	hàng giả, hàng nhái	Ngụy Tạo Phẩm
n2_basic_drafts	batch_0351_0360	R_0353	越境移転	えっきょういてん	chuyển giao xuyên biên giới	Việt Cảnh Di Chuyển
n2_basic_drafts	batch_0351_0360	R_0353	法規制	ほうきせい	quy định pháp lý	Pháp Quy Chế
n2_basic_drafts	batch_0351_0360	R_0353	標準化	ひょうじゅんか	chuẩn hóa, tiêu chuẩn hóa	Tiêu Chuẩn Hóa
n2_basic_drafts	batch_0351_0360	R_0353	調和	ちょうわ	hài hòa, điều phối	Điều Hòa
n2_basic_drafts	batch_0351_0360	R_0353	身元確認	みもとかくにん	xác minh danh tính	Thân Nguyên Xác Nhận
n2_basic_drafts	batch_0351_0360	R_0353	持続可能	じぞくかのう	bền vững (sustainable)	Trì Tục Khả Năng
n2_basic_drafts	batch_0351_0360	R_0354	祭典	さいてん	lễ hội, lễ điển (trang trọng)	Tế Điển
n2_basic_drafts	batch_0351_0360	R_0354	雪像	せつぞう	tượng tuyết	Tuyết Tượng
n2_basic_drafts	batch_0351_0360	R_0354	催し	もよおし	sự kiện, buổi tổ chức	Thôi
n2_basic_drafts	batch_0351_0360	R_0354	来場者	らいじょうしゃ	người đến tham dự	Lai Tràng Giả
n2_basic_drafts	batch_0351_0360	R_0354	目玉	めだま	điểm nhấn, điểm hút khách	Mục Ngọc
n2_basic_drafts	batch_0351_0360	R_0354	自衛隊員	じえいたいいん	quân nhân lực lượng phòng vệ	Tự Vệ Đội Viên
n2_basic_drafts	batch_0351_0360	R_0354	費やされる	ついやされる	bị tiêu tốn, bị dùng hết (thụ động)	Phí
n2_basic_drafts	batch_0351_0360	R_0354	多岐にわたる	たきにわたる	trải rộng trên nhiều lĩnh vực, rất đa dạng	Đa Kì
n2_basic_drafts	batch_0351_0360	R_0354	恩恵	おんけい	ân huệ, lợi ích, phúc lợi	Ân Huệ
n2_basic_drafts	batch_0351_0360	R_0354	軒を連ねる	のきをつらねる	san sát nhau (nói về hàng quán)	Hiên Liên
n2_basic_drafts	batch_0351_0360	R_0354	多文化共生	たぶんかきょうせい	giao lưu đa văn hóa, sống chung đa văn hóa	Đa Văn Hóa Cộng Sanh
n2_basic_drafts	batch_0351_0360	R_0354	人工雪	じんこうゆき	tuyết nhân tạo	Nhân Công Tuyết
n2_basic_drafts	batch_0351_0360	R_0354	連帯	れんたい	sự đoàn kết, liên đới	Liên Đới
n2_basic_drafts	batch_0351_0360	R_0354	創造力	そうぞうりょく	sức sáng tạo	Sang Tạo Lực
n2_basic_drafts	batch_0351_0360	R_0355	一大関門	いちだいかんもん	cửa ải lớn, thử thách quan trọng	Nhất Đại Quan Môn
n2_basic_drafts	batch_0351_0360	R_0355	厳しい	きびしい	gian khổ, nghiêm khắc	Nghiêm
n2_basic_drafts	batch_0351_0360	R_0355	過度な	かどな	quá mức, thái quá	Quá Độ
n2_basic_drafts	batch_0351_0360	R_0355	学歴社会	がくれきしゃかい	xã hội coi trọng bằng cấp	Học Lịch Xã Hội
n2_basic_drafts	batch_0351_0360	R_0355	自己否定	じこひてい	phủ nhận bản thân	Tự Kỉ Phủ Định
n2_basic_drafts	batch_0351_0360	R_0355	画一的	かくいつてき	đồng nhất, một chiều, rập khuôn	Họa Nhất Đích
n2_basic_drafts	batch_0351_0360	R_0355	合否の判定	ごうひのはんてい	xét kết quả đỗ trượt	Hợp Phủ Phán Định
n2_basic_drafts	batch_0351_0360	R_0355	進路	しんろ	con đường tương lai, định hướng	Tiến Lộ
n2_basic_drafts	batch_0351_0360	R_0355	整備	せいび	xây dựng, chuẩn bị, tổ chức	Chỉnh Bị
n2_basic_drafts	batch_0351_0360	R_0355	推薦入試	すいせんにゅうし	tuyển sinh theo hình thức giới thiệu/tuyển thẳng	Thôi Tiến Nhập Thí
n2_basic_drafts	batch_0351_0360	R_0355	相いれない	あいいれない	không tương thích, không hòa hợp	Tương
n2_basic_drafts	batch_0351_0360	R_0355	計り知れない	はかりしれない	không thể đo lường được, vô cùng lớn	Kế Tri
n2_basic_drafts	batch_0351_0360	R_0356	急増	きゅうぞう	tăng nhanh, tăng đột biến	Cấp Tăng
n2_basic_drafts	batch_0351_0360	R_0356	達成感	たっせいかん	cảm giác thành tựu	Đạt Thành Cảm
n2_basic_drafts	batch_0351_0360	R_0356	エンドルフィン	エンドルフィン	endorphin (chất dẫn truyền thần kinh)	
n2_basic_drafts	batch_0351_0360	R_0356	分泌	ぶんぴつ	sự tiết ra (hormone, chất)	Phân Bí
n2_basic_drafts	batch_0351_0360	R_0356	高揚	こうよう	nâng cao, hưng phấn	Cao Dương
n2_basic_drafts	batch_0351_0360	R_0356	思い込み	おもいこみ	suy nghĩ cố chấp, định kiến	Tư Nhập
n2_basic_drafts	batch_0351_0360	R_0356	障壁	しょうへき	rào cản	Chướng Bích
n2_basic_drafts	batch_0351_0360	R_0356	一石二鳥	いっせきにちょう	nhất cử lưỡng tiện	Nhất Thạch Nhị Điểu
n2_basic_drafts	batch_0351_0360	R_0356	忍耐力	にんたいりょく	sức chịu đựng, lòng kiên nhẫn	Nhẫn Nại Lực
n2_basic_drafts	batch_0351_0360	R_0356	多忙	たぼう	bận rộn	Đa Mang
n2_basic_drafts	batch_0351_0360	R_0356	恩恵	おんけい	ân huệ, lợi ích	Ân Huệ
n2_basic_drafts	batch_0351_0360	R_0356	対処能力	たいしょのうりょく	khả năng đối phó, xử lý	Đối Xứ Năng Lực
n2_basic_drafts	batch_0351_0360	R_0357	燃え尽き症候群	もえつきしょうこうぐん	hội chứng kiệt sức (burnout)	Nhiên Tẫn Chứng Hậu Quần
n2_basic_drafts	batch_0351_0360	R_0357	過労	かろう	làm việc quá sức, lao động quá mức	Quá Lao
n2_basic_drafts	batch_0351_0360	R_0357	消耗	しょうもう	tiêu hao, cạn kiệt	Tiêu Háo
n2_basic_drafts	batch_0351_0360	R_0357	教壇	きょうだん	bục giảng	Giáo Đàn
n2_basic_drafts	batch_0351_0360	R_0357	使命感	しめいかん	cảm giác sứ mệnh, ý thức trách nhiệm	Sử Mệnh Cảm
n2_basic_drafts	batch_0351_0360	R_0357	投げやり	なげやり	buông xuôi, thiếu trách nhiệm	Đầu
n2_basic_drafts	batch_0351_0360	R_0357	蓄積	ちくせき	tích lũy, tích tụ	Súc Tích
n2_basic_drafts	batch_0351_0360	R_0357	アイデンティティ	アイデンティティ	bản sắc, danh tính	
n2_basic_drafts	batch_0351_0360	R_0357	ピア・サポート	ピア・サポート	hỗ trợ đồng đẳng (peer support)	
n2_basic_drafts	batch_0351_0360	R_0357	ストレス耐性	ストレスたいせい	khả năng chịu đựng căng thẳng	Nại Tính
n2_basic_drafts	batch_0351_0360	R_0357	持続可能性	じぞくかのうせい	tính bền vững, khả năng duy trì	Trì Tục Khả Năng Tính
n2_basic_drafts	batch_0351_0360	R_0357	認識変革	にんしきへんかく	thay đổi nhận thức, cách mạng nhận thức	Nhận Thức Biến Cách
n2_basic_drafts	batch_0351_0360	R_0358	ヒートアイランド現象	ヒートアイランドげんしょう	hiện tượng đảo nhiệt đô thị	Hiện Tượng
n2_basic_drafts	batch_0351_0360	R_0358	蓄積	ちくせき	tích lũy, tích trữ	Súc Tích
n2_basic_drafts	batch_0351_0360	R_0358	放熱	ほうねつ	tỏa nhiệt, phát tán nhiệt	Phóng Nhiệt
n2_basic_drafts	batch_0351_0360	R_0358	排熱	はいねつ	nhiệt thải	Bài Nhiệt
n2_basic_drafts	batch_0351_0360	R_0358	複合的	ふくごうてき	phức hợp, đan xen nhiều yếu tố	Phức Hợp Đích
n2_basic_drafts	batch_0351_0360	R_0358	熱中症	ねっちゅうしょう	say nắng, sốc nhiệt	Nhiệt Trung Chứng
n2_basic_drafts	batch_0351_0360	R_0358	睡眠障害	すいみんしょうがい	rối loạn giấc ngủ	Thụy Miên Chướng Hại
n2_basic_drafts	batch_0351_0360	R_0358	緑化	りょっか	phủ xanh, trồng cây xanh	Lục Hóa
n2_basic_drafts	batch_0351_0360	R_0358	舗装材	ほそうざい	vật liệu lát đường	Phố Trang Tài
n2_basic_drafts	batch_0351_0360	R_0358	抜本的	ばっぽんてき	căn cơ, triệt để (giải quyết từ gốc rễ)	Bạt Bản Đích
n2_basic_drafts	batch_0351_0360	R_0358	透水性	とうすいせい	tính thấm nước	Thấu Thủy Tính
n2_basic_drafts	batch_0351_0360	R_0358	矮小化	わいしょうか	thu nhỏ tầm quan trọng, xem thường	Nụy Tiểu Hóa
n2_basic_drafts	batch_0351_0360	R_0358	喫緊	きっきん	cấp bách, khẩn cấp	Khiết Khẩn
n2_basic_drafts	batch_0351_0360	R_0358	実効性	じっこうせい	tính hiệu quả thực tế	Thực Hiệu Tính
n2_basic_drafts	batch_0351_0360	R_0359	波及する	はきゅうする	lan rộng, lan đến	Ba Cập
n2_basic_drafts	batch_0351_0360	R_0359	告発	こくはつ	tố cáo, cáo giác	Cáo Phát
n2_basic_drafts	batch_0351_0360	R_0359	事務次官	じむじかん	Thứ trưởng (chức vụ hành chính cấp cao)	Sự Vụ Thứ Quan
n2_basic_drafts	batch_0351_0360	R_0359	二次加害	にじかがい	thiệt hại thứ cấp, gây hại thêm cho nạn nhân	Nhị Thứ Gia Hại
n2_basic_drafts	batch_0351_0360	R_0359	バッシング	バッシング	công kích, chỉ trích dữ dội	
n2_basic_drafts	batch_0351_0360	R_0359	信憑性	しんぴょうせい	độ tin cậy, tính đáng tin	Tín Bằng Tính
n2_basic_drafts	batch_0351_0360	R_0359	権力構造	けんりょくこうぞう	cơ cấu quyền lực	Quyền Lực Cấu Tạo
n2_basic_drafts	batch_0351_0360	R_0359	社会規範	しゃかいきはん	chuẩn mực xã hội	Xã Hội Quy Phạm
n2_basic_drafts	batch_0351_0360	R_0359	法的救済	ほうてききゅうさい	cứu trợ pháp lý	Pháp Đích Cứu Tế
n2_basic_drafts	batch_0351_0360	R_0359	可視化	かしか	hiển thị hóa, làm cho thấy được	Khả Thị Hóa
n2_basic_drafts	batch_0351_0360	R_0359	一枚岩	いちまいいわ	đồng nhất, đoàn kết tuyệt đối (nghĩa bóng)	Nhất Mai Nham
n2_basic_drafts	batch_0351_0360	R_0359	虚偽告発	きょぎこくはつ	tố cáo giả, tố cáo sai sự thật	Hư Ngụy Cáo Phát
n2_basic_drafts	batch_0351_0360	R_0359	不同意性交等罪	ふどういせいこうとうざい	tội hiếp dâm phi đồng thuận (luật mới 2023)	Bất Đồng Ý Tính Giao Đẳng Tội
n2_basic_drafts	batch_0351_0360	R_0360	津波	つなみ	sóng thần	Tân Ba
n2_basic_drafts	batch_0351_0360	R_0360	甚大	じんだい	rất lớn, cực kỳ nghiêm trọng	Thậm Đại
n2_basic_drafts	batch_0351_0360	R_0360	壊滅的	かいめつてき	mang tính hủy diệt, tàn phá hoàn toàn	Hoại Diệt Đích
n2_basic_drafts	batch_0351_0360	R_0360	警報	けいほう	cảnh báo (khẩn cấp)	Cảnh Báo
n2_basic_drafts	batch_0351_0360	R_0360	発令	はつれい	ban hành, phát lệnh	Phát Lệnh
n2_basic_drafts	batch_0351_0360	R_0360	防災無線	ぼうさいむせん	hệ thống phát thanh không dây phòng chống thiên tai	Phòng Tai Vô Tuyến
n2_basic_drafts	batch_0351_0360	R_0360	警報慣れ	けいほうなれ	thói quen quen với cảnh báo (không còn phản ứng)	Cảnh Báo Quán
n2_basic_drafts	batch_0351_0360	R_0360	堤防	ていぼう	đê điều	Đê Phòng
n2_basic_drafts	batch_0351_0360	R_0360	要配慮者	ようはいりょしゃ	người cần quan tâm đặc biệt (người yếu thế)	Yếu Phối Lự Giả
n2_basic_drafts	batch_0351_0360	R_0360	油断	ゆだん	sự chủ quan, bất cẩn	Du Đoạn
n2_basic_drafts	batch_0351_0360	R_0360	広域的	こういきてき	trên diện rộng, quy mô rộng lớn	Quảng Vực Đích
n2_basic_drafts	batch_0351_0360	R_0360	両輪	りょうりん	hai bánh xe (ẩn dụ: hai yếu tố cần thiết song song)	Lưỡng Luân
n2_basic_drafts	batch_0351_0360	R_0360	南海トラフ地震臨時情報	なんかいトラフじしんりんじじょうほう	Thông tin Lâm thời về Động đất Rãnh Nankai (lần đầu phát 8/2024)	Nam Hải Địa Chấn Lâm Thì Tình Báo
n2_basic_drafts	batch_0361_0370	R_0361	無謀	むぼう	liều lĩnh, thiếu suy xét	Vô Mưu
n2_basic_drafts	batch_0361_0370	R_0361	転換を図る	てんかんをはかる	tìm cách chuyển đổi, mưu cầu sự chuyển hướng	Chuyển Hoán Đồ
n2_basic_drafts	batch_0361_0370	R_0361	修行を積む	しゅぎょうをつむ	tích lũy kinh nghiệm tu nghề, rèn luyện kỹ năng	Tu Hành Tích
n2_basic_drafts	batch_0361_0370	R_0361	やりがい	やりがい	sự thỏa mãn, ý nghĩa trong công việc	
n2_basic_drafts	batch_0361_0370	R_0361	覚悟	かくご	quyết tâm, sự chuẩn bị tâm lý	Giác Ngộ
n2_basic_drafts	batch_0361_0370	R_0361	試行錯誤	しこうさくご	thử nghiệm và sai sót, mò mẫm thử	Thí Hành Thác Ngộ
n2_basic_drafts	batch_0361_0370	R_0361	天職	てんしょく	thiên chức, công việc phù hợp với thiên phú	Thiên Chức
n2_basic_drafts	batch_0361_0370	R_0361	謙虚さ	けんきょさ	sự khiêm tốn	Khiêm Hư
n2_basic_drafts	batch_0361_0370	R_0361	マネジメント	マネジメント	quản lý (management)	
n2_basic_drafts	batch_0361_0370	R_0361	成否	せいひ	sự thành bại, thành công hay thất bại	Thành Phủ
n2_basic_drafts	batch_0361_0370	R_0361	通用する	つうようする	được áp dụng, được chấp nhận, có giá trị	Thông Dụng
n2_basic_drafts	batch_0361_0370	R_0361	比べ物にならない	くらべものにならない	không thể so sánh được, vượt trội hoàn toàn	Bỉ Vật
n2_basic_drafts	batch_0361_0370	R_0362	起源	きげん	nguồn gốc, khởi nguyên	Khởi Nguyên
n2_basic_drafts	batch_0361_0370	R_0362	古来	こらい	từ xưa, cổ xưa	Cổ Lai
n2_basic_drafts	batch_0361_0370	R_0362	融合	ゆうごう	hòa quyện, hợp nhất	Dung Hợp
n2_basic_drafts	batch_0361_0370	R_0362	建築的構造物	けんちくてきこうぞうぶつ	công trình kiến trúc	Kiến Trúc Đích Cấu Tạo Vật
n2_basic_drafts	batch_0361_0370	R_0362	抽象的	ちゅうしょうてき	trừu tượng	Trừu Tượng Đích
n2_basic_drafts	batch_0361_0370	R_0362	精密さ	せいみつさ	độ chính xác, tính tinh vi	Tinh Mật
n2_basic_drafts	batch_0361_0370	R_0362	曖昧	あいまい	mơ hồ, không rõ ràng	Ái Muội
n2_basic_drafts	batch_0361_0370	R_0362	不完全さ	ふかんぜんさ	sự không hoàn hảo	Bất Hoàn Toàn
n2_basic_drafts	batch_0361_0370	R_0362	工芸品	こうげいひん	đồ thủ công mỹ nghệ	Công Vân Phẩm
n2_basic_drafts	batch_0361_0370	R_0362	体現する	たいげんする	thể hiện, thể hiện bằng hành động	Thể Hiện
n2_basic_drafts	batch_0361_0370	R_0362	変容	へんよう	sự biến đổi, biến hóa	Biến Dung
n2_basic_drafts	batch_0361_0370	R_0362	制約	せいやく	sự ràng buộc, giới hạn	Chế Ước
n2_basic_drafts	batch_0361_0370	R_0362	革新	かくしん	cách tân, đổi mới	Cách Tân
n2_basic_drafts	batch_0361_0370	R_0362	再確認	さいかくにん	tái xác nhận, xác nhận lại	Tái Xác Nhận
n2_basic_drafts	batch_0361_0370	R_0363	禅定	ぜんじょう	thiền định (trạng thái tập trung thiền sâu)	Thiền Định
n2_basic_drafts	batch_0361_0370	R_0363	坐禅	ざぜん	tọa thiền (ngồi thiền theo phong cách Zen)	Tọa Thiền
n2_basic_drafts	batch_0361_0370	R_0363	悟り	さとり	giác ngộ	Ngộ
n2_basic_drafts	batch_0361_0370	R_0363	解脱	げだつ	giải thoát (thoát khỏi vòng luân hồi)	Giải Thoát
n2_basic_drafts	batch_0361_0370	R_0363	世俗的	せぞくてき	thế tục, trần thế	Thế Tục Đích
n2_basic_drafts	batch_0361_0370	R_0363	逸話	いつわ	giai thoại, câu chuyện nổi tiếng	Dật Thoại
n2_basic_drafts	batch_0361_0370	R_0363	散漫	さんまん	phân tán, không tập trung	Tán Mạn
n2_basic_drafts	batch_0361_0370	R_0363	内省	ないせい	tự soi xét, phản tư	Nội Tỉnh
n2_basic_drafts	batch_0361_0370	R_0363	共鳴	きょうめい	cộng hưởng, đồng cảm	Cộng Minh
n2_basic_drafts	batch_0361_0370	R_0363	修行	しゅぎょう	tu hành, rèn luyện tâm linh	Tu Hành
n2_basic_drafts	batch_0361_0370	R_0363	瞑想	めいそう	thiền định, suy tư sâu	Minh Tưởng
n2_basic_drafts	batch_0361_0370	R_0363	文脈	ぶんみゃく	bối cảnh, văn mạch	Văn Mạch
n2_basic_drafts	batch_0361_0370	R_0364	高齢化	こうれいか	lão hóa dân số	Cao Linh Hóa
n2_basic_drafts	batch_0361_0370	R_0364	介護現場	かいごげんば	hiện trường / môi trường chăm sóc	Giới Hộ Hiện Tràng
n2_basic_drafts	batch_0361_0370	R_0364	慢性的	まんせいてき	mãn tính, kéo dài	Mạn Tính Đích
n2_basic_drafts	batch_0361_0370	R_0364	移乗	いじょう	chuyển tư thế (từ giường sang xe lăn, v.v.)	Di Thừa
n2_basic_drafts	batch_0361_0370	R_0364	搭載する	とうさいする	trang bị, lắp đặt (thiết bị)	Đáp Tái
n2_basic_drafts	batch_0361_0370	R_0364	孤独感	こどくかん	cảm giác cô đơn	Cô Độc Cảm
n2_basic_drafts	batch_0361_0370	R_0364	共感	きょうかん	sự đồng cảm	Cộng Cảm
n2_basic_drafts	batch_0361_0370	R_0364	ハイブリッド介護	ハイブリッドかいご	chăm sóc lai (kết hợp robot + con người)	Giới Hộ
n2_basic_drafts	batch_0361_0370	R_0364	腰痛	ようつう	đau lưng, đau thắt lưng	Yêu Thống
n2_basic_drafts	batch_0361_0370	R_0364	補助金	ほじょきん	tiền trợ cấp, tiền hỗ trợ	Bổ Trợ Kim
n2_basic_drafts	batch_0361_0370	R_0364	超高齢社会	ちょうこうれいしゃかい	xã hội siêu già hóa (>21% dân số trên 65 tuổi)	Siêu Cao Linh Xã Hội
n2_basic_drafts	batch_0361_0370	R_0364	位置づける	いちづける	định vị, xác định vị trí vai trò	Vị Trí
n2_basic_drafts	batch_0361_0370	R_0364	模索する	もさくする	mò mẫm, tìm kiếm (giải pháp trong bóng tối)	Mô Tác
n2_basic_drafts	batch_0361_0370	R_0365	核家族化	かくかぞくか	xu hướng thu nhỏ gia đình (chỉ cha mẹ và con cái)	Hạch Gia Tộc Hóa
n2_basic_drafts	batch_0361_0370	R_0365	少子化	しょうしか	tình trạng tỷ lệ sinh giảm, ít trẻ em	Thiểu Tử Hóa
n2_basic_drafts	batch_0361_0370	R_0365	駆けつける	かけつける	chạy đến, vội đến	Khu
n2_basic_drafts	batch_0361_0370	R_0365	罪悪感	ざいあくかん	cảm giác tội lỗi	Tội Ác Cảm
n2_basic_drafts	batch_0361_0370	R_0365	把握する	はあくする	nắm bắt, nắm rõ	Bả Ác
n2_basic_drafts	batch_0361_0370	R_0365	帰省	きせい	về thăm quê, về nhà	Quy Tỉnh
n2_basic_drafts	batch_0361_0370	R_0365	介護保険	かいごほけん	bảo hiểm chăm sóc (người cao tuổi)	Giới Hộ Bảo Hiểm
n2_basic_drafts	batch_0361_0370	R_0365	自立心	じりつしん	tinh thần tự lập	Tự Lập Tâm
n2_basic_drafts	batch_0361_0370	R_0365	遠慮	えんりょ	sự e ngại, khách khí	Viễn Lự
n2_basic_drafts	batch_0361_0370	R_0365	自尊心	じそんしん	lòng tự trọng	Tự Tôn Tâm
n2_basic_drafts	batch_0361_0370	R_0365	尊重する	そんちょうする	tôn trọng	Tôn Trọng
n2_basic_drafts	batch_0361_0370	R_0365	絆	きずな	sợi dây gắn kết, tình thân	Bán
n2_basic_drafts	batch_0361_0370	R_0365	尊厳	そんげん	phẩm giá, nhân phẩm	Tôn Nghiêm
n2_basic_drafts	batch_0361_0370	R_0366	根付く	ねづく	ăn sâu bén rễ, trở nên phổ biến	Căn Phó
n2_basic_drafts	batch_0361_0370	R_0366	定時	ていじ	giờ quy định, đúng giờ	Định Thì
n2_basic_drafts	batch_0361_0370	R_0366	退社	たいしゃ	rời công ty, về nhà sau giờ làm	Thối Xã
n2_basic_drafts	batch_0361_0370	R_0366	暗黙のルール	あんもくのルール	quy tắc ngầm, luật bất thành văn	Ám Mặc
n2_basic_drafts	batch_0361_0370	R_0366	疲弊	ひへい	kiệt sức, suy kiệt	Bì Tệ
n2_basic_drafts	batch_0361_0370	R_0366	余儀なくされる	よぎなくされる	bị buộc phải, không còn lựa chọn nào khác	Dư Nghi
n2_basic_drafts	batch_0361_0370	R_0366	常態化	じょうたいか	trở thành thường lệ, bình thường hóa	Thường Thái Hóa
n2_basic_drafts	batch_0361_0370	R_0366	離職率	りしょくりつ	tỷ lệ nghỉ việc	Li Chức Suất
n2_basic_drafts	batch_0361_0370	R_0366	根性論	こんじょうろん	thuyết ý chí, tinh thần cố gắng kiểu cũ	Căn Tính Luận
n2_basic_drafts	batch_0361_0370	R_0366	忌避感	きひかん	sự e ngại, cảm giác muốn né tránh	Kị Tị Cảm
n2_basic_drafts	batch_0361_0370	R_0366	率先	そっせん	tiên phong, đi đầu	Suất Tiên
n2_basic_drafts	batch_0361_0370	R_0366	そぐわない	そぐわない	không phù hợp, không tương thích	
n2_basic_drafts	batch_0361_0370	R_0367	ジェンダーギャップ指数	ジェンダーギャップしすう	chỉ số khoảng cách giới	Chỉ Sổ
n2_basic_drafts	batch_0361_0370	R_0367	夫婦同姓	ふうふどうせい	quy định vợ chồng dùng cùng một họ	Phu Phụ Đồng Tính
n2_basic_drafts	batch_0361_0370	R_0367	改姓	かいせい	đổi họ	Cải Tính
n2_basic_drafts	batch_0361_0370	R_0367	選択的夫婦別姓	せんたくてきふうふべっせい	hệ thống cho phép vợ chồng tùy chọn giữ họ riêng	Tuyển Trạch Đích Phu Phụ Biệt Tính
n2_basic_drafts	batch_0361_0370	R_0367	クオータ制	クオータせい	chế độ hạn ngạch (quy định tỷ lệ tối thiểu nữ giới)	Chế
n2_basic_drafts	batch_0361_0370	R_0367	育児休業	いくじきゅうぎょう	nghỉ thai sản / nghỉ chăm sóc con	Dục Nhi Hưu Nghiệp
n2_basic_drafts	batch_0361_0370	R_0367	残存する	ざんそんする	tồn tại, còn sót lại	Tàn Tồn
n2_basic_drafts	batch_0361_0370	R_0367	批准	ひじゅん	phê chuẩn (điều ước quốc tế)	Phê Chuẩn
n2_basic_drafts	batch_0361_0370	R_0367	履行	りこう	thực hiện (nghĩa vụ)	Lí Hành
n2_basic_drafts	batch_0361_0370	R_0367	障壁	しょうへき	rào cản, chướng ngại	Chướng Bích
n2_basic_drafts	batch_0361_0370	R_0367	代表性	だいひょうせい	tính đại diện	Đại Biểu Tính
n2_basic_drafts	batch_0361_0370	R_0367	包括的	ほうかつてき	toàn diện, bao quát	Bao Quát Đích
n2_basic_drafts	batch_0361_0370	R_0368	円安	えんやす	đồng yên yếu (tỷ giá thấp)	Viên An
n2_basic_drafts	batch_0361_0370	R_0368	購買力	こうばいりょく	sức mua	Cấu Mãi Lực
n2_basic_drafts	batch_0361_0370	R_0368	訪日客	ほうにちきゃく	khách đến thăm Nhật Bản	Phóng Nhật Khách
n2_basic_drafts	batch_0361_0370	R_0368	価格転嫁	かかくてんか	chuyển chi phí lên giá bán	Giá Cách Chuyển Giá
n2_basic_drafts	batch_0361_0370	R_0368	余儀なくされる	よぎなくされる	bị buộc phải (không còn lựa chọn)	Dư Nghi
n2_basic_drafts	batch_0361_0370	R_0368	オーバーツーリズム	オーバーツーリズム	tình trạng quá tải du lịch	
n2_basic_drafts	batch_0361_0370	R_0368	分散化	ぶんさんか	sự phân tán, phân tán hóa	Phân Tán Hóa
n2_basic_drafts	batch_0361_0370	R_0368	脆弱性	ぜいじゃくせい	sự dễ tổn thương, tính yếu kém	Thúy Nhược Tính
n2_basic_drafts	batch_0361_0370	R_0368	為替相場	かわせそうば	tỷ giá hối đoái	Vi Thế Tương Tràng
n2_basic_drafts	batch_0361_0370	R_0368	インバウンド	インバウンド	nhu cầu/khách du lịch đến từ nước ngoài	
n2_basic_drafts	batch_0361_0370	R_0368	自治体	じちたい	chính quyền địa phương	Tự Trì Thể
n2_basic_drafts	batch_0361_0370	R_0368	持続可能	じぞくかのう	bền vững, có thể duy trì	Trì Tục Khả Năng
n2_basic_drafts	batch_0361_0370	R_0369	知名度	ちめいど	độ nổi tiếng, mức độ được biết đến	Tri Danh Độ
n2_basic_drafts	batch_0361_0370	R_0369	帰属意識	きぞくいしき	ý thức gắn bó, ý thức thuộc về	Quy Chúc Ý Thức
n2_basic_drafts	batch_0361_0370	R_0369	再評価	さいひょうか	đánh giá lại	Tái Bình Giá
n2_basic_drafts	batch_0361_0370	R_0369	固定化	こていか	sự cố định hóa	Cố Định Hóa
n2_basic_drafts	batch_0361_0370	R_0369	継承	けいしょう	sự kế thừa, tiếp nối	Kế Thừa
n2_basic_drafts	batch_0361_0370	R_0369	媒介	ばいかい	cầu nối, trung gian	Môi Giới
n2_basic_drafts	batch_0361_0370	R_0369	優劣	ゆうれつ	hơn kém, thứ bậc tốt xấu	Ưu Liệt
n2_basic_drafts	batch_0361_0370	R_0369	地層	ちそう	tầng địa chất, lớp nền	Địa Tằng
n2_basic_drafts	batch_0361_0370	R_0369	共同体	きょうどうたい	cộng đồng	Cộng Đồng Thể
n2_basic_drafts	batch_0361_0370	R_0369	語彙	ごい	từ vựng	Ngữ Vị
n2_basic_drafts	batch_0361_0370	R_0369	イントネーション	イントネーション	ngữ điệu	
n2_basic_drafts	batch_0361_0370	R_0369	文脈	ぶんみゃく	bối cảnh, văn cảnh	Văn Mạch
n2_basic_drafts	batch_0361_0370	R_0370	仲居	なかい	người hầu phòng nữ trong ryokan	Trọng Cư
n2_basic_drafts	batch_0361_0370	R_0370	献立	こんだて	thực đơn	Hiến Lập
n2_basic_drafts	batch_0361_0370	R_0370	板前	いたまえ	đầu bếp Nhật truyền thống	Bản Tiền
n2_basic_drafts	batch_0361_0370	R_0370	調度品	ちょうどひん	đồ vật trang trí, nội thất	Điều Độ Phẩm
n2_basic_drafts	batch_0361_0370	R_0370	床の間	とこのま	tokonoma — khoảng lõm trang trí trên tường trong phòng Nhật	Sàng Gian
n2_basic_drafts	batch_0361_0370	R_0370	障子	しょうじ	cửa kéo giấy truyền thống Nhật	Chướng Tử
n2_basic_drafts	batch_0361_0370	R_0370	設える	しつらえる	sắp xếp, bày trí (có chủ ý)	Thiết
n2_basic_drafts	batch_0361_0370	R_0370	泉質	せんしつ	chất lượng nước khoáng (suối nóng)	Tuyền Chất
n2_basic_drafts	batch_0361_0370	R_0370	担い手	にないて	người đảm nhận, người kế thừa	Đam Thủ
n2_basic_drafts	batch_0361_0370	R_0370	後継者	こうけいしゃ	người kế thừa, người kế nhiệm	Hậu Kế Giả
n2_basic_drafts	batch_0361_0370	R_0370	継承	けいしょう	sự kế thừa, truyền lại	Kế Thừa
n2_basic_drafts	batch_0361_0370	R_0370	格上げ	かくあげ	nâng tầm, nâng cấp	Cách Thượng
n2_basic_drafts	batch_0371_0380	R_0371	沿線	えんせん	dọc tuyến (đường sắt, đường bộ)	Duyên Tuyến
n2_basic_drafts	batch_0371_0380	R_0371	往来	おうらい	sự đi lại, qua lại	Vãng Lai
n2_basic_drafts	batch_0371_0380	R_0371	業務効率	ぎょうむこうりつ	hiệu quả công việc	Nghiệp Vụ Hiệu Suất
n2_basic_drafts	batch_0371_0380	R_0371	格段に	かくだんに	rõ rệt, đáng kể	Cách Đoạn
n2_basic_drafts	batch_0371_0380	R_0371	活性化	かっせいか	sự sôi động, hoạt hóa	Hoạt Tính Hóa
n2_basic_drafts	batch_0371_0380	R_0371	交通弱者	こうつうじゃくしゃ	người dễ bị thiệt thòi về giao thông (người già, khuyết tật)	Giao Thông Nhược Giả
n2_basic_drafts	batch_0371_0380	R_0371	費用対効果	ひようたいこうか	hiệu quả chi phí, cost-benefit	Phí Dụng Đối Hiệu Quả
n2_basic_drafts	batch_0371_0380	R_0371	整備新幹線	せいびしんかんせん	kế hoạch mở rộng tuyến Shinkansen	Chỉnh Bị Tân Cán Tuyến
n2_basic_drafts	batch_0371_0380	R_0371	起爆剤	きばくざい	đòn bẩy, chất xúc tác (ví như thuốc nổ kích hoạt)	Khởi Bạo Tễ
n2_basic_drafts	batch_0371_0380	R_0371	まちづくり	まちづくり	xây dựng đô thị, phát triển cộng đồng địa phương	
n2_basic_drafts	batch_0371_0380	R_0371	格差の是正	かくさのぜせい	thu hẹp chênh lệch, khắc phục bất bình đẳng	Cách Soa Thị Chánh
n2_basic_drafts	batch_0371_0380	R_0371	契機	けいき	cơ hội, bước ngoặt, dịp	Khế Ki
n2_basic_drafts	batch_0371_0380	R_0372	心臓血管疾患	しんぞうけっかんしっかん	bệnh tim mạch	Tâm Tạng Huyết Quản Tật Hoạn
n2_basic_drafts	batch_0371_0380	R_0372	副腎皮質	ふくじんひしつ	vỏ tuyến thượng thận	Phó Thận Bì Chất
n2_basic_drafts	batch_0371_0380	R_0372	コルチゾール	コルチゾール	cortisol (hormone căng thẳng)	
n2_basic_drafts	batch_0371_0380	R_0372	炎症反応	えんしょうはんのう	phản ứng viêm	Viêm Chứng Phản Ứng
n2_basic_drafts	batch_0371_0380	R_0372	心筋梗塞	しんきんこうそく	nhồi máu cơ tim	Tâm Cân Cương Tắc
n2_basic_drafts	batch_0371_0380	R_0372	自律神経	じりつしんけい	thần kinh tự chủ	Tự Luật Thần Kinh
n2_basic_drafts	batch_0371_0380	R_0372	認知行動療法	にんちこうどうりょうほう	liệu pháp nhận thức hành vi	Nhận Tri Hành Động Liệu Pháp
n2_basic_drafts	batch_0371_0380	R_0372	副交感神経系	ふくこうかんしんけいけい	hệ thần kinh phó giao cảm	Phó Giao Cảm Thần Kinh Hệ
n2_basic_drafts	batch_0371_0380	R_0372	血小板凝集	けっしょうばんぎょうしゅう	kết tập tiểu cầu	Huyết Tiểu Bản Ngưng Tập
n2_basic_drafts	batch_0371_0380	R_0372	動脈硬化	どうみゃくこうか	xơ vữa động mạch	Động Mạch Ngạnh Hóa
n2_basic_drafts	batch_0371_0380	R_0372	遺伝的素因	いでんてきそいん	khuynh hướng di truyền	Di Truyền Đích Tố Nhân
n2_basic_drafts	batch_0371_0380	R_0372	摩擦	まさつ	mâu thuẫn, xung đột (trong quan hệ)	Ma Sát
n2_basic_drafts	batch_0371_0380	R_0373	婚活	こんかつ	hoạt động tìm kiếm bạn đời để kết hôn	Hôn Hoạt
n2_basic_drafts	batch_0371_0380	R_0373	少子化	しょうしか	tình trạng sinh ít con, tỷ lệ sinh giảm	Thiểu Tử Hóa
n2_basic_drafts	batch_0371_0380	R_0373	非正規雇用	ひせいきこよう	việc làm phi chính thức, bán thời gian	Phi Chánh Quy Cố Dụng
n2_basic_drafts	batch_0371_0380	R_0373	成婚率	せいこんりつ	tỷ lệ kết hôn thành công	Thành Hôn Suất
n2_basic_drafts	batch_0371_0380	R_0373	結婚相談所	けっこんそうだんじょ	trung tâm mai mối, tư vấn hôn nhân	Kết Hôn Tương Đàm Sở
n2_basic_drafts	batch_0371_0380	R_0373	街コン	まちコン	tiệc gặp gỡ tập thể tổ chức ở khu vực nhất định	Nhai
n2_basic_drafts	batch_0371_0380	R_0373	葛藤	かっとう	sự giằng co nội tâm, mâu thuẫn tâm lý	Cát Đằng
n2_basic_drafts	batch_0371_0380	R_0373	焦り	あせり	sự lo lắng, sự sốt ruột	Tiêu
n2_basic_drafts	batch_0371_0380	R_0373	当事者	とうじしゃ	đương sự, người liên quan trực tiếp	Đương Sự Giả
n2_basic_drafts	batch_0371_0380	R_0373	自ずと	おのずと	tự nhiên, một cách tự nhiên	Tự
n2_basic_drafts	batch_0371_0380	R_0373	構造的	こうぞうてき	mang tính cấu trúc	Cấu Tạo Đích
n2_basic_drafts	batch_0371_0380	R_0373	矛盾	むじゅん	mâu thuẫn	Mâu Thuẫn
n2_basic_drafts	batch_0371_0380	R_0373	スペック	スペック	thông số kỹ thuật; điều kiện (ngoại hình, học vấn, thu nhập) khi chọn bạn đời	
n2_basic_drafts	batch_0371_0380	R_0374	文化輸出	ぶんかゆしゅつ	xuất khẩu văn hoá	Văn Hóa Thâu Xuất
n2_basic_drafts	batch_0371_0380	R_0374	計り知れない	はかりしれない	không thể đo lường hết, vô cùng lớn	Kế Tri
n2_basic_drafts	batch_0371_0380	R_0374	コマ割り	コマわり	cách phân trang/phân ô trong manga	Cát
n2_basic_drafts	batch_0371_0380	R_0374	擬音語	ぎおんご	từ tượng thanh	Nghĩ Âm Ngữ
n2_basic_drafts	batch_0371_0380	R_0374	感情移入	かんじょういにゅう	sự đồng cảm, đặt mình vào hoàn cảnh nhân vật	Cảm Tình Di Nhập
n2_basic_drafts	batch_0371_0380	R_0374	芸術形式	げいじゅつけいしき	hình thức nghệ thuật	Vân Thuật Hình Thức
n2_basic_drafts	batch_0371_0380	R_0374	クールジャパン	クールジャパン	Cool Japan (chiến lược xúc tiến văn hoá Nhật Bản ra nước ngoài)	
n2_basic_drafts	batch_0371_0380	R_0374	行政主導	ぎょうせいしゅどう	do chính quyền dẫn dắt/chủ trì	Hành Chánh Chủ Đạo
n2_basic_drafts	batch_0371_0380	R_0374	文化振興	ぶんかしんこう	xúc tiến/phát triển văn hoá	Văn Hóa Chấn Hưng
n2_basic_drafts	batch_0371_0380	R_0374	民間のクリエイター	みんかんのクリエイター	nhà sáng tạo tư nhân	Dân Gian
n2_basic_drafts	batch_0371_0380	R_0374	紙媒体	かみばいたい	phương tiện in giấy	Chỉ Môi Thể
n2_basic_drafts	batch_0371_0380	R_0374	後押し	あとおし	thúc đẩy, hỗ trợ từ phía sau	Hậu Áp
n2_basic_drafts	batch_0371_0380	R_0375	懐石料理	かいせきりょうり	ẩm thực kaiseki (ẩm thực truyền thống Nhật Bản phục vụ trong trà đạo)	Hoài Thạch Liêu Lí
n2_basic_drafts	batch_0371_0380	R_0375	料亭	りょうてい	nhà hàng Nhật Bản cao cấp truyền thống	Liêu Đình
n2_basic_drafts	batch_0371_0380	R_0375	醍醐味	だいごみ	tinh hoa, thú vị thực sự, điều tinh túy nhất	Đề Cô Vị
n2_basic_drafts	batch_0371_0380	R_0375	盛り付け	もりつけ	cách trang trí, bày biện món ăn	Thịnh Phó
n2_basic_drafts	batch_0371_0380	R_0375	飾り切り	かざりきり	kỹ thuật cắt tỉa trang trí thực phẩm	Sức Thiết
n2_basic_drafts	batch_0371_0380	R_0375	一汁三菜	いちじゅうさんさい	cấu trúc bữa ăn truyền thống: một súp ba món	Nhất Trấp Tam Thái
n2_basic_drafts	batch_0371_0380	R_0375	一期一会	いちごいちえ	nhất kỳ nhất hội (trân trọng từng cuộc gặp gỡ như duy nhất trong đời)	Nhất Kì Nhất Hội
n2_basic_drafts	batch_0371_0380	R_0375	無形文化遺産	むけいぶんかいさん	di sản văn hóa phi vật thể	Vô Hình Văn Hóa Di Sản
n2_basic_drafts	batch_0371_0380	R_0375	和食	わしょく	ẩm thực truyền thống Nhật Bản	Hòa Thực
n2_basic_drafts	batch_0371_0380	R_0375	松茸	まつたけ	nấm matsutake (nấm thông cao cấp Nhật Bản)	Tùng Nhung
n2_basic_drafts	batch_0371_0380	R_0375	鱧	はも	cá hamo (loài cá lươn biển, đặc sản mùa hè Kyoto)	Lễ
n2_basic_drafts	batch_0371_0380	R_0375	間合い	まあい	khoảng cách, nhịp điệu không gian trong nghệ thuật	Gian Hợp
n2_basic_drafts	batch_0371_0380	R_0376	人口移動	じんこういどう	di dân, di chuyển dân số	Nhân Khẩu Di Động
n2_basic_drafts	batch_0371_0380	R_0376	柔軟性	じゅうなんせい	tính linh hoạt, mềm dẻo	Nhu Nhuyễn Tính
n2_basic_drafts	batch_0371_0380	R_0376	乖離	かいり	sự chênh lệch, khoảng cách, tách biệt	Quai Li
n2_basic_drafts	batch_0371_0380	R_0376	セミリンガル	セミリンガル	bán song ngữ (thành thạo nửa vời ở cả hai ngôn ngữ)	
n2_basic_drafts	batch_0371_0380	R_0376	母語保持教室	ぼごほじきょうしつ	lớp học giữ gìn tiếng mẹ đẻ (dành cho trẻ em đa văn hóa)	Mẫu Ngữ Bảo Trì Giáo Thất
n2_basic_drafts	batch_0371_0380	R_0376	アイデンティティ	アイデンティティ	bản sắc, danh tính	
n2_basic_drafts	batch_0371_0380	R_0376	肯定する	こうていする	khẳng định, công nhận	Khẳng Định
n2_basic_drafts	batch_0371_0380	R_0376	操る	あやつる	sử dụng thành thạo, điều khiển	Thao
n2_basic_drafts	batch_0371_0380	R_0376	情緒的	じょうちょてき	thuộc về cảm xúc, tình cảm	Tình Tự Đích
n2_basic_drafts	batch_0371_0380	R_0376	体制	たいせい	hệ thống, cơ chế, thể chế	Thể Chế
n2_basic_drafts	batch_0371_0380	R_0376	橋渡し	はしわたし	làm cầu nối, trung gian	Kiều Độ
n2_basic_drafts	batch_0371_0380	R_0376	習熟度	しゅうじゅくど	mức độ thành thạo, trình độ thực hành	Tập Thục Độ
n2_basic_drafts	batch_0371_0380	R_0377	ひとり親世帯	ひとりおやせたい	hộ gia đình đơn thân	Thân Thế Đới
n2_basic_drafts	batch_0371_0380	R_0377	相対的貧困率	そうたいてきひんこんりつ	tỷ lệ nghèo tương đối	Tương Đối Đích Bần Khốn Suất
n2_basic_drafts	batch_0371_0380	R_0377	非正規雇用	ひせいきこよう	lao động phi chính thức, hợp đồng không ổn định	Phi Chánh Quy Cố Dụng
n2_basic_drafts	batch_0371_0380	R_0377	賃金格差	ちんぎんかくさ	khoảng cách lương	Nhẫm Kim Cách Soa
n2_basic_drafts	batch_0371_0380	R_0377	保育施設	ほいくしせつ	cơ sở giữ trẻ, nhà trẻ	Bảo Dục Thi Thiết
n2_basic_drafts	batch_0371_0380	R_0377	貧困の連鎖	ひんこんのれんさ	vòng xoáy nghèo đói, chuỗi nghèo liên thế hệ	Bần Khốn Liên Tỏa
n2_basic_drafts	batch_0371_0380	R_0377	就労制度	しゅうろうせいど	chế độ lao động, chính sách làm việc	Tựu Lao Chế Độ
n2_basic_drafts	batch_0371_0380	R_0377	孤立	こりつ	sự cô lập, đơn độc	Cô Lập
n2_basic_drafts	batch_0371_0380	R_0377	断絶	だんぜつ	sự đứt gãy, cắt đứt	Đoạn Tuyệt
n2_basic_drafts	batch_0371_0380	R_0377	当事者	とうじしゃ	người trong cuộc, đương sự	Đương Sự Giả
n2_basic_drafts	batch_0371_0380	R_0377	持続可能性	じぞくかのうせい	tính bền vững	Trì Tục Khả Năng Tính
n2_basic_drafts	batch_0371_0380	R_0377	多岐にわたる	たきにわたる	trải rộng, đa dạng, phong phú	Đa Kì
n2_basic_drafts	batch_0371_0380	R_0378	病原体	びょうげんたい	mầm bệnh, tác nhân gây bệnh	Bệnh Nguyên Thể
n2_basic_drafts	batch_0371_0380	R_0378	免疫老化	めんえきろうか	lão hoá miễn dịch	Miễn Dịch Lão Hóa
n2_basic_drafts	batch_0371_0380	R_0378	T細胞	ティーさいぼう	tế bào T (loại tế bào lympho quan trọng)	Tế Bào
n2_basic_drafts	batch_0371_0380	R_0378	リンパ球	リンパきゅう	tế bào lympho	Cầu
n2_basic_drafts	batch_0371_0380	R_0378	炎症老化	えんしょうろうか	viêm lão hoá (inflammaging)	Viêm Chứng Lão Hóa
n2_basic_drafts	batch_0371_0380	R_0378	動脈硬化	どうみゃくこうか	xơ vữa động mạch	Động Mạch Ngạnh Hóa
n2_basic_drafts	batch_0371_0380	R_0378	認知症	にんちしょう	chứng mất trí nhớ, sa sút trí tuệ	Nhận Tri Chứng
n2_basic_drafts	batch_0371_0380	R_0378	肺炎球菌	はいえんきゅうきん	phế cầu khuẩn	Phế Viêm Cầu Khuẩn
n2_basic_drafts	batch_0371_0380	R_0378	慢性的	まんせいてき	mãn tính	Mạn Tính Đích
n2_basic_drafts	batch_0371_0380	R_0378	多様性	たようせい	tính đa dạng	Đa Dạng Tính
n2_basic_drafts	batch_0371_0380	R_0378	排除	はいじょ	loại bỏ, loại trừ	Bài Trừ
n2_basic_drafts	batch_0371_0380	R_0378	健康長寿	けんこうちょうじゅ	sức khoẻ và tuổi thọ, trường thọ khoẻ mạnh	Kiện Khang Trường Thọ
n2_basic_drafts	batch_0371_0380	R_0379	カーボンニュートラル	カーボンニュートラル	trung hòa carbon	
n2_basic_drafts	batch_0371_0380	R_0379	温室効果ガス	おんしつこうかガス	khí nhà kính	Ôn Thất Hiệu Quả
n2_basic_drafts	batch_0371_0380	R_0379	排出量	はいしゅつりょう	lượng phát thải	Bài Xuất Lượng
n2_basic_drafts	batch_0371_0380	R_0379	吸収量	きゅうしゅうりょう	lượng hấp thụ	Hấp Thu Lượng
n2_basic_drafts	batch_0371_0380	R_0379	再生可能エネルギー	さいせいかのうエネルギー	năng lượng tái tạo	Tái Sanh Khả Năng
n2_basic_drafts	batch_0371_0380	R_0379	化石燃料	かせきねんりょう	nhiên liệu hóa thạch	Hóa Thạch Nhiên Liêu
n2_basic_drafts	batch_0371_0380	R_0379	蓄電技術	ちくでんぎじゅつ	công nghệ lưu trữ điện	Súc Điện Kĩ Thuật
n2_basic_drafts	batch_0371_0380	R_0379	DAC技術	ディーエーシーぎじゅつ	công nghệ thu giữ carbon trực tiếp từ khí quyển	Kĩ Thuật
n2_basic_drafts	batch_0371_0380	R_0379	障壁	しょうへき	rào cản, trở ngại	Chướng Bích
n2_basic_drafts	batch_0371_0380	R_0379	構造転換	こうぞうてんかん	tái cơ cấu, chuyển đổi cơ cấu	Cấu Tạo Chuyển Hoán
n2_basic_drafts	batch_0371_0380	R_0379	新興国	しんこうこく	nước đang phát triển, nền kinh tế mới nổi	Tân Hưng Quốc
n2_basic_drafts	batch_0371_0380	R_0379	先進国	せんしんこく	nước phát triển	Tiên Tiến Quốc
n2_basic_drafts	batch_0371_0380	R_0379	複合的	ふくごうてき	phức hợp, đa chiều	Phức Hợp Đích
n2_basic_drafts	batch_0371_0380	R_0380	少子高齢化	しょうしこうれいか	già hóa dân số và tỷ lệ sinh thấp	Thiểu Tử Cao Linh Hóa
n2_basic_drafts	batch_0371_0380	R_0380	生産年齢人口	せいさんねんれいじんこう	dân số trong độ tuổi lao động	Sanh Sản Niên Linh Nhân Khẩu
n2_basic_drafts	batch_0371_0380	R_0380	社会保障制度	しゃかいほしょうせいど	hệ thống an sinh xã hội	Xã Hội Bảo Chướng Chế Độ
n2_basic_drafts	batch_0371_0380	R_0380	持続可能性	じぞくかのうせい	tính bền vững	Trì Tục Khả Năng Tính
n2_basic_drafts	batch_0371_0380	R_0380	労働参加率	ろうどうさんかりつ	tỷ lệ tham gia lao động	Lao Động Tham Gia Suất
n2_basic_drafts	batch_0371_0380	R_0380	表裏一体	ひょうりいったい	gắn liền với nhau như hai mặt của một vấn đề	Biểu Lí Nhất Thể
n2_basic_drafts	batch_0371_0380	R_0380	介護費用	かいごひよう	chi phí chăm sóc điều dưỡng	Giới Hộ Phí Dụng
n2_basic_drafts	batch_0371_0380	R_0380	財政	ざいせい	tài chính nhà nước, ngân sách	Tài Chánh
n2_basic_drafts	batch_0371_0380	R_0380	出生率	しゅっしょうりつ	tỷ lệ sinh	Xuất Sanh Suất
n2_basic_drafts	batch_0371_0380	R_0380	育児休業	いくじきゅうぎょう	nghỉ phép chăm sóc con cái	Dục Nhi Hưu Nghiệp
n2_basic_drafts	batch_0371_0380	R_0380	緩和	かんわ	giảm nhẹ, làm dịu	Hoãn Hòa
n2_basic_drafts	batch_0371_0380	R_0380	模索	もさく	tìm kiếm, dò tìm	Mô Tác
n2_basic_drafts	batch_0381_0390	R_0381	自動運転	じどううんてん	lái xe tự động	Tự Động Vận Chuyển
n2_basic_drafts	batch_0381_0390	R_0381	遂げる	とげる	đạt được, hoàn thành (thường dùng với 発展・進歩)	Toại
n2_basic_drafts	batch_0381_0390	R_0381	介入	かいにゅう	sự can thiệp	Giới Nhập
n2_basic_drafts	batch_0381_0390	R_0381	起因する	きいんする	xuất phát từ, có nguyên nhân từ	Khởi Nhân
n2_basic_drafts	batch_0381_0390	R_0381	緩和	かんわ	sự giảm nhẹ, nới lỏng	Hoãn Hòa
n2_basic_drafts	batch_0381_0390	R_0381	脆弱性	ぜいじゃくせい	tính dễ bị tổn thương, lỗ hổng	Thúy Nhược Tính
n2_basic_drafts	batch_0381_0390	R_0381	遠隔操作	えんかくそうさ	điều khiển từ xa	Viễn Cách Thao Tác
n2_basic_drafts	batch_0381_0390	R_0381	根強い	ねづよい	dai dẳng, ăn sâu, khó xóa bỏ	Căn Cường
n2_basic_drafts	batch_0381_0390	R_0381	少子高齢化	しょうしこうれいか	già hóa dân số kèm giảm tỉ lệ sinh	Thiểu Tử Cao Linh Hóa
n2_basic_drafts	batch_0381_0390	R_0381	物流	ぶつりゅう	hệ thống logistics, luồng vật chất	Vật Lưu
n2_basic_drafts	batch_0381_0390	R_0381	標準化	ひょうじゅんか	chuẩn hóa	Tiêu Chuẩn Hóa
n2_basic_drafts	batch_0381_0390	R_0381	社会実装	しゃかいじっそう	triển khai vào xã hội, áp dụng thực tế vào xã hội	Xã Hội Thực Trang
n2_basic_drafts	batch_0381_0390	R_0382	国技	こくぎ	môn thể thao quốc gia	Quốc Kĩ
n2_basic_drafts	batch_0381_0390	R_0382	神事	しんじ	nghi lễ thần đạo	Thần Sự
n2_basic_drafts	batch_0381_0390	R_0382	豊作	ほうさく	mùa màng bội thu	Phong Tác
n2_basic_drafts	batch_0381_0390	R_0382	所作	しょさ	cử chỉ, động tác	Sở Tác
n2_basic_drafts	batch_0381_0390	R_0382	土俵	どひょう	sàn đấu sumo	Thổ Biểu
n2_basic_drafts	batch_0381_0390	R_0382	清め	きよめ	sự thanh tẩy, làm sạch	Thanh
n2_basic_drafts	batch_0381_0390	R_0382	精神修養	せいしんしゅうよう	tu dưỡng tinh thần	Tinh Thần Tu Dưỡng
n2_basic_drafts	batch_0381_0390	R_0382	番付	ばんづけ	bảng xếp hạng (trong sumo)	Phiên Phó
n2_basic_drafts	batch_0381_0390	R_0382	横綱	よこづな	yokozuna, cấp bậc cao nhất trong sumo	Hoành Cương
n2_basic_drafts	batch_0381_0390	R_0382	品格	ひんかく	phẩm cách, phẩm giá	Phẩm Cách
n2_basic_drafts	batch_0381_0390	R_0382	稽古	けいこ	tập luyện, luyện tập	Kê, khể Cổ
n2_basic_drafts	batch_0381_0390	R_0382	礼節	れいせつ	lễ nghĩa, phép lịch sự	Lễ Tiết
n2_basic_drafts	batch_0381_0390	R_0382	臨場感	りんじょうかん	cảm giác sống động, hiện diện	Lâm Tràng Cảm
n2_basic_drafts	batch_0381_0390	R_0383	少子高齢化	しょうしこうれいか	tình trạng dân số giảm và lão hóa	Thiểu Tử Cao Linh Hóa
n2_basic_drafts	batch_0381_0390	R_0383	衰退	すいたい	suy thoái, suy tàn	Suy Thối
n2_basic_drafts	batch_0381_0390	R_0383	真摯	しんし	chân thành, nghiêm túc	Chân Chí
n2_basic_drafts	batch_0381_0390	R_0383	活性化	かっせいか	thúc đẩy phát triển, kích hoạt	Hoạt Tính Hóa
n2_basic_drafts	batch_0381_0390	R_0383	共生	きょうせい	cộng sinh, sống chung hòa hợp	Cộng Sanh
n2_basic_drafts	batch_0381_0390	R_0383	活力	かつりょく	sức sống, sinh lực	Hoạt Lực
n2_basic_drafts	batch_0381_0390	R_0383	押し付け	おしつけ	áp đặt, ép buộc	Áp Phó
n2_basic_drafts	batch_0381_0390	R_0383	溶け込む	とけこむ	hòa nhập, hòa tan vào	Dong Nhập
n2_basic_drafts	batch_0381_0390	R_0383	忍耐	にんたい	sự kiên nhẫn, chịu đựng	Nhẫn Nại
n2_basic_drafts	batch_0381_0390	R_0383	協働	きょうどう	cộng tác, làm việc cùng nhau	Hiệp Động
n2_basic_drafts	batch_0381_0390	R_0383	慣習	かんしゅう	phong tục, tập quán	Quán Tập
n2_basic_drafts	batch_0381_0390	R_0383	継続的	けいぞくてき	liên tục, bền vững	Kế Tục Đích
n2_basic_drafts	batch_0381_0390	R_0383	関与	かんよ	sự tham gia, dính líu	Quan Dữ
n2_basic_drafts	batch_0381_0390	R_0384	感染拡大	かんせんかくだい	sự lây lan dịch bệnh	Cảm Nhiễm Khuếch Đại
n2_basic_drafts	batch_0381_0390	R_0384	手探り状態	てさぐりじょうたい	trạng thái dò dẫm, lúng túng	Thủ Tham Trạng Thái
n2_basic_drafts	batch_0381_0390	R_0384	移行する	いこうする	chuyển đổi, di chuyển sang	Di Hành
n2_basic_drafts	batch_0381_0390	R_0384	感染収束	かんせんしゅうそく	sự lắng xuống của dịch bệnh	Cảm Nhiễm Thu Thúc
n2_basic_drafts	batch_0381_0390	R_0384	制度化する	せいどかする	thể chế hóa, chính thức hóa thành chế độ	Chế Độ Hóa
n2_basic_drafts	batch_0381_0390	R_0384	ハイブリッド勤務	ハイブリッドきんむ	làm việc kết hợp (vừa từ xa vừa văn phòng)	Cần Vụ
n2_basic_drafts	batch_0381_0390	R_0384	折衷案	せっちゅうあん	phương án dung hòa, giải pháp trung gian	Chiết Trung Án
n2_basic_drafts	batch_0381_0390	R_0384	希薄になる	きはくになる	trở nên thưa thớt, loãng dần	Hi Bạc
n2_basic_drafts	batch_0381_0390	R_0384	固定概念	こていがいねん	quan niệm cố hữu, định kiến	Cố Định Khái Niệm
n2_basic_drafts	batch_0381_0390	R_0384	揺さぶる	ゆさぶる	rung chuyển, làm lung lay	Dao
n2_basic_drafts	batch_0381_0390	R_0384	持続可能	じぞくかのう	bền vững, có thể duy trì	Trì Tục Khả Năng
n2_basic_drafts	batch_0381_0390	R_0384	企業競争力	きぎょうきょうそうりょく	sức cạnh tranh của doanh nghiệp	Xí Nghiệp Cạnh Tranh Lực
n2_basic_drafts	batch_0381_0390	R_0385	摂食障害	せっしょくしょうがい	rối loạn ăn uống	Nhiếp Thực Chướng Hại
n2_basic_drafts	batch_0381_0390	R_0385	神経性やせ症	しんけいせいやせしょう	chứng chán ăn tâm thần (anorexia nervosa)	Thần Kinh Tính Chứng
n2_basic_drafts	batch_0381_0390	R_0385	神経性過食症	しんけいせいかしょくしょう	chứng ăn vô độ tâm thần (bulimia nervosa)	Thần Kinh Tính Quá Thực Chứng
n2_basic_drafts	batch_0381_0390	R_0385	排出行動	はいしゅつこうどう	hành vi tống thức ăn ra ngoài	Bài Xuất Hành Động
n2_basic_drafts	batch_0381_0390	R_0385	歪んだ	ゆがんだ	bị méo mó, bị bóp méo	Oai
n2_basic_drafts	batch_0381_0390	R_0385	早期介入	そうきかいにゅう	can thiệp sớm	Tảo Kì Giới Nhập
n2_basic_drafts	batch_0381_0390	R_0385	認知行動療法	にんちこうどうりょうほう	liệu pháp nhận thức hành vi (CBT)	Nhận Tri Hành Động Liệu Pháp
n2_basic_drafts	batch_0381_0390	R_0385	思春期	ししゅんき	tuổi dậy thì, thanh thiếu niên	Tư Xuân Kì
n2_basic_drafts	batch_0381_0390	R_0385	臨床家	りんしょうか	nhà lâm sàng, chuyên gia lâm sàng	Lâm Sàng Gia
n2_basic_drafts	batch_0381_0390	R_0385	行動変容	こうどうへんよう	thay đổi hành vi	Hành Động Biến Dung
n2_basic_drafts	batch_0381_0390	R_0385	受診	じゅしん	đến khám bệnh	Thụ Chẩn
n2_basic_drafts	batch_0381_0390	R_0385	監督	かんとく	giám sát, quản lý	Giam Đốc
n2_basic_drafts	batch_0381_0390	R_0386	敷設	ふせつ	xây dựng, lắp đặt (đường ray, đường ống)	Phu Thiết
n2_basic_drafts	batch_0381_0390	R_0386	交通手段	こうつうしゅだん	phương tiện giao thông	Giao Thông Thủ Đoạn
n2_basic_drafts	batch_0381_0390	R_0386	観光資源	かんこうしげん	tài nguyên du lịch	Quan Quang Tư Nguyên
n2_basic_drafts	batch_0381_0390	R_0386	懐かしさ	なつかしさ	nỗi nhớ nhung, cảm giác thân quen	Hoài
n2_basic_drafts	batch_0381_0390	R_0386	沿線	えんせん	dọc hai bên đường tàu	Duyên Tuyến
n2_basic_drafts	batch_0381_0390	R_0386	廃線	はいせん	đóng cửa tuyến đường tàu	Phế Tuyến
n2_basic_drafts	batch_0381_0390	R_0386	余儀なくされる	よぎなくされる	bị buộc phải, không còn lựa chọn nào khác	Dư Nghi
n2_basic_drafts	batch_0381_0390	R_0386	地道な	じみちな	bền bỉ, kiên trì, không phô trương	Địa Đạo
n2_basic_drafts	batch_0381_0390	R_0386	活性化	かっせいか	sự kích hoạt, phát triển sôi động	Hoạt Tính Hóa
n2_basic_drafts	batch_0381_0390	R_0386	過疎化	かそか	tình trạng giảm dân số, vùng thưa dân	Quá Sơ Hóa
n2_basic_drafts	batch_0381_0390	R_0386	醍醐味	だいごみ	niềm vui thú sâu sắc, tinh túy	Đề Cô Vị
n2_basic_drafts	batch_0381_0390	R_0386	文化財	ぶんかざい	di sản văn hóa	Văn Hóa Tài
n2_basic_drafts	batch_0381_0390	R_0386	風土	ふうど	phong thổ, khí hậu và đất đai địa phương	Phong Thổ
n2_basic_drafts	batch_0381_0390	R_0387	義務教育	ぎむきょういく	giáo dục bắt buộc	Nghĩa Vụ Giáo Dục
n2_basic_drafts	batch_0381_0390	R_0387	不登校	ふとうこう	không đến trường, từ chối đi học	Bất Đăng Giáo
n2_basic_drafts	batch_0381_0390	R_0387	法的根拠	ほうてきこんきょ	cơ sở pháp lý	Pháp Đích Căn Cứ
n2_basic_drafts	batch_0381_0390	R_0387	就学させる	しゅうがくさせる	cho đến trường (nghĩa vụ của phụ huynh)	Tựu Học
n2_basic_drafts	batch_0381_0390	R_0387	自治体	じちたい	chính quyền địa phương, đơn vị tự trị	Tự Trì Thể
n2_basic_drafts	batch_0381_0390	R_0387	集団生活	しゅうだんせいかつ	cuộc sống tập thể	Tập Đoàn Sanh Hoạt
n2_basic_drafts	batch_0381_0390	R_0387	市販の教材	しはんのきょうざい	giáo trình bán sẵn trên thị trường	Thị Phiến Giáo Tài
n2_basic_drafts	batch_0381_0390	R_0387	社会性	しゃかいせい	tính xã hội, kỹ năng xã hội	Xã Hội Tính
n2_basic_drafts	batch_0381_0390	R_0387	山積み	やまづみ	chồng chất, tích lũy nhiều	San Tích
n2_basic_drafts	batch_0381_0390	R_0387	孤立	こりつ	cô lập, cô đơn	Cô Lập
n2_basic_drafts	batch_0381_0390	R_0387	法制度	ほうせいど	chế độ pháp lý, khung pháp lý	Pháp Chế Độ
n2_basic_drafts	batch_0381_0390	R_0387	励み	はげみ	nguồn cổ vũ, động lực	Lệ
n2_basic_drafts	batch_0381_0390	R_0387	馴染む	なじむ	hòa nhập, quen với	Tuần Nhiễm
n2_basic_drafts	batch_0381_0390	R_0388	創始	そうし	sáng lập, khởi xướng	Sang Thủy
n2_basic_drafts	batch_0381_0390	R_0388	礼節	れいせつ	lễ nghĩa, lễ tiết	Lễ Tiết
n2_basic_drafts	batch_0381_0390	R_0388	自律	じりつ	tự kỷ luật, tự chủ	Tự Luật
n2_basic_drafts	batch_0381_0390	R_0388	必修科目	ひっしゅうかもく	môn học bắt buộc	Tất Tu Khoa Mục
n2_basic_drafts	batch_0381_0390	R_0388	継承	けいしょう	kế thừa	Kế Thừa
n2_basic_drafts	batch_0381_0390	R_0388	乏しい	とぼしい	thiếu, nghèo nàn	Phạp
n2_basic_drafts	batch_0381_0390	R_0388	涵養	かんよう	bồi dưỡng, vun đắp (dần dần)	Hàm Dưỡng
n2_basic_drafts	batch_0381_0390	R_0388	橋渡し	はしわたし	cầu nối, trung gian	Kiều Độ
n2_basic_drafts	batch_0381_0390	R_0388	脱却	だっきゃく	thoát khỏi, vượt ra khỏi	Thoát Khước
n2_basic_drafts	batch_0381_0390	R_0388	意識改革	いしきかいかく	cải cách nhận thức, thay đổi tư duy	Ý Thức Cải Cách
n2_basic_drafts	batch_0381_0390	R_0388	両輪	りょうりん	hai bánh xe (ẩn dụ: hai yếu tố song hành)	Lưỡng Luân
n2_basic_drafts	batch_0381_0390	R_0388	人格形成	じんかくけいせい	hình thành nhân cách	Nhân Cách Hình Thành
n2_basic_drafts	batch_0381_0390	R_0389	遺産相続	いさんそうぞく	thừa kế di sản	Di Sản Tương Tục
n2_basic_drafts	batch_0381_0390	R_0389	被相続人	ひそうぞくにん	người để lại di sản (người mất)	Bị Tương Tục Nhân
n2_basic_drafts	batch_0381_0390	R_0389	法定相続人	ほうていそうぞくにん	người thừa kế hợp pháp	Pháp Định Tương Tục Nhân
n2_basic_drafts	batch_0381_0390	R_0389	遺留分	いりゅうぶん	phần di sản bảo lưu (phần tối thiểu được bảo vệ theo luật)	Di Lưu Phân
n2_basic_drafts	batch_0381_0390	R_0389	遺言書	いごんしょ／ゆいごんしょ	di chúc	Di Ngôn Thư
n2_basic_drafts	batch_0381_0390	R_0389	寄与分	きよぶん	phần đóng góp (thừa kế thêm do đóng góp đặc biệt)	Kí Dữ Phân
n2_basic_drafts	batch_0381_0390	R_0389	遺産分割	いさんぶんかつ	phân chia di sản	Di Sản Phân Cát
n2_basic_drafts	batch_0381_0390	R_0389	調停	ちょうてい	hòa giải (thủ tục pháp lý)	Điều Đình
n2_basic_drafts	batch_0381_0390	R_0389	審判	しんぱん	phán quyết (của tòa gia đình)	Thẩm Phán
n2_basic_drafts	batch_0381_0390	R_0389	調停員	ちょうていいん	hòa giải viên	Điều Đình Viên
n2_basic_drafts	batch_0381_0390	R_0389	介護	かいご	chăm sóc (người già, người bệnh)	Giới Hộ
n2_basic_drafts	batch_0381_0390	R_0389	根深い	ねぶかい	sâu sắc, ăn sâu, có gốc rễ lâu dài	Căn Thâm
n2_basic_drafts	batch_0381_0390	R_0390	人工林	じんこうりん	rừng nhân tạo	Nhân Công Lâm
n2_basic_drafts	batch_0381_0390	R_0390	植栽	しょくさい	trồng cây, trồng rừng	Thực Tài
n2_basic_drafts	batch_0381_0390	R_0390	間伐	かんばつ	tỉa thưa rừng	Gian Phạt
n2_basic_drafts	batch_0381_0390	R_0390	枝打ち	えだうち	cắt tỉa cành	Chi Đả
n2_basic_drafts	batch_0381_0390	R_0390	林床	りんしょう	tán rừng, nền rừng	Lâm Sàng
n2_basic_drafts	batch_0381_0390	R_0390	侵食	しんしょく	xói mòn	Xâm Thực
n2_basic_drafts	batch_0381_0390	R_0390	土砂災害	どしゃさいがい	thiên tai lở đất, thảm họa bùn đất	Thổ Sa Tai Hại
n2_basic_drafts	batch_0381_0390	R_0390	水源涵養	すいげんかんよう	bảo vệ nguồn nước, dưỡng thủy	Thủy Nguyên Hàm Dưỡng
n2_basic_drafts	batch_0381_0390	R_0390	担い手	にないて	người gánh vác, người đảm nhận	Đam Thủ
n2_basic_drafts	batch_0381_0390	R_0390	林道	りんどう	đường lâm nghiệp	Lâm Đạo
n2_basic_drafts	batch_0381_0390	R_0390	省力化	しょうりょくか	tiết kiệm nhân lực, cơ giới hóa	Tỉnh Lực Hóa
n2_basic_drafts	batch_0381_0390	R_0390	単一樹種	たんいつじゅしゅ	đơn loài cây, chỉ gồm một loài cây	Đơn Nhất Thụ Chủng
n2_basic_drafts	batch_0381_0390	R_0390	不振	ふしん	suy thoái, trì trệ	Bất Chấn
n2_basic_drafts	batch_0391_0400	R_0391	研修医	けんしゅうい	bác sĩ nội trú	Nghiên Tu Y
n2_basic_drafts	batch_0391_0400	R_0391	医師免許	いしめんきょ	chứng chỉ hành nghề y	Y Sư Miễn Hứa
n2_basic_drafts	batch_0391_0400	R_0391	かけ離れた	かけはなれた	cách xa, khác biệt hoàn toàn	Li
n2_basic_drafts	batch_0391_0400	R_0391	過酷	かこく	gian khổ, khắc nghiệt	Quá Khốc
n2_basic_drafts	batch_0391_0400	R_0391	はらんでいる	はらんでいる	chứa đựng, ẩn chứa	
n2_basic_drafts	batch_0391_0400	R_0391	当直明け	とうちょくあけ	sau ca trực đêm	Đương Trực Minh
n2_basic_drafts	batch_0391_0400	R_0391	過労死ライン	かろうしライン	ngưỡng chết vì quá tải công việc (80 giờ làm thêm/tháng)	Quá Lao Tử
n2_basic_drafts	batch_0391_0400	R_0391	判断力	はんだんりょく	khả năng phán đoán	Phán Đoạn Lực
n2_basic_drafts	batch_0391_0400	R_0391	縦社会	たてしゃかい	xã hội theo thứ bậc dọc, xã hội thứ bậc	Túng Xã Hội
n2_basic_drafts	batch_0391_0400	R_0391	常態化	じょうたいか	trở nên thường xuyên, bình thường hóa	Thường Thái Hóa
n2_basic_drafts	batch_0391_0400	R_0391	疲弊	ひへい	kiệt sức, suy kiệt	Bì Tệ
n2_basic_drafts	batch_0391_0400	R_0391	追い詰められる	おいつめられる	bị dồn vào đường cùng	Truy Cật
n2_basic_drafts	batch_0391_0400	R_0391	構造的	こうぞうてき	mang tính cơ cấu	Cấu Tạo Đích
n2_basic_drafts	batch_0391_0400	R_0391	急務	きゅうむ	vấn đề cấp bách	Cấp Vụ
n2_basic_drafts	batch_0391_0400	R_0391	一人前	いちにんまえ	thực thụ, đúng nghĩa	Nhất Nhân Tiền
n2_basic_drafts	batch_0391_0400	R_0392	木版画	もくはんが	tranh khắc gỗ	Mộc Bản Họa
n2_basic_drafts	batch_0391_0400	R_0392	構図	こうず	bố cục (trong nghệ thuật)	Cấu Đồ
n2_basic_drafts	batch_0391_0400	R_0392	色彩	しきさい	màu sắc	Sắc Thải
n2_basic_drafts	batch_0391_0400	R_0392	様式化	ようしきか	cách điệu hoá, phong cách hoá	Dạng Thức Hóa
n2_basic_drafts	batch_0391_0400	R_0392	平面的	へいめんてき	mang tính phẳng, hai chiều	Bình Diện Đích
n2_basic_drafts	batch_0391_0400	R_0392	遠近法	えんきんほう	phối cảnh viễn cận, phép phối cảnh	Viễn Cận Pháp
n2_basic_drafts	batch_0391_0400	R_0392	印象派	いんしょうは	trường phái Ấn tượng	Ấn Tượng Phái
n2_basic_drafts	batch_0391_0400	R_0392	ジャポニスム	ジャポニスム	Japonisme — phong trào ảnh hưởng của nghệ thuật Nhật Bản tại châu Âu	
n2_basic_drafts	batch_0391_0400	R_0392	転換点	てんかんてん	bước ngoặt, điểm chuyển đổi	Chuyển Hoán Điểm
n2_basic_drafts	batch_0391_0400	R_0392	受け継がれる	うけつがれる	được kế thừa, được truyền lại	Thụ Kế
n2_basic_drafts	batch_0391_0400	R_0392	モチーフ	モチーフ	họa tiết, motif	
n2_basic_drafts	batch_0391_0400	R_0392	コラボレーション	コラボレーション	hợp tác (sáng tạo)	
n2_basic_drafts	batch_0391_0400	R_0392	視覚言語	しかくげんご	ngôn ngữ thị giác	Thị Giác Ngôn Ngữ
n2_basic_drafts	batch_0391_0400	R_0392	ビジュアルアイデンティティ	ビジュアルアイデンティティ	bản sắc thị giác	
n2_basic_drafts	batch_0391_0400	R_0392	創造性	そうぞうせい	sức sáng tạo, tính sáng tạo	Sang Tạo Tính
n2_basic_drafts	batch_0391_0400	R_0393	生きがい	いきがい	lý do sống, niềm vui sống, ikigai	Sanh
n2_basic_drafts	batch_0391_0400	R_0393	古来	こらい	từ xa xưa, từ cổ đại	Cổ Lai
n2_basic_drafts	batch_0391_0400	R_0393	根本的	こんぽんてき	căn bản, cơ bản nhất	Căn Bản Đích
n2_basic_drafts	batch_0391_0400	R_0393	交わる	まじわる	giao nhau, hòa lẫn	Giao
n2_basic_drafts	batch_0391_0400	R_0393	宿る	やどる	ngự trị, ẩn chứa	Túc
n2_basic_drafts	batch_0391_0400	R_0393	交差点	こうさてん	điểm giao thoa, ngã tư	Giao Soa Điểm
n2_basic_drafts	batch_0391_0400	R_0393	歩みぬく	あゆみぬく	đi đến cùng, kiên trì bước đi	Bộ
n2_basic_drafts	batch_0391_0400	R_0393	ギャップ	ギャップ	khoảng cách, sự chênh lệch	
n2_basic_drafts	batch_0391_0400	R_0393	営み	いとなみ	hoạt động, sinh hoạt	Doanh
n2_basic_drafts	batch_0391_0400	R_0393	思索	しさく	suy tư, chiêm nghiệm	Tư Tác
n2_basic_drafts	batch_0391_0400	R_0393	弟子	でし	đệ tử, học trò	Đệ Tử
n2_basic_drafts	batch_0391_0400	R_0393	警告	けいこく	lời cảnh báo	Cảnh Cáo
n2_basic_drafts	batch_0391_0400	R_0393	切り離せない	きりはなせない	không thể tách rời	Thiết Li
n2_basic_drafts	batch_0391_0400	R_0393	探求	たんきゅう	sự khám phá, sự tìm kiếm	Tham Cầu
n2_basic_drafts	batch_0391_0400	R_0393	深み	ふかみ	chiều sâu, độ sâu	Thâm
n2_basic_drafts	batch_0391_0400	R_0394	超低遅延	ちょうていちえん	độ trễ cực thấp	Siêu Đê Trì Duyên
n2_basic_drafts	batch_0391_0400	R_0394	多数同時接続	たすうどうじせつぞく	kết nối đồng thời nhiều thiết bị	Đa Sổ Đồng Thì Tiếp Tục
n2_basic_drafts	batch_0391_0400	R_0394	稼働状況	かどうじょうきょう	tình trạng hoạt động, vận hành	Giá Động Trạng Huống
n2_basic_drafts	batch_0391_0400	R_0394	灌漑	かんがい	tưới tiêu (nông nghiệp)	Quán Cái
n2_basic_drafts	batch_0391_0400	R_0394	遠隔手術	えんかくしゅじゅつ	phẫu thuật từ xa	Viễn Cách Thủ Thuật
n2_basic_drafts	batch_0391_0400	R_0394	実証実験	じっしょうじっけん	thử nghiệm thực chứng	Thực Chứng Thực Nghiệm
n2_basic_drafts	batch_0391_0400	R_0394	サイバー攻撃	サイバーこうげき	tấn công mạng	Công Kích
n2_basic_drafts	batch_0391_0400	R_0394	莫大	ばくだい	khổng lồ, rất lớn	Mạc Đại
n2_basic_drafts	batch_0391_0400	R_0394	デジタルリテラシー	デジタルリテラシー	năng lực kỹ thuật số	
n2_basic_drafts	batch_0391_0400	R_0394	覇権争い	はけんあらそい	cuộc tranh giành quyền bá chủ	Bá Quyền Tranh
n2_basic_drafts	batch_0391_0400	R_0394	地政学的	ちせいがくてき	thuộc về địa chính trị	Địa Chánh Học Đích
n2_basic_drafts	batch_0391_0400	R_0394	周波数割り当て	しゅうはすうわりあて	phân bổ tần số	Chu Ba Sổ Cát Đương
n2_basic_drafts	batch_0391_0400	R_0394	塗り替える	ぬりかえる	thay đổi căn bản, viết lại	Đồ Thế
n2_basic_drafts	batch_0391_0400	R_0395	ホームレス	ホームレス	người vô gia cư	
n2_basic_drafts	batch_0391_0400	R_0395	派遣切り	はけんぎり	sa thải lao động phái cử (chủ yếu sau khủng hoảng kinh tế/đại dịch)	Phái Khiển Thiết
n2_basic_drafts	batch_0391_0400	R_0395	自立	じりつ	sự tự lập, tự cường	Tự Lập
n2_basic_drafts	batch_0391_0400	R_0395	住所不定者	じゅうしょふていしゃ	người không có địa chỉ cố định	Trụ Sở Bất Định Giả
n2_basic_drafts	batch_0391_0400	R_0395	構造的	こうぞうてき	mang tính cấu trúc	Cấu Tạo Đích
n2_basic_drafts	batch_0391_0400	R_0395	排除	はいじょ	sự loại trừ, gạt ra ngoài	Bài Trừ
n2_basic_drafts	batch_0391_0400	R_0395	緊急避難施設	きんきゅうひなんしせつ	cơ sở lánh nạn khẩn cấp, nhà trú ẩn	Khẩn Cấp Tị Nan Thi Thiết
n2_basic_drafts	batch_0391_0400	R_0395	炊き出し	たきだし	hoạt động phát cơm, nấu ăn phát cho người nghèo	Xuy Xuất
n2_basic_drafts	batch_0391_0400	R_0395	夜回り	よまわり	tuần tra đêm	Dạ Hồi
n2_basic_drafts	batch_0391_0400	R_0395	献身的	けんしんてき	tận tâm, tận tụy	Hiến Thân Đích
n2_basic_drafts	batch_0391_0400	R_0395	自治体	じちたい	chính quyền địa phương	Tự Trì Thể
n2_basic_drafts	batch_0391_0400	R_0395	善意	ぜんい	thiện chí, lòng tốt	Thiện Ý
n2_basic_drafts	batch_0391_0400	R_0396	過労死	かろうし	tử vong do làm việc quá sức	Quá Lao Tử
n2_basic_drafts	batch_0391_0400	R_0396	忖度残業	そんたくざんぎょう	làm thêm giờ vì nể sợ cấp trên (không dám về trước sếp)	Thốn Độ Tàn Nghiệp
n2_basic_drafts	batch_0391_0400	R_0396	慣行	かんこう	thông lệ, tập quán	Quán Hành
n2_basic_drafts	batch_0391_0400	R_0396	サービス残業	サービスざんぎょう	làm thêm giờ không được trả lương	Tàn Nghiệp
n2_basic_drafts	batch_0391_0400	R_0396	常態化	じょうたいか	trở thành thông lệ, bình thường hóa	Thường Thái Hóa
n2_basic_drafts	batch_0391_0400	R_0396	法制化	ほうせいか	luật hóa, quy định bằng pháp luật	Pháp Chế Hóa
n2_basic_drafts	batch_0391_0400	R_0396	根深い	ねぶかい	ăn sâu, có gốc rễ sâu xa	Căn Thâm
n2_basic_drafts	batch_0391_0400	R_0396	ワークライフバランス	ワークライフバランス	cân bằng giữa công việc và cuộc sống	
n2_basic_drafts	batch_0391_0400	R_0396	率先して	そっせんして	tiên phong, đi đầu	Suất Tiên
n2_basic_drafts	batch_0391_0400	R_0396	美徳	びとく	đức tính tốt, đức hạnh	Mĩ Đức
n2_basic_drafts	batch_0391_0400	R_0396	働き方改革	はたらきかたかいかく	cải cách cách làm việc (chương trình của chính phủ Nhật)	Động Phương Cải Cách
n2_basic_drafts	batch_0391_0400	R_0396	上限規制	じょうげんきせい	quy định giới hạn trên	Thượng Hạn Quy Chế
n2_basic_drafts	batch_0391_0400	R_0397	法整備	ほうせいび	việc hoàn thiện luật pháp	Pháp Chỉnh Bị
n2_basic_drafts	batch_0391_0400	R_0397	施行	しこう	thi hành, ban hành (luật)	Thi Hành
n2_basic_drafts	batch_0391_0400	R_0397	位置づける	いちづける	định vị, xác lập vị trí	Vị Trí
n2_basic_drafts	batch_0391_0400	R_0397	明文化	めいぶんか	thể hiện thành văn bản, ghi thành điều khoản	Minh Văn Hóa
n2_basic_drafts	batch_0391_0400	R_0397	密室性	みっしつせい	tính chất kín đáo, khép kín	Mật Thất Tính
n2_basic_drafts	batch_0391_0400	R_0397	介入	かいにゅう	sự can thiệp	Giới Nhập
n2_basic_drafts	batch_0391_0400	R_0397	経済的困窮	けいざいてきこんきゅう	khó khăn, nghèo đói về kinh tế	Kinh Tế Đích Khốn Cùng
n2_basic_drafts	batch_0391_0400	R_0397	策定	さくてい	việc xây dựng, soạn thảo (kế hoạch)	Sách Định
n2_basic_drafts	batch_0391_0400	R_0397	包括的	ほうかつてき	toàn diện, bao quát	Bao Quát Đích
n2_basic_drafts	batch_0391_0400	R_0397	格差	かくさ	sự chênh lệch, khoảng cách	Cách Soa
n2_basic_drafts	batch_0391_0400	R_0397	均等	きんとう	đồng đều, công bằng	Quân Đẳng
n2_basic_drafts	batch_0391_0400	R_0397	充実	じゅうじつ	sự nâng cao, làm phong phú thêm	Sung Thực
n2_basic_drafts	batch_0391_0400	R_0397	意識変革	いしきへんかく	sự thay đổi nhận thức, cách mạng ý thức	Ý Thức Biến Cách
n2_basic_drafts	batch_0391_0400	R_0398	最低賃金	さいていちんぎん	lương tối thiểu	Tối Đê Nhẫm Kim
n2_basic_drafts	batch_0391_0400	R_0398	加重平均	かじゅうへいきん	bình quân gia quyền	Gia Trọng Bình Quân
n2_basic_drafts	batch_0391_0400	R_0398	是正	ぜせい	khắc phục, chỉnh đốn	Thị Chánh
n2_basic_drafts	batch_0391_0400	R_0398	人件費	じんけんひ	chi phí nhân sự	Nhân Kiện Phí
n2_basic_drafts	batch_0391_0400	R_0398	価格転嫁	かかくてんか	chuyển gánh nặng chi phí sang giá bán	Giá Cách Chuyển Giá
n2_basic_drafts	batch_0391_0400	R_0398	生産性	せいさんせい	năng suất lao động	Sanh Sản Tính
n2_basic_drafts	batch_0391_0400	R_0398	補助金	ほじょきん	trợ cấp, tiền trợ cấp	Bổ Trợ Kim
n2_basic_drafts	batch_0391_0400	R_0398	貧困の連鎖	ひんこんのれんさ	vòng xoáy nghèo đói	Bần Khốn Liên Tỏa
n2_basic_drafts	batch_0391_0400	R_0398	社会保障コスト	しゃかいほしょうコスト	chi phí an sinh xã hội	Xã Hội Bảo Chướng
n2_basic_drafts	batch_0391_0400	R_0398	多角的	たかくてき	đa chiều, nhiều góc độ	Đa Giác Đích
n2_basic_drafts	batch_0391_0400	R_0398	整合性	せいごうせい	tính nhất quán, sự phù hợp	Chỉnh Hợp Tính
n2_basic_drafts	batch_0391_0400	R_0398	少子高齢化	しょうしこうれいか	dân số già hóa và tỷ lệ sinh giảm	Thiểu Tử Cao Linh Hóa
n2_basic_drafts	batch_0391_0400	R_0398	持続可能	じぞくかのう	bền vững, có thể duy trì	Trì Tục Khả Năng
n2_basic_drafts	batch_0391_0400	R_0398	競争力	きょうそうりょく	sức cạnh tranh	Cạnh Tranh Lực
n2_basic_drafts	batch_0391_0400	R_0399	外来語	がいらいご	từ ngoại lai	Ngoại Lai Ngữ
n2_basic_drafts	batch_0391_0400	R_0399	語彙	ごい	vốn từ, từ vựng	Ngữ Vị
n2_basic_drafts	batch_0391_0400	R_0399	表記	ひょうき	cách viết, ký hiệu	Biểu Kí
n2_basic_drafts	batch_0391_0400	R_0399	氾濫	はんらん	sự tràn lan, ngập tràn	Phiếm Lạm
n2_basic_drafts	batch_0391_0400	R_0399	定着	ていちゃく	sự ăn sâu, định hình	Định Trứ
n2_basic_drafts	batch_0391_0400	R_0399	提言	ていげん	đề nghị, kiến nghị	Đề Ngôn
n2_basic_drafts	batch_0391_0400	R_0399	的を射る	まとをいる	đúng trọng tâm, xác đáng	Đích Xạ
n2_basic_drafts	batch_0391_0400	R_0399	文化的アイデンティティ	ぶんかてきアイデンティティ	bản sắc văn hóa	Văn Hóa Đích
n2_basic_drafts	batch_0391_0400	R_0399	盲目的	もうもくてき	mù quáng	Manh Mục Đích
n2_basic_drafts	batch_0391_0400	R_0399	共存	きょうぞん	sự cùng tồn tại	Cộng Tồn
n2_basic_drafts	batch_0391_0400	R_0399	多岐にわたる	たきにわたる	trải rộng trên nhiều lĩnh vực	Đa Kì
n2_basic_drafts	batch_0391_0400	R_0399	根強い	ねづよい	bảo thủ, ăn sâu bám rễ	Căn Cường
n2_basic_drafts	batch_0391_0400	R_0400	仲卸業者	なかおろしぎょうしゃ	thương nhân bán buôn trung gian tại chợ	Trọng Tá Nghiệp Giả
n2_basic_drafts	batch_0391_0400	R_0400	目利き	めきき	kỹ năng thẩm định, con mắt tinh tường	Mục Lợi
n2_basic_drafts	batch_0391_0400	R_0400	落札	らくさつ	thắng đấu giá, được chốt giá	Lạc Trát
n2_basic_drafts	batch_0391_0400	R_0400	端を発する	たんをはっする	bắt nguồn từ, khởi đầu từ	Đoan Phát
n2_basic_drafts	batch_0391_0400	R_0400	老舗	しにせ	cửa hàng lâu đời, thương hiệu lâu năm	Lão Phố
n2_basic_drafts	batch_0391_0400	R_0400	場外市場	じょうがいしじょう	chợ ngoài khuôn viên chính (vẫn hoạt động)	Tràng Ngoại Thị Tràng
n2_basic_drafts	batch_0391_0400	R_0400	文化的遺産	ぶんかてきいさん	di sản văn hóa	Văn Hóa Đích Di Sản
n2_basic_drafts	batch_0391_0400	R_0400	保存運動	ほぞんうんどう	phong trào bảo tồn	Bảo Tồn Vận Động
n2_basic_drafts	batch_0391_0400	R_0400	衛生管理	えいせいかんり	quản lý vệ sinh	Vệ Sanh Quản Lí
n2_basic_drafts	batch_0391_0400	R_0400	固有名詞	こゆうめいし	danh từ riêng, tên riêng	Cố Hữu Danh Từ
n2_basic_drafts	batch_0391_0400	R_0400	真髄	しんずい	tinh túy, cốt lõi sâu xa	Chân Tủy
n2_basic_drafts	batch_0391_0400	R_0400	軒を連ねる	のきをつらねる	san sát nhau, nằm liền kề nhau	Hiên Liên
n2_basic_drafts	batch_0401_0410	R_0401	過疎地	かそち	vùng dân số thưa thớt, vùng suy giảm dân số	Quá Sơ Địa
n2_basic_drafts	batch_0401_0410	R_0401	集落	しゅうらく	khu dân cư, làng xóm	Tập Lạc
n2_basic_drafts	batch_0401_0410	R_0401	廃止	はいし	bãi bỏ, huỷ bỏ	Phế Chỉ
n2_basic_drafts	batch_0401_0410	R_0401	通院	つういん	đi khám bệnh, điều trị ngoại trú	Thông Viện
n2_basic_drafts	batch_0401_0410	R_0401	慢性的	まんせいてき	mãn tính, kéo dài	Mạn Tính Đích
n2_basic_drafts	batch_0401_0410	R_0401	赤字	あかじ	thâm hụt, thua lỗ	Xích Tự
n2_basic_drafts	batch_0401_0410	R_0401	乗務員	じょうむいん	nhân viên phục vụ trên phương tiện, lái xe	Thừa Vụ Viên
n2_basic_drafts	batch_0401_0410	R_0401	補助金	ほじょきん	trợ cấp, khoản hỗ trợ từ chính quyền	Bổ Trợ Kim
n2_basic_drafts	batch_0401_0410	R_0401	デマンド交通	デマンドこうつう	giao thông theo nhu cầu, dịch vụ đặt chỗ linh hoạt	Giao Thông
n2_basic_drafts	batch_0401_0410	R_0401	採算	さいさん	tính toán lợi nhuận, khả năng sinh lời	Thải Toán
n2_basic_drafts	batch_0401_0410	R_0401	逼迫	ひっぱく	căng thẳng, eo hẹp (ngân sách, tình hình)	Bức Bách
n2_basic_drafts	batch_0401_0410	R_0401	尊厳	そんげん	nhân phẩm, phẩm giá	Tôn Nghiêm
n2_basic_drafts	batch_0401_0410	R_0401	乗合サービス	のりあいサービス	dịch vụ đi chung xe, hợp thừa	Thừa Hợp
n2_basic_drafts	batch_0401_0410	R_0401	心理的障壁	しんりてきしょうへき	rào cản tâm lý	Tâm Lí Đích Chướng Bích
n2_basic_drafts	batch_0401_0410	R_0402	孤独死	こどくし	kodokushi, chết cô đơn (chết một mình, không ai hay biết)	Cô Độc Tử
n2_basic_drafts	batch_0401_0410	R_0402	核家族化	かくかぞくか	xu hướng hạt nhân hóa gia đình (gia đình chỉ gồm cha mẹ và con cái)	Hạch Gia Tộc Hóa
n2_basic_drafts	batch_0401_0410	R_0402	孤立	こりつ	sự cô lập, bị tách biệt khỏi xã hội	Cô Lập
n2_basic_drafts	batch_0401_0410	R_0402	異変	いへん	dấu hiệu bất thường, sự cố lạ	Dị Biến
n2_basic_drafts	batch_0401_0410	R_0402	民生委員	みんせいいいん	ủy viên dân sinh (tình nguyện viên hỗ trợ phúc lợi xã hội)	Dân Sanh Ủy Viên
n2_basic_drafts	batch_0401_0410	R_0402	安否確認	あんぴかくにん	xác nhận an toàn, kiểm tra tình trạng sức khỏe	An Phủ Xác Nhận
n2_basic_drafts	batch_0401_0410	R_0402	希薄	きはく	lỏng lẻo, mỏng manh (về mối quan hệ)	Hi Bạc
n2_basic_drafts	batch_0401_0410	R_0402	経済的困窮	けいざいてきこんきゅう	khó khăn về kinh tế, nghèo túng	Kinh Tế Đích Khốn Cùng
n2_basic_drafts	batch_0401_0410	R_0402	実効的	じっこうてき	có hiệu quả thực tế, thực chất	Thực Hiệu Đích
n2_basic_drafts	batch_0401_0410	R_0402	繋がり	つながり	mối liên kết, sự kết nối	Hệ
n2_basic_drafts	batch_0401_0410	R_0402	見守り体制	みまもりたいせい	hệ thống giám sát, cơ chế theo dõi và chăm sóc	Kiến Thủ Thể Chế
n2_basic_drafts	batch_0401_0410	R_0402	絡み合う	からみあう	đan xen, chằng chịt, liên quan phức tạp	Lạc Hợp
n2_basic_drafts	batch_0401_0410	R_0403	合計特殊出生率	ごうけいとくしゅしゅっしょうりつ	tỷ lệ sinh tổng hợp	Hợp Kế Đặc Thù Xuất Sanh Suất
n2_basic_drafts	batch_0401_0410	R_0403	労働力不足	ろうどうりょくぶそく	thiếu hụt lực lượng lao động	Lao Động Lực Bất Túc
n2_basic_drafts	batch_0401_0410	R_0403	社会統合	しゃかいとうごう	hội nhập xã hội	Xã Hội Thống Hợp
n2_basic_drafts	batch_0401_0410	R_0403	永住	えいじゅう	định cư lâu dài, thường trú	Vĩnh Trụ
n2_basic_drafts	batch_0401_0410	R_0403	非正規雇用	ひせいきこよう	lao động phi chính thức, bán thời gian	Phi Chánh Quy Cố Dụng
n2_basic_drafts	batch_0401_0410	R_0403	文化的摩擦	ぶんかてきまさつ	xung đột văn hóa	Văn Hóa Đích Ma Sát
n2_basic_drafts	batch_0401_0410	R_0403	社会インフラ	しゃかいインフラ	cơ sở hạ tầng xã hội	Xã Hội
n2_basic_drafts	batch_0401_0410	R_0403	意識改革	いしきかいかく	cải cách ý thức, thay đổi nhận thức	Ý Thức Cải Cách
n2_basic_drafts	batch_0401_0410	R_0403	持続可能性	じぞくかのうせい	tính bền vững	Trì Tục Khả Năng Tính
n2_basic_drafts	batch_0401_0410	R_0403	合意形成	ごういけいせい	hình thành đồng thuận	Hợp Ý Hình Thành
n2_basic_drafts	batch_0401_0410	R_0403	賃金停滞	ちんぎんていたい	trì trệ tiền lương	Nhẫm Kim Đình Trệ
n2_basic_drafts	batch_0401_0410	R_0403	保育所	ほいくじょ	nhà trẻ, cơ sở trông giữ trẻ	Bảo Dục Sở
n2_basic_drafts	batch_0401_0410	R_0403	育児休業	いくじきゅうぎょう	nghỉ phép nuôi con	Dục Nhi Hưu Nghiệp
n2_basic_drafts	batch_0401_0410	R_0404	敷居が高い	しきいがたかい	khó tiếp cận, rào cản cao (thành ngữ)	Phu Cư Cao
n2_basic_drafts	batch_0401_0410	R_0404	渇望	かつぼう	sự khao khát, mong mỏi tha thiết	Khát Vọng
n2_basic_drafts	batch_0401_0410	R_0404	本格的	ほんかくてき	chính thống, nghiêm túc, đúng nghĩa	Bản Cách Đích
n2_basic_drafts	batch_0401_0410	R_0404	模索	もさく	tìm kiếm, dò tìm (cách giải quyết)	Mô Tác
n2_basic_drafts	batch_0401_0410	R_0404	マインドフルネス	マインドフルネス	mindfulness, chánh niệm	
n2_basic_drafts	batch_0401_0410	R_0404	審美眼	しんびがん	con mắt thẩm mỹ, khả năng cảm thụ cái đẹp	Thẩm Mĩ Nhãn
n2_basic_drafts	batch_0401_0410	R_0404	精緻	せいち	tinh tế, tỉ mỉ, chính xác	Tinh Trí
n2_basic_drafts	batch_0401_0410	R_0404	他の追随を許さない	ほかのついずいをゆるさない	không gì sánh kịp, vô đối	Tha Truy Tùy Hứa
n2_basic_drafts	batch_0401_0410	R_0404	月謝	げっしゃ	học phí hàng tháng	Nguyệt Tạ
n2_basic_drafts	batch_0401_0410	R_0404	一期一会	いちごいちえ	nhất kỳ nhất hội - trân trọng mỗi cuộc gặp gỡ như lần duy nhất	Nhất Kì Nhất Hội
n2_basic_drafts	batch_0401_0410	R_0404	継承	けいしょう	sự kế thừa, truyền lại	Kế Thừa
n2_basic_drafts	batch_0401_0410	R_0404	商業化	しょうぎょうか	sự thương mại hóa	Thương Nghiệp Hóa
n2_basic_drafts	batch_0401_0410	R_0405	売店	ばいてん	quầy bán hàng, ki-ốt	Mại Điếm
n2_basic_drafts	batch_0401_0410	R_0405	心遣い	こころづかい	sự chu đáo, quan tâm	Tâm Khiển
n2_basic_drafts	batch_0401_0410	R_0405	根底	こんてい	nền tảng, gốc rễ	Căn Để
n2_basic_drafts	batch_0401_0410	R_0405	実用性	じつようせい	tính thực dụng, tính tiện ích	Thực Dụng Tính
n2_basic_drafts	batch_0401_0410	R_0405	媒体	ばいたい	phương tiện, môi trường truyền tải	Môi Thể
n2_basic_drafts	batch_0401_0410	R_0405	飾り切り	かざりぎり	tỉa rau củ thành hình trang trí	Sức Thiết
n2_basic_drafts	batch_0401_0410	R_0405	健康志向	けんこうしこう	xu hướng chú trọng sức khoẻ	Kiện Khang Chí Hướng
n2_basic_drafts	batch_0401_0410	R_0405	勤勉さ	きんべんさ	sự cần cù, chăm chỉ	Cần Miễn
n2_basic_drafts	batch_0401_0410	R_0405	几帳面さ	きちょうめんさ	sự tỉ mỉ, ngăn nắp	Kỷ Trướng Diện
n2_basic_drafts	batch_0401_0410	R_0405	精緻	せいち	tinh xảo, tỉ mỉ	Tinh Trí
n2_basic_drafts	batch_0401_0410	R_0405	アイデンティティ	アイデンティティ	bản sắc, danh tính	
n2_basic_drafts	batch_0401_0410	R_0405	国民性	こくみんせい	tính cách dân tộc, đặc trưng quốc dân	Quốc Dân Tính
n2_basic_drafts	batch_0401_0410	R_0406	著しく	いちじるしく	đáng kể, rõ rệt	Trứ
n2_basic_drafts	batch_0401_0410	R_0406	知名度	ちめいど	độ nổi tiếng, mức độ được biết đến	Tri Danh Độ
n2_basic_drafts	batch_0401_0410	R_0406	駐在員	ちゅうざいいん	nhân viên phái cử, nhân viên biệt phái	Trú Tại Viên
n2_basic_drafts	batch_0401_0410	R_0406	視野	しや	tầm nhìn, góc nhìn	Thị Dã
n2_basic_drafts	batch_0401_0410	R_0406	浮かび上がる	うかびあがる	nổi lên, xuất hiện	Phù Thượng
n2_basic_drafts	batch_0401_0410	R_0406	学費	がくひ	học phí	Học Phí
n2_basic_drafts	batch_0401_0410	R_0406	学習指導要領	がくしゅうしどうようりょう	hướng dẫn học tập (chương trình chuẩn quốc gia)	Học Tập Chỉ Đạo Yếu Lĩnh
n2_basic_drafts	batch_0401_0410	R_0406	整合性	せいごうせい	tính tương thích, sự nhất quán	Chỉnh Hợp Tính
n2_basic_drafts	batch_0401_0410	R_0406	不平等	ふびょうどう	sự bất bình đẳng	Bất Bình Đẳng
n2_basic_drafts	batch_0401_0410	R_0406	文部科学省	もんぶかがくしょう	Bộ Giáo dục, Văn hóa, Thể thao, Khoa học và Công nghệ	Văn Bộ Khoa Học Tỉnh
n2_basic_drafts	batch_0401_0410	R_0406	認定	にんてい	sự công nhận, chứng nhận	Nhận Định
n2_basic_drafts	batch_0401_0410	R_0406	曖昧	あいまい	mơ hồ, không rõ ràng	Ái Muội
n2_basic_drafts	batch_0401_0410	R_0406	義務教育	ぎむきょういく	giáo dục bắt buộc	Nghĩa Vụ Giáo Dục
n2_basic_drafts	batch_0401_0410	R_0406	多文化共生	たぶんかきょうせい	đa văn hóa cùng tồn tại	Đa Văn Hóa Cộng Sanh
n2_basic_drafts	batch_0401_0410	R_0406	連携	れんけい	liên kết, phối hợp	Liên Huề
n2_basic_drafts	batch_0401_0410	R_0407	東日本大震災	ひがしにほんだいしんさい	Đại thảm họa động đất miền Đông Nhật Bản	Đông Nhật Bản Đại Chấn Tai
n2_basic_drafts	batch_0401_0410	R_0407	沿岸部	えんがんぶ	vùng ven biển	Duyên Ngạn Bộ
n2_basic_drafts	batch_0401_0410	R_0407	瓦礫	がれき	đống đổ nát, gạch vụn	Ngõa Lịch
n2_basic_drafts	batch_0401_0410	R_0407	復旧	ふっきゅう	phục hồi, khắc phục	Phục Cựu
n2_basic_drafts	batch_0401_0410	R_0407	寸断	すんだん	bị cắt đứt hoàn toàn	Thốn Đoạn
n2_basic_drafts	batch_0401_0410	R_0407	仮設住宅	かせつじゅうたく	nhà ở tạm thời	Giả Thiết Trụ Trạch
n2_basic_drafts	batch_0401_0410	R_0407	疲弊	ひへい	kiệt sức, suy kiệt	Bì Tệ
n2_basic_drafts	batch_0401_0410	R_0407	連帯	れんたい	sự đoàn kết, liên kết	Liên Đới
n2_basic_drafts	batch_0401_0410	R_0407	生活再建	せいかつさいけん	tái thiết cuộc sống	Sanh Hoạt Tái Kiến
n2_basic_drafts	batch_0401_0410	R_0407	互助	ごじょ	tương trợ, giúp đỡ lẫn nhau	Hỗ Trợ
n2_basic_drafts	batch_0401_0410	R_0407	自主防災組織	じしゅぼうさいそしき	tổ chức phòng chống thiên tai tự quản	Tự Chủ Phòng Tai Tổ Chức
n2_basic_drafts	batch_0401_0410	R_0407	根幹	こんかん	nền tảng, cốt lõi	Căn Cán
n2_basic_drafts	batch_0401_0410	R_0407	指針	ししん	kim chỉ nam, phương châm	Chỉ Châm
n2_basic_drafts	batch_0401_0410	R_0408	宇宙航空研究開発機構	うちゅうこうくうけんきゅうかいはつきこう	Cơ quan Hàng không Vũ trụ Nhật Bản (JAXA)	Vũ Trụ Hàng Không Nghiên Cứu Khai Phát Ki Cấu
n2_basic_drafts	batch_0401_0410	R_0408	莫大	ばくだい	khổng lồ, rất lớn	Mạc Đại
n2_basic_drafts	batch_0401_0410	R_0408	小惑星	しょうわくせい	tiểu hành tinh	Tiểu Hoặc Tinh
n2_basic_drafts	batch_0401_0410	R_0408	偉業	いぎょう	kỳ tích, công trình vĩ đại	Vĩ Nghiệp
n2_basic_drafts	batch_0401_0410	R_0408	波及効果	はきゅうこうか	hiệu ứng lan tỏa, tác động phái sinh	Ba Cập Hiệu Quả
n2_basic_drafts	batch_0401_0410	R_0408	地形	ちけい	địa hình	Địa Hình
n2_basic_drafts	batch_0401_0410	R_0408	担い手	にないて	chủ thể, người đảm nhận	Đam Thủ
n2_basic_drafts	batch_0401_0410	R_0408	贅沢	ぜいたく	xa xỉ, lãng phí	Chuế Trạch
n2_basic_drafts	batch_0401_0410	R_0408	厳密	げんみつ	nghiêm ngặt, chặt chẽ	Nghiêm Mật
n2_basic_drafts	batch_0401_0410	R_0408	媒介	ばいかい	phương tiện trung gian	Môi Giới
n2_basic_drafts	batch_0401_0410	R_0408	科学立国	かがくりっこく	xây dựng đất nước dựa trên khoa học	Khoa Học Lập Quốc
n2_basic_drafts	batch_0401_0410	R_0408	縁遠い	えんどおい	xa vời, không liên quan	Duyên Viễn
n2_basic_drafts	batch_0401_0410	R_0409	有数	ゆうすう	hàng đầu, nổi tiếng, đứng trong số ít	Hữu Sổ
n2_basic_drafts	batch_0401_0410	R_0409	廃棄	はいき	thải bỏ, vứt bỏ	Phế Khí
n2_basic_drafts	batch_0401_0410	R_0409	代替素材	だいたいそざい	vật liệu thay thế	Đại Thế Tố Tài
n2_basic_drafts	batch_0401_0410	R_0409	焼却処理	しょうきゃくしょり	xử lý bằng đốt, thiêu hủy	Thiêu Khước Xứ Lí
n2_basic_drafts	batch_0401_0410	R_0409	資源循環	しげんじゅんかん	tuần hoàn tài nguyên	Tư Nguyên Tuần Hoàn
n2_basic_drafts	batch_0401_0410	R_0409	多岐にわたる	たきにわたる	trải rộng nhiều nhánh, đa dạng	Đa Kì
n2_basic_drafts	batch_0401_0410	R_0409	ケミカルリサイクル	ケミカルリサイクル	tái chế hóa học (phân hủy và tái tổng hợp bằng hóa chất)	
n2_basic_drafts	batch_0401_0410	R_0409	再合成	さいごうせい	tái tổng hợp	Tái Hợp Thành
n2_basic_drafts	batch_0401_0410	R_0409	再生プラスチック	さいせいプラスチック	nhựa tái sinh, nhựa tái chế	Tái Sanh
n2_basic_drafts	batch_0401_0410	R_0409	枠組み	わくぐみ	khung, khung thể chế, cấu trúc	Khung Tổ
n2_basic_drafts	batch_0401_0410	R_0409	実効性	じっこうせい	tính hiệu quả thực tế	Thực Hiệu Tính
n2_basic_drafts	batch_0401_0410	R_0409	使い捨て	つかいすて	dùng một lần rồi bỏ	Sử Xá
n2_basic_drafts	batch_0401_0410	R_0409	両輪	りょうりん	hai bánh xe (ẩn dụ: hai yếu tố song hành)	Lưỡng Luân
n2_basic_drafts	batch_0401_0410	R_0410	シルバーエコノミー	シルバーエコノミー	kinh tế bạc (nền kinh tế do và dành cho người cao tuổi)	
n2_basic_drafts	batch_0401_0410	R_0410	台頭	たいとう	sự trỗi dậy, sự nổi lên	Thai Đầu
n2_basic_drafts	batch_0401_0410	R_0410	包含する	ほうがんする	bao gồm, bao hàm	Bao Hàm
n2_basic_drafts	batch_0401_0410	R_0410	購買力	こうばいりょく	sức mua	Cấu Mãi Lực
n2_basic_drafts	batch_0401_0410	R_0410	固定観念	こていかんねん	định kiến, quan niệm cố định	Cố Định Quan Niệm
n2_basic_drafts	batch_0401_0410	R_0410	潜在的	せんざいてき	tiềm năng, tiềm ẩn	Tiềm Tại Đích
n2_basic_drafts	batch_0401_0410	R_0410	デジタルデバイド	デジタルデバイド	khoảng cách kỹ thuật số	
n2_basic_drafts	batch_0401_0410	R_0410	産官学	さんかんがく	tam giác doanh nghiệp - chính phủ - học thuật	Sản Quan Học
n2_basic_drafts	batch_0401_0410	R_0410	少子高齢化	しょうしこうれいか	giảm sinh già hóa	Thiểu Tử Cao Linh Hóa
n2_basic_drafts	batch_0401_0410	R_0410	持続可能性	じぞくかのうせい	tính bền vững	Trì Tục Khả Năng Tính
n2_basic_drafts	batch_0401_0410	R_0410	分岐点	ぶんきてん	điểm phân kỳ, ngã rẽ	Phân Kì Điểm
n2_basic_drafts	batch_0401_0410	R_0410	定年延長	ていねんえんちょう	kéo dài tuổi nghỉ hưu	Định Niên Duyên Trường
n2_basic_drafts	batch_0401_0410	R_0410	起業家	きぎょうか	nhà khởi nghiệp, doanh nhân	Khởi Nghiệp Gia
n2_basic_drafts	batch_0411_0420	R_0411	医療診断	いりょうしんだん	chẩn đoán y khoa	Y Liệu Chẩn Đoạn
n2_basic_drafts	batch_0411_0420	R_0411	微細	びさい	nhỏ nhặt, vi tế	Vi Tế
n2_basic_drafts	batch_0411_0420	R_0411	異常	いじょう	bất thường	Dị Thường
n2_basic_drafts	batch_0411_0420	R_0411	倫理的	りんりてき	mang tính đạo đức	Luân Lí Đích
n2_basic_drafts	batch_0411_0420	R_0411	誤診	ごしん	chẩn đoán sai, nhầm bệnh	Ngộ Chẩn
n2_basic_drafts	batch_0411_0420	R_0411	責任の所在	せきにんのしょざい	nơi quy trách nhiệm	Trách Nhâm Sở Tại
n2_basic_drafts	batch_0411_0420	R_0411	医療格差	いりょうかくさ	khoảng cách y tế	Y Liệu Cách Soa
n2_basic_drafts	batch_0411_0420	R_0411	漏洩	ろうえい	rò rỉ (thông tin)	Lậu Lệu
n2_basic_drafts	batch_0411_0420	R_0411	臨床経験	りんしょうけいけん	kinh nghiệm lâm sàng	Lâm Sàng Kinh Nghiệm
n2_basic_drafts	batch_0411_0420	R_0411	協働	きょうどう	hợp tác cùng nhau	Hiệp Động
n2_basic_drafts	batch_0411_0420	R_0411	規制当局	きせいとうきょく	cơ quan quản lý, cơ quan quy định	Quy Chế Đương Cục
n2_basic_drafts	batch_0411_0420	R_0411	承認基準	しょうにんきじゅん	tiêu chuẩn phê duyệt	Thừa Nhận Cơ Chuẩn
n2_basic_drafts	batch_0411_0420	R_0411	医療従事者	いりょうじゅうじしゃ	nhân viên y tế	Y Liệu Tùng Sự Giả
n2_basic_drafts	batch_0411_0420	R_0411	変革	へんかく	cải cách, biến đổi căn bản	Biến Cách
n2_basic_drafts	batch_0411_0420	R_0412	話芸	はなしげい	nghệ thuật kể chuyện	Thoại Vân
n2_basic_drafts	batch_0411_0420	R_0412	庶民	しょみん	bình dân, người thường	Thứ Dân
n2_basic_drafts	batch_0411_0420	R_0412	扇子	せんす	quạt gấp	Phiến Tử
n2_basic_drafts	batch_0411_0420	R_0412	手ぬぐい	てぬぐい	khăn tay vải	Thủ
n2_basic_drafts	batch_0411_0420	R_0412	高座	こうざ	sân khấu cao dành riêng cho diễn viên rakugo	Cao Tọa
n2_basic_drafts	batch_0411_0420	R_0412	社会風刺	しゃかいふうし	châm biếm xã hội	Xã Hội Phong Thứ
n2_basic_drafts	batch_0411_0420	R_0412	前座	ぜんざ	cấp bậc đầu tiên của diễn viên rakugo	Tiền Tọa
n2_basic_drafts	batch_0411_0420	R_0412	真打	しんうち	cấp bậc cao nhất của diễn viên rakugo	Chân Đả
n2_basic_drafts	batch_0411_0420	R_0412	精髄	せいずい	tinh hoa, cốt lõi	Tinh Tủy
n2_basic_drafts	batch_0411_0420	R_0412	伝承	でんしょう	sự truyền thừa, truyền đạt	Truyền Thừa
n2_basic_drafts	batch_0411_0420	R_0412	修業	しゅぎょう	tu luyện, học nghề	Tu Nghiệp
n2_basic_drafts	batch_0411_0420	R_0412	精神性	せいしんせい	tính tinh thần, chiều sâu tâm hồn	Tinh Thần Tính
n2_basic_drafts	batch_0411_0420	R_0413	移民二世	いみんにせい	thế hệ thứ hai người nhập cư	Di Dân Nhị Thế
n2_basic_drafts	batch_0411_0420	R_0413	葛藤	かっとう	sự giằng xé, mâu thuẫn nội tâm	Cát Đằng
n2_basic_drafts	batch_0411_0420	R_0413	疎外感	そがいかん	cảm giác bị gạt ra bên lề, cảm giác xa cách	Sơ Ngoại Cảm
n2_basic_drafts	batch_0411_0420	R_0413	包摂性	ほうせつせい	tính bao trùm, tính hòa nhập	Bao Nhiếp Tính
n2_basic_drafts	batch_0411_0420	R_0413	多文化共生	たぶんかきょうせい	cùng chung sống đa văn hóa	Đa Văn Hóa Cộng Sanh
n2_basic_drafts	batch_0411_0420	R_0413	均質	きんしつ	đồng nhất, đồng đều	Quân Chất
n2_basic_drafts	batch_0411_0420	R_0413	潜在的	せんざいてき	tiềm ẩn, tiềm năng	Tiềm Tại Đích
n2_basic_drafts	batch_0411_0420	R_0413	帰国者	きこくしゃ	người hồi hương	Quy Quốc Giả
n2_basic_drafts	batch_0411_0420	R_0413	担い手	にないて	người gánh vác, người chịu trách nhiệm	Đam Thủ
n2_basic_drafts	batch_0411_0420	R_0413	橋渡し	はしわたし	bắc cầu, kết nối	Kiều Độ
n2_basic_drafts	batch_0411_0420	R_0413	自己認識	じこにんしき	nhận thức về bản thân	Tự Kỉ Nhận Thức
n2_basic_drafts	batch_0411_0420	R_0413	複合的	ふくごうてき	phức hợp, đa chiều	Phức Hợp Đích
n2_basic_drafts	batch_0411_0420	R_0414	同族会社	どうぞくがいしゃ	công ty gia đình, công ty do dòng tộc kiểm soát	Đồng Tộc Hội Xã
n2_basic_drafts	batch_0411_0420	R_0414	中枢	ちゅうすう	trung tâm, trọng tâm (quyền lực)	Trung Xu
n2_basic_drafts	batch_0411_0420	R_0414	一概に	いちがいに	một cách đơn giản, cào bằng (thường dùng phủ định)	Nhất Khái
n2_basic_drafts	batch_0411_0420	R_0414	意思決定	いしけってい	ra quyết định	Ý Tư Quyết Định
n2_basic_drafts	batch_0411_0420	R_0414	一貫性	いっかんせい	tính nhất quán	Nhất Quán Tính
n2_basic_drafts	batch_0411_0420	R_0414	身内優遇	みうちゆうぐう	ưu ái người thân	Thân Nội Ưu Ngộ
n2_basic_drafts	batch_0411_0420	R_0414	登用	とうよう	bổ dụng, đề bạt (nhân tài)	Đăng Dụng
n2_basic_drafts	batch_0411_0420	R_0414	後継者	こうけいしゃ	người kế thừa, người kế vị	Hậu Kế Giả
n2_basic_drafts	batch_0411_0420	R_0414	子息	しそく	con trai (kính ngữ)	Tử Tức
n2_basic_drafts	batch_0411_0420	R_0414	コーポレートガバナンス	コーポレートガバナンス	quản trị doanh nghiệp	
n2_basic_drafts	batch_0411_0420	R_0414	社外取締役	しゃがいとりしまりやく	giám đốc bên ngoài (không thuộc nội bộ công ty)	Xã Ngoại Thủ Đế Dịch
n2_basic_drafts	batch_0411_0420	R_0414	情報開示	じょうほうかいじ	công bố thông tin, minh bạch hóa thông tin	Tình Báo Khai Kì
n2_basic_drafts	batch_0411_0420	R_0414	企業市民	きぎょうしみん	công dân doanh nghiệp (khái niệm CSR)	Xí Nghiệp Thị Dân
n2_basic_drafts	batch_0411_0420	R_0414	持続可能	じぞくかのう	bền vững, có thể duy trì lâu dài	Trì Tục Khả Năng
n2_basic_drafts	batch_0411_0420	R_0415	自己啓発	じこけいはつ	phát triển bản thân, tự khai sáng	Tự Kỉ Khải Phát
n2_basic_drafts	batch_0411_0420	R_0415	行動変容	こうどうへんよう	thay đổi hành vi	Hành Động Biến Dung
n2_basic_drafts	batch_0411_0420	R_0415	内発的	ないはつてき	nội tại, xuất phát từ bên trong	Nội Phát Đích
n2_basic_drafts	batch_0411_0420	R_0415	マインドフルネス	マインドフルネス	chánh niệm, mindfulness	
n2_basic_drafts	batch_0411_0420	R_0415	根拠	こんきょ	căn cứ, cơ sở, bằng chứng	Căn Cứ
n2_basic_drafts	batch_0411_0420	R_0415	位置づける	いちづける	định vị, xác định vị trí	Vị Trí
n2_basic_drafts	batch_0411_0420	R_0415	継続性	けいぞくせい	tính liên tục, tính bền vững	Kế Tục Tính
n2_basic_drafts	batch_0411_0420	R_0415	過度に	かどに	quá mức, thái quá	Quá Độ
n2_basic_drafts	batch_0411_0420	R_0415	孤立	こりつ	sự cô lập	Cô Lập
n2_basic_drafts	batch_0411_0420	R_0415	育まれる	はぐくまれる	được vun đắp, được nuôi dưỡng	Dục
n2_basic_drafts	batch_0411_0420	R_0415	契機	けいき	cơ hội, dịp, cơ duyên	Khế Ki
n2_basic_drafts	batch_0411_0420	R_0415	方法論	ほうほうろん	phương pháp luận	Phương Pháp Luận
n2_basic_drafts	batch_0411_0420	R_0416	聖地	せいち	thánh địa, địa điểm linh thiêng	Thánh Địa
n2_basic_drafts	batch_0411_0420	R_0416	銅製錬所	どうせいれんじょ	xưởng luyện đồng	Đồng Chế Luyện Sở
n2_basic_drafts	batch_0411_0420	R_0416	煤煙	ばいえん	khói bụi, muội than	Môi Yên
n2_basic_drafts	batch_0411_0420	R_0416	変貌	へんぼう	sự biến đổi, thay đổi diện mạo	Biến Bạo
n2_basic_drafts	batch_0411_0420	R_0416	稀有	けう	hiếm có, đặc biệt	Hi Hữu
n2_basic_drafts	batch_0411_0420	R_0416	随所	ずいしょ	khắp nơi, nhiều nơi	Tùy Sở
n2_basic_drafts	batch_0411_0420	R_0416	点在	てんざい	rải rác, điểm xuyết	Điểm Tại
n2_basic_drafts	batch_0411_0420	R_0416	溶け込む	とけこむ	hòa quyện, tan vào	Dong Nhập
n2_basic_drafts	batch_0411_0420	R_0416	廃屋	はいおく	nhà bỏ hoang, phế tích	Phế Ốc
n2_basic_drafts	batch_0411_0420	R_0416	過疎化	かそか	suy giảm dân số (vùng nông thôn)	Quá Sơ Hóa
n2_basic_drafts	batch_0411_0420	R_0416	静謐	せいひつ	sự tĩnh lặng, yên tĩnh	Tĩnh Mật
n2_basic_drafts	batch_0411_0420	R_0416	一朝一夕	いっちょういっせき	một sớm một chiều, trong thời gian ngắn	Nhất Triêu Nhất Tịch
n2_basic_drafts	batch_0411_0420	R_0416	持続可能	じぞくかのう	bền vững, có thể duy trì	Trì Tục Khả Năng
n2_basic_drafts	batch_0411_0420	R_0416	様相	ようそう	diện mạo, bộ mặt, dáng vẻ	Dạng Tương
n2_basic_drafts	batch_0411_0420	R_0417	過熱	かねつ	sự quá nóng, quá mức, khốc liệt	Quá Nhiệt
n2_basic_drafts	batch_0411_0420	R_0417	首都圏	しゅとけん	khu vực thủ đô	Thủ Đô Quyển
n2_basic_drafts	batch_0411_0420	R_0417	膨大	ぼうだい	khổng lồ, rất lớn	Bành Đại
n2_basic_drafts	batch_0411_0420	R_0417	難関	なんかん	khó khăn lớn, trở ngại, danh tiếng (trường khó vào)	Nan Quan
n2_basic_drafts	batch_0411_0420	R_0417	巧みに	たくみに	khéo léo, tài tình	Xảo
n2_basic_drafts	batch_0411_0420	R_0417	高額	こうがく	số tiền lớn, học phí cao	Cao Ngạch
n2_basic_drafts	batch_0411_0420	R_0417	精神発達	せいしんはったつ	sự phát triển tâm lý	Tinh Thần Phát Đạt
n2_basic_drafts	batch_0411_0420	R_0417	論理的思考力	ろんりてきしこうりょく	năng lực tư duy logic	Luận Lí Đích Tư Khảo Lực
n2_basic_drafts	batch_0411_0420	R_0417	一概に	いちがいに	một cách chung chung, nhất loạt	Nhất Khái
n2_basic_drafts	batch_0411_0420	R_0417	主体的に	しゅたいてきに	một cách chủ động, tự giác	Chủ Thể Đích
n2_basic_drafts	batch_0411_0420	R_0417	紙一重	かみひとえ	chỉ cách nhau một ranh giới mỏng, suýt soát	Chỉ Nhất Trọng
n2_basic_drafts	batch_0411_0420	R_0417	模擬試験	もぎしけん	kỳ thi thử, thi mô phỏng	Mô Nghĩ Thí Nghiệm
n2_basic_drafts	batch_0411_0420	R_0418	eスポーツ	イースポーツ	esport, thể thao điện tử	
n2_basic_drafts	batch_0411_0420	R_0418	存在感	そんざいかん	sức ảnh hưởng, tầm quan trọng, sự hiện diện	Tồn Tại Cảm
n2_basic_drafts	batch_0411_0420	R_0418	賞金	しょうきん	tiền thưởng	Thưởng Kim
n2_basic_drafts	batch_0411_0420	R_0418	過度な	かどな	quá mức, thái quá	Quá Độ
n2_basic_drafts	batch_0411_0420	R_0418	節度	せつど	sự điều độ, chừng mực	Tiết Độ
n2_basic_drafts	batch_0411_0420	R_0418	反射神経	はんしゃしんけい	phản xạ thần kinh	Phản Xạ Thần Kinh
n2_basic_drafts	batch_0411_0420	R_0418	スポンサー企業	スポンサーきぎょう	doanh nghiệp tài trợ	Xí Nghiệp
n2_basic_drafts	batch_0411_0420	R_0418	切り捨てる	きりすてる	gạt bỏ, loại bỏ	Thiết Xá
n2_basic_drafts	batch_0411_0420	R_0418	デジタルネイティブ	デジタルネイティブ	thế hệ kỹ thuật số bản địa (lớn lên cùng internet)	
n2_basic_drafts	batch_0411_0420	R_0418	官民	かんみん	nhà nước và tư nhân	Quan Dân
n2_basic_drafts	batch_0411_0420	R_0418	育成環境	いくせいかんきょう	môi trường đào tạo, ươm mầm	Dục Thành Hoàn Cảnh
n2_basic_drafts	batch_0411_0420	R_0418	競争力	きょうそうりょく	sức cạnh tranh	Cạnh Tranh Lực
n2_basic_drafts	batch_0411_0420	R_0419	騒音公害	そうおんこうがい	ô nhiễm tiếng ồn	Tao Âm Công Hại
n2_basic_drafts	batch_0411_0420	R_0419	慢性的	まんせいてき	mãn tính, kéo dài	Mạn Tính Đích
n2_basic_drafts	batch_0411_0420	R_0419	睡眠障害	すいみんしょうがい	rối loạn giấc ngủ	Thụy Miên Chướng Hại
n2_basic_drafts	batch_0411_0420	R_0419	心疾患	しんしっかん	bệnh tim mạch	Tâm Tật Hoạn
n2_basic_drafts	batch_0411_0420	R_0419	静穏	せいおん	yên tĩnh, bình lặng	Tĩnh Ổn
n2_basic_drafts	batch_0411_0420	R_0419	騒音規制法	そうおんきせいほう	luật kiểm soát tiếng ồn	Tao Âm Quy Chế Pháp
n2_basic_drafts	batch_0411_0420	R_0419	低騒音舗装	ていそうおんほそう	mặt đường ít tiếng ồn	Đê Tao Âm Phố Trang
n2_basic_drafts	batch_0411_0420	R_0419	抑制	よくせい	kiểm soát, hạn chế	Ức Chế
n2_basic_drafts	batch_0411_0420	R_0419	緑地化	りょくちか	xanh hóa, phủ xanh	Lục Địa Hóa
n2_basic_drafts	batch_0411_0420	R_0419	自粛	じしゅく	tự giác kiềm chế, tự hạn chế	Tự Túc
n2_basic_drafts	batch_0411_0420	R_0419	発想の転換	はっそうのてんかん	thay đổi tư duy, cách nghĩ mới	Phát Tưởng Chuyển Hoán
n2_basic_drafts	batch_0411_0420	R_0419	急務	きゅうむ	nhiệm vụ cấp bách	Cấp Vụ
n2_basic_drafts	batch_0411_0420	R_0419	政策立案	せいさくりつあん	hoạch định chính sách	Chánh Sách Lập Án
n2_basic_drafts	batch_0411_0420	R_0420	関東大震災	かんとうだいしんさい	Đại động đất Kanto (1923)	Quan Đông Đại Chấn Tai
n2_basic_drafts	batch_0411_0420	R_0420	戒厳令	かいげんれい	thiết quân luật	Giới Nghiêm Lệnh
n2_basic_drafts	batch_0411_0420	R_0420	流言蜚語	りゅうげんひご	tin đồn thất thiệt, lời đồn nhảm	Lưu Ngôn Phi Ngữ
n2_basic_drafts	batch_0411_0420	R_0420	帝都復興計画	ていとふっこうけいかく	Kế hoạch Phục hưng Đế đô	Đế Đô Phục Hưng Kế Họa
n2_basic_drafts	batch_0411_0420	R_0420	都市景観	としけいかん	cảnh quan đô thị	Đô Thị Cảnh Quan
n2_basic_drafts	batch_0411_0420	R_0420	礎	いしずえ	nền tảng, cột mốc	Sở
n2_basic_drafts	batch_0411_0420	R_0420	契機	けいき	cột mốc, cơ hội, dịp (để thay đổi)	Khế Ki
n2_basic_drafts	batch_0411_0420	R_0420	行方不明者	ゆくえふめいしゃ	người mất tích	Hành Phương Bất Minh Giả
n2_basic_drafts	batch_0411_0420	R_0420	避難	ひなん	sơ tán, chạy nạn	Tị Nan
n2_basic_drafts	batch_0411_0420	R_0420	防災意識	ぼうさいいしき	ý thức phòng chống thiên tai	Phòng Tai Ý Thức
n2_basic_drafts	batch_0411_0420	R_0420	拡幅	かくふく	mở rộng (đường)	Khuếch Phúc
n2_basic_drafts	batch_0411_0420	R_0420	語り継がれる	かたりつがれる	được truyền lại, được kể tiếp từ đời này sang đời khác	Ngữ Kế
n2_basic_drafts	batch_0421_0430	R_0421	固定的	こていてき	cố định, rập khuôn	Cố Định Đích
n2_basic_drafts	batch_0421_0430	R_0421	性別役割意識	せいべつやくわりいしき	ý thức về vai trò giới tính	Tính Biệt Dịch Cát Ý Thức
n2_basic_drafts	batch_0421_0430	R_0421	刷り込み	すりこみ	sự áp đặt, khắc sâu vào tiềm thức	Xoát Nhập
n2_basic_drafts	batch_0421_0430	R_0421	偏見	へんけん	định kiến, thiên kiến	Thiên Kiến
n2_basic_drafts	batch_0421_0430	R_0421	再生産	さいせいさん	tái tạo, tái sản xuất	Tái Sanh Sản
n2_basic_drafts	batch_0421_0430	R_0421	ロールモデル	ロールモデル	hình mẫu, người làm gương	
n2_basic_drafts	batch_0421_0430	R_0421	同質的	どうしつてき	có tính đồng nhất, thuần nhất	Đồng Chất Đích
n2_basic_drafts	batch_0421_0430	R_0421	構造的障壁	こうぞうてきしょうへき	rào cản cấu trúc	Cấu Tạo Đích Chướng Bích
n2_basic_drafts	batch_0421_0430	R_0421	透明性	とうめいせい	tính minh bạch	Thấu Minh Tính
n2_basic_drafts	batch_0421_0430	R_0421	昇進	しょうしん	thăng tiến, thăng chức	Thăng Tiến
n2_basic_drafts	batch_0421_0430	R_0421	急務	きゅうむ	vấn đề cấp bách, nhiệm vụ khẩn thiết	Cấp Vụ
n2_basic_drafts	batch_0421_0430	R_0421	志望する	しぼうする	khao khát, theo đuổi, nguyện vọng	Chí Vọng
n2_basic_drafts	batch_0421_0430	R_0422	壮大さ	そうだいさ	sự hùng vĩ, sự vĩ đại	Tráng Đại
n2_basic_drafts	batch_0421_0430	R_0422	凝縮	ぎょうしゅく	sự cô đọng, sự nén lại	Ngưng Súc
n2_basic_drafts	batch_0421_0430	R_0422	非対称性	ひたいしょうせい	tính bất đối xứng	Phi Đối Xưng Tính
n2_basic_drafts	batch_0421_0430	R_0422	摂理	せつり	quy luật tự nhiên	Nhiếp Lí
n2_basic_drafts	batch_0421_0430	R_0422	具現化	ぐげんか	sự hiện thân, sự cụ thể hóa	Cụ Hiện Hóa
n2_basic_drafts	batch_0421_0430	R_0422	愛好者	あいこうしゃ	người yêu thích, người đam mê	Ái Hảo Giả
n2_basic_drafts	batch_0421_0430	R_0422	根源的	こんげんてき	cơ bản, thuộc về cội nguồn	Căn Nguyên Đích
n2_basic_drafts	batch_0421_0430	R_0422	普遍的	ふへんてき	phổ quát, mang tính toàn cầu	Phổ Biến Đích
n2_basic_drafts	batch_0421_0430	R_0422	均整	きんせい	sự cân đối, sự hài hòa	Quân Chỉnh
n2_basic_drafts	batch_0421_0430	R_0422	顧みる	かえりみる	quan tâm đến, hồi tưởng lại	Cố
n2_basic_drafts	batch_0421_0430	R_0422	域	いき	phạm vi, lĩnh vực	Vực
n2_basic_drafts	batch_0421_0430	R_0422	職人	しょくにん	người thợ lành nghề, nghệ nhân	Chức Nhân
n2_basic_drafts	batch_0421_0430	R_0423	神道	しんとう	thần đạo	Thần Đạo
n2_basic_drafts	batch_0421_0430	R_0423	教義	きょうぎ	giáo lý	Giáo Nghĩa
n2_basic_drafts	batch_0421_0430	R_0423	崇拝	すうはい	sự thờ phụng, sùng bái	Sùng Bái
n2_basic_drafts	batch_0421_0430	R_0423	信仰体系	しんこうたいけい	hệ thống tín ngưỡng	Tín Ngưỡng Thể Hệ
n2_basic_drafts	batch_0421_0430	R_0423	初詣	はつもうで	tục tham bái đền thờ đầu năm	Sơ Nghệ
n2_basic_drafts	batch_0421_0430	R_0423	七五三	しちごさん	lễ Shichi-Go-San, cầu nguyện cho trẻ 3, 5, 7 tuổi	Thất Ngũ Tam
n2_basic_drafts	batch_0421_0430	R_0423	国家神道	こっかしんとう	quốc gia thần đạo	Quốc Gia Thần Đạo
n2_basic_drafts	batch_0421_0430	R_0423	神格化	しんかくか	sự thần thánh hóa	Thần Cách Hóa
n2_basic_drafts	batch_0421_0430	R_0423	信教の自由	しんきょうのじゆう	tự do tín ngưỡng	Tín Giáo Tự Do
n2_basic_drafts	batch_0421_0430	R_0423	美意識	びいしき	thẩm mỹ quan, ý thức thẩm mỹ	Mĩ Ý Thức
n2_basic_drafts	batch_0421_0430	R_0423	宮司	ぐうじ	thần chủ, vị chức sắc cao nhất của đền thần	Cung Ti
n2_basic_drafts	batch_0421_0430	R_0423	畏敬	いけい	lòng kính sợ, sự ngưỡng mộ	Úy Kính
n2_basic_drafts	batch_0421_0430	R_0423	帰属意識	きぞくいしき	ý thức quy thuộc, cảm giác thuộc về	Quy Chúc Ý Thức
n2_basic_drafts	batch_0421_0430	R_0423	混交	こんこう	sự hòa trộn, pha lẫn	Hỗn Giao
n2_basic_drafts	batch_0421_0430	R_0424	病害虫	びょうがいちゅう	sâu bệnh, dịch hại	Bệnh Hại Trùng
n2_basic_drafts	batch_0421_0430	R_0424	生育状況	せいいくじょうきょう	tình trạng sinh trưởng	Sanh Dục Trạng Huống
n2_basic_drafts	batch_0421_0430	R_0424	隈なく	くまなく	toàn bộ, không sót chỗ nào	Uôm
n2_basic_drafts	batch_0421_0430	R_0424	農業従事者	のうぎょうじゅうじしゃ	người làm nông nghiệp	Nông Nghiệp Tùng Sự Giả
n2_basic_drafts	batch_0421_0430	R_0424	担い手不足	にないてぶそく	thiếu hụt nhân lực kế thừa	Đam Thủ Bất Túc
n2_basic_drafts	batch_0421_0430	R_0424	省力化	しょうりょくか	tiết kiệm lao động, tự động hóa	Tỉnh Lực Hóa
n2_basic_drafts	batch_0421_0430	R_0424	農薬散布	のうやくさんぷ	phun thuốc trừ sâu	Nông Dược Tán Bố
n2_basic_drafts	batch_0421_0430	R_0424	農業協同組合	のうぎょうきょうどうくみあい	hợp tác xã nông nghiệp	Nông Nghiệp Hiệp Đồng Tổ Hợp
n2_basic_drafts	batch_0421_0430	R_0424	施肥量	せひりょう	lượng phân bón	Thi Phì Lượng
n2_basic_drafts	batch_0421_0430	R_0424	精密農業	せいみつのうぎょう	nông nghiệp chính xác	Tinh Mật Nông Nghiệp
n2_basic_drafts	batch_0421_0430	R_0424	収量	しゅうりょう	sản lượng thu hoạch	Thu Lượng
n2_basic_drafts	batch_0421_0430	R_0424	山間部	さんかんぶ	vùng miền núi	San Gian Bộ
n2_basic_drafts	batch_0421_0430	R_0424	補助金	ほじょきん	trợ cấp, tiền hỗ trợ	Bổ Trợ Kim
n2_basic_drafts	batch_0421_0430	R_0425	少子高齢化	しょうしこうれいか	giảm sinh và già hóa dân số	Thiểu Tử Cao Linh Hóa
n2_basic_drafts	batch_0421_0430	R_0425	核家族化	かくかぞくか	hạt nhân hóa gia đình (xu hướng gia đình chỉ có bố mẹ và con cái)	Hạch Gia Tộc Hóa
n2_basic_drafts	batch_0421_0430	R_0425	共働き	ともばたらき	cả hai vợ chồng cùng đi làm	Cộng Động
n2_basic_drafts	batch_0421_0430	R_0425	代えがたい	かえがたい	không thể thay thế, vô giá	Đại
n2_basic_drafts	batch_0421_0430	R_0425	世代間	せだいかん	giữa các thế hệ	Thế Đại Gian
n2_basic_drafts	batch_0421_0430	R_0425	献身的	けんしんてき	tận tụy, hy sinh	Hiến Thân Đích
n2_basic_drafts	batch_0421_0430	R_0425	持続可能	じぞくかのう	có thể duy trì bền vững	Trì Tục Khả Năng
n2_basic_drafts	batch_0421_0430	R_0425	摩擦	まさつ	mâu thuẫn, xung đột	Ma Sát
n2_basic_drafts	batch_0421_0430	R_0425	相互理解	そうごりかい	hiểu biết lẫn nhau	Tương Hỗ Lí Giải
n2_basic_drafts	batch_0421_0430	R_0425	見守り	みまもり	trông chừng, giám sát bảo vệ	Kiến Thủ
n2_basic_drafts	batch_0421_0430	R_0425	寄与する	きよする	đóng góp, cống hiến	Kí Dữ
n2_basic_drafts	batch_0421_0430	R_0425	根幹	こんかん	nền tảng cốt lõi, gốc rễ	Căn Cán
n2_basic_drafts	batch_0421_0430	R_0426	ハラスメント	ハラスメント	quấy rối	
n2_basic_drafts	batch_0421_0430	R_0426	沈黙	ちんもく	sự im lặng	Trầm Mặc
n2_basic_drafts	batch_0421_0430	R_0426	加害者	かがいしゃ	kẻ gây hại, thủ phạm	Gia Hại Giả
n2_basic_drafts	batch_0421_0430	R_0426	温存	おんぞん	duy trì, bảo tồn (thường theo nghĩa tiêu cực)	Ôn Tồn
n2_basic_drafts	batch_0421_0430	R_0426	常態化	じょうたいか	trở thành chuyện bình thường, thường xuyên hoá	Thường Thái Hóa
n2_basic_drafts	batch_0421_0430	R_0426	内面化	ないめんか	nội hoá, tiếp nhận vào bên trong	Nội Diện Hóa
n2_basic_drafts	batch_0421_0430	R_0426	心理的安全性	しんりてきあんぜんせい	tính an toàn tâm lý	Tâm Lí Đích An Toàn Tính
n2_basic_drafts	batch_0421_0430	R_0426	内部告発	ないぶこくはつ	tố giác nội bộ, thổi còi	Nội Bộ Cáo Phát
n2_basic_drafts	batch_0421_0430	R_0426	隠蔽	いんぺい	che giấu, che đậy	Ẩn Tất
n2_basic_drafts	batch_0421_0430	R_0426	施行	しこう	ban hành, thi hành (luật)	Thi Hành
n2_basic_drafts	batch_0421_0430	R_0426	義務付ける	ぎむづける	bắt buộc, quy định nghĩa vụ	Nghĩa Vụ Phó
n2_basic_drafts	batch_0421_0430	R_0426	第三者機関	だいさんしゃきかん	cơ quan bên thứ ba	Đệ Tam Giả Ki Quan
n2_basic_drafts	batch_0421_0430	R_0426	余儀なくされる	よぎなくされる	bị buộc phải (không có lựa chọn khác)	Dư Nghi
n2_basic_drafts	batch_0421_0430	R_0427	性的少数者	せいてきしょうすうしゃ	người thuộc thiểu số tình dục	Tính Đích Thiểu Sổ Giả
n2_basic_drafts	batch_0421_0430	R_0427	差別	さべつ	phân biệt đối xử	Soa Biệt
n2_basic_drafts	batch_0421_0430	R_0427	偏見	へんけん	định kiến	Thiên Kiến
n2_basic_drafts	batch_0421_0430	R_0427	急務	きゅうむ	nhiệm vụ cấp bách	Cấp Vụ
n2_basic_drafts	batch_0421_0430	R_0427	婚姻	こんいん	hôn nhân (thuật ngữ pháp lý)	Hôn Duyên
n2_basic_drafts	batch_0421_0430	R_0427	性自認	せいじにん	bản dạng giới	Tính Tự Nhận
n2_basic_drafts	batch_0421_0430	R_0427	性的指向	せいてきしこう	xu hướng tình dục	Tính Đích Chỉ Hướng
n2_basic_drafts	batch_0421_0430	R_0427	パートナーシップ制度	パートナーシップせいど	chế độ đối tác (dành cho cặp đôi cùng giới)	Chế Độ
n2_basic_drafts	batch_0421_0430	R_0427	啓発	けいはつ	giác ngộ, nâng cao nhận thức	Khải Phát
n2_basic_drafts	batch_0421_0430	R_0427	立法	りっぽう	lập pháp	Lập Pháp
n2_basic_drafts	batch_0421_0430	R_0427	合意形成	ごういけいせい	xây dựng sự đồng thuận	Hợp Ý Hình Thành
n2_basic_drafts	batch_0421_0430	R_0427	潮流	ちょうりゅう	xu hướng, trào lưu	Triều Lưu
n2_basic_drafts	batch_0421_0430	R_0427	相続	そうぞく	thừa kế	Tương Tục
n2_basic_drafts	batch_0421_0430	R_0427	切実	せつじつ	cấp thiết, thiết thực	Thiết Thực
n2_basic_drafts	batch_0421_0430	R_0428	台頭	たいとう	sự trỗi dậy, sự nổi lên	Thai Đầu
n2_basic_drafts	batch_0421_0430	R_0428	融資	ゆうし	cho vay, cấp vốn	Dung Tư
n2_basic_drafts	batch_0421_0430	R_0428	利便性	りべんせい	tính tiện lợi	Lợi Tiện Tính
n2_basic_drafts	batch_0421_0430	R_0428	余儀なくされる	よぎなくされる	bị buộc phải, bất đắc dĩ phải	Dư Nghi
n2_basic_drafts	batch_0421_0430	R_0428	制度的基盤	せいどてききばん	nền tảng thể chế	Chế Độ Đích Cơ Bàn
n2_basic_drafts	batch_0421_0430	R_0428	金融リテラシー	きんゆうリテラシー	năng lực tài chính, hiểu biết tài chính	Kim Dung
n2_basic_drafts	batch_0421_0430	R_0428	模索する	もさくする	tìm kiếm, thăm dò	Mô Tác
n2_basic_drafts	batch_0421_0430	R_0428	躍進	やくしん	sự bứt phá, tiến vọt	Dược Tiến
n2_basic_drafts	batch_0421_0430	R_0428	民主化	みんしゅか	dân chủ hóa	Dân Chủ Hóa
n2_basic_drafts	batch_0421_0430	R_0428	二項対立	にこうたいりつ	đối lập nhị phân, đối lập hai chiều	Nhị Hạng Đối Lập
n2_basic_drafts	batch_0421_0430	R_0428	エコシステム	エコシステム	hệ sinh thái (ở đây: hệ sinh thái tài chính)	
n2_basic_drafts	batch_0421_0430	R_0428	提携	ていけい	hợp tác, liên kết	Đề Huề
n2_basic_drafts	batch_0421_0430	R_0428	サイバーセキュリティ	サイバーセキュリティ	an ninh mạng	
n2_basic_drafts	batch_0421_0430	R_0429	漢字離れ	かんじばなれ	hiện tượng xa rời chữ Hán, không dùng/viết chữ Hán nữa	Hán Tự Li
n2_basic_drafts	batch_0421_0430	R_0429	顕著	けんちょ	rõ rệt, nổi bật	Hiển Trứ
n2_basic_drafts	batch_0421_0430	R_0429	定着	ていちゃく	sự ghi nhớ lâu dài, ổn định hóa	Định Trứ
n2_basic_drafts	batch_0421_0430	R_0429	変換機能	へんかんきのう	chức năng chuyển đổi (văn bản tự động)	Biến Hoán Ki Năng
n2_basic_drafts	batch_0421_0430	R_0429	非対称性	ひたいしょうせい	tính bất cân xứng	Phi Đối Xưng Tính
n2_basic_drafts	batch_0421_0430	R_0429	書字技術	しょじぎじゅつ	kỹ thuật viết chữ	Thư Tự Kĩ Thuật
n2_basic_drafts	batch_0421_0430	R_0429	語彙力	ごいりょく	vốn từ vựng	Ngữ Vị Lực
n2_basic_drafts	batch_0421_0430	R_0429	衰退	すいたい	sự suy yếu, suy thoái	Suy Thối
n2_basic_drafts	batch_0421_0430	R_0429	包括的	ほうかつてき	toàn diện, bao quát	Bao Quát Đích
n2_basic_drafts	batch_0421_0430	R_0429	書字能力	しょじのうりょく	khả năng viết chữ	Thư Tự Năng Lực
n2_basic_drafts	batch_0421_0430	R_0429	深層的	しんそうてき	sâu sắc, ở tầng sâu	Thâm Tằng Đích
n2_basic_drafts	batch_0421_0430	R_0429	危機感	ききかん	cảm giác nguy cơ, lo ngại	Nguy Ki Cảm
n2_basic_drafts	batch_0421_0430	R_0430	農村体験	のうそんたいけん	trải nghiệm nông thôn	Nông Thôn Thể Nghiệm
n2_basic_drafts	batch_0421_0430	R_0430	方言	ほうげん	phương ngữ, tiếng địa phương	Phương Ngôn
n2_basic_drafts	batch_0421_0430	R_0430	戸惑い	とまどい	sự bỡ ngỡ, lúng túng	Hộ Hoặc
n2_basic_drafts	batch_0421_0430	R_0430	言語的多様性	げんごてきたようせい	sự đa dạng ngôn ngữ	Ngôn Ngữ Đích Đa Dạng Tính
n2_basic_drafts	batch_0421_0430	R_0430	田植え	たうえ	cấy lúa	Điền Thực
n2_basic_drafts	batch_0421_0430	R_0430	後継者不足	こうけいしゃぶそく	thiếu người kế thừa	Hậu Kế Giả Bất Túc
n2_basic_drafts	batch_0421_0430	R_0430	高齢化	こうれいか	già hóa (dân số)	Cao Linh Hóa
n2_basic_drafts	batch_0421_0430	R_0430	漬物	つけもの	dưa muối, đồ muối chua	Tí Vật
n2_basic_drafts	batch_0421_0430	R_0430	人情	にんじょう	tình người, lòng nhân hậu	Nhân Tình
n2_basic_drafts	batch_0421_0430	R_0430	凝縮	ぎょうしゅく	sự cô đọng, sự tập trung tinh chất	Ngưng Súc
n2_basic_drafts	batch_0421_0430	R_0430	相互理解	そうごりかい	sự hiểu biết lẫn nhau	Tương Hỗ Lí Giải
n2_basic_drafts	batch_0421_0430	R_0430	真摯	しんし	chân thành, nghiêm túc	Chân Chí
n2_basic_drafts	batch_0421_0430	R_0430	表面的	ひょうめんてき	mang tính bề ngoài, hời hợt	Biểu Diện Đích
n2_basic_drafts	batch_0431_0440	R_0431	電動車	でんどうしゃ	xe điện (bao gồm EV, hybrid, PHEV)	Điện Động Xa
n2_basic_drafts	batch_0431_0440	R_0431	充電インフラ	じゅうでんインフラ	hạ tầng sạc điện	Sung Điện
n2_basic_drafts	batch_0431_0440	R_0431	サプライチェーン	サプライチェーン	chuỗi cung ứng	
n2_basic_drafts	batch_0431_0440	R_0431	全固体電池	ぜんこたいでんち	pin toàn thể rắn (công nghệ pin thế hệ mới)	Toàn Cố Thể Điện Trì
n2_basic_drafts	batch_0431_0440	R_0431	航続距離	こうぞくきょり	phạm vi di chuyển, quãng đường đi được sau một lần sạc	Hàng Tục Cự Li
n2_basic_drafts	batch_0431_0440	R_0431	集合住宅	しゅうごうじゅうたく	chung cư, nhà tập thể	Tập Hợp Trụ Trạch
n2_basic_drafts	batch_0431_0440	R_0431	V2G技術	V2Gぎじゅつ	công nghệ Vehicle to Grid (xe điện cung cấp điện ngược lại lưới điện)	Kĩ Thuật
n2_basic_drafts	batch_0431_0440	R_0431	再生可能エネルギー	さいせいかのうエネルギー	năng lượng tái tạo	Tái Sanh Khả Năng
n2_basic_drafts	batch_0431_0440	R_0431	発電方法	はつでんほうほう	phương thức phát điện	Phát Điện Phương Pháp
n2_basic_drafts	batch_0431_0440	R_0431	脱炭素化	だつたんそか	phi carbon hóa, giảm phát thải carbon	Thoát Thán Tố Hóa
n2_basic_drafts	batch_0431_0440	R_0431	電力構成	でんりょくこうせい	cơ cấu điện năng (tỷ lệ các nguồn điện)	Điện Lực Cấu Thành
n2_basic_drafts	batch_0431_0440	R_0431	二律背反	にりつはいはん	mâu thuẫn không thể dung hòa, antinomy	Nhị Luật Bối Phản
n2_basic_drafts	batch_0431_0440	R_0431	絵に描いた餅	えにかいたもち	bánh vẽ, kế hoạch đẹp trên lý thuyết nhưng không thực tế	Hội Miêu Bính
n2_basic_drafts	batch_0431_0440	R_0432	産後うつ	さんごうつ	trầm cảm sau sinh	Sản Hậu
n2_basic_drafts	batch_0431_0440	R_0432	無気力感	むきりょくかん	cảm giác mất sinh lực, vô lực	Vô Khí Lực Cảm
n2_basic_drafts	batch_0431_0440	R_0432	ホルモンバランス	ホルモンバランス	cân bằng nội tiết tố	
n2_basic_drafts	batch_0431_0440	R_0432	神経伝達物質	しんけいでんたつぶっしつ	chất dẫn truyền thần kinh	Thần Kinh Truyền Đạt Vật Chất
n2_basic_drafts	batch_0431_0440	R_0432	不均衡	ふきんこう	sự mất cân bằng	Bất Quân Hành
n2_basic_drafts	batch_0431_0440	R_0432	予後	よご	tiên lượng (y tế)	Dư Hậu
n2_basic_drafts	batch_0431_0440	R_0432	早期介入	そうきかいにゅう	can thiệp sớm	Tảo Kì Giới Nhập
n2_basic_drafts	batch_0431_0440	R_0432	偏見	へんけん	định kiến	Thiên Kiến
n2_basic_drafts	batch_0431_0440	R_0432	孤立	こりつ	sự cô lập	Cô Lập
n2_basic_drafts	batch_0431_0440	R_0432	対応格差	たいおうかくさ	khoảng cách ứng phó, chênh lệch trong đối ứng	Đối Ứng Cách Soa
n2_basic_drafts	batch_0431_0440	R_0432	訪問支援	ほうもんしえん	hỗ trợ thăm nhà	Phóng Vấn Chi Viên
n2_basic_drafts	batch_0431_0440	R_0432	母子関係	ぼしかんけい	mối quan hệ mẹ con	Mẫu Tử Quan Hệ
n2_basic_drafts	batch_0431_0440	R_0433	孤独感	こどくかん	cảm giác cô đơn	Cô Độc Cảm
n2_basic_drafts	batch_0431_0440	R_0433	様相を呈する	ようそうをていする	mang diện mạo, thể hiện khía cạnh	Dạng Tương Trình
n2_basic_drafts	batch_0431_0440	R_0433	親密さ	しんみつさ	sự gần gũi, thân mật	Thân Mật
n2_basic_drafts	batch_0431_0440	R_0433	一途をたどる	いっとをたどる	đi theo một hướng (thường tiêu cực), liên tục gia tăng	Nhất Đồ
n2_basic_drafts	batch_0431_0440	R_0433	自己肯定感	じここうていかん	lòng tự trọng, cảm giác tự chấp nhận bản thân	Tự Kỉ Khẳng Định Cảm
n2_basic_drafts	batch_0431_0440	R_0433	核家族化	かくかぞくか	xu hướng gia đình hạt nhân hóa	Hạch Gia Tộc Hóa
n2_basic_drafts	batch_0431_0440	R_0433	孤立	こりつ	sự cô lập	Cô Lập
n2_basic_drafts	batch_0431_0440	R_0433	コミュニティの再構築	コミュニティのさいこうちく	tái thiết cộng đồng	Tái Cấu Trúc
n2_basic_drafts	batch_0431_0440	R_0433	実効性	じっこうせい	tính hiệu quả thực tế	Thực Hiệu Tính
n2_basic_drafts	batch_0431_0440	R_0433	孤独担当大臣	こどくたんとうだいじん	bộ trưởng phụ trách vấn đề cô đơn	Cô Độc Đam Đương Đại Thần
n2_basic_drafts	batch_0431_0440	R_0433	承認	しょうにん	sự công nhận, phê duyệt	Thừa Nhận
n2_basic_drafts	batch_0431_0440	R_0433	不安障害	ふあんしょうがい	rối loạn lo âu	Bất An Chướng Hại
n2_basic_drafts	batch_0431_0440	R_0434	敷居が高い	しきいがたかい	ngưỡng cửa cao, khó tiếp cận	Phu Cư Cao
n2_basic_drafts	batch_0431_0440	R_0434	伝統芸能	でんとうげいのう	nghệ thuật truyền thống	Truyền Thống Vân Năng
n2_basic_drafts	batch_0431_0440	R_0434	稽古	けいこ	luyện tập, tập dợt (nghệ thuật)	Kê, khể Cổ
n2_basic_drafts	batch_0431_0440	R_0434	家元制度	いえもとせいど	chế độ gia trưởng, hệ thống truyền thống theo dòng họ	Gia Nguyên Chế Độ
n2_basic_drafts	batch_0431_0440	R_0434	継承	けいしょう	kế thừa, truyền thừa	Kế Thừa
n2_basic_drafts	batch_0431_0440	R_0434	比肩しがたい	ひけんしがたい	khó sánh bằng, không có gì so sánh được	Bỉ Kiên
n2_basic_drafts	batch_0431_0440	R_0434	若年化	じゃくねんか	xu hướng trẻ hóa	Nhược Niên Hóa
n2_basic_drafts	batch_0431_0440	R_0434	懸念	けねん	lo ngại, lo lắng	Huyền Niệm
n2_basic_drafts	batch_0431_0440	R_0434	過言	かごん	nói quá, lời nói thái quá	Quá Ngôn
n2_basic_drafts	batch_0431_0440	R_0434	解釈	かいしゃく	cách diễn giải, diễn dịch	Giải Thích
n2_basic_drafts	batch_0431_0440	R_0434	模索	もさく	tìm tòi, mò mẫm	Mô Tác
n2_basic_drafts	batch_0431_0440	R_0434	革新	かくしん	đổi mới, cách tân	Cách Tân
n2_basic_drafts	batch_0431_0440	R_0435	発酵	はっこう	lên men	Phát Diếu
n2_basic_drafts	batch_0431_0440	R_0435	微生物	びせいぶつ	vi sinh vật	Vi Sanh Vật
n2_basic_drafts	batch_0431_0440	R_0435	腸内フローラ	ちょうないフローラ	hệ vi sinh đường ruột	Tràng Nội
n2_basic_drafts	batch_0431_0440	R_0435	善玉菌	ぜんだまきん	vi khuẩn có lợi	Thiện Ngọc Khuẩn
n2_basic_drafts	batch_0431_0440	R_0435	免疫機能	めんえききのう	chức năng miễn dịch	Miễn Dịch Ki Năng
n2_basic_drafts	batch_0431_0440	R_0435	乳酸菌	にゅうさんきん	vi khuẩn lactic	Nhũ Toan Khuẩn
n2_basic_drafts	batch_0431_0440	R_0435	過剰摂取	かじょうせっしゅ	tiêu thụ quá mức	Quá Thặng Nhiếp Thủ
n2_basic_drafts	batch_0431_0440	R_0435	無形文化遺産	むけいぶんかいさん	di sản văn hoá phi vật thể	Vô Hình Văn Hóa Di Sản
n2_basic_drafts	batch_0431_0440	R_0435	欧米化	おうべいか	sự Âu Mỹ hoá	Âu Mễ Hóa
n2_basic_drafts	batch_0431_0440	R_0435	公衆衛生	こうしゅうえいせい	y tế công cộng	Công Chúng Vệ Sanh
n2_basic_drafts	batch_0431_0440	R_0435	健康長寿	けんこうちょうじゅ	khoẻ mạnh và sống lâu	Kiện Khang Trường Thọ
n2_basic_drafts	batch_0431_0440	R_0435	継承	けいしょう	kế thừa, truyền lại	Kế Thừa
n2_basic_drafts	batch_0431_0440	R_0436	生涯学習	しょうがいがくしゅう	học tập suốt đời	Sanh Nhai Học Tập
n2_basic_drafts	batch_0431_0440	R_0436	高齢化社会	こうれいかしゃかい	xã hội già hóa	Cao Linh Hóa Xã Hội
n2_basic_drafts	batch_0431_0440	R_0436	定年	ていねん	tuổi hưu, định niên	Định Niên
n2_basic_drafts	batch_0431_0440	R_0436	培う	つちかう	vun đắp, tích lũy	Bồi
n2_basic_drafts	batch_0431_0440	R_0436	潜在的	せんざいてき	tiềm ẩn, tiềm năng	Tiềm Tại Đích
n2_basic_drafts	batch_0431_0440	R_0436	喪失感	そうしつかん	cảm giác mất mát	Tang Thất Cảm
n2_basic_drafts	batch_0431_0440	R_0436	転換点	てんかんてん	bước ngoặt, điểm chuyển tiếp	Chuyển Hoán Điểm
n2_basic_drafts	batch_0431_0440	R_0436	内発的	ないはつてき	xuất phát từ bên trong, nội tại	Nội Phát Đích
n2_basic_drafts	batch_0431_0440	R_0436	認知症	にんちしょう	chứng mất trí nhớ, sa sút trí tuệ	Nhận Tri Chứng
n2_basic_drafts	batch_0431_0440	R_0436	社会的格差	しゃかいてきかくさ	bất bình đẳng xã hội	Xã Hội Đích Cách Soa
n2_basic_drafts	batch_0431_0440	R_0436	自治体	じちたい	chính quyền địa phương	Tự Trì Thể
n2_basic_drafts	batch_0431_0440	R_0436	尊厳	そんげん	phẩm giá, nhân phẩm	Tôn Nghiêm
n2_basic_drafts	batch_0431_0440	R_0436	契機	けいき	cơ hội, cơ duyên, bước ngoặt	Khế Ki
n2_basic_drafts	batch_0431_0440	R_0437	自殺	じさつ	tự sát	Tự Sát
n2_basic_drafts	batch_0431_0440	R_0437	追い詰める	おいつめる	dồn vào đường cùng, dồn vào góc tường	Truy Cật
n2_basic_drafts	batch_0431_0440	R_0437	後を絶たない	あとをたたない	liên tiếp xảy ra không dứt	Hậu Tuyệt
n2_basic_drafts	batch_0431_0440	R_0437	多層的	たそうてき	đa tầng lớp, nhiều lớp	Đa Tằng Đích
n2_basic_drafts	batch_0431_0440	R_0437	際立つ	きわだつ	nổi bật, nổi trội	Tế Lập
n2_basic_drafts	batch_0431_0440	R_0437	孤立	こりつ	sự cô lập	Cô Lập
n2_basic_drafts	batch_0431_0440	R_0437	糸口	いとぐち	manh mối, đầu mối, điểm khởi đầu	Mịch Khẩu
n2_basic_drafts	batch_0431_0440	R_0437	過重労働	かじゅうろうどう	làm việc quá sức, lao động quá tải	Quá Trọng Lao Động
n2_basic_drafts	batch_0431_0440	R_0437	是正	ぜせい	sự khắc phục, chỉnh sửa cho đúng	Thị Chánh
n2_basic_drafts	batch_0431_0440	R_0437	打破する	だはする	phá vỡ, đột phá	Đả Phá
n2_basic_drafts	batch_0431_0440	R_0437	臨床心理士	りんしょうしんりし	chuyên gia tâm lý lâm sàng	Lâm Sàng Tâm Lí Sĩ
n2_basic_drafts	batch_0431_0440	R_0437	包括的	ほうかつてき	toàn diện, bao quát	Bao Quát Đích
n2_basic_drafts	batch_0431_0440	R_0437	弱さ	よわさ	sự yếu đuối	Nhược
n2_basic_drafts	batch_0431_0440	R_0437	相談窓口	そうだんまどぐち	đường dây hỗ trợ, cửa sổ tư vấn	Tương Đàm Song Khẩu
n2_basic_drafts	batch_0431_0440	R_0438	突出した	とっしゅつした	nổi bật, vượt trội	Đột Xuất
n2_basic_drafts	batch_0431_0440	R_0438	実績	じっせき	thành tích, kết quả thực tế	Thực Tích
n2_basic_drafts	batch_0431_0440	R_0438	追随	ついずい	theo đuổi, bắt chước	Truy Tùy
n2_basic_drafts	batch_0431_0440	R_0438	開拓する	かいたくする	khai phá, mở ra	Khai Thác
n2_basic_drafts	batch_0431_0440	R_0438	粘り強い	ねばりづよい	kiên trì, bền bỉ	Niêm Cường
n2_basic_drafts	batch_0431_0440	R_0438	ポスト不足	ポストぶそく	thiếu vị trí (việc làm) trong học thuật	Bất Túc
n2_basic_drafts	batch_0431_0440	R_0438	ニュートリノ振動	ニュートリノしんどう	dao động neutrino	Chấn Động
n2_basic_drafts	batch_0431_0440	R_0438	素粒子物理学	そりゅうしぶつりがく	vật lý hạt nhân cơ bản	Tố Lạp Tử Vật Lí Học
n2_basic_drafts	batch_0431_0440	R_0438	標準模型	ひょうじゅんもけい	mô hình chuẩn (trong vật lý hạt nhân)	Tiêu Chuẩn Mô Hình
n2_basic_drafts	batch_0431_0440	R_0438	検出器	けんしゅつき	máy dò, thiết bị phát hiện	Kiểm Xuất Khí
n2_basic_drafts	batch_0431_0440	R_0438	地道な	じみちな	bền bỉ, kiên nhẫn, không hoành tráng	Địa Đạo
n2_basic_drafts	batch_0431_0440	R_0438	数値モデル	すうちモデル	mô hình số	Sổ Trị
n2_basic_drafts	batch_0431_0440	R_0438	先駆的	せんくてき	mang tính tiên phong	Tiên Khu Đích
n2_basic_drafts	batch_0431_0440	R_0438	独創性	どくそうせい	tính sáng tạo, tính độc đáo	Độc Sang Tính
n2_basic_drafts	batch_0431_0440	R_0438	育成する	いくせいする	nuôi dưỡng, đào tạo	Dục Thành
n2_basic_drafts	batch_0431_0440	R_0439	擁する	ようする	sở hữu, bao gồm (formal)	Ủng
n2_basic_drafts	batch_0431_0440	R_0439	白化現象	はっかげんしょう	hiện tượng tẩy trắng (của san hô)	Bạch Hóa Hiện Tượng
n2_basic_drafts	batch_0431_0440	R_0439	共生藻	きょうせいそう	tảo cộng sinh	Cộng Sanh Tảo
n2_basic_drafts	batch_0431_0440	R_0439	骨格	こっかく	bộ khung, cấu trúc xương	Cốt Cách
n2_basic_drafts	batch_0431_0440	R_0439	死滅	しめつ	chết hết, tuyệt diệt	Tử Diệt
n2_basic_drafts	batch_0431_0440	R_0439	消失	しょうしつ	biến mất, tiêu mất	Tiêu Thất
n2_basic_drafts	batch_0431_0440	R_0439	産卵期	さんらんき	mùa đẻ trứng, mùa sinh sản	Sản Noãn Kì
n2_basic_drafts	batch_0431_0440	R_0439	繁殖機能	はんしょくきのう	chức năng sinh sản	Phồn Thực Ki Năng
n2_basic_drafts	batch_0431_0440	R_0439	回復力	かいふくりょく	khả năng phục hồi	Hồi Phục Lực
n2_basic_drafts	batch_0431_0440	R_0439	遮光シート	しゃこうシート	tấm che nắng, tấm che ánh sáng	Già Quang
n2_basic_drafts	batch_0431_0440	R_0439	品種改良	ひんしゅかいりょう	cải tiến giống	Phẩm Chủng Cải Lương
n2_basic_drafts	batch_0431_0440	R_0439	耐熱性	たいねつせい	khả năng chịu nhiệt	Nại Nhiệt Tính
n2_basic_drafts	batch_0431_0440	R_0439	温室効果ガス	おんしつこうかガス	khí nhà kính	Ôn Thất Hiệu Quả
n2_basic_drafts	batch_0431_0440	R_0439	縮図	しゅくず	thu nhỏ, hình ảnh thu nhỏ	Súc Đồ
n2_basic_drafts	batch_0431_0440	R_0440	金融緩和	きんゆうかんわ	nới lỏng tiền tệ	Kim Dung Hoãn Hòa
n2_basic_drafts	batch_0431_0440	R_0440	財政出動	ざいせいしゅつどう	kích thích tài khóa	Tài Chánh Xuất Động
n2_basic_drafts	batch_0431_0440	R_0440	デフレ脱却	デフレだっきゃく	thoát khỏi giảm phát	Thoát Khước
n2_basic_drafts	batch_0431_0440	R_0440	実質賃金	じっしつちんぎん	tiền lương thực tế	Thực Chất Nhẫm Kim
n2_basic_drafts	batch_0431_0440	R_0440	格差拡大	かくさかくだい	bất bình đẳng mở rộng	Cách Soa Khuếch Đại
n2_basic_drafts	batch_0431_0440	R_0440	財政健全化	ざいせいけんぜんか	lành mạnh hóa tài chính	Tài Chánh Kiện Toàn Hóa
n2_basic_drafts	batch_0431_0440	R_0440	労働生産性	ろうどうせいさんせい	năng suất lao động	Lao Động Sanh Sản Tính
n2_basic_drafts	batch_0431_0440	R_0440	異次元緩和	いじげんかんわ	nới lỏng định lượng bất thường (chính sách BOJ đặc biệt)	Dị Thứ Nguyên Hoãn Hòa
n2_basic_drafts	batch_0431_0440	R_0440	財政赤字	ざいせいあかじ	thâm hụt tài khóa	Tài Chánh Xích Tự
n2_basic_drafts	batch_0431_0440	R_0440	脱炭素	だつたんそ	phi carbon hóa	Thoát Thán Tố
n2_basic_drafts	batch_0431_0440	R_0440	持続可能性	じぞくかのうせい	tính bền vững	Trì Tục Khả Năng Tính
n2_basic_drafts	batch_0431_0440	R_0440	規制緩和	きせいかんわ	nới lỏng quy định	Quy Chế Hoãn Hòa
n2_basic_drafts	batch_0431_0440	R_0440	消費者物価上昇率	しょうひしゃぶっかじょうしょうりつ	tỷ lệ tăng giá tiêu dùng (CPI)	Tiêu Phí Giả Vật Giá Thượng Thăng Suất
n2_basic_drafts	batch_0431_0440	R_0440	還元される	かんげんされる	được hoàn trả, được phân phối lại	Hoàn Nguyên
n2_basic_drafts	batch_0431_0440	R_0440	一億総活躍社会	いちおくそうかつやくしゃかい	xã hội nơi tất cả người dân (1億 = ~dân số Nhật) cùng tích cực hoạt động	Nhất Ức Tổng Hoạt Dược Xã Hội
n2_basic_drafts	batch_0441_0450	R_0441	ブロックチェーン	ブロックチェーン	blockchain (chuỗi khối)	
n2_basic_drafts	batch_0441_0450	R_0441	改ざん	かいざん	giả mạo, làm giả dữ liệu	Cải
n2_basic_drafts	batch_0441_0450	R_0441	電子カルテ	でんしカルテ	hồ sơ bệnh án điện tử	Điện Tử
n2_basic_drafts	batch_0441_0450	R_0441	整合性	せいごうせい	tính nhất quán, tính toàn vẹn	Chỉnh Hợp Tính
n2_basic_drafts	batch_0441_0450	R_0441	中央集権的	ちゅうおうしゅうけんてき	tập trung hóa, có tính tập quyền trung ương	Trung Ương Tập Quyền Đích
n2_basic_drafts	batch_0441_0450	R_0441	ノード	ノード	nút mạng (node)	
n2_basic_drafts	batch_0441_0450	R_0441	サプライチェーン	サプライチェーン	chuỗi cung ứng	
n2_basic_drafts	batch_0441_0450	R_0441	相互運用性	そうごうんようせい	khả năng tương tác, khả năng tương thích	Tương Hỗ Vận Dụng Tính
n2_basic_drafts	batch_0441_0450	R_0441	スケーラビリティ	スケーラビリティ	khả năng mở rộng (scalability)	
n2_basic_drafts	batch_0441_0450	R_0441	実証実験	じっしょうじっけん	thực nghiệm kiểm chứng	Thực Chứng Thực Nghiệm
n2_basic_drafts	batch_0441_0450	R_0441	機密性	きみつせい	tính bảo mật, tính bí mật	Ki Mật Tính
n2_basic_drafts	batch_0441_0450	R_0441	偽造品	ぎぞうひん	hàng giả, hàng nhái	Ngụy Tạo Phẩm
n2_basic_drafts	batch_0441_0450	R_0442	受け継ぐ	うけつぐ	kế thừa, truyền lại	Thụ Kế
n2_basic_drafts	batch_0441_0450	R_0442	著しく	いちじるしく	đáng kể, rõ rệt	Trứ
n2_basic_drafts	batch_0441_0450	R_0442	根強い	ねづよい	bền vững, ăn sâu	Căn Cường
n2_basic_drafts	batch_0441_0450	R_0442	精髄	せいずい	tinh hoa, cốt lõi	Tinh Tủy
n2_basic_drafts	batch_0441_0450	R_0442	体現する	たいげんする	thể hiện, hiện thân	Thể Hiện
n2_basic_drafts	batch_0441_0450	R_0442	着付け師	きつけし	thợ mặc kimono	Trứ Phó Sư
n2_basic_drafts	batch_0441_0450	R_0442	後継者不足	こうけいしゃぶそく	thiếu người kế thừa	Hậu Kế Giả Bất Túc
n2_basic_drafts	batch_0441_0450	R_0442	意匠	いしょう	họa tiết, thiết kế, mẫu mã	Ý Tượng
n2_basic_drafts	batch_0441_0450	R_0442	遺物	いぶつ	di vật, di tích	Di Vật
n2_basic_drafts	batch_0441_0450	R_0442	美意識	びいしき	thẩm mỹ, ý thức thẩm mỹ	Mĩ Ý Thức
n2_basic_drafts	batch_0441_0450	R_0442	継承する	けいしょうする	kế thừa, truyền lại	Kế Thừa
n2_basic_drafts	batch_0441_0450	R_0442	持続的	じぞくてき	bền vững, liên tục	Trì Tục Đích
n2_basic_drafts	batch_0441_0450	R_0442	拠り所	よりどころ	chỗ dựa, điểm tựa	Cứ Sở
n2_basic_drafts	batch_0441_0450	R_0443	高齢化	こうれいか	lão hoá, già hoá dân số	Cao Linh Hóa
n2_basic_drafts	batch_0441_0450	R_0443	社会保障制度	しゃかいほしょうせいど	hệ thống an sinh xã hội	Xã Hội Bảo Chướng Chế Độ
n2_basic_drafts	batch_0441_0450	R_0443	抜本的	ばっぽんてき	triệt để, toàn diện, căn bản	Bạt Bản Đích
n2_basic_drafts	batch_0441_0450	R_0443	不可避	ふかひ	không thể tránh khỏi	Bất Khả Tị
n2_basic_drafts	batch_0441_0450	R_0443	現役世代	げんえきせだい	thế hệ đang đi làm, thế hệ lao động	Hiện Dịch Thế Đại
n2_basic_drafts	batch_0441_0450	R_0443	少子化	しょうしか	tình trạng sinh ít con, tỉ lệ sinh thấp	Thiểu Tử Hóa
n2_basic_drafts	batch_0441_0450	R_0443	定年延長	ていねんえんちょう	kéo dài tuổi về hưu	Định Niên Duyên Trường
n2_basic_drafts	batch_0441_0450	R_0443	生涯現役	しょうがいげんえき	làm việc suốt đời, tích cực cho đến cuối đời	Sanh Nhai Hiện Dịch
n2_basic_drafts	batch_0441_0450	R_0443	予防医療	よぼういりょう	y tế dự phòng	Dư Phòng Y Liệu
n2_basic_drafts	batch_0441_0450	R_0443	移乗支援ロボット	いじょうしえんロボット	robot hỗ trợ di chuyển (trong chăm sóc người cao tuổi)	Di Thừa Chi Viên
n2_basic_drafts	batch_0441_0450	R_0443	核家族化	かくかぞくか	quá trình hạt nhân hoá gia đình	Hạch Gia Tộc Hóa
n2_basic_drafts	batch_0441_0450	R_0443	多文化共生	たぶんかきょうせい	cùng chung sống đa văn hoá	Đa Văn Hóa Cộng Sanh
n2_basic_drafts	batch_0441_0450	R_0443	持続可能	じぞくかのう	bền vững, có thể duy trì lâu dài	Trì Tục Khả Năng
n2_basic_drafts	batch_0441_0450	R_0443	包括的	ほうかつてき	toàn diện, bao gồm đầy đủ	Bao Quát Đích
n2_basic_drafts	batch_0441_0450	R_0444	恒例	こうれい	thường lệ, định kỳ hàng năm	Hằng Lệ
n2_basic_drafts	batch_0441_0450	R_0444	任意	にんい	tự nguyện, tùy ý	Nhâm Ý
n2_basic_drafts	batch_0441_0450	R_0444	肩を並べる	かたをならべる	đi sát cạnh, sánh vai	Kiên Tịnh
n2_basic_drafts	batch_0441_0450	R_0444	肩書き	かたがき	chức danh, danh hiệu	Kiên Thư
n2_basic_drafts	batch_0441_0450	R_0444	意味をなさない	いみをなさない	không có ý nghĩa, vô nghĩa	Ý Vị
n2_basic_drafts	batch_0441_0450	R_0444	達成感	たっせいかん	cảm giác thành tựu	Đạt Thành Cảm
n2_basic_drafts	batch_0441_0450	R_0444	非日常	ひにちじょう	phi thường nhật, khác với cuộc sống hàng ngày	Phi Nhật Thường
n2_basic_drafts	batch_0441_0450	R_0444	参加率	さんかりつ	tỷ lệ tham gia	Tham Gia Suất
n2_basic_drafts	batch_0441_0450	R_0444	絆	きずな	mối liên kết, dây gắn bó	Bán
n2_basic_drafts	batch_0441_0450	R_0444	模索する	もさくする	mò mẫm tìm kiếm, thăm dò	Mô Tác
n2_basic_drafts	batch_0441_0450	R_0444	帰路	きろ	đường về	Quy Lộ
n2_basic_drafts	batch_0441_0450	R_0444	双方	そうほう	cả hai phía, đôi bên	Song Phương
n2_basic_drafts	batch_0441_0450	R_0445	瞑想	めいそう	thiền định	Minh Tưởng
n2_basic_drafts	batch_0441_0450	R_0445	心理療法	しんりりょうほう	tâm lý trị liệu	Tâm Lí Liệu Pháp
n2_basic_drafts	batch_0441_0450	R_0445	親和性	しんわせい	tính tương thích, sự gần gũi	Thân Hòa Tính
n2_basic_drafts	batch_0441_0450	R_0445	座禅	ざぜん	tọa thiền	Tọa Thiền
n2_basic_drafts	batch_0441_0450	R_0445	福利厚生	ふくりこうせい	phúc lợi (dành cho nhân viên)	Phúc Lợi Hậu Sanh
n2_basic_drafts	batch_0441_0450	R_0445	商業化	しょうぎょうか	thương mại hóa	Thương Nghiệp Hóa
n2_basic_drafts	batch_0441_0450	R_0445	無常観	むじょうかん	quan niệm vô thường	Vô Thường Quan
n2_basic_drafts	batch_0441_0450	R_0445	臨床的	りんしょうてき	thuộc lâm sàng, lâm sàng	Lâm Sàng Đích
n2_basic_drafts	batch_0441_0450	R_0445	後押し	あとおし	ủng hộ, hỗ trợ, thúc đẩy	Hậu Áp
n2_basic_drafts	batch_0441_0450	R_0445	文脈	ぶんみゃく	bối cảnh, văn cảnh	Văn Mạch
n2_basic_drafts	batch_0441_0450	R_0445	統合	とうごう	tích hợp, hợp nhất	Thống Hợp
n2_basic_drafts	batch_0441_0450	R_0445	根強い	ねづよい	dai dẳng, bám rễ sâu	Căn Cường
n2_basic_drafts	batch_0441_0450	R_0446	原生林	げんせいりん	rừng nguyên sinh	Nguyên Sanh Lâm
n2_basic_drafts	batch_0441_0450	R_0446	植生	しょくせい	thảm thực vật	Thực Sanh
n2_basic_drafts	batch_0441_0450	R_0446	亜熱帯	あねったい	vùng cận nhiệt đới	Á Nhiệt Đới
n2_basic_drafts	batch_0441_0450	R_0446	亜寒帯	あかんたい	vùng cận hàn đới	Á Hàn Đới
n2_basic_drafts	batch_0441_0450	R_0446	降水量	こうすいりょう	lượng mưa	Hàng Thủy Lượng
n2_basic_drafts	batch_0441_0450	R_0446	樹齢	じゅれい	tuổi thọ của cây	Thụ Linh
n2_basic_drafts	batch_0441_0450	R_0446	屋久杉	やくすぎ	cây Yakusugi (cây tuyết tùng Yakushima)	Ốc Cửu Sam
n2_basic_drafts	batch_0441_0450	R_0446	脆弱	ぜいじゃく	mong manh, dễ tổn thương	Thúy Nhược
n2_basic_drafts	batch_0441_0450	R_0446	生態系	せいたいけい	hệ sinh thái	Sanh Thái Hệ
n2_basic_drafts	batch_0441_0450	R_0446	協力金	きょうりょくきん	phí đóng góp, phí bảo tồn	Hiệp Lực Kim
n2_basic_drafts	batch_0441_0450	R_0446	悠久	ゆうきゅう	vô tận, trường cửu	Du Cửu
n2_basic_drafts	batch_0441_0450	R_0446	喧騒	けんそう	sự ồn ào, huyên náo	Huyên Tao
n2_basic_drafts	batch_0441_0450	R_0446	示唆	しさ	gợi ý, hàm ý	Kì Toa
n2_basic_drafts	batch_0441_0450	R_0446	エコツーリズム	エコツーリズム	du lịch sinh thái	
n2_basic_drafts	batch_0441_0450	R_0447	統合	とうごう	tích hợp, hợp nhất	Thống Hợp
n2_basic_drafts	batch_0441_0450	R_0447	横断的	おうだんてき	xuyên suốt, mang tính liên ngành	Hoành Đoạn Đích
n2_basic_drafts	batch_0441_0450	R_0447	試行錯誤	しこうさくご	thử và sai, mò mẫm thử nghiệm	Thí Hành Thác Ngộ
n2_basic_drafts	batch_0441_0450	R_0447	幾何学	きかがく	hình học	Ki Hà Học
n2_basic_drafts	batch_0441_0450	R_0447	比例	ひれい	tỷ lệ	Bỉ Lệ
n2_basic_drafts	batch_0441_0450	R_0447	複合的	ふくごうてき	tổng hợp, phức hợp	Phức Hợp Đích
n2_basic_drafts	batch_0441_0450	R_0447	幼少期	ようしょうき	thời thơ ấu, tuổi nhỏ	Ấu Thiểu Kì
n2_basic_drafts	batch_0441_0450	R_0447	専門性	せんもんせい	tính chuyên môn	Chuyên Môn Tính
n2_basic_drafts	batch_0441_0450	R_0447	研修	けんしゅう	đào tạo, tập huấn	Nghiên Tu
n2_basic_drafts	batch_0441_0450	R_0447	制約	せいやく	ràng buộc, hạn chế	Chế Ước
n2_basic_drafts	batch_0441_0450	R_0447	忍耐強く	にんたいづよく	kiên nhẫn, bền bỉ	Nhẫn Nại Cường
n2_basic_drafts	batch_0441_0450	R_0447	教授法	きょうじゅほう	phương pháp giảng dạy	Giáo Thụ Pháp
n2_basic_drafts	batch_0441_0450	R_0448	遺産	いさん	di sản	Di Sản
n2_basic_drafts	batch_0441_0450	R_0448	無観客	むかんきゃく	không có khán giả	Vô Quan Khách
n2_basic_drafts	batch_0441_0450	R_0448	前例のない	ぜんれいのない	chưa có tiền lệ	Tiền Lệ
n2_basic_drafts	batch_0441_0450	R_0448	インフラ	インフラ	cơ sở hạ tầng	
n2_basic_drafts	batch_0441_0450	R_0448	転用	てんよう	chuyển đổi mục đích sử dụng	Chuyển Dụng
n2_basic_drafts	batch_0441_0450	R_0448	莫大	ばくだい	khổng lồ, rất lớn	Mạc Đại
n2_basic_drafts	batch_0441_0450	R_0448	維持費	いじひ	chi phí duy trì	Duy Trì Phí
n2_basic_drafts	batch_0441_0450	R_0448	過小評価	かしょうひょうか	đánh giá thấp	Quá Tiểu Bình Giá
n2_basic_drafts	batch_0441_0450	R_0448	誘致活動	ゆうちかつどう	hoạt động vận động đăng cai	Dụ Trí Hoạt Động
n2_basic_drafts	batch_0441_0450	R_0448	波及効果	はきゅうこうか	hiệu ứng lan tỏa	Ba Cập Hiệu Quả
n2_basic_drafts	batch_0441_0450	R_0448	試算	しさん	con số ước tính, tính thử	Thí Toán
n2_basic_drafts	batch_0441_0450	R_0448	継承	けいしょう	kế thừa	Kế Thừa
n2_basic_drafts	batch_0441_0450	R_0449	熟年離婚	じゅくねんりこん	ly hôn xám (ly hôn ở tuổi trung niên/cao tuổi)	Thục Niên Li Hôn
n2_basic_drafts	batch_0441_0450	R_0449	連れ添う	つれそう	gắn bó bên nhau, đồng hành suốt đời	Liên Thiêm
n2_basic_drafts	batch_0441_0450	R_0449	定年退職	ていねんたいしょく	nghỉ hưu theo quy định	Định Niên Thối Chức
n2_basic_drafts	batch_0441_0450	R_0449	在職中	ざいしょくちゅう	trong thời gian còn đi làm	Tại Chức Trung
n2_basic_drafts	batch_0441_0450	R_0449	引き金	ひきがね	ngòi nổ, nguyên nhân châm ngòi	Dẫn Kim
n2_basic_drafts	batch_0441_0450	R_0449	不一致	ふいっち	sự không nhất quán, mâu thuẫn	Bất Nhất Trí
n2_basic_drafts	batch_0441_0450	R_0449	妥協	だきょう	nhượng bộ, thỏa hiệp	Thỏa Hiệp
n2_basic_drafts	batch_0441_0450	R_0449	年金分割制度	ねんきんぶんかつせいど	hệ thống chia sẻ tiền lương hưu	Niên Kim Phân Cát Chế Độ
n2_basic_drafts	batch_0441_0450	R_0449	孤立	こりつ	cô lập, biệt lập	Cô Lập
n2_basic_drafts	batch_0441_0450	R_0449	喪失	そうしつ	sự mất mát, mất đi	Tang Thất
n2_basic_drafts	batch_0441_0450	R_0449	波及効果	はきゅうこうか	tác động lan rộng, hiệu ứng lan truyền	Ba Cập Hiệu Quả
n2_basic_drafts	batch_0441_0450	R_0449	踏み切る	ふみきる	quyết tâm thực hiện, bước qua ranh giới	Đạp Thiết
n2_basic_drafts	batch_0441_0450	R_0449	政策的課題	せいさくてきかだい	bài toán chính sách, vấn đề về mặt chính sách	Chánh Sách Đích Khóa Đề
n2_basic_drafts	batch_0441_0450	R_0449	余儀なくされる	よぎなくされる	bị buộc phải, không có lựa chọn nào khác	Dư Nghi
n2_basic_drafts	batch_0441_0450	R_0450	瀬戸内海	せとないかい	biển nội Setouchi (vùng biển kín giữa Honshu, Shikoku, Kyushu)	Lại Hộ Nội Hải
n2_basic_drafts	batch_0441_0450	R_0450	景観保全	けいかんほぜん	bảo tồn cảnh quan	Cảnh Quan Bảo Toàn
n2_basic_drafts	batch_0441_0450	R_0450	沿岸開発	えんがんかいはつ	phát triển ven bờ biển	Duyên Ngạn Khai Phát
n2_basic_drafts	batch_0441_0450	R_0450	埋め立て	うめたて	lấp biển, san lấp mặt bằng	Mai Lập
n2_basic_drafts	batch_0441_0450	R_0450	固有の生物	こゆうのせいぶつ	sinh vật bản địa, sinh vật đặc hữu	Cố Hữu Sanh Vật
n2_basic_drafts	batch_0441_0450	R_0450	累積的影響	るいせきてきえいきょう	ảnh hưởng tích lũy (tác động cộng dồn)	Lũy Tích Đích Ảnh Hưởng
n2_basic_drafts	batch_0441_0450	R_0450	広域的	こういきてき	mang tính toàn vùng, quy mô rộng	Quảng Vực Đích
n2_basic_drafts	batch_0441_0450	R_0450	外来種	がいらいしゅ	loài ngoại lai	Ngoại Lai Chủng
n2_basic_drafts	batch_0441_0450	R_0450	攪乱	かくらん	sự xáo trộn, rối loạn	Giảo Loạn
n2_basic_drafts	batch_0441_0450	R_0450	生物多様性	せいぶつたようせい	đa dạng sinh học	Sanh Vật Đa Dạng Tính
n2_basic_drafts	batch_0441_0450	R_0450	踏み込んだ	ふみこんだ	chặt chẽ hơn, đi sâu hơn (quy định)	Đạp Nhập
n2_basic_drafts	batch_0441_0450	R_0450	統合的	とうごうてき	mang tính tổng hợp, hợp nhất	Thống Hợp Đích
n2_basic_drafts	batch_0451_0460	R_0451	就職活動	しゅうしょくかつどう	hoạt động tìm kiếm việc làm	Tựu Chức Hoạt Động
n2_basic_drafts	batch_0451_0460	R_0451	内定	ないてい	lời mời làm việc chính thức (trước khi tốt nghiệp)	Nội Định
n2_basic_drafts	batch_0451_0460	R_0451	即戦力	そくせんりょく	nhân lực có thể chiến đấu ngay, lực lượng chiến đấu tức thì	Tức Chiến Lực
n2_basic_drafts	batch_0451_0460	R_0451	乖離	かいり	sự cách biệt, khoảng cách (giữa lý tưởng và thực tế)	Quai Li
n2_basic_drafts	batch_0451_0460	R_0451	挫折	ざせつ	thất bại, vấp ngã	Toa Chiết
n2_basic_drafts	batch_0451_0460	R_0451	自己分析	じこぶんせき	phân tích bản thân	Tự Kỉ Phân Tích
n2_basic_drafts	batch_0451_0460	R_0451	圧迫面接	あっぱくめんせつ	phỏng vấn áp lực	Áp Bách Diện Tiếp
n2_basic_drafts	batch_0451_0460	R_0451	ストレス耐性	ストレスたいせい	khả năng chịu đựng căng thẳng	Nại Tính
n2_basic_drafts	batch_0451_0460	R_0451	形骸化	けいがいか	trở nên hình thức, mất thực chất	Hình Hai Hóa
n2_basic_drafts	batch_0451_0460	R_0451	抜本的	ばっぽんてき	triệt để, tận gốc rễ	Bạt Bản Đích
n2_basic_drafts	batch_0451_0460	R_0451	建前	たてまえ	tuyên bố chính thức, nguyên tắc bề ngoài	Kiến Tiền
n2_basic_drafts	batch_0451_0460	R_0451	ガクチカ	ガクチカ	câu hỏi về điều dồn sức nhất thời sinh viên (学生時代に力を入れたこと)	
n2_basic_drafts	batch_0451_0460	R_0452	落書き	らくがき	rakugaki (chữ vẽ bậy), vẽ bậy	Lạc Thư
n2_basic_drafts	batch_0451_0460	R_0452	グラフィティ	グラフィティ	graffiti, nghệ thuật vẽ trên tường	
n2_basic_drafts	batch_0451_0460	R_0452	壁画	へきが	bích họa, tranh vẽ trên tường	Bích Họa
n2_basic_drafts	batch_0451_0460	R_0452	不平等	ふびょうどう	bất bình đẳng	Bất Bình Đẳng
n2_basic_drafts	batch_0451_0460	R_0452	承認	しょうにん	sự công nhận, phê chuẩn	Thừa Nhận
n2_basic_drafts	batch_0451_0460	R_0452	公認	こうにん	được cấp phép chính thức, được công nhận	Công Nhận
n2_basic_drafts	batch_0451_0460	R_0452	観光資源	かんこうしげん	tài nguyên du lịch	Quan Quang Tư Nguyên
n2_basic_drafts	batch_0451_0460	R_0452	地域活性化	ちいきかっせいか	sự phát triển, hoạt hóa địa phương	Địa Vực Hoạt Tính Hóa
n2_basic_drafts	batch_0451_0460	R_0452	緊張関係	きんちょうかんけい	quan hệ căng thẳng	Khẩn Trương Quan Hệ
n2_basic_drafts	batch_0451_0460	R_0452	拡散	かくさん	sự lan truyền, khuếch tán	Khuếch Tán
n2_basic_drafts	batch_0451_0460	R_0452	鑑賞者	かんしょうしゃ	người thưởng thức nghệ thuật	Giám Thưởng Giả
n2_basic_drafts	batch_0451_0460	R_0452	批評的	ひひょうてき	mang tính phê bình	Phê Bình Đích
n2_basic_drafts	batch_0451_0460	R_0452	表現手段	ひょうげんしゅだん	phương tiện biểu đạt	Biểu Hiện Thủ Đoạn
n2_basic_drafts	batch_0451_0460	R_0453	侘び	わび	wabi, vẻ đẹp trong sự giản dị và không hoàn hảo	Sá
n2_basic_drafts	batch_0451_0460	R_0453	儚さ	はかなさ	sự phù du, tính chất mong manh	Mộng
n2_basic_drafts	batch_0451_0460	R_0453	削ぎ落とす	そぎおとす	gạt bỏ, cắt bỏ phần thừa	Tước Lạc
n2_basic_drafts	batch_0451_0460	R_0453	相反する	あいはんする	mâu thuẫn, đối lập nhau	Tương Phản
n2_basic_drafts	batch_0451_0460	R_0453	喪失	そうしつ	sự mất mát, đánh mất	Tang Thất
n2_basic_drafts	batch_0451_0460	R_0453	顧みる	かえりみる	quan tâm nhìn lại, chăm chú đến	Cố
n2_basic_drafts	batch_0451_0460	R_0453	一期一会	いちごいちえ	nhất kỳ nhất hội, cuộc gặp gỡ quý giá chỉ có một lần	Nhất Kì Nhất Hội
n2_basic_drafts	batch_0451_0460	R_0453	千利休	せんのりきゅう	Sen no Rikyu, trà nhân thế kỷ 16, người khai sáng mỹ học wabi trong trà đạo	Thiên Lợi Hưu
n2_basic_drafts	batch_0451_0460	R_0453	質素	しっそ	giản dị, thanh đạm, không xa hoa	Chất Tố
n2_basic_drafts	batch_0451_0460	R_0453	相容れない	あいいれない	không thể tương hợp, không thể dung hòa	Tương Dung
n2_basic_drafts	batch_0451_0460	R_0453	逸話	いつわ	giai thoại, câu chuyện thú vị	Dật Thoại
n2_basic_drafts	batch_0451_0460	R_0453	唯一無二	ゆいいつむに	duy nhất vô nhị, không gì thay thế được	Duy Nhất Vô Nhị
n2_basic_drafts	batch_0451_0460	R_0453	ミニマリスト運動	ミニマリストうんどう	phong trào minimalist, lối sống tối giản	Vận Động
n2_basic_drafts	batch_0451_0460	R_0453	懐古趣味	かいこしゅみ	sở thích hoài cổ, xu hướng nhớ về quá khứ	Hoài Cổ Thú Vị
n2_basic_drafts	batch_0451_0460	R_0453	空虚さ	くうきょさ	sự trống rỗng, sự trống không về tinh thần	Không Hư
n2_basic_drafts	batch_0451_0460	R_0454	没入型	ぼつにゅうがた	kiểu nhập vai, dạng nhúng chìm	Một Nhập Hình
n2_basic_drafts	batch_0451_0460	R_0454	解剖実習	かいぼうじっしゅう	thực hành giải phẫu	Giải Phẫu Thực Tập
n2_basic_drafts	batch_0451_0460	R_0454	代替	だいたい	thay thế	Đại Thế
n2_basic_drafts	batch_0451_0460	R_0454	倫理的	りんりてき	về mặt đạo đức	Luân Lí Đích
n2_basic_drafts	batch_0451_0460	R_0454	試料	しりょう	mẫu vật, vật liệu thí nghiệm	Thí Liêu
n2_basic_drafts	batch_0451_0460	R_0454	物理的制約	ぶつりてきせいやく	hạn chế về mặt thể chất	Vật Lí Đích Chế Ước
n2_basic_drafts	batch_0451_0460	R_0454	孤立感	こりつかん	cảm giác cô lập	Cô Lập Cảm
n2_basic_drafts	batch_0451_0460	R_0454	技術習熟	ぎじゅつしゅうじゅく	sự thành thạo kỹ thuật	Kĩ Thuật Tập Thục
n2_basic_drafts	batch_0451_0460	R_0454	制度的支援	せいどてきしえん	hỗ trợ về mặt thể chế	Chế Độ Đích Chi Viên
n2_basic_drafts	batch_0451_0460	R_0454	意識改革	いしきかいかく	sự thay đổi nhận thức	Ý Thức Cải Cách
n2_basic_drafts	batch_0451_0460	R_0454	ハイブリッド型	ハイブリッドがた	kiểu kết hợp, dạng lai	Hình
n2_basic_drafts	batch_0451_0460	R_0454	維持費	いじひ	chi phí vận hành, chi phí bảo trì	Duy Trì Phí
n2_basic_drafts	batch_0451_0460	R_0455	医薬品	いやくひん	dược phẩm, thuốc men	Y Dược Phẩm
n2_basic_drafts	batch_0451_0460	R_0455	過疎化	かそか	sự suy giảm dân số (ở nông thôn)	Quá Sơ Hóa
n2_basic_drafts	batch_0451_0460	R_0455	処方薬	しょほうやく	thuốc theo toa	Xứ Phương Dược
n2_basic_drafts	batch_0451_0460	R_0455	慢性疾患	まんせいしっかん	bệnh mãn tính	Mạn Tính Tật Hoạn
n2_basic_drafts	batch_0451_0460	R_0455	在宅医療	ざいたくいりょう	chăm sóc y tế tại nhà	Tại Trạch Y Liệu
n2_basic_drafts	batch_0451_0460	R_0455	薬剤師	やくざいし	dược sĩ	Dược Tễ Sư
n2_basic_drafts	batch_0451_0460	R_0455	医療過疎	いりょうかそ	sự thiếu thốn dịch vụ y tế ở vùng nông thôn / vùng nghèo y tế	Y Liệu Quá Sơ
n2_basic_drafts	batch_0451_0460	R_0455	脆弱性	ぜいじゃくせい	sự yếu kém, tính dễ tổn thương	Thúy Nhược Tính
n2_basic_drafts	batch_0451_0460	R_0455	拍車をかける	はくしゃをかける	thúc đẩy thêm, làm trầm trọng hơn	Phách Xa
n2_basic_drafts	batch_0451_0460	R_0455	インセンティブ	インセンティブ	động lực khuyến khích	
n2_basic_drafts	batch_0451_0460	R_0455	三位一体	さんみいったい	ba trong một, ba bên cùng hợp lực	Tam Vị Nhất Thể
n2_basic_drafts	batch_0451_0460	R_0455	実効性	じっこうせい	tính hiệu quả thực chất	Thực Hiệu Tính
n2_basic_drafts	batch_0451_0460	R_0455	容認	ようにん	chấp nhận, dung thứ	Dung Nhận
n2_basic_drafts	batch_0451_0460	R_0456	年功序列	ねんこうじょれつ	thâm niên (chế độ tăng lương/thăng chức theo thâm niên)	Niên Công Tự Liệt
n2_basic_drafts	batch_0451_0460	R_0456	年俸制	ねんぽうせい	chế độ lương năm	Niên Bổng Chế
n2_basic_drafts	batch_0451_0460	R_0456	成果主義	せいかしゅぎ	chủ nghĩa thành quả, đánh giá theo kết quả	Thành Quả Chủ Nghĩa
n2_basic_drafts	batch_0451_0460	R_0456	雇用慣行	こようかんこう	thông lệ tuyển dụng	Cố Dụng Quán Hành
n2_basic_drafts	batch_0451_0460	R_0456	公正性	こうせいせい	tính công bằng	Công Chánh Tính
n2_basic_drafts	batch_0451_0460	R_0456	透明性	とうめいせい	tính minh bạch	Thấu Minh Tính
n2_basic_drafts	batch_0451_0460	R_0456	協調文化	きょうちょうぶんか	văn hóa hợp tác	Hiệp Điều Văn Hóa
n2_basic_drafts	batch_0451_0460	R_0456	労使双方	ろうしそうほう	cả hai phía người lao động và người sử dụng lao động	Lao Sử Song Phương
n2_basic_drafts	batch_0451_0460	R_0456	説明責任	せつめいせきにん	trách nhiệm giải trình	Thuyết Minh Trách Nhâm
n2_basic_drafts	batch_0451_0460	R_0456	固定費	こていひ	chi phí cố định	Cố Định Phí
n2_basic_drafts	batch_0451_0460	R_0456	二項対立	にこうたいりつ	nhị phân, đối lập hai chiều	Nhị Hạng Đối Lập
n2_basic_drafts	batch_0451_0460	R_0456	再編	さいへん	tái cơ cấu, tổ chức lại	Tái Biên
n2_basic_drafts	batch_0451_0460	R_0457	義務教育	ぎむきょういく	giáo dục bắt buộc	Nghĩa Vụ Giáo Dục
n2_basic_drafts	batch_0451_0460	R_0457	語感	ごかん	cảm ngữ, cảm giác về ngôn ngữ	Ngữ Cảm
n2_basic_drafts	batch_0451_0460	R_0457	教育格差	きょういくかくさ	chênh lệch giáo dục	Giáo Dục Cách Soa
n2_basic_drafts	batch_0451_0460	R_0457	教員養成	きょういんようせい	đào tạo giáo viên	Giáo Viên Dưỡng Thành
n2_basic_drafts	batch_0451_0460	R_0457	ばらつき	ばらつき	sự chênh lệch, không đồng đều	
n2_basic_drafts	batch_0451_0460	R_0457	急務	きゅうむ	nhiệm vụ cấp bách	Cấp Vụ
n2_basic_drafts	batch_0451_0460	R_0457	格差解消	かくさかいしょう	thu hẹp khoảng cách, xóa bỏ chênh lệch	Cách Soa Giải Tiêu
n2_basic_drafts	batch_0451_0460	R_0457	言語政策	げんごせいさく	chính sách ngôn ngữ	Ngôn Ngữ Chánh Sách
n2_basic_drafts	batch_0451_0460	R_0457	公平性	こうへいせい	tính công bằng	Công Bình Tính
n2_basic_drafts	batch_0451_0460	R_0457	包括的	ほうかつてき	toàn diện, bao quát	Bao Quát Đích
n2_basic_drafts	batch_0451_0460	R_0457	根強い	ねづよい	dai dẳng, bám rễ sâu	Căn Cường
n2_basic_drafts	batch_0451_0460	R_0457	見直し	みなおし	xem xét lại, đánh giá lại	Kiến Trực
n2_basic_drafts	batch_0451_0460	R_0458	関税	かんぜい	thuế quan	Quan Thuế
n2_basic_drafts	batch_0451_0460	R_0458	撤廃	てっぱい	xóa bỏ, bãi bỏ	Triệt Phế
n2_basic_drafts	batch_0451_0460	R_0458	市場開放	しじょうかいほう	mở cửa thị trường	Thị Tràng Khai Phóng
n2_basic_drafts	batch_0451_0460	R_0458	拭う	ぬぐう	xóa bỏ, lau đi (lo ngại)	Thức
n2_basic_drafts	batch_0451_0460	R_0458	再分配	さいぶんぱい	tái phân phối	Tái Phân Phối
n2_basic_drafts	batch_0451_0460	R_0458	知的財産権	ちてきざいさんけん	quyền sở hữu trí tuệ	Tri Đích Tài Sản Quyền
n2_basic_drafts	batch_0451_0460	R_0458	主権	しゅけん	chủ quyền	Chủ Quyền
n2_basic_drafts	batch_0451_0460	R_0458	格差拡大	かくさかくだい	gia tăng bất bình đẳng	Cách Soa Khuếch Đại
n2_basic_drafts	batch_0451_0460	R_0458	識者	しきしゃ	học giả, người có tri thức	Thức Giả
n2_basic_drafts	batch_0451_0460	R_0458	セーフティネット	セーフティネット	mạng lưới an toàn xã hội	
n2_basic_drafts	batch_0451_0460	R_0458	相互依存	そうごいぞん	sự phụ thuộc lẫn nhau	Tương Hỗ Y Tồn
n2_basic_drafts	batch_0451_0460	R_0458	二項対立	にこうたいりつ	đối lập nhị phân	Nhị Hạng Đối Lập
n2_basic_drafts	batch_0451_0460	R_0458	多国籍企業	たこくせききぎょう	tập đoàn đa quốc gia	Đa Quốc Tịch Xí Nghiệp
n2_basic_drafts	batch_0451_0460	R_0459	常用漢字	じょうようかんじ	chữ Hán thông dụng (danh sách chính thức do nhà nước quy định)	Thường Dụng Hán Tự
n2_basic_drafts	batch_0451_0460	R_0459	文部科学省	もんぶかがくしょう	Bộ Giáo dục, Văn hóa, Thể thao, Khoa học và Công nghệ Nhật Bản	Văn Bộ Khoa Học Tỉnh
n2_basic_drafts	batch_0451_0460	R_0459	書き取り	かきとり	bài viết chính tả, luyện viết chữ	Thư Thủ
n2_basic_drafts	batch_0451_0460	R_0459	当用漢字	とうようかんじ	chữ Hán thông dụng tạm thời (danh sách cũ trước 1981)	Đương Dụng Hán Tự
n2_basic_drafts	batch_0451_0460	R_0459	デジタル化	デジタルか	số hóa, quá trình chuyển sang kỹ thuật số	Hóa
n2_basic_drafts	batch_0451_0460	R_0459	完璧主義	かんぺきしゅぎ	chủ nghĩa hoàn hảo	Hoàn Bích Chủ Nghĩa
n2_basic_drafts	batch_0451_0460	R_0459	学習意欲	がくしゅういよく	hứng thú, động lực học tập	Học Tập Ý Dục
n2_basic_drafts	batch_0451_0460	R_0459	成り立ち	なりたち	nguồn gốc hình thành, cấu tạo	Thành Lập
n2_basic_drafts	batch_0451_0460	R_0459	克服する	こくふくする	khắc phục, vượt qua	Khắc Phục
n2_basic_drafts	batch_0451_0460	R_0459	苦手意識	にがていしき	cảm giác kém cỏi, ý thức về điểm yếu	Khổ Thủ Ý Thức
n2_basic_drafts	batch_0451_0460	R_0459	手放す	てばなす	buông bỏ, từ bỏ	Thủ Phóng
n2_basic_drafts	batch_0451_0460	R_0459	顕著	けんちょ	nổi bật, rõ rệt	Hiển Trứ
n2_basic_drafts	batch_0451_0460	R_0460	狩猟社会	しゅりょうしゃかい	xã hội săn bắt hái lượm	Thú Liệp Xã Hội
n2_basic_drafts	batch_0451_0460	R_0460	融合	ゆうごう	tích hợp, hợp nhất	Dung Hợp
n2_basic_drafts	batch_0451_0460	R_0460	実装	じっそう	triển khai, cài đặt thực tế	Thực Trang
n2_basic_drafts	batch_0451_0460	R_0460	最適化	さいてきか	tối ưu hóa	Tối Thích Hóa
n2_basic_drafts	batch_0451_0460	R_0460	画像診断	がぞうしんだん	chẩn đoán hình ảnh	Họa Tượng Chẩn Đoạn
n2_basic_drafts	batch_0451_0460	R_0460	初期病変	しょきびょうへん	tổn thương giai đoạn đầu	Sơ Kì Bệnh Biến
n2_basic_drafts	batch_0451_0460	R_0460	法制度改革	ほうせいどかいかく	cải cách khung pháp lý, cải cách chế độ luật pháp	Pháp Chế Độ Cải Cách
n2_basic_drafts	batch_0451_0460	R_0460	デジタル格差	デジタルかくさ	khoảng cách số, bất bình đẳng kỹ thuật số	Cách Soa
n2_basic_drafts	batch_0451_0460	R_0460	顕在化	けんざいか	nổi rõ, trở nên hiển thị	Hiển Tại Hóa
n2_basic_drafts	batch_0451_0460	R_0460	温床	おんしょう	mầm mống, môi trường sinh sôi (của vấn đề tiêu cực)	Ôn Sàng
n2_basic_drafts	batch_0451_0460	R_0460	ガバナンス	ガバナンス	quản trị (governance)	
n2_basic_drafts	batch_0451_0460	R_0460	技術立国	ぎじゅつりっこく	quốc gia công nghệ, nước dựa trên nền tảng kỹ thuật	Kĩ Thuật Lập Quốc
n2_advanced_drafts	batch_0461_0470	R_0461	象徴	しょうちょう	biểu tượng	Tượng Trưng
n2_advanced_drafts	batch_0461_0470	R_0461	即座に	そくざに	ngay lập tức	Tức Tọa
n2_advanced_drafts	batch_0461_0470	R_0461	無意識	むいしき	vô thức	Vô Ý Thức
n2_advanced_drafts	batch_0461_0470	R_0461	精神分析	せいしんぶんせき	phân tâm học	Tinh Thần Phân Tích
n2_advanced_drafts	batch_0461_0470	R_0461	特筆すべき	とくひつすべき	đáng được đặc biệt ghi chú, nổi bật đáng chú ý	Đặc Bút
n2_advanced_drafts	batch_0461_0470	R_0461	幻想	げんそう	ảo giác, huyễn tưởng	Huyễn Tưởng
n2_advanced_drafts	batch_0461_0470	R_0461	内省	ないせい	tự chiêm nghiệm, tự soi xét nội tâm	Nội Tỉnh
n2_advanced_drafts	batch_0461_0470	R_0461	擬人法	ぎじんほう	phép nhân hóa (kỹ thuật văn học)	Nghĩ Nhân Pháp
n2_advanced_drafts	batch_0461_0470	R_0461	投影する	とうえいする	chiếu rọi, phóng chiếu (cảm xúc lên thứ khác)	Đầu Ảnh
n2_advanced_drafts	batch_0461_0470	R_0461	有機的	ゆうきてき	hữu cơ, gắn kết nội tại với nhau	Hữu Ki Đích
n2_advanced_drafts	batch_0461_0470	R_0461	重層的	じゅうそうてき	nhiều tầng lớp, đa tầng	Trọng Tằng Đích
n2_advanced_drafts	batch_0461_0470	R_0461	喪失	そうしつ	mất mát, sự đánh mất	Tang Thất
n2_advanced_drafts	batch_0461_0470	R_0462	擬人法	ぎじんほう	phép nhân hoá (修辞技法)	Nghĩ Nhân Pháp
n2_advanced_drafts	batch_0461_0470	R_0462	眩しい	まぶしい	chói sáng, rực rỡ	Mãn
n2_advanced_drafts	batch_0461_0470	R_0462	そびやかす	そびやかす	vươn cao, nhô lên kiêu ngạo	
n2_advanced_drafts	batch_0461_0470	R_0462	路地裏	ろじうら	ngõ hẻm sau lưng phố	Lộ Địa Lí
n2_advanced_drafts	batch_0461_0470	R_0462	賑やか	にぎやか	nhộn nhịp, sôi động	Tấn
n2_advanced_drafts	batch_0461_0470	R_0462	アスファルト	アスファルト	nhựa đường, asphalt	
n2_advanced_drafts	batch_0461_0470	R_0462	苛立ち	いらだち	sự bực bội, khó chịu	Hà Lập
n2_advanced_drafts	batch_0461_0470	R_0462	クラクション	クラクション	còi xe	
n2_advanced_drafts	batch_0461_0470	R_0462	脈打つ	みゃくうつ	đập mạch, nhịp đập (như tim)	Mạch Đả
n2_advanced_drafts	batch_0461_0470	R_0462	廃墟	はいきょ	đống đổ nát, phế tích	Phế Khư
n2_advanced_drafts	batch_0461_0470	R_0462	栄光	えいこう	vinh quang, vẻ vang	Vinh Quang
n2_advanced_drafts	batch_0461_0470	R_0462	スクランブル交差点	スクランブルこうさてん	ngã tư Scramble (người qua theo mọi hướng)	Giao Soa Điểm
n2_advanced_drafts	batch_0461_0470	R_0462	霧雨	きりさめ	mưa bụi, mưa phùn	Vụ Vũ
n2_advanced_drafts	batch_0461_0470	R_0462	輪郭	りんかく	đường nét, hình dạng bên ngoài	Luân Quách
n2_advanced_drafts	batch_0461_0470	R_0463	語源	ごげん	nguồn gốc từ ngữ, từ nguyên	Ngữ Nguyên
n2_advanced_drafts	batch_0461_0470	R_0463	愛護	あいご	bảo vệ, che chở, yêu thương bảo dưỡng	Ái Hộ
n2_advanced_drafts	batch_0461_0470	R_0463	動物行動学	どうぶつこうどうがく	tập tính học động vật, ethology	Động Vật Hành Động Học
n2_advanced_drafts	batch_0461_0470	R_0463	幼体	ようたい	con non, cá thể non	Ấu Thể
n2_advanced_drafts	batch_0461_0470	R_0463	衝動	しょうどう	thôi thúc, xung động	Xung Động
n2_advanced_drafts	batch_0461_0470	R_0463	重圧	じゅうあつ	áp lực nặng nề	Trọng Áp
n2_advanced_drafts	batch_0461_0470	R_0463	潜在的	せんざいてき	tiềm ẩn, tiềm tàng	Tiềm Tại Đích
n2_advanced_drafts	batch_0461_0470	R_0463	防衛機制	ぼうえいきせい	cơ chế phòng vệ (tâm lý học)	Phòng Vệ Ki Chế
n2_advanced_drafts	batch_0461_0470	R_0463	攻撃性	こうげきせい	tính hung hăng, hung tính	Công Kích Tính
n2_advanced_drafts	batch_0461_0470	R_0463	軋轢	あつれき	xung đột, ma sát, bất hoà	Nghát Lịch
n2_advanced_drafts	batch_0461_0470	R_0463	脆弱性	ぜいじゃくせい	tính dễ tổn thương, sự mong manh	Thúy Nhược Tính
n2_advanced_drafts	batch_0461_0470	R_0463	エスケーピズム	エスケーピズム	escapism, trốn thoát thực tại	
n2_advanced_drafts	batch_0461_0470	R_0463	過剰	かじょう	quá mức, thái quá	Quá Thặng
n2_advanced_drafts	batch_0461_0470	R_0464	拠り所	よりどころ	chỗ dựa, nơi nương tựa	Cứ Sở
n2_advanced_drafts	batch_0461_0470	R_0464	崇める	あがめる	tôn sùng, kính ngưỡng	Sùng
n2_advanced_drafts	batch_0461_0470	R_0464	畏敬	いけい	sự kính sợ, lòng tôn kính	Úy Kính
n2_advanced_drafts	batch_0461_0470	R_0464	富嶽三十六景	ふがくさんじゅうろっけい	Ba mươi sáu cảnh núi Phú Sĩ (tác phẩm của Hokusai)	Phú Nhạc Tam Thập Lục Cảnh
n2_advanced_drafts	batch_0461_0470	R_0464	泰然	たいぜん	điềm nhiên, bình thản	Thái Nhiên
n2_advanced_drafts	batch_0461_0470	R_0464	儚さ	はかなさ	sự phù du, tính mong manh	Mộng
n2_advanced_drafts	batch_0461_0470	R_0464	敬慕	けいぼ	lòng kính yêu, sự ngưỡng mộ tôn kính	Kính Mộ
n2_advanced_drafts	batch_0461_0470	R_0464	霊峰	れいほう	linh sơn, ngọn núi thiêng	Linh Phong
n2_advanced_drafts	batch_0461_0470	R_0464	修験道	しゅげんどう	Shugendo (tu hành trong núi)	Tu Nghiệm Đạo
n2_advanced_drafts	batch_0461_0470	R_0464	富士講	ふじこう	Fujiko (tín ngưỡng thờ núi Phú Sĩ)	Phú Sĩ Giảng
n2_advanced_drafts	batch_0461_0470	R_0464	希薄	きはく	loãng nhạt, mờ nhạt	Hi Bạc
n2_advanced_drafts	batch_0461_0470	R_0464	入山規制	にゅうざんきせい	quy định hạn chế vào núi	Nhập San Quy Chế
n2_advanced_drafts	batch_0461_0470	R_0464	営み	いとなみ	hoạt động, sinh hoạt	Doanh
n2_advanced_drafts	batch_0461_0470	R_0464	普遍的	ふへんてき	mang tính phổ quát, toàn cầu	Phổ Biến Đích
n2_advanced_drafts	batch_0461_0470	R_0465	幽霊	ゆうれい	ma, hồn ma (yuurei — ma người chết mang oán hận, khác ghost phương Tây)	U Linh
n2_advanced_drafts	batch_0461_0470	R_0465	恨み	うらみ	oán hận, oán thù (cảm xúc tiêu cực còn đọng lại sau khi chết)	Hận
n2_advanced_drafts	batch_0461_0470	R_0465	死生観	しせいかん	quan niệm về sinh tử, cách nhìn về sự sống và cái chết	Tử Sanh Quan
n2_advanced_drafts	batch_0461_0470	R_0465	浮かばれない	うかばれない	không siêu thoát được, không thể thành Phật (hồn ma bị trói buộc)	Phù
n2_advanced_drafts	batch_0461_0470	R_0465	百物語怪談会	ひゃくものがたりかいだんかい	Hội kể chuyện ma Trăm Câu (nghi lễ kể 100 chuyện kinh dị thời Edo)	Bách Vật Ngữ Quái Đàm Hội
n2_advanced_drafts	batch_0461_0470	R_0465	怨念	おんねん	oán niệm, mối hận thù dai dẳng (mạnh hơn 恨み, mang tính siêu nhiên)	Oán Niệm
n2_advanced_drafts	batch_0461_0470	R_0465	穢れ	けがれ	ô uế, nhơ bẩn (khái niệm Thần đạo — không gian mất đi sự thanh khiết)	Uế
n2_advanced_drafts	batch_0461_0470	R_0465	依り代	よりしろ	vật/nơi linh hồn nương náu, chỗ trú ngụ của linh hồn	Y Đại
n2_advanced_drafts	batch_0461_0470	R_0465	成仏	じょうぶつ	thành Phật, siêu thoát (linh hồn được giải thoát khỏi thế giới này)	Thành Phật
n2_advanced_drafts	batch_0461_0470	R_0465	アーキタイプ	アーキタイプ	nguyên mẫu, archetype (mẫu nhân vật/biểu tượng cơ bản của văn hoá)	
n2_advanced_drafts	batch_0461_0470	R_0465	哀惜	あいせき	niềm thương tiếc, sự xót xa (cảm xúc đồng cảm với người bất hạnh)	Ai Tích
n2_advanced_drafts	batch_0461_0470	R_0465	怪異	かいい	điều kỳ dị, hiện tượng quái dị siêu nhiên	Quái Dị
n2_advanced_drafts	batch_0461_0470	R_0466	甘え	あまえ	amae - tâm lý nương tựa, muốn được chiều chuộng	Cam
n2_advanced_drafts	batch_0461_0470	R_0466	原型	げんけい	nguyên mẫu, hình mẫu gốc	Nguyên Hình
n2_advanced_drafts	batch_0461_0470	R_0466	退行	たいこう	thoái lui, quay lại trạng thái cũ (thuật ngữ tâm lý)	Thối Hành
n2_advanced_drafts	batch_0461_0470	R_0466	潤滑油	じゅんかつゆ	chất bôi trơn (nghĩa bóng: yếu tố giúp quan hệ suôn sẻ)	Nhuận Hoạt Du
n2_advanced_drafts	batch_0461_0470	R_0466	孕む	はらむ	tiềm ẩn, mang trong mình	Dựng
n2_advanced_drafts	batch_0461_0470	R_0466	土壌	どじょう	nền tảng, mảnh đất (nghĩa bóng: môi trường văn hóa)	Thổ Nhưỡng
n2_advanced_drafts	batch_0461_0470	R_0466	自律	じりつ	tự chủ, tự điều chỉnh bản thân	Tự Luật
n2_advanced_drafts	batch_0461_0470	R_0466	照射	しょうしゃ	soi chiếu, chiếu sáng	Chiếu Xạ
n2_advanced_drafts	batch_0461_0470	R_0466	転移	てんい	chuyển di (thuật ngữ tâm lý học - transference)	Chuyển Di
n2_advanced_drafts	batch_0461_0470	R_0466	脆弱性	ぜいじゃくせい	sự dễ tổn thương, tính dễ vỡ	Thúy Nhược Tính
n2_advanced_drafts	batch_0461_0470	R_0466	逸脱	いつだつ	sự lạc lõng, lệch khỏi chuẩn mực	Dật Thoát
n2_advanced_drafts	batch_0461_0470	R_0466	洞察	どうさつ	sự thấu hiểu sâu sắc, cái nhìn sâu sắc	Động Sát
n2_advanced_drafts	batch_0461_0470	R_0467	無常	むじょう	vô thường, sự không trường tồn	Vô Thường
n2_advanced_drafts	batch_0461_0470	R_0467	もののあわれ	もののあわれ	mono no aware, cảm xúc trước vẻ đẹp phù du	
n2_advanced_drafts	batch_0461_0470	R_0467	本居宣長	もとおりのりなが	Motoori Norinaga (học giả Nhật thế kỷ 18)	Bản Cư Tuyên Trường
n2_advanced_drafts	batch_0461_0470	R_0467	はかない	はかない	phù du, mong manh, thoáng qua	
n2_advanced_drafts	batch_0461_0470	R_0467	余白	よはく	khoảng trắng, không gian trống	Dư Bạch
n2_advanced_drafts	batch_0461_0470	R_0467	削ぎ落とす	そぎおとす	gọt bỏ, loại bỏ phần thừa	Tước Lạc
n2_advanced_drafts	batch_0461_0470	R_0467	切れ	きれ	kire, đứt gãy có chủ ý trong haiku	Thiết
n2_advanced_drafts	batch_0461_0470	R_0467	切れ字	きれじ	kire-ji, từ tạo đứt gãy (や, かな, けり...)	Thiết Tự
n2_advanced_drafts	batch_0461_0470	R_0467	感受性	かんじゅせい	cảm thụ lực, sự nhạy cảm	Cảm Thụ Tính
n2_advanced_drafts	batch_0461_0470	R_0467	音節	おんせつ	âm tiết	Âm Tiết
n2_advanced_drafts	batch_0461_0470	R_0467	省略	しょうりゃく	sự lược bỏ, rút gọn	Tỉnh Lược
n2_advanced_drafts	batch_0461_0470	R_0467	共鳴	きょうめい	cộng hưởng, đồng cảm	Cộng Minh
n2_advanced_drafts	batch_0461_0470	R_0468	本音	ほんね	tiếng lòng thật sự, ý kiến thật	Bản Âm
n2_advanced_drafts	batch_0461_0470	R_0468	建前	たてまえ	thái độ/lập trường chính thức bên ngoài	Kiến Tiền
n2_advanced_drafts	batch_0461_0470	R_0468	二層構造	にそうこうぞう	cấu trúc hai tầng	Nhị Tằng Cấu Tạo
n2_advanced_drafts	batch_0461_0470	R_0468	集団の調和	しゅうだんのちょうわ	sự hòa hợp của tập thể	Tập Đoàn Điều Hòa
n2_advanced_drafts	batch_0461_0470	R_0468	暗黙の断り	あんもくのことわり	sự từ chối ngầm, từ chối không nói thẳng	Ám Mặc Đoạn
n2_advanced_drafts	batch_0461_0470	R_0468	曖昧表現	あいまいひょうげん	cách diễn đạt mơ hồ, biểu đạt không rõ ràng	Ái Muội Biểu Hiện
n2_advanced_drafts	batch_0461_0470	R_0468	社会的装置	しゃかいてきそうち	công cụ/cơ chế xã hội	Xã Hội Đích Trang Trí
n2_advanced_drafts	batch_0461_0470	R_0468	意思疎通	いしそつう	sự truyền đạt ý kiến, giao tiếp nội bộ	Ý Tư Sơ Thông
n2_advanced_drafts	batch_0461_0470	R_0468	相補的	そうほてき	bổ trợ lẫn nhau, bổ sung cho nhau	Tương Bổ Đích
n2_advanced_drafts	batch_0461_0470	R_0468	異文化間	いぶんかかん	giữa các nền văn hóa khác nhau	Dị Văn Hóa Gian
n2_advanced_drafts	batch_0461_0470	R_0468	文化的コード	ぶんかてきコード	mã văn hóa, quy tắc ngầm của văn hóa	Văn Hóa Đích
n2_advanced_drafts	batch_0461_0470	R_0468	二項対立	にこうたいりつ	cặp đối lập nhị phân	Nhị Hạng Đối Lập
n2_advanced_drafts	batch_0461_0470	R_0468	慮る	おもんぱかる	quan tâm, nghĩ đến cảm xúc người khác	Lự
n2_advanced_drafts	batch_0461_0470	R_0469	草稿	そうこう	bản thảo	Thảo Cảo
n2_advanced_drafts	batch_0461_0470	R_0469	文体	ぶんたい	văn phong, phong cách viết	Văn Thể
n2_advanced_drafts	batch_0461_0470	R_0469	詠む	よむ	ngâm thơ, sáng tác thơ	Vịnh
n2_advanced_drafts	batch_0461_0470	R_0469	余白	よはく	khoảng trống (trong nghệ thuật, văn chương)	Dư Bạch
n2_advanced_drafts	batch_0461_0470	R_0469	美学	びがく	mỹ học	Mĩ Học
n2_advanced_drafts	batch_0461_0470	R_0469	統計的	とうけいてき	mang tính thống kê	Thống Kế Đích
n2_advanced_drafts	batch_0461_0470	R_0469	感性	かんせい	cảm thụ, cảm quan nghệ thuật	Cảm Tính
n2_advanced_drafts	batch_0461_0470	R_0469	共鳴	きょうめい	sự cộng hưởng, đồng cảm	Cộng Minh
n2_advanced_drafts	batch_0461_0470	R_0469	不可逆的	ふかぎゃくてき	không thể đảo ngược	Bất Khả Nghịch Đích
n2_advanced_drafts	batch_0461_0470	R_0469	生得的	せいとくてき	bẩm sinh, thiên bẩm	Sanh Đắc Đích
n2_advanced_drafts	batch_0461_0470	R_0469	波及	はきゅう	lan rộng, ảnh hưởng lan tỏa	Ba Cập
n2_advanced_drafts	batch_0461_0470	R_0469	契機	けいき	cơ hội, duyên cớ	Khế Ki
n2_advanced_drafts	batch_0461_0470	R_0469	模倣	もほう	sự bắt chước, mô phỏng	Mô Phỏng
n2_advanced_drafts	batch_0461_0470	R_0469	源泉	げんせん	nguồn gốc, căn nguyên	Nguyên Tuyền
n2_advanced_drafts	batch_0461_0470	R_0470	才能教育	さいのうきょういく	tài năng giáo dục (phong trào giáo dục của Suzuki)	Tài Năng Giáo Dục
n2_advanced_drafts	batch_0461_0470	R_0470	母語教授法	ぼごきょうじゅほう	phương pháp dạy học theo tiếng mẹ đẻ	Mẫu Ngữ Giáo Thụ Pháp
n2_advanced_drafts	batch_0461_0470	R_0470	可塑性	かそせい	tính dẻo dai, khả năng thay đổi (của não bộ)	Khả Tố Tính
n2_advanced_drafts	batch_0461_0470	R_0470	反復練習	はんぷくれんしゅう	luyện tập lặp đi lặp lại	Phản Phục Luyện Tập
n2_advanced_drafts	batch_0461_0470	R_0470	感受性	かんじゅせい	sự cảm thụ, độ nhạy cảm	Cảm Thụ Tính
n2_advanced_drafts	batch_0461_0470	R_0470	楽譜	がくふ	bản nhạc, tổng phổ	Lạc Phổ
n2_advanced_drafts	batch_0461_0470	R_0470	関与	かんよ	sự tham gia, dính líu	Quan Dữ
n2_advanced_drafts	batch_0461_0470	R_0470	自律性	じりつせい	tính tự lập, tự chủ	Tự Luật Tính
n2_advanced_drafts	batch_0461_0470	R_0470	人格形成	じんかくけいせい	sự hình thành nhân cách	Nhân Cách Hình Thành
n2_advanced_drafts	batch_0461_0470	R_0470	逆転の発想	ぎゃくてんのはっそう	tư duy đảo ngược, ý tưởng lật ngược	Nghịch Chuyển Phát Tưởng
n2_advanced_drafts	batch_0461_0470	R_0470	特筆すべき	とくひつすべき	đáng chú ý, đáng ghi nhận	Đặc Bút
n2_advanced_drafts	batch_0461_0470	R_0470	科学的裏付け	かがくてきうらづけ	cơ sở khoa học, chứng minh bằng khoa học	Khoa Học Đích Lí Phó
n2_advanced_drafts	batch_0471_0480	R_0471	終身雇用	しゅうしんこよう	tuyển dụng suốt đời	Chung Thân Cố Dụng
n2_advanced_drafts	batch_0471_0480	R_0471	崩壊	ほうかい	sự sụp đổ, tan vỡ	Băng Hoại
n2_advanced_drafts	batch_0471_0480	R_0471	根幹	こんかん	nền tảng, cốt lõi	Căn Cán
n2_advanced_drafts	batch_0471_0480	R_0471	リストラ	リストラ	tái cơ cấu, sa thải nhân viên	
n2_advanced_drafts	batch_0471_0480	R_0471	経団連	けいだんれん	Liên đoàn kinh doanh Nhật Bản (Keidanren)	Kinh Đoàn Liên
n2_advanced_drafts	batch_0471_0480	R_0471	流動化	りゅうどうか	sự linh hoạt hóa, lưu động hóa	Lưu Động Hóa
n2_advanced_drafts	batch_0471_0480	R_0471	即戦力	そくせんりょく	nhân lực có thể làm việc ngay	Tức Chiến Lực
n2_advanced_drafts	batch_0471_0480	R_0471	新卒一括採用	しんそついっかつさいよう	tuyển dụng hàng loạt sinh viên mới ra trường	Tân Tốt Nhất Quát Thải Dụng
n2_advanced_drafts	batch_0471_0480	R_0471	年功序列	ねんこうじょれつ	chế độ đề bạt theo thâm niên	Niên Công Tự Liệt
n2_advanced_drafts	batch_0471_0480	R_0471	成果主義	せいかしゅぎ	chủ nghĩa thành tích, đánh giá theo kết quả	Thành Quả Chủ Nghĩa
n2_advanced_drafts	batch_0471_0480	R_0471	ジョブ型雇用	ジョブがたこよう	tuyển dụng theo kiểu công việc (job-based employment)	Hình Cố Dụng
n2_advanced_drafts	batch_0471_0480	R_0471	活力	かつりょく	sức sống, sinh lực	Hoạt Lực
n2_advanced_drafts	batch_0471_0480	R_0471	急務	きゅうむ	vấn đề cấp bách	Cấp Vụ
n2_advanced_drafts	batch_0471_0480	R_0471	相互依存	そうごいぞん	sự phụ thuộc lẫn nhau	Tương Hỗ Y Tồn
n2_advanced_drafts	batch_0471_0480	R_0471	帰属意識	きぞくいしき	ý thức quy thuộc, cảm giác thuộc về	Quy Chúc Ý Thức
n2_advanced_drafts	batch_0471_0480	R_0472	鎖国	さこく	Sakoku, chính sách bế quan tỏa cảng	Tỏa Quốc
n2_advanced_drafts	batch_0471_0480	R_0472	布教	ふきょう	truyền bá tôn giáo	Bố Giáo
n2_advanced_drafts	batch_0471_0480	R_0472	出島	でじま	Dejima, hòn đảo nhân tạo ở Nagasaki	Xuất Đảo
n2_advanced_drafts	batch_0471_0480	R_0472	参府	さんぷ	lên Edo yết kiến Tướng quân	Tham Phủ
n2_advanced_drafts	batch_0471_0480	R_0472	オランダ風説書	オランダふうせつがき	báo cáo phong trào Hà Lan gửi cho Mạc phủ	Phong Thuyết Thư
n2_advanced_drafts	batch_0471_0480	R_0472	蘭学	らんがく	Rangaku, học thuật phương Tây qua tiếng Hà Lan	Lan Học
n2_advanced_drafts	batch_0471_0480	R_0472	幕藩体制	ばくはんたいせい	hệ thống Mạc-phiên, cơ cấu Mạc phủ và các phiên	Mạc Phiên Thể Chế
n2_advanced_drafts	batch_0471_0480	R_0472	浮世絵	うきよえ	ukiyo-e, tranh mộc bản Nhật Bản	Phù Thế Hội
n2_advanced_drafts	batch_0471_0480	R_0472	俳諧	はいかい	haikai, thơ hài hước Nhật Bản tiền thân haiku	Bài Hãi
n2_advanced_drafts	batch_0471_0480	R_0472	矮小化	わいしょうか	thu nhỏ, đánh giá thấp hơn thực chất	Nụy Tiểu Hóa
n2_advanced_drafts	batch_0471_0480	R_0472	後進性	こうしんせい	tính lạc hậu, chậm phát triển	Hậu Tiến Tính
n2_advanced_drafts	batch_0471_0480	R_0472	素地	そじ	nền tảng, cơ sở ban đầu	Tố Địa
n2_advanced_drafts	batch_0471_0480	R_0473	独創的	どくそうてき	độc đáo, sáng tạo	Độc Sang Đích
n2_advanced_drafts	batch_0471_0480	R_0473	緻密	ちみつ	tỉ mỉ, tinh tế, chặt chẽ	Trí Mật
n2_advanced_drafts	batch_0471_0480	R_0473	構図	こうず	cấu đồ, bố cục hình ảnh	Cấu Đồ
n2_advanced_drafts	batch_0471_0480	R_0473	集団劇	しゅうだんげき	kịch tập thể	Tập Đoàn Kịch
n2_advanced_drafts	batch_0471_0480	R_0473	傑作	けっさく	kiệt tác	Kiệt Tác
n2_advanced_drafts	batch_0471_0480	R_0473	多視点構造	たしてんこうぞう	cấu trúc đa góc nhìn	Đa Thị Điểm Cấu Tạo
n2_advanced_drafts	batch_0471_0480	R_0473	主観性	しゅかんせい	tính chủ quan	Chủ Quan Tính
n2_advanced_drafts	batch_0471_0480	R_0473	不可分	ふかぶん	không thể tách rời	Bất Khả Phân
n2_advanced_drafts	batch_0471_0480	R_0473	稀有	けう	hiếm có	Hi Hữu
n2_advanced_drafts	batch_0471_0480	R_0473	葛藤	かっとう	xung đột nội tâm, mâu thuẫn	Cát Đằng
n2_advanced_drafts	batch_0471_0480	R_0473	計り知れない	はかりしれない	khôn lường, không thể đo đếm	Kế Tri
n2_advanced_drafts	batch_0471_0480	R_0473	師と仰ぐ	しとあおぐ	tôn làm thầy, ngưỡng mộ như người thầy	Sư Ngưỡng
n2_advanced_drafts	batch_0471_0480	R_0473	色濃く	いろこく	đậm nét, rõ nét	Sắc Nùng
n2_advanced_drafts	batch_0471_0480	R_0473	真摯	しんし	nghiêm túc, thành tâm	Chân Chí
n2_advanced_drafts	batch_0471_0480	R_0474	喪失	そうしつ	sự mất mát	Tang Thất
n2_advanced_drafts	batch_0471_0480	R_0474	再生	さいせい	sự tái sinh, hồi phục	Tái Sanh
n2_advanced_drafts	batch_0471_0480	R_0474	拠り所	よりどころ	chỗ dựa, điểm tựa tinh thần	Cứ Sở
n2_advanced_drafts	batch_0471_0480	R_0474	内包する	ないほうする	ẩn chứa, bao gồm bên trong	Nội Bao
n2_advanced_drafts	batch_0471_0480	R_0474	侘び寂び	わびさび	thẩm mỹ wabi-sabi - vẻ đẹp của sự giản dị và tàn phai	Sá Tịch
n2_advanced_drafts	batch_0471_0480	R_0474	疎外感	そがいかん	cảm giác bị gạt ra ngoài, bị xa lánh	Sơ Ngoại Cảm
n2_advanced_drafts	batch_0471_0480	R_0474	普遍的	ふへんてき	mang tính phổ quát, vượt thời gian	Phổ Biến Đích
n2_advanced_drafts	batch_0471_0480	R_0474	賛否	さんぴ	tán thành và phản đối, khen chê	Tán Phủ
n2_advanced_drafts	batch_0471_0480	R_0474	施される	ほどこされる	được áp dụng, được thực hiện (thụ động)	Thi
n2_advanced_drafts	batch_0471_0480	R_0474	ヒーリング文学	ヒーリングぶんがく	văn học chữa lành (healing literature)	Văn Học
n2_advanced_drafts	batch_0471_0480	R_0474	孤立感	こりつかん	cảm giác cô lập	Cô Lập Cảm
n2_advanced_drafts	batch_0471_0480	R_0474	寄り添う	よりそう	đồng hành sát cạnh, sẻ chia	Kí Thiêm
n2_advanced_drafts	batch_0471_0480	R_0474	純文学	じゅんぶんがく	văn học thuần túy (nghiêm túc, cao cấp)	Thuần Văn Học
n2_advanced_drafts	batch_0471_0480	R_0474	詩的リズム	してきリズム	nhịp thơ, tiết tấu thi ca	Thi Đích
n2_advanced_drafts	batch_0471_0480	R_0475	集団意識	しゅうだんいしき	ý thức tập thể	Tập Đoàn Ý Thức
n2_advanced_drafts	batch_0471_0480	R_0475	帰属意識	きぞくいしき	ý thức gắn kết, cảm giác thuộc về	Quy Chúc Ý Thức
n2_advanced_drafts	batch_0471_0480	R_0475	集団主義	しゅうだんしゅぎ	chủ nghĩa tập thể	Tập Đoàn Chủ Nghĩa
n2_advanced_drafts	batch_0471_0480	R_0475	同調圧力	どうちょうあつりょく	áp lực đồng thuận, peer pressure	Đồng Điều Áp Lực
n2_advanced_drafts	batch_0471_0480	R_0475	忌避	きひ	tránh né, né tránh	Kị Tị
n2_advanced_drafts	batch_0471_0480	R_0475	主体性	しゅたいせい	tính chủ thể, sự chủ động	Chủ Thể Tính
n2_advanced_drafts	batch_0471_0480	R_0475	画一的	かくいつてき	đồng nhất, khuôn mẫu hóa	Họa Nhất Đích
n2_advanced_drafts	batch_0471_0480	R_0475	批判的思考	ひはんてきしこう	tư duy phê phán, critical thinking	Phê Phán Đích Tư Khảo
n2_advanced_drafts	batch_0471_0480	R_0475	排除	はいじょ	loại bỏ, gạt ra ngoài	Bài Trừ
n2_advanced_drafts	batch_0471_0480	R_0475	寛容さ	かんようさ	sự khoan dung	Khoan Dung
n2_advanced_drafts	batch_0471_0480	R_0475	自律	じりつ	sự tự chủ, tự lập	Tự Luật
n2_advanced_drafts	batch_0471_0480	R_0475	短絡的	たんらくてき	thiếu suy xét, hấp tấp	Đoản Lạc Đích
n2_advanced_drafts	batch_0471_0480	R_0475	盲目的	もうもくてき	mù quáng, không suy xét	Manh Mục Đích
n2_advanced_drafts	batch_0471_0480	R_0475	底力	そこぢから	sức mạnh tiềm ẩn, nội lực	Để Lực
n2_advanced_drafts	batch_0471_0480	R_0476	只管打坐	しかんたざ	chỉ quản đả toạ — thiền định thuần túy không mục đích (Đạo Nguyên)	Chích Quản Đả Tọa
n2_advanced_drafts	batch_0471_0480	R_0476	身心脱落	しんじんだつらく	thân tâm thoát lạc — trải nghiệm buông bỏ hoàn toàn thân và tâm	Thân Tâm Thoát Lạc
n2_advanced_drafts	batch_0471_0480	R_0476	正法眼蔵	しょうぼうげんぞう	Shobogenzo — tác phẩm triết học chính của Đạo Nguyên	Chánh Pháp Nhãn Tàng
n2_advanced_drafts	batch_0471_0480	R_0476	公案	こうあん	công án — câu đố/vấn đề thiền định dùng để khai mở giác ngộ	Công Án
n2_advanced_drafts	batch_0471_0480	R_0476	隻手の音声	せきしゅのおんじょう	âm thanh của một bàn tay — công án nổi tiếng của Hakuin	Chích, chỉ Thủ Âm Thanh
n2_advanced_drafts	batch_0471_0480	R_0476	以心伝心	いしんでんしん	tâm truyền tâm — truyền đạt qua tâm thức không cần lời	Dĩ Tâm Truyền Tâm
n2_advanced_drafts	batch_0471_0480	R_0476	悟り	さとり	giác ngộ, sự tỉnh thức	Ngộ
n2_advanced_drafts	batch_0471_0480	R_0476	執着	しゅうちゃく	chấp trước, sự bám víu	Chấp Trứ
n2_advanced_drafts	batch_0471_0480	R_0476	虚無主義	きょむしゅぎ	chủ nghĩa hư vô (nihilism)	Hư Vô Chủ Nghĩa
n2_advanced_drafts	batch_0471_0480	R_0476	地平	ちへい	chân trời (nghĩa bóng: phạm vi, lĩnh vực)	Địa Bình
n2_advanced_drafts	batch_0471_0480	R_0476	鈴木大拙	すずきだいせつ	Suzuki Daisetsu — học giả Thiền tông giới thiệu Thiền ra phương Tây	Linh Mộc Đại Chuyết
n2_advanced_drafts	batch_0471_0480	R_0476	固定化	こていか	sự cố định hóa, đông cứng	Cố Định Hóa
n2_advanced_drafts	batch_0471_0480	R_0476	内包する	ないほうする	chứa đựng bên trong, bao hàm	Nội Bao
n2_advanced_drafts	batch_0471_0480	R_0477	文化人類学者	ぶんかじんるいがくしゃ	nhà nhân học văn hóa	Văn Hóa Nhân Loại Học Giả
n2_advanced_drafts	batch_0471_0480	R_0477	規制	きせい	kiểm soát, điều tiết	Quy Chế
n2_advanced_drafts	batch_0471_0480	R_0477	良心の呵責	りょうしんのかしゃく	sự cắn rứt lương tâm	Lương Tâm Hô Trách
n2_advanced_drafts	batch_0471_0480	R_0477	比重	ひじゅう	tỷ trọng, mức độ ưu tiên	Bỉ Trọng
n2_advanced_drafts	batch_0471_0480	R_0477	連帯的	れんたいてき	mang tính liên đới, tập thể	Liên Đới Đích
n2_advanced_drafts	batch_0471_0480	R_0477	結束	けっそく	sự gắn kết, đoàn kết	Kết Thúc
n2_advanced_drafts	batch_0471_0480	R_0477	自律性	じりつせい	tính tự chủ, tự lập	Tự Luật Tính
n2_advanced_drafts	batch_0471_0480	R_0477	懺悔	ざんげ	sám hối, thú tội	Sám Hối
n2_advanced_drafts	batch_0471_0480	R_0477	逸脱	いつだつ	vi phạm, lệch chuẩn	Dật Thoát
n2_advanced_drafts	batch_0471_0480	R_0477	外部制裁	がいぶせいさい	chế tài bên ngoài, hình phạt từ bên ngoài	Ngoại Bộ Chế Tài
n2_advanced_drafts	batch_0471_0480	R_0477	自己検閲	じこけんえつ	tự kiểm duyệt	Tự Kỉ Kiểm Duyệt
n2_advanced_drafts	batch_0471_0480	R_0477	匿名性	とくめいせい	tính ẩn danh	Nặc Danh Tính
n2_advanced_drafts	batch_0471_0480	R_0477	洞察	どうさつ	sự quan sát sâu sắc, nhận thức sâu	Động Sát
n2_advanced_drafts	batch_0471_0480	R_0477	行動様式	こうどうようしき	phương thức hành xử, kiểu hành vi	Hành Động Dạng Thức
n2_advanced_drafts	batch_0471_0480	R_0477	異文化間	いぶんかかん	liên văn hóa, giữa các nền văn hóa	Dị Văn Hóa Gian
n2_advanced_drafts	batch_0471_0480	R_0478	仮名文字	かなもじ	chữ kana (hiragana/katakana)	Giả Danh Văn Tự
n2_advanced_drafts	batch_0471_0480	R_0478	章段	しょうだん	chương đoạn (đơn vị trong tùy bút)	Chương Đoạn
n2_advanced_drafts	batch_0471_0480	R_0478	詠嘆	えいたん	tiếng thở dài tán thán, ngâm ngợi	Vịnh Thán
n2_advanced_drafts	batch_0471_0480	R_0478	機知	きち	sự thông minh, trí tuệ linh hoạt	Ki Tri
n2_advanced_drafts	batch_0471_0480	R_0478	儚さ	はかなさ	sự phù du, mong manh	Mộng
n2_advanced_drafts	batch_0471_0480	R_0478	余情	よじょう	dư tình, cảm xúc còn lại sau khi đọc	Dư Tình
n2_advanced_drafts	batch_0471_0480	R_0478	余韻	よいん	dư âm, âm vang kéo dài	Dư Vận
n2_advanced_drafts	batch_0471_0480	R_0478	精髄	せいずい	tinh túy, cốt lõi	Tinh Tủy
n2_advanced_drafts	batch_0471_0480	R_0478	随筆	ずいひつ	tùy bút, văn xuôi tự do	Tùy Bút
n2_advanced_drafts	batch_0471_0480	R_0478	些細	ささい	nhỏ nhặt, vụn vặt	Ta Tế
n2_advanced_drafts	batch_0471_0480	R_0478	情念	じょうねん	tình cảm mãnh liệt, dục vọng	Tình Niệm
n2_advanced_drafts	batch_0471_0480	R_0478	言葉の綾	ことばのあや	tầng lớp ngôn từ, vẻ đẹp tinh tế của lời văn	Ngôn Diệp Lăng
n2_advanced_drafts	batch_0471_0480	R_0478	追随	ついずい	bắt kịp, sánh kịp	Truy Tùy
n2_advanced_drafts	batch_0471_0480	R_0478	稀有	けう	hiếm có, quý hiếm	Hi Hữu
n2_advanced_drafts	batch_0471_0480	R_0479	里山	さとやま	satoyama, vùng núi rừng tiếp giáp làng mạc	Lí San
n2_advanced_drafts	batch_0471_0480	R_0479	生態系	せいたいけい	hệ sinh thái	Sanh Thái Hệ
n2_advanced_drafts	batch_0471_0480	R_0479	薪	まき	củi đốt	Tân
n2_advanced_drafts	batch_0471_0480	R_0479	炭	すみ	than củi	Thán
n2_advanced_drafts	batch_0471_0480	R_0479	モザイク状	モザイクじょう	dạng khảm ghép, mosaic	Trạng
n2_advanced_drafts	batch_0471_0480	R_0479	担い手	にないて	người đảm nhận, người gánh vác	Đam Thủ
n2_advanced_drafts	batch_0471_0480	R_0479	繁茂する	はんもする	phát triển tràn lan (nói về thực vật)	Phồn Mậu
n2_advanced_drafts	batch_0471_0480	R_0479	生物多様性	せいぶつたようせい	đa dạng sinh học	Sanh Vật Đa Dạng Tính
n2_advanced_drafts	batch_0471_0480	R_0479	間伐	かんばつ	tỉa thưa cây rừng	Gian Phạt
n2_advanced_drafts	batch_0471_0480	R_0479	植生	しょくせい	thảm thực vật	Thực Sanh
n2_advanced_drafts	batch_0471_0480	R_0479	外来種	がいらいしゅ	loài ngoại lai	Ngoại Lai Chủng
n2_advanced_drafts	batch_0471_0480	R_0479	生物相	せいぶつそう	quần xã sinh vật, hệ sinh vật	Sanh Vật Tương
n2_advanced_drafts	batch_0471_0480	R_0479	生態系サービス	せいたいけいサービス	dịch vụ hệ sinh thái	Sanh Thái Hệ
n2_advanced_drafts	batch_0471_0480	R_0479	原風景	げんふうけい	nguyên phong cảnh, cảnh quan gốc trong ký ức	Nguyên Phong Cảnh
n2_advanced_drafts	batch_0471_0480	R_0479	縮図	しゅくず	hình mẫu thu nhỏ, thu nhỏ của cái gì đó	Súc Đồ
n2_advanced_drafts	batch_0471_0480	R_0480	爛熟	らんじゅく	chín muồi rực rỡ, đạt đỉnh cao phát triển	Lạn Thục
n2_advanced_drafts	batch_0471_0480	R_0480	変貌を遂げる	へんぼうをとげる	hoàn tất sự biến đổi, lột xác hoàn toàn	Biến Bạo Toại
n2_advanced_drafts	batch_0471_0480	R_0480	鮮烈	せんれつ	rực rỡ, mãnh liệt, ấn tượng sâu sắc	Tiên Liệt
n2_advanced_drafts	batch_0471_0480	R_0480	摺師	すりし	thợ in mộc bản	Lạp Sư
n2_advanced_drafts	batch_0471_0480	R_0480	彫師	ほりし	thợ khắc gỗ	Điêu Sư
n2_advanced_drafts	batch_0471_0480	R_0480	叙情的	じょじょうてき	trữ tình, giàu cảm xúc	Tự Tình Đích
n2_advanced_drafts	batch_0471_0480	R_0480	大首絵	おおくびえ	tranh chân dung đầu lớn (thể loại ukiyo-e)	Đại Thủ Hội
n2_advanced_drafts	batch_0471_0480	R_0480	台頭	たいとう	sự trỗi dậy, nổi lên	Thai Đầu
n2_advanced_drafts	batch_0471_0480	R_0480	ジャポニスム	ジャポニスム	Japonisme, trào lưu ảnh hưởng của nghệ thuật Nhật Bản tại châu Âu	
n2_advanced_drafts	batch_0471_0480	R_0480	余白	よはく	khoảng trống (trong bố cục nghệ thuật)	Dư Bạch
n2_advanced_drafts	batch_0471_0480	R_0480	逆説的	ぎゃくせつてき	nghịch lý, mang tính mâu thuẫn	Nghịch Thuyết Đích
n2_advanced_drafts	batch_0471_0480	R_0480	郷愁	きょうしゅう	nỗi hoài hương, tâm trạng nhớ cội nguồn	Hương Sầu
n2_advanced_drafts	batch_0481_0490	R_0481	カイゼン	カイゼン	cải tiến (Kaizen — thuật ngữ quản lý toàn cầu hoá từ tiếng Nhật)	
n2_advanced_drafts	batch_0481_0490	R_0481	浸透	しんとう	thâm nhập, lan rộng	Tẩm Thấu
n2_advanced_drafts	batch_0481_0490	R_0481	経営哲学	けいえいてつがく	triết lý quản lý	Kinh Doanh Triết Học
n2_advanced_drafts	batch_0481_0490	R_0481	現場主義	げんばしゅぎ	chủ nghĩa hiện trường, coi trọng thực tế sản xuất	Hiện Tràng Chủ Nghĩa
n2_advanced_drafts	batch_0481_0490	R_0481	文化的摩擦	ぶんかてきまさつ	ma sát văn hoá	Văn Hóa Đích Ma Sát
n2_advanced_drafts	batch_0481_0490	R_0481	心理的安全性	しんりてきあんぜんせい	sự an toàn tâm lý (psychological safety)	Tâm Lí Đích An Toàn Tính
n2_advanced_drafts	batch_0481_0490	R_0481	ボトルネック	ボトルネック	điểm nghẽn, nút thắt cổ chai	
n2_advanced_drafts	batch_0481_0490	R_0481	暗黙知	あんもくち	tri thức ngầm, kiến thức ẩn (tacit knowledge)	Ám Mặc Tri
n2_advanced_drafts	batch_0481_0490	R_0481	現地適応	げんちてきおう	thích nghi địa phương, bản địa hoá	Hiện Địa Thích Ứng
n2_advanced_drafts	batch_0481_0490	R_0481	権限委譲	けんげんいじょう	trao quyền, uỷ quyền	Quyền Hạn Ủy Nhượng
n2_advanced_drafts	batch_0481_0490	R_0481	文化越境	ぶんかえっきょう	vượt biên văn hoá	Văn Hóa Việt Cảnh
n2_advanced_drafts	batch_0481_0490	R_0481	再解釈	さいかいしゃく	tái giải thích	Tái Giải Thích
n2_advanced_drafts	batch_0481_0490	R_0481	トップダウン型	トップダウンがた	kiểu từ trên xuống (top-down)	Hình
n2_advanced_drafts	batch_0481_0490	R_0482	文豪	ぶんごう	văn hào, đại văn hào	Văn Hào
n2_advanced_drafts	batch_0481_0490	R_0482	自我	じが	bản ngã, cái tôi	Tự Ngã
n2_advanced_drafts	batch_0481_0490	R_0482	個人主義	こじんしゅぎ	chủ nghĩa cá nhân	Cá Nhân Chủ Nghĩa
n2_advanced_drafts	batch_0481_0490	R_0482	葛藤	かっとう	mâu thuẫn nội tâm, giằng xé	Cát Đằng
n2_advanced_drafts	batch_0481_0490	R_0482	官僚	かんりょう	quan chức, viên chức nhà nước	Quan Liêu
n2_advanced_drafts	batch_0481_0490	R_0482	実存的	じつぞんてき	thuộc về hiện sinh, mang tính hiện sinh	Thực Tồn Đích
n2_advanced_drafts	batch_0481_0490	R_0482	矛盾	むじゅん	mâu thuẫn	Mâu Thuẫn
n2_advanced_drafts	batch_0481_0490	R_0482	詩稿	しこう	bản thảo thơ	Thi Cảo
n2_advanced_drafts	batch_0481_0490	R_0482	推敲	すいこう	chỉnh sửa, trau chuốt văn chương	Thôi Xao
n2_advanced_drafts	batch_0481_0490	R_0482	相克	そうこく	xung đột lẫn nhau, mâu thuẫn đối lập	Tương Khắc
n2_advanced_drafts	batch_0481_0490	R_0482	精神史	せいしんし	lịch sử tinh thần, lịch sử tư tưởng	Tinh Thần Sử
n2_advanced_drafts	batch_0481_0490	R_0482	知識人	ちしきじん	trí thức	Tri Thức Nhân
n2_advanced_drafts	batch_0481_0490	R_0482	逸話	いつわ	giai thoại, câu chuyện ngoài lề	Dật Thoại
n2_advanced_drafts	batch_0481_0490	R_0482	普遍的	ふへんてき	mang tính phổ quát, toàn cầu	Phổ Biến Đích
n2_advanced_drafts	batch_0481_0490	R_0483	非対称	ひたいしょう	bất đối xứng	Phi Đối Xưng
n2_advanced_drafts	batch_0481_0490	R_0483	根強い	ねづよい	dai dẳng, ăn sâu	Căn Cường
n2_advanced_drafts	batch_0481_0490	R_0483	内面化	ないめんか	sự nội tâm hóa, tiếp thu vào bên trong	Nội Diện Hóa
n2_advanced_drafts	batch_0481_0490	R_0483	過干渉	かかんしょう	sự can thiệp quá mức	Quá Kiền Thiệp
n2_advanced_drafts	batch_0481_0490	R_0483	核家族化	かくかぞくか	xu hướng gia đình hạt nhân hóa	Hạch Gia Tộc Hóa
n2_advanced_drafts	batch_0481_0490	R_0483	希薄化	きはくか	sự trở nên lỏng lẻo, loãng đi	Hi Bạc Hóa
n2_advanced_drafts	batch_0481_0490	R_0483	遅々として	ちちとして	chậm chạp, ỳ ạch	Trì
n2_advanced_drafts	batch_0481_0490	R_0483	抜本的	ばっぽんてき	triệt để, tận gốc rễ	Bạt Bản Đích
n2_advanced_drafts	batch_0481_0490	R_0483	財源	ざいげん	nguồn tài chính, nguồn vốn	Tài Nguyên
n2_advanced_drafts	batch_0481_0490	R_0483	有機的	ゆうきてき	hữu cơ, liên kết chặt chẽ	Hữu Ki Đích
n2_advanced_drafts	batch_0481_0490	R_0483	少子化	しょうしか	tình trạng giảm sinh, ít con	Thiểu Tử Hóa
n2_advanced_drafts	batch_0481_0490	R_0483	保育インフラ	ほいくインフラ	cơ sở hạ tầng nhà trẻ, chăm sóc trẻ em	Bảo Dục
n2_advanced_drafts	batch_0481_0490	R_0483	逆説	ぎゃくせつ	nghịch lý	Nghịch Thuyết
n2_advanced_drafts	batch_0481_0490	R_0483	営み	いとなみ	hoạt động, công việc (trang trọng)	Doanh
n2_advanced_drafts	batch_0481_0490	R_0484	受験戦争	じゅけんせんそう	cuộc chiến thi cử, nạn thi cử căng thẳng	Thụ Nghiệm Chiến Tranh
n2_advanced_drafts	batch_0481_0490	R_0484	受験地獄	じゅけんじごく	địa ngục thi cử	Thụ Nghiệm Địa Ngục
n2_advanced_drafts	batch_0481_0490	R_0484	詰め込み式	つめこみしき	lối học nhồi nhét	Cật Nhập Thức
n2_advanced_drafts	batch_0481_0490	R_0484	偏差値	へんさち	điểm chuẩn, chỉ số sai lệch chuẩn (thước đo học lực ở Nhật)	Thiên Soa Trị
n2_advanced_drafts	batch_0481_0490	R_0484	不登校	ふとうこう	chứng không đến trường, từ chối đến trường	Bất Đăng Giáo
n2_advanced_drafts	batch_0481_0490	R_0484	内面化	ないめんか	nội tâm hóa, tiếp nhận vào trong tâm	Nội Diện Hóa
n2_advanced_drafts	batch_0481_0490	R_0484	塾	じゅく	trường dạy thêm, lớp học thêm	Thục
n2_advanced_drafts	batch_0481_0490	R_0484	膨張	ぼうちょう	phình to, bành trướng	Bành Trương
n2_advanced_drafts	batch_0481_0490	R_0484	追い詰める	おいつめる	dồn vào đường cùng, truy đuổi đến cùng	Truy Cật
n2_advanced_drafts	batch_0481_0490	R_0484	知的好奇心	ちてきこうきしん	sự tò mò tri thức	Tri Đích Hảo Kì Tâm
n2_advanced_drafts	batch_0481_0490	R_0484	意識改革	いしきかいかく	cải cách nhận thức, thay đổi ý thức	Ý Thức Cải Cách
n2_advanced_drafts	batch_0481_0490	R_0484	共存	きょうぞん	cộng sinh, cùng tồn tại	Cộng Tồn
n2_advanced_drafts	batch_0481_0490	R_0484	急務	きゅうむ	việc cấp bách, nhiệm vụ khẩn cấp	Cấp Vụ
n2_advanced_drafts	batch_0481_0490	R_0484	尺度	しゃくど	thước đo, tiêu chí đánh giá	Xích Độ
n2_advanced_drafts	batch_0481_0490	R_0485	百寿者	ひゃくじゅしゃ	người sống trên trăm tuổi, centenarian	Bách Thọ Giả
n2_advanced_drafts	batch_0481_0490	R_0485	肩書き	かたがき	danh hiệu, chức danh	Kiên Thư
n2_advanced_drafts	batch_0481_0490	R_0485	充実	じゅうじつ	sự sung mãn, đầy đủ	Sung Thực
n2_advanced_drafts	batch_0481_0490	R_0485	知見	ちけん	phát hiện, kiến thức thu được	Tri Kiến
n2_advanced_drafts	batch_0481_0490	R_0485	移行期	いこうき	giai đoạn chuyển tiếp	Di Hành Kì
n2_advanced_drafts	batch_0481_0490	R_0485	並大抵	なみたいてい	thông thường, bình thường (thường dùng phủ định)	Tịnh Đại Để
n2_advanced_drafts	batch_0481_0490	R_0485	活力	かつりょく	sức sống, sinh lực	Hoạt Lực
n2_advanced_drafts	batch_0481_0490	R_0485	希薄化	きはくか	sự trở nên nhạt nhẽo, lu mờ	Hi Bạc Hóa
n2_advanced_drafts	batch_0481_0490	R_0485	営み	いとなみ	hoạt động, việc làm thường ngày	Doanh
n2_advanced_drafts	batch_0481_0490	R_0485	尊厳	そんげん	phẩm giá, nhân phẩm	Tôn Nghiêm
n2_advanced_drafts	batch_0481_0490	R_0485	見出す	みいだす	tìm thấy, phát hiện ra	Kiến Xuất
n2_advanced_drafts	batch_0481_0490	R_0485	育まれる	はぐくまれる	được nuôi dưỡng, được vun đắp	Dục
n2_advanced_drafts	batch_0481_0490	R_0485	喪失感	そうしつかん	cảm giác mất mát	Tang Thất Cảm
n2_advanced_drafts	batch_0481_0490	R_0485	能動的	のうどうてき	chủ động, tích cực	Năng Động Đích
n2_advanced_drafts	batch_0481_0490	R_0486	相対的貧困	そうたいてきひんこん	nghèo đói tương đối (thu nhập dưới 50% trung vị quốc gia)	Tương Đối Đích Bần Khốn
n2_advanced_drafts	batch_0481_0490	R_0486	隠れた貧困	かくれたひんこん	nghèo đói ẩn giấu, kakure hinkon	Ẩn Bần Khốn
n2_advanced_drafts	batch_0481_0490	R_0486	ひとり親家庭	ひとりおやかてい	gia đình đơn thân	Thân Gia Đình
n2_advanced_drafts	batch_0481_0490	R_0486	掛け持ち	かけもち	làm nhiều việc cùng lúc, kiêm nhiệm	Quải Trì
n2_advanced_drafts	batch_0481_0490	R_0486	賄う	まかなう	trang trải, đủ chi phí	Hối
n2_advanced_drafts	batch_0481_0490	R_0486	学習意欲	がくしゅういよく	động lực học tập	Học Tập Ý Dục
n2_advanced_drafts	batch_0481_0490	R_0486	機会格差	きかいかくさ	chênh lệch cơ hội	Ki Hội Cách Soa
n2_advanced_drafts	batch_0481_0490	R_0486	格差の再生産	かくさのさいせいさん	tái tạo sự bất bình đẳng (truyền nghèo sang thế hệ sau)	Cách Soa Tái Sanh Sản
n2_advanced_drafts	batch_0481_0490	R_0486	子ども食堂	こどもしょくどう	nhà ăn trẻ em (cộng đồng hỗ trợ bữa ăn miễn phí cho trẻ)	Tử Thực Đường
n2_advanced_drafts	batch_0481_0490	R_0486	利用率	りようりつ	tỷ lệ sử dụng	Lợi Dụng Suất
n2_advanced_drafts	batch_0481_0490	R_0486	構造的	こうぞうてき	mang tính cấu trúc, có nguồn gốc cơ cấu	Cấu Tạo Đích
n2_advanced_drafts	batch_0481_0490	R_0486	帰結	きけつ	hậu quả, kết cục	Quy Kết
n2_advanced_drafts	batch_0481_0490	R_0486	網の目をくぐり抜ける	あみのめをくぐりぬける	lọt qua lưới (hỗ trợ), không được hỗ trợ đến nơi	Võng Mục Bạt
n2_advanced_drafts	batch_0481_0490	R_0487	擬人化	ぎじんか	nhân hóa, gán tính chất người cho vật	Nghĩ Nhân Hóa
n2_advanced_drafts	batch_0481_0490	R_0487	先駆的	せんくてき	tiên phong, đi trước	Tiên Khu Đích
n2_advanced_drafts	batch_0481_0490	R_0487	情緒的	じょうちょてき	thuộc về tình cảm, cảm xúc	Tình Tự Đích
n2_advanced_drafts	batch_0481_0490	R_0487	絆	きずな	mối ràng buộc, gắn bó tình cảm	Bán
n2_advanced_drafts	batch_0481_0490	R_0487	代替	だいたい	thay thế	Đại Thế
n2_advanced_drafts	batch_0481_0490	R_0487	地平	ちへい	địa hạt, chân trời (nghĩa trừu tượng)	Địa Bình
n2_advanced_drafts	batch_0481_0490	R_0487	アルゴリズム	アルゴリズム	thuật toán	
n2_advanced_drafts	batch_0481_0490	R_0487	逆説	ぎゃくせつ	nghịch lý	Nghịch Thuyết
n2_advanced_drafts	batch_0481_0490	R_0487	制度化	せいどか	thể chế hóa, luật hóa	Chế Độ Hóa
n2_advanced_drafts	batch_0481_0490	R_0487	回避	かいひ	né tránh, tránh né	Hồi Tị
n2_advanced_drafts	batch_0481_0490	R_0487	学際的	がくさいてき	liên ngành	Học Tế Đích
n2_advanced_drafts	batch_0481_0490	R_0487	直結	ちょっけつ	liên kết trực tiếp	Trực Kết
n2_advanced_drafts	batch_0481_0490	R_0488	体現	たいげん	thể hiện, hiện thân	Thể Hiện
n2_advanced_drafts	batch_0481_0490	R_0488	わび茶	わびちゃ	trà wabi (phong cách trà đạo đơn giản, tịch lặng của Rikyu)	Trà
n2_advanced_drafts	batch_0481_0490	R_0488	亭主	ていしゅ	chủ nhân buổi trà đạo	Đình Chủ
n2_advanced_drafts	batch_0481_0490	R_0488	全身全霊	ぜんしんぜんれい	toàn thân toàn tâm, hết sức lực và tâm ý	Toàn Thân Toàn Linh
n2_advanced_drafts	batch_0481_0490	R_0488	所作	しょさ	cử chỉ, tác phong, động tác	Sở Tác
n2_advanced_drafts	batch_0481_0490	R_0488	床の間	とこのま	tokonoma (ô tường trang trọng trong phòng kiểu Nhật)	Sàng Gian
n2_advanced_drafts	batch_0481_0490	R_0488	不可逆	ふかぎゃく	không thể đảo ngược	Bất Khả Nghịch
n2_advanced_drafts	batch_0481_0490	R_0488	無常観	むじょうかん	vô thường quan, quan niệm về sự vô thường	Vô Thường Quan
n2_advanced_drafts	batch_0481_0490	R_0488	移ろいゆく	うつろいゆく	trôi qua, biến đổi theo thời gian	Di
n2_advanced_drafts	batch_0481_0490	R_0488	遮断	しゃだん	ngắt, cách ly, chặn đứng	Già Đoạn
n2_advanced_drafts	batch_0481_0490	R_0488	流派	りゅうは	trường phái, phái	Lưu Phái
n2_advanced_drafts	batch_0481_0490	R_0488	眼差し	まなざし	cái nhìn, ánh mắt	Nhãn Soa
n2_advanced_drafts	batch_0481_0490	R_0488	不完全さ	ふかんぜんさ	sự không hoàn hảo	Bất Hoàn Toàn
n2_advanced_drafts	batch_0481_0490	R_0488	核心	かくしん	cốt lõi, trọng tâm	Hạch Tâm
n2_advanced_drafts	batch_0481_0490	R_0489	もの悲しさ	ものがなしさ	nỗi buồn man mác, cảm giác tiếc thương trước sự vô thường (mono no aware)	Bi
n2_advanced_drafts	batch_0481_0490	R_0489	無常観	むじょうかん	quan niệm vô thường, ý thức về sự biến đổi không ngừng của vạn vật	Vô Thường Quan
n2_advanced_drafts	batch_0481_0490	R_0489	受賞演説	じゅしょうえんぜつ	bài diễn thuyết nhận giải	Thụ Thưởng Diễn Thuyết
n2_advanced_drafts	batch_0481_0490	R_0489	書き出し	かきだし	câu mở đầu, phần đầu tác phẩm	Thư Xuất
n2_advanced_drafts	batch_0481_0490	R_0489	俳句的感性	はいくてきかんせい	cảm thức mang tính haiku	Bài Cú Đích Cảm Tính
n2_advanced_drafts	batch_0481_0490	R_0489	余韻	よいん	dư âm, dư vang sau khi kết thúc	Dư Vận
n2_advanced_drafts	batch_0481_0490	R_0489	叙述手法	じょじゅつしゅほう	thủ pháp tự sự, phương pháp kể chuyện	Tự Thuật Thủ Pháp
n2_advanced_drafts	batch_0481_0490	R_0489	結晶化	けっしょうか	kết tinh hóa	Kết Tinh Hóa
n2_advanced_drafts	batch_0481_0490	R_0489	幻影	げんえい	ảo ảnh	Huyễn Ảnh
n2_advanced_drafts	batch_0481_0490	R_0489	断絶	だんぜつ	sự đứt đoạn, khoảng cách không thể vượt qua	Đoạn Tuyệt
n2_advanced_drafts	batch_0481_0490	R_0489	一途な	いちずな	một lòng một dạ, chuyên tâm	Nhất Đồ
n2_advanced_drafts	batch_0481_0490	R_0489	滅び	ほろび	sự diệt vong, sự tan biến	Diệt
n2_advanced_drafts	batch_0481_0490	R_0490	バブル崩壊	バブルほうかい	sự sụp đổ bong bóng kinh tế	Băng Hoại
n2_advanced_drafts	batch_0481_0490	R_0490	終身雇用	しゅうしんこよう	chế độ việc làm suốt đời	Chung Thân Cố Dụng
n2_advanced_drafts	batch_0481_0490	R_0490	就職氷河期	しゅうしょくひょうがき	kỷ băng hà tuyển dụng	Tựu Chức Băng Hà Kì
n2_advanced_drafts	batch_0481_0490	R_0490	非正規雇用	ひせいきこよう	việc làm phi chính thức	Phi Chánh Quy Cố Dụng
n2_advanced_drafts	batch_0481_0490	R_0490	引きこもり	ひきこもり	tình trạng tự cô lập hoàn toàn với xã hội	Dẫn
n2_advanced_drafts	batch_0481_0490	R_0490	自己効力感	じここうりょくかん	cảm giác tự hiệu quả, niềm tin vào năng lực bản thân	Tự Kỉ Hiệu Lực Cảm
n2_advanced_drafts	batch_0481_0490	R_0490	転嫁	てんか	chuyển giao, đổ lên (trách nhiệm, gánh nặng)	Chuyển Giá
n2_advanced_drafts	batch_0481_0490	R_0490	構造的矛盾	こうぞうてきむじゅん	mâu thuẫn mang tính cấu trúc	Cấu Tạo Đích Mâu Thuẫn
n2_advanced_drafts	batch_0481_0490	R_0490	包括的	ほうかつてき	toàn diện, bao quát	Bao Quát Đích
n2_advanced_drafts	batch_0481_0490	R_0490	生活困窮者	せいかつこんきゅうしゃ	người gặp khó khăn về sinh kế	Sanh Hoạt Khốn Cùng Giả
n2_advanced_drafts	batch_0481_0490	R_0490	尾を引く	おをひく	để lại hệ lụy kéo dài	Vĩ Dẫn
n2_advanced_drafts	batch_0481_0490	R_0490	画一的	かくいつてき	đồng loạt, rập khuôn, không phân biệt cá nhân	Họa Nhất Đích
n2_advanced_drafts	batch_0491_0500	R_0491	純粋経験	じゅんすいけいけん	kinh nghiệm thuần túy (pure experience — khái niệm trung tâm của Nishida)	Thuần Túy Kinh Nghiệm
n2_advanced_drafts	batch_0491_0500	R_0491	主客二元論	しゅきゃくにげんろん	nhị nguyên luận chủ-khách (subject-object dualism)	Chủ Khách Nhị Nguyên Luận
n2_advanced_drafts	batch_0491_0500	R_0491	場所	ばしょ	nơi chốn / Basho — khái niệm triết học của Nishida chỉ nền của sự tồn tại	Tràng Sở
n2_advanced_drafts	batch_0491_0500	R_0491	絶対矛盾的自己同一	ぜったいむじゅんてきじこどういつ	tự đồng nhất mâu thuẫn tuyệt đối (absolute contradictory self-identity)	Tuyệt Đối Mâu Thuẫn Đích Tự Kỉ Đồng Nhất
n2_advanced_drafts	batch_0491_0500	R_0491	縁起	えんぎ	duyên khởi (Pratityasamutpada — khái niệm Phật giáo về quan hệ phụ thuộc)	Duyên Khởi
n2_advanced_drafts	batch_0491_0500	R_0491	行為的直観	こういてきちょっかん	trực quan hành vi (acting intuition — nhận thức qua hành động)	Hành Vi Đích Trực Quan
n2_advanced_drafts	batch_0491_0500	R_0491	止揚	しよう	tổng hợp / aufheben (khái niệm biện chứng pháp của Hegel)	Chỉ Dương
n2_advanced_drafts	batch_0491_0500	R_0491	弁証法	べんしょうほう	biện chứng pháp (dialectics)	Biện Chứng Pháp
n2_advanced_drafts	batch_0491_0500	R_0491	非矛盾律	ひむじゅんりつ	nguyên tắc phi mâu thuẫn (law of non-contradiction)	Phi Mâu Thuẫn Luật
n2_advanced_drafts	batch_0491_0500	R_0491	思惟様式	しいようしき	phương thức tư duy (mode of thinking)	Tư Duy Dạng Thức
n2_advanced_drafts	batch_0491_0500	R_0491	京都学派	きょうとがくは	Trường phái Kyoto (trường phái triết học Nhật Bản do Nishida sáng lập)	Kinh Đô Học Phái
n2_advanced_drafts	batch_0491_0500	R_0491	実体論	じったいろん	thực thể luận (substance theory / ontology)	Thực Thể Luận
n2_advanced_drafts	batch_0491_0500	R_0491	礎	いしずえ	nền móng, cơ sở	Sở
n2_advanced_drafts	batch_0491_0500	R_0491	洞察	どうさつ	cái nhìn sâu sắc, sự thấu hiểu	Động Sát
n2_advanced_drafts	batch_0491_0500	R_0491	根源的	こんげんてき	có nguồn gốc sâu xa, căn bản, căn nguyên	Căn Nguyên Đích
n2_advanced_drafts	batch_0491_0500	R_0492	メチル水銀	メチルすいぎん	methyl thủy ngân	Thủy Ngân
n2_advanced_drafts	batch_0491_0500	R_0492	神経障害	しんけいしょうがい	tổn thương thần kinh	Thần Kinh Chướng Hại
n2_advanced_drafts	batch_0491_0500	R_0492	公害	こうがい	ô nhiễm môi trường, công hại	Công Hại
n2_advanced_drafts	batch_0491_0500	R_0492	不作為	ふさくい	sự vô tác vi, không hành động khi cần	Bất Tác Vi
n2_advanced_drafts	batch_0491_0500	R_0492	隠蔽	いんぺい	che giấu, ém nhẹm	Ẩn Tất
n2_advanced_drafts	batch_0491_0500	R_0492	認定	にんてい	công nhận, chứng nhận	Nhận Định
n2_advanced_drafts	batch_0491_0500	R_0492	石牟礼道子	いしむれみちこ	Ishimure Michiko (nhà văn ghi chép về Minamata)	Thạch Mâu Lễ Đạo Tử
n2_advanced_drafts	batch_0491_0500	R_0492	苦海浄土	くがいじょうど	Biển khổ, cõi tịnh (tác phẩm văn học về Minamata)	Khổ Hải Tịnh Thổ
n2_advanced_drafts	batch_0491_0500	R_0492	浮き彫り	うきぼり	phơi bày rõ ràng, khắc nổi	Phù Điêu
n2_advanced_drafts	batch_0491_0500	R_0492	乖離	かいり	sự tách rời, khoảng cách ngày càng lớn	Quai Li
n2_advanced_drafts	batch_0491_0500	R_0492	風化	ふうか	phai mờ (ký ức), bị thời gian xói mòn	Phong Hóa
n2_advanced_drafts	batch_0491_0500	R_0492	昭和	しょうわ	thời Showa (1926-1989)	Chiêu Hòa
n2_advanced_drafts	batch_0491_0500	R_0492	蓄積	ちくせき	tích tụ, tích lũy	Súc Tích
n2_advanced_drafts	batch_0491_0500	R_0492	連帯	れんたい	đoàn kết, liên đới	Liên Đới
n2_advanced_drafts	batch_0491_0500	R_0493	不世出	ふせいしゅつ	thiên tài hiếm có, không ai sánh được qua các thế hệ	Bất Thế Xuất
n2_advanced_drafts	batch_0491_0500	R_0493	紀行文	きこうぶん	bút ký hành trình, du ký	Kỉ Hành Văn
n2_advanced_drafts	batch_0491_0500	R_0493	過客	かかく	lữ khách, người qua đường (văn cổ)	Quá Khách
n2_advanced_drafts	batch_0491_0500	R_0493	流転	るてん	trôi dạt không ngừng, biến thiên	Lưu Chuyển
n2_advanced_drafts	batch_0491_0500	R_0493	もののあわれ	もののあわれ	cảm thức về sự vô thường và xúc động trước vạn vật (mỹ học Nhật Bản)	
n2_advanced_drafts	batch_0491_0500	R_0493	栄枯盛衰	えいこせいすい	thịnh suy, hưng vong (thành ngữ 4 chữ)	Vinh Khô Thịnh Suy
n2_advanced_drafts	batch_0491_0500	R_0493	無常観	むじょうかん	quan niệm vô thường, cảm thức về sự không bền vững	Vô Thường Quan
n2_advanced_drafts	batch_0491_0500	R_0493	静謐	せいひつ	tĩnh lặng, yên bình sâu xa (văn học)	Tĩnh Mật
n2_advanced_drafts	batch_0491_0500	R_0493	求道者	きゅうどうしゃ	người cầu đạo, người tìm kiếm chân lý	Cầu Đạo Giả
n2_advanced_drafts	batch_0491_0500	R_0493	詩的跳躍	してきちょうやく	bước nhảy thơ ca, sự kết nối táo bạo trong thơ	Thi Đích Khiêu Dược
n2_advanced_drafts	batch_0491_0500	R_0493	余白	よはく	khoảng trống, khoảng lặng (nghệ thuật)	Dư Bạch
n2_advanced_drafts	batch_0491_0500	R_0493	真骨頂	しんこっちょう	tinh hoa đích thực, bản chất cốt lõi nhất	Chân Cốt Đính
n2_advanced_drafts	batch_0491_0500	R_0494	匠	たくみ	người thợ lành nghề, nghệ nhân bậc thầy	Tượng
n2_advanced_drafts	batch_0491_0500	R_0494	営み	いとなみ	hoạt động, công việc mang tính văn hóa	Doanh
n2_advanced_drafts	batch_0491_0500	R_0494	誠実さ	せいじつさ	sự chân thành, trung thực	Thành Thực
n2_advanced_drafts	batch_0491_0500	R_0494	美意識	びいしき	ý thức thẩm mỹ	Mĩ Ý Thức
n2_advanced_drafts	batch_0491_0500	R_0494	妥協	だきょう	sự thỏa hiệp, nhượng bộ	Thỏa Hiệp
n2_advanced_drafts	batch_0491_0500	R_0494	師弟関係	してい かんけい	mối quan hệ thầy trò	Sư Đệ Quan Hệ
n2_advanced_drafts	batch_0491_0500	R_0494	継承	けいしょう	sự kế thừa, tiếp nối	Kế Thừa
n2_advanced_drafts	batch_0491_0500	R_0494	競争優位	きょうそう ゆうい	lợi thế cạnh tranh	Cạnh Tranh Ưu Vị
n2_advanced_drafts	batch_0491_0500	R_0494	源泉	げんせん	nguồn gốc, cội nguồn	Nguyên Tuyền
n2_advanced_drafts	batch_0491_0500	R_0494	切り捨てる	きりすてる	loại bỏ, bỏ đi không tiếc	Thiết Xá
n2_advanced_drafts	batch_0491_0500	R_0494	浸透する	しんとうする	thâm nhập, lan rộng	Tẩm Thấu
n2_advanced_drafts	batch_0491_0500	R_0494	執念	しゅうねん	sự chấp nhặt, quyết tâm kiên trì	Chấp Niệm
n2_advanced_drafts	batch_0491_0500	R_0494	逆説的	ぎゃくせつてき	mang tính nghịch lý	Nghịch Thuyết Đích
n2_advanced_drafts	batch_0491_0500	R_0494	蓄積	ちくせき	sự tích lũy	Súc Tích
n2_advanced_drafts	batch_0491_0500	R_0494	危機感	ききかん	cảm giác khủng hoảng, ý thức về nguy cơ	Nguy Ki Cảm
n2_advanced_drafts	batch_0491_0500	R_0495	甘え	あまえ	amae -- nhu cầu tâm lý muốn phụ thuộc và được chấp nhận	Cam
n2_advanced_drafts	batch_0491_0500	R_0495	精神科医	せいしんかい	bác sĩ tâm thần	Tinh Thần Khoa Y
n2_advanced_drafts	batch_0491_0500	R_0495	対人関係	たいじんかんけい	mối quan hệ giữa người với người	Đối Nhân Quan Hệ
n2_advanced_drafts	batch_0491_0500	R_0495	核心	かくしん	cốt lõi, trung tâm	Hạch Tâm
n2_advanced_drafts	batch_0491_0500	R_0495	阿吽の呼吸	あうんのこきゅう	sự ăn ý ngầm, hô hấp a-un (hiểu nhau không cần nói)	A Hồng Hô Hấp
n2_advanced_drafts	batch_0491_0500	R_0495	暗黙の了解	あんもくのりょうかい	ngầm hiểu nhau, thỏa thuận không lời	Ám Mặc Liễu Giải
n2_advanced_drafts	batch_0491_0500	R_0495	脆さ	もろさ	sự mỏng manh, dễ vỡ	Thúy
n2_advanced_drafts	batch_0491_0500	R_0495	孕む	はらむ	tiềm ẩn, mang trong mình	Dựng
n2_advanced_drafts	batch_0491_0500	R_0495	自律	じりつ	tự chủ, tự lập	Tự Luật
n2_advanced_drafts	batch_0491_0500	R_0495	契約的	けいやくてき	mang tính hợp đồng	Khế Ước Đích
n2_advanced_drafts	batch_0491_0500	R_0495	亀裂	きれつ	vết nứt, sự rạn nứt	Quy Liệt
n2_advanced_drafts	batch_0491_0500	R_0495	束縛	そくばく	trói buộc, ràng buộc	Thúc Phược
n2_advanced_drafts	batch_0491_0500	R_0495	建前と本音	たてまえとほんね	tatemae (mặt ngoài) và honne (ý thật bên trong)	Kiến Tiền Bản Âm
n2_advanced_drafts	batch_0491_0500	R_0495	浸透	しんとう	sự thâm nhập, lan rộng	Tẩm Thấu
n2_advanced_drafts	batch_0491_0500	R_0495	逆説的	ぎゃくせつてき	mang tính nghịch lý	Nghịch Thuyết Đích
n2_advanced_drafts	batch_0491_0500	R_0496	盂蘭盆会	うらぼんえ	lễ Vu Lan trong Phật giáo	Vu Lan Bồn Hội
n2_advanced_drafts	batch_0491_0500	R_0496	祖霊信仰	それいしんこう	tín ngưỡng thờ phụng linh hồn tổ tiên	Tổ Linh Tín Ngưỡng
n2_advanced_drafts	batch_0491_0500	R_0496	迎え火	むかえび	lửa đón (đốt để rước hồn tổ tiên về)	Nghênh Hỏa
n2_advanced_drafts	batch_0491_0500	R_0496	精霊馬	しょうりょううま	vật cúng hình thú làm từ rau củ dịp lễ Bon	Tinh Linh Mã
n2_advanced_drafts	batch_0491_0500	R_0496	送り火	おくりび	lửa tiễn (đốt để đưa hồn tổ tiên về thế giới bên kia)	Tống Hỏa
n2_advanced_drafts	batch_0491_0500	R_0496	供養	くよう	cúng dường, tưởng nhớ người đã khuất	Cung Dưỡng
n2_advanced_drafts	batch_0491_0500	R_0496	仏壇	ぶつだん	bàn thờ Phật trong gia đình	Phật Đàn
n2_advanced_drafts	batch_0491_0500	R_0496	核家族化	かくかぞくか	xu hướng gia đình hạt nhân hóa	Hạch Gia Tộc Hóa
n2_advanced_drafts	batch_0491_0500	R_0496	盆踊り	ぼんおどり	múa Bon, điệu múa truyền thống dịp lễ Bon	Bồn Dũng
n2_advanced_drafts	batch_0491_0500	R_0496	意味合い	いみあい	ý nghĩa, hàm ý	Ý Vị Hợp
n2_advanced_drafts	batch_0491_0500	R_0496	帰省	きせい	về quê thăm gia đình	Quy Tỉnh
n2_advanced_drafts	batch_0491_0500	R_0496	変質	へんしつ	biến chất, thay đổi bản chất	Biến Chất
n2_advanced_drafts	batch_0491_0500	R_0496	よりどころ	よりどころ	chỗ dựa, điểm tựa tinh thần	
n2_advanced_drafts	batch_0491_0500	R_0496	契機	けいき	cơ duyên, cơ hội, điểm mở đầu	Khế Ki
n2_advanced_drafts	batch_0491_0500	R_0496	日系人	にっけいじん	người Nhật gốc sống ở nước ngoài	Nhật Hệ Nhân
n2_advanced_drafts	batch_0491_0500	R_0497	元禄期	げんろくき	thời kỳ Genroku (1688-1704), thời hoàng kim của văn hóa thị dân Edo	Nguyên Lộc Kì
n2_advanced_drafts	batch_0491_0500	R_0497	女形	おんながた	nam diễn viên đóng vai nữ trong kabuki	Nữ Hình
n2_advanced_drafts	batch_0491_0500	R_0497	様式化	ようしきか	cách điệu hóa, phong cách hóa	Dạng Thức Hóa
n2_advanced_drafts	batch_0491_0500	R_0497	隈取	くまどり	lối trang điểm đặc trưng của kabuki, vẽ đường sọc mặt	Uôm Thủ
n2_advanced_drafts	batch_0491_0500	R_0497	見得	みえ	tư thế tĩnh đặc trưng của kabuki, khoảnh khắc diễn viên đứng yên thu hút chú ý	Kiến Đắc
n2_advanced_drafts	batch_0491_0500	R_0497	花道	はなみち	hoa đạo, con đường xuyên qua khán phòng trong sân khấu kabuki	Hoa Đạo
n2_advanced_drafts	batch_0491_0500	R_0497	町人層	ちょうにんそう	tầng lớp thị dân, thương nhân và thợ thủ công thời Edo	Đinh Nhân Tằng
n2_advanced_drafts	batch_0491_0500	R_0497	連綿	れんめん	liên tục, không ngừng, kéo dài mãi	Liên Miên
n2_advanced_drafts	batch_0491_0500	R_0497	深化	しんか	sự sâu sắc hóa, làm sâu thêm	Thâm Hóa
n2_advanced_drafts	batch_0491_0500	R_0497	普遍的	ふへんてき	phổ quát, mang tính toàn cầu	Phổ Biến Đích
n2_advanced_drafts	batch_0491_0500	R_0497	礼儀作法	れいぎさほう	phép tắc, lễ nghi, cách ứng xử	Lễ Nghi Tác Pháp
n2_advanced_drafts	batch_0491_0500	R_0497	均衡	きんこう	sự cân bằng, sự quân bình	Quân Hành
n2_advanced_drafts	batch_0491_0500	R_0497	真髄	しんずい	tinh tủy, bản chất cốt lõi sâu nhất	Chân Tủy
n2_advanced_drafts	batch_0491_0500	R_0497	変容	へんよう	sự biến đổi, biến dạng (theo nghĩa tích cực)	Biến Dung
n2_advanced_drafts	batch_0491_0500	R_0498	希薄化	きはくか	sự trở nên nhạt nhòa, loãng dần	Hi Bạc Hóa
n2_advanced_drafts	batch_0491_0500	R_0498	逆説	ぎゃくせつ	nghịch lý	Nghịch Thuyết
n2_advanced_drafts	batch_0491_0500	R_0498	利便性	りべんせい	sự tiện lợi, tính tiện ích	Lợi Tiện Tính
n2_advanced_drafts	batch_0491_0500	R_0498	偶発的	ぐうはつてき	ngẫu nhiên, tình cờ	Ngẫu Phát Đích
n2_advanced_drafts	batch_0491_0500	R_0498	反射的	はんしゃてき	phản xạ, một cách phản xạ	Phản Xạ Đích
n2_advanced_drafts	batch_0491_0500	R_0498	非言語的	ひげんごてき	phi ngôn ngữ	Phi Ngôn Ngữ Đích
n2_advanced_drafts	batch_0491_0500	R_0498	信頼関係	しんらいかんけい	mối quan hệ tin tưởng, lòng tin	Tín Lại Quan Hệ
n2_advanced_drafts	batch_0491_0500	R_0498	承認欲求	しょうにんよっきゅう	nhu cầu được công nhận, được thừa nhận	Thừa Nhận Dục Cầu
n2_advanced_drafts	batch_0491_0500	R_0498	肥大化	ひだいか	sự phình to, phình đại	Phì Đại Hóa
n2_advanced_drafts	batch_0491_0500	R_0498	摩擦	まさつ	mâu thuẫn, ma sát (trong quan hệ người)	Ma Sát
n2_advanced_drafts	batch_0491_0500	R_0498	葛藤	かっとう	xung đột nội tâm, mâu thuẫn	Cát Đằng
n2_advanced_drafts	batch_0491_0500	R_0498	媒介	ばいかい	trung gian, môi giới	Môi Giới
n2_advanced_drafts	batch_0491_0500	R_0498	共鳴	きょうめい	sự cộng hưởng, đồng cảm	Cộng Minh
n2_advanced_drafts	batch_0491_0500	R_0498	生身	なまみ	bằng xương bằng thịt, thực thể sống	Sanh Thân
n2_advanced_drafts	batch_0491_0500	R_0499	巨人	きょじん	vĩ nhân, khổng lồ	Cự Nhân
n2_advanced_drafts	batch_0491_0500	R_0499	葛藤	かっとう	xung đột nội tâm, mâu thuẫn	Cát Đằng
n2_advanced_drafts	batch_0491_0500	R_0499	緻密	ちみつ	tỉ mỉ, chi tiết	Trí Mật
n2_advanced_drafts	batch_0491_0500	R_0499	文壇	ぶんだん	văn đàn, giới văn học	Văn Đàn
n2_advanced_drafts	batch_0491_0500	R_0499	相対性	そうたいせい	tính tương đối	Tương Đối Tính
n2_advanced_drafts	batch_0491_0500	R_0499	冗長	じょうちょう	dài dòng, lắm lời	Nhũng Trường
n2_advanced_drafts	batch_0491_0500	R_0499	美学	びがく	mỹ học, quan niệm thẩm mỹ	Mĩ Học
n2_advanced_drafts	batch_0491_0500	R_0499	漠然	ばくぜん	mơ hồ, không rõ ràng	Mạc Nhiên
n2_advanced_drafts	batch_0491_0500	R_0499	幻覚	げんかく	ảo giác	Huyễn Giác
n2_advanced_drafts	batch_0491_0500	R_0499	登竜門	とうりゅうもん	cổng vào danh vọng, thử thách đầu tiên	Đăng Long Môn
n2_advanced_drafts	batch_0491_0500	R_0499	新進作家	しんしんさっか	nhà văn mới nổi	Tân Tiến Tác Gia
n2_advanced_drafts	batch_0491_0500	R_0499	遺産	いさん	di sản	Di Sản
n2_advanced_drafts	batch_0491_0500	R_0499	雄弁	ゆうべん	hùng hồn, hùng biện	Hùng Biện
n2_advanced_drafts	batch_0491_0500	R_0499	心理的リアリズム	しんりてきリアリズム	chủ nghĩa hiện thực tâm lý	Tâm Lí Đích
n2_advanced_drafts	batch_0491_0500	R_0500	美意識	びいしき	thẩm mỹ quan, ý thức về cái đẹp	Mĩ Ý Thức
n2_advanced_drafts	batch_0491_0500	R_0500	黄禍論	こうかろん	thuyết họa da vàng (tâm lý kỳ thị người châu Á tại phương Tây)	Hoàng Họa Luận
n2_advanced_drafts	batch_0491_0500	R_0500	茶の湯	ちゃのゆ	trà đạo (nghệ thuật pha trà truyền thống Nhật)	Trà Thang
n2_advanced_drafts	batch_0491_0500	R_0500	融合	ゆうごう	dung hợp, kết hợp	Dung Hợp
n2_advanced_drafts	batch_0491_0500	R_0500	崇拝	すうはい	sự tôn thờ, sùng bái	Sùng Bái
n2_advanced_drafts	batch_0491_0500	R_0500	侘び	わび	wabi - vẻ đẹp giản dị, tĩnh lặng trong cái chưa hoàn hảo	Sá
n2_advanced_drafts	batch_0491_0500	R_0500	直感する	ちょっかんする	trực cảm, cảm nhận bằng trực giác	Trực Cảm
n2_advanced_drafts	batch_0491_0500	R_0500	空虚	くうきょ	trống rỗng, hư không	Không Hư
n2_advanced_drafts	batch_0491_0500	R_0500	造園	ぞうえん	làm vườn, tạo cảnh quan	Tạo Viên
n2_advanced_drafts	batch_0491_0500	R_0500	先駆者	せんくしゃ	người tiên phong, người mở đường	Tiên Khu Giả
n2_advanced_drafts	batch_0491_0500	R_0500	共鳴する	きょうめいする	cộng hưởng, đồng điệu	Cộng Minh
n2_advanced_drafts	batch_0491_0500	R_0500	美術批評家	びじゅつひひょうか	nhà phê bình nghệ thuật	Mĩ Thuật Phê Bình Gia
n2_advanced_drafts	batch_0491_0500	R_0500	普遍	ふへん	phổ quát, có giá trị với mọi nơi mọi thời	Phổ Biến
n2_advanced_drafts	batch_0491_0500	R_0500	文化固有	ぶんかこゆう	đặc thù văn hóa, riêng biệt của từng văn hóa	Văn Hóa Cố Hữu
n2_advanced_drafts	batch_0501_0510	R_0501	解体	かいたい	sự tan rã, giải thể	Giải Thể
n2_advanced_drafts	batch_0501_0510	R_0501	席巻する	せっけんする	tràn qua, cuốn phăng (toàn bộ)	Tịch Quyển
n2_advanced_drafts	batch_0501_0510	R_0501	単身世帯	たんしんせたい	hộ gia đình đơn thân	Đơn Thân Thế Đới
n2_advanced_drafts	batch_0501_0510	R_0501	驚愕	きょうがく	sự kinh ngạc, sửng sốt	Kinh Ngạc
n2_advanced_drafts	batch_0501_0510	R_0501	三世代同居	さんせだいどうきょ	ba thế hệ cùng chung sống	Tam Thế Đại Đồng Cư
n2_advanced_drafts	batch_0501_0510	R_0501	遺物	いぶつ	di vật, tàn tích	Di Vật
n2_advanced_drafts	batch_0501_0510	R_0501	独居老人	どっきょろうじん	người già sống một mình	Độc Cư Lão Nhân
n2_advanced_drafts	batch_0501_0510	R_0501	紐帯	ちゅうたい	sợi dây liên kết, mối ràng buộc	Nữu Đới
n2_advanced_drafts	batch_0501_0510	R_0501	孤独死	こどくし	chết cô đơn (không ai hay biết)	Cô Độc Tử
n2_advanced_drafts	batch_0501_0510	R_0501	社会保障制度	しゃかいほしょうせいど	hệ thống an sinh xã hội	Xã Hội Bảo Chướng Chế Độ
n2_advanced_drafts	batch_0501_0510	R_0501	血縁・地縁・社縁	けつえん・ちえん・しゃえん	huyết thống, địa duyên (quan hệ láng giềng), xã hội (quan hệ nghề nghiệp)	Huyết Duyên Địa Duyên Xã Duyên
n2_advanced_drafts	batch_0501_0510	R_0501	浮遊する	ふゆうする	trôi nổi, lơ lửng	Phù Du
n2_advanced_drafts	batch_0501_0510	R_0501	選択的家族	せんたくてきかぞく	gia đình lựa chọn (không dựa trên huyết thống)	Tuyển Trạch Đích Gia Tộc
n2_advanced_drafts	batch_0501_0510	R_0501	帰属欲求	きぞくよっきゅう	nhu cầu quy thuộc, nhu cầu được thuộc về một tập thể	Quy Chúc Dục Cầu
n2_advanced_drafts	batch_0501_0510	R_0502	甚大	じんだい	cực kỳ lớn, khổng lồ (thiệt hại)	Thậm Đại
n2_advanced_drafts	batch_0501_0510	R_0502	猛威	もうい	sức mạnh cuồng nộ, uy lực dữ dội	Mãnh Uy
n2_advanced_drafts	batch_0501_0510	R_0502	惨禍	さんか	thảm họa, tai ương thảm khốc	Thảm Họa
n2_advanced_drafts	batch_0501_0510	R_0502	無常観	むじょうかん	quan niệm vô thường (Phật giáo)	Vô Thường Quan
n2_advanced_drafts	batch_0501_0510	R_0502	根底	こんてい	nền tảng, cội rễ sâu xa	Căn Để
n2_advanced_drafts	batch_0501_0510	R_0502	喪失	そうしつ	sự mất mát	Tang Thất
n2_advanced_drafts	batch_0501_0510	R_0502	愛着	あいちゃく	tình yêu gắn bó, tình cảm sâu đậm	Ái Trứ
n2_advanced_drafts	batch_0501_0510	R_0502	継承	けいしょう	sự truyền lại, kế thừa	Kế Thừa
n2_advanced_drafts	batch_0501_0510	R_0502	高台移転	たかだいいてん	di dời lên vùng cao (tránh nguy hiểm)	Cao Thai Di Chuyển
n2_advanced_drafts	batch_0501_0510	R_0502	切実	せつじつ	khẩn thiết, cấp bách, sâu sắc	Thiết Thực
n2_advanced_drafts	batch_0501_0510	R_0502	共生	きょうせい	cùng sinh tồn, cộng sinh	Cộng Sanh
n2_advanced_drafts	batch_0501_0510	R_0502	繰り返し	くりかえし	sự lặp lại	Sào Phản
n2_advanced_drafts	batch_0501_0510	R_0502	壊滅	かいめつ	tàn phá hoàn toàn, hủy diệt	Hoại Diệt
n2_advanced_drafts	batch_0501_0510	R_0503	内包する	ないほうする	chứa đựng bên trong, bao hàm	Nội Bao
n2_advanced_drafts	batch_0501_0510	R_0503	搾取	さくしゅ	bóc lột, khai thác (theo nghĩa tiêu cực)	Trá Thủ
n2_advanced_drafts	batch_0501_0510	R_0503	断罪	だんざい	lên án, kết tội	Đoạn Tội
n2_advanced_drafts	batch_0501_0510	R_0503	葛藤	かっとう	giằng xé nội tâm, mâu thuẫn	Cát Đằng
n2_advanced_drafts	batch_0501_0510	R_0503	アニミズム	アニミズム	thuyết vạn vật hữu linh	
n2_advanced_drafts	batch_0501_0510	R_0503	神道	しんとう	Thần đạo (tôn giáo truyền thống Nhật)	Thần Đạo
n2_advanced_drafts	batch_0501_0510	R_0503	畏れ	おそれ	sự sợ hãi, lòng kính sợ	Úy
n2_advanced_drafts	batch_0501_0510	R_0503	腐海	ふかい	biển nấm độc (trong Nausicaa)	Hủ Hải
n2_advanced_drafts	batch_0501_0510	R_0503	通奏低音	つうそうていおん	âm trầm liên tục, chủ đề xuyên suốt (ẩn dụ)	Thông Tấu Đê Âm
n2_advanced_drafts	batch_0501_0510	R_0503	傲慢さ	ごうまんさ	sự ngạo mạn, kiêu ngạo	Ngạo Mạn
n2_advanced_drafts	batch_0501_0510	R_0503	逆説	ぎゃくせつ	nghịch lý	Nghịch Thuyết
n2_advanced_drafts	batch_0501_0510	R_0503	証左	しょうさ	bằng chứng, minh chứng	Chứng Tả
n2_advanced_drafts	batch_0501_0510	R_0504	ゆとり教育	ゆとりきょういく	giáo dục giảm tải (chính sách 2002-2011)	Giáo Dục
n2_advanced_drafts	batch_0501_0510	R_0504	学習指導要領	がくしゅうしどうようりょう	chương trình giảng dạy quốc gia	Học Tập Chỉ Đạo Yếu Lĩnh
n2_advanced_drafts	batch_0501_0510	R_0504	リテラシー	リテラシー	năng lực đọc hiểu và vận dụng	
n2_advanced_drafts	batch_0501_0510	R_0504	学力崩壊	がくりょくほうかい	sự sụp đổ học lực	Học Lực Băng Hoại
n2_advanced_drafts	batch_0501_0510	R_0504	元凶	げんきょう	nguyên nhân chính, thủ phạm chính	Nguyên Hung
n2_advanced_drafts	batch_0501_0510	R_0504	擁護	ようご	bảo vệ, biện hộ	Ủng Hộ
n2_advanced_drafts	batch_0501_0510	R_0504	抜本的	ばっぽんてき	triệt để, toàn diện (cải cách căn bản)	Bạt Bản Đích
n2_advanced_drafts	batch_0501_0510	R_0504	詰め込み教育	つめこみきょういく	giáo dục nhồi nhét	Cật Nhập Giáo Dục
n2_advanced_drafts	batch_0501_0510	R_0504	政策立案者	せいさくりつあんしゃ	người xây dựng chính sách	Chánh Sách Lập Án Giả
n2_advanced_drafts	batch_0501_0510	R_0504	還元	かんげん	quy đổi, rút gọn về	Hoàn Nguyên
n2_advanced_drafts	batch_0501_0510	R_0504	尺度	しゃくど	thước đo, tiêu chí đánh giá	Xích Độ
n2_advanced_drafts	batch_0501_0510	R_0504	契機	けいき	cơ hội, động lực, điểm khởi phát	Khế Ki
n2_advanced_drafts	batch_0501_0510	R_0505	就活	しゅうかつ	hoạt động tìm việc làm (viết tắt của 就職活動)	Tựu Hoạt
n2_advanced_drafts	batch_0501_0510	R_0505	リクルートスーツ	リクルートスーツ	bộ suit tuyển dụng (trang phục chuẩn khi đi phỏng vấn tại Nhật)	
n2_advanced_drafts	batch_0501_0510	R_0505	OB・OG訪問	オービーオージーほうもん	thăm hỏi đàn anh/đàn chị đã tốt nghiệp để tìm hiểu về công ty	Phóng Vấn
n2_advanced_drafts	batch_0501_0510	R_0505	内定	ないてい	lời mời nhận việc (offer chưa chính thức nhưng có giá trị pháp lý)	Nội Định
n2_advanced_drafts	batch_0501_0510	R_0505	就活うつ	しゅうかつうつ	trầm cảm do shukatsu gây ra	Tựu Hoạt
n2_advanced_drafts	batch_0501_0510	R_0505	重篤	じゅうとく	nghiêm trọng, nguy kịch (dùng cho tình trạng sức khỏe)	Trọng Đốc
n2_advanced_drafts	batch_0501_0510	R_0505	学歴フィルター	がくれきフィルター	bộ lọc học vấn (loại hồ sơ dựa trên trường đại học)	Học Lịch
n2_advanced_drafts	batch_0501_0510	R_0505	公然の秘密	こうぜんのひみつ	bí mật được công khai (ai cũng biết nhưng không nói thẳng)	Công Nhiên Bí Mật
n2_advanced_drafts	batch_0501_0510	R_0505	即戦力	そくせんりょく	nhân lực có thể làm việc ngay, không cần đào tạo thêm	Tức Chiến Lực
n2_advanced_drafts	batch_0501_0510	R_0505	試行錯誤	しこうさくご	thử nghiệm và sai lầm, mò mẫm	Thí Hành Thác Ngộ
n2_advanced_drafts	batch_0501_0510	R_0505	抜本的	ばっぽんてき	triệt để, tận gốc rễ	Bạt Bản Đích
n2_advanced_drafts	batch_0501_0510	R_0505	醸成	じょうせい	xây dựng dần, vun đắp (văn hóa, bầu không khí)	Nhưỡng Thành
n2_advanced_drafts	batch_0501_0510	R_0505	偏差値	へんさち	điểm chuẩn thi đại học (thang đo năng lực học thuật tại Nhật)	Thiên Soa Trị
n2_advanced_drafts	batch_0501_0510	R_0506	陰翳	いんえい	bóng tối, sự mờ tối, chiaroscuro	Âm Ế
n2_advanced_drafts	batch_0501_0510	R_0506	陰翳礼讃	いんえいらいさん	Ngợi ca bóng tối (tùy bút 1933 của Tanizaki)	Âm Ế Lễ Tán
n2_advanced_drafts	batch_0501_0510	R_0506	美意識	びいしき	ý thức thẩm mỹ	Mĩ Ý Thức
n2_advanced_drafts	batch_0501_0510	R_0506	漆器	しっき	đồ sơn mài	Tất Khí
n2_advanced_drafts	batch_0501_0510	R_0506	燈火	とうか	ngọn đèn, ánh đèn	Đăng Hỏa
n2_advanced_drafts	batch_0501_0510	R_0506	光沢	こうたく	độ bóng, ánh bóng	Quang Trạch
n2_advanced_drafts	batch_0501_0510	R_0506	繊細	せんさい	tinh tế, nhạy cảm	Tiêm Tế
n2_advanced_drafts	batch_0501_0510	R_0506	感受性	かんじゅせい	cảm thụ, độ nhạy cảm	Cảm Thụ Tính
n2_advanced_drafts	batch_0501_0510	R_0506	床の間	とこのま	tokonoma - hốc tường trang trí trong nhà truyền thống Nhật	Sàng Gian
n2_advanced_drafts	batch_0501_0510	R_0506	襖	ふすま	fusuma - cửa trượt truyền thống Nhật	Áo
n2_advanced_drafts	batch_0501_0510	R_0506	障壁画	しょうへきが	tranh vách ngăn truyền thống Nhật	Chướng Bích Họa
n2_advanced_drafts	batch_0501_0510	R_0506	金箔	きんぱく	vàng lá	Kim Bạc
n2_advanced_drafts	batch_0501_0510	R_0506	縁側	えんがわ	hiên nhà kiểu Nhật	Duyên Trắc
n2_advanced_drafts	batch_0501_0510	R_0506	讃歌	さんか	bài ca ngợi	Tán Ca
n2_advanced_drafts	batch_0501_0510	R_0507	森林浴	しんりんよく	tắm rừng (shinrin-yoku)	Sâm Lâm Dục
n2_advanced_drafts	batch_0501_0510	R_0507	林野庁	りんやちょう	Cơ quan Lâm nghiệp (thuộc Bộ Nông nghiệp Nhật Bản)	Lâm Dã Sảnh
n2_advanced_drafts	batch_0501_0510	R_0507	フィトンチッド	フィトンチッド	phytoncide (hợp chất bay hơi do cây tiết ra)	
n2_advanced_drafts	batch_0501_0510	R_0507	揮発性有機化合物	きはつせいゆうきかごうぶつ	hợp chất hữu cơ bay hơi	Huy Phát Tính Hữu Ki Hóa Hợp Vật
n2_advanced_drafts	batch_0501_0510	R_0507	NK細胞	エヌケーさいぼう	tế bào NK (natural killer cell, tế bào miễn dịch)	Tế Bào
n2_advanced_drafts	batch_0501_0510	R_0507	コルチゾール	コルチゾール	cortisol (hoóc-môn căng thẳng)	
n2_advanced_drafts	batch_0501_0510	R_0507	副交感神経	ふくこうかんしんけい	thần kinh phó giao cảm (para-sympathetic nerve)	Phó Giao Cảm Thần Kinh
n2_advanced_drafts	batch_0501_0510	R_0507	抑うつ傾向	よくうつけいこう	xu hướng trầm cảm	Ức Khuynh Hướng
n2_advanced_drafts	batch_0501_0510	R_0507	森林療法	しんりんりょうほう	liệu pháp rừng	Sâm Lâm Liệu Pháp
n2_advanced_drafts	batch_0501_0510	R_0507	プロトコル	プロトコル	giao thức, quy trình chuẩn	
n2_advanced_drafts	batch_0501_0510	R_0507	臨床的	りんしょうてき	lâm sàng, liên quan đến điều trị lâm sàng	Lâm Sàng Đích
n2_advanced_drafts	batch_0501_0510	R_0507	エビデンス	エビデンス	bằng chứng (evidence)	
n2_advanced_drafts	batch_0501_0510	R_0507	介入	かいにゅう	can thiệp (medical intervention)	Giới Nhập
n2_advanced_drafts	batch_0501_0510	R_0507	有意に	ゆういに	có ý nghĩa thống kê, rõ ràng	Hữu Ý
n2_advanced_drafts	batch_0501_0510	R_0508	金継ぎ	きんつぎ	kintsugi - kỹ thuật phục chế gốm bằng vàng	Kim Kế
n2_advanced_drafts	batch_0501_0510	R_0508	漆	うるし	sơn mài - nhựa cây urushi dùng làm chất kết dính và phủ bề mặt	Tất
n2_advanced_drafts	batch_0501_0510	R_0508	金粉	きんぷん	bột vàng - dùng để rắc lên vết nối trong kintsugi	Kim Phấn
n2_advanced_drafts	batch_0501_0510	R_0508	修復技法	しゅうふくぎほう	kỹ thuật phục chế	Tu Phục Kĩ Pháp
n2_advanced_drafts	batch_0501_0510	R_0508	内包する	ないほうする	bao hàm, chứa đựng bên trong	Nội Bao
n2_advanced_drafts	batch_0501_0510	R_0508	讃える	たたえる	ca ngợi, tôn vinh	Tán
n2_advanced_drafts	batch_0501_0510	R_0508	変貌を遂げる	へんぼうをとげる	hoàn thành sự biến đổi, lột xác	Biến Bạo Toại
n2_advanced_drafts	batch_0501_0510	R_0508	侘び寂び	わびさび	wabi-sabi - ý thức thẩm mỹ về vẻ đẹp của sự không hoàn hảo	Sá Tịch
n2_advanced_drafts	batch_0501_0510	R_0508	儚い	はかない	phù du, thoáng qua	Mộng
n2_advanced_drafts	batch_0501_0510	R_0508	体現する	たいげんする	thể hiện, hiện thân	Thể Hiện
n2_advanced_drafts	batch_0501_0510	R_0508	逆説的	ぎゃくせつてき	mang tính nghịch lý	Nghịch Thuyết Đích
n2_advanced_drafts	batch_0501_0510	R_0508	昇華させる	しょうかさせる	thăng hoa, nâng cao thành điều cao quý hơn	Thăng Hoa
n2_advanced_drafts	batch_0501_0510	R_0508	自己受容	じこじゅよう	sự chấp nhận bản thân	Tự Kỉ Thụ Dung
n2_advanced_drafts	batch_0501_0510	R_0508	回復力	かいふくりょく	khả năng phục hồi, resilience	Hồi Phục Lực
n2_advanced_drafts	batch_0501_0510	R_0508	縁取る	ふちどる	tô viền, viền quanh	Duyên Thủ
n2_advanced_drafts	batch_0501_0510	R_0509	過労死	かろうし	quá lao tử, chết vì làm việc quá sức	Quá Lao Tử
n2_advanced_drafts	batch_0501_0510	R_0509	脳卒中	のうそっちゅう	đột quỵ, tai biến mạch máu não	Não Tốt Trung
n2_advanced_drafts	batch_0501_0510	R_0509	席巻する	せっけんする	thống trị, càn quét	Tịch Quyển
n2_advanced_drafts	batch_0501_0510	R_0509	信仰	しんこう	niềm tin, tín ngưỡng	Tín Ngưỡng
n2_advanced_drafts	batch_0501_0510	R_0509	根づく	ねづく	ăn sâu, bám rễ	Căn
n2_advanced_drafts	batch_0501_0510	R_0509	横行する	おうこうする	phổ biến tràn lan, hoành hành	Hoành Hành
n2_advanced_drafts	batch_0501_0510	R_0509	集団主義	しゅうだんしゅぎ	chủ nghĩa tập thể	Tập Đoàn Chủ Nghĩa
n2_advanced_drafts	batch_0501_0510	R_0509	規範	きはん	chuẩn mực, quy phạm	Quy Phạm
n2_advanced_drafts	batch_0501_0510	R_0509	献身	けんしん	sự hiến dâng, tận tụy	Hiến Thân
n2_advanced_drafts	batch_0501_0510	R_0509	サービス残業	サービスざんぎょう	làm thêm không được trả lương, làm thêm dịch vụ	Tàn Nghiệp
n2_advanced_drafts	batch_0501_0510	R_0509	遺族	いぞく	gia đình nạn nhân, thân nhân người quá cố	Di Tộc
n2_advanced_drafts	batch_0501_0510	R_0509	罰則規定	ばっそくきてい	điều khoản xử phạt	Phạt Tắc Quy Định
n2_advanced_drafts	batch_0501_0510	R_0509	推計	すいけい	ước tính, dự tính	Thôi Kế
n2_advanced_drafts	batch_0501_0510	R_0510	飛躍的	ひやくてき	vượt bậc, đột phá	Phi Dược Đích
n2_advanced_drafts	batch_0501_0510	R_0510	遜色ない	そんしょくない	không thua kém, ngang bằng	Tốn Sắc
n2_advanced_drafts	batch_0501_0510	R_0510	存在意義	そんざいいぎ	ý nghĩa tồn tại, lý do tồn tại	Tồn Tại Ý Nghĩa
n2_advanced_drafts	batch_0501_0510	R_0510	同時通訳	どうじつうやく	phiên dịch đồng thời	Đồng Thì Thông Dịch
n2_advanced_drafts	batch_0501_0510	R_0510	ニュアンス	ニュアンス	sắc thái, nét tinh tế	
n2_advanced_drafts	batch_0501_0510	R_0510	把握	はあく	nắm bắt, hiểu rõ	Bả Ác
n2_advanced_drafts	batch_0501_0510	R_0510	交渉の行方	こうしょうのゆくえ	diễn biến đàm phán, kết quả đàm phán	Giao Thiệp Hành Phương
n2_advanced_drafts	batch_0501_0510	R_0510	医療通訳	いりょうつうやく	phiên dịch y tế	Y Liệu Thông Dịch
n2_advanced_drafts	batch_0501_0510	R_0510	付加価値	ふかかち	giá trị gia tăng	Phó Gia Giá Trị
n2_advanced_drafts	batch_0501_0510	R_0510	仲介者	ちゅうかいしゃ	người trung gian	Trọng Giới Giả
n2_advanced_drafts	batch_0501_0510	R_0510	協働	きょうどう	hợp tác cùng làm việc	Hiệp Động
n2_advanced_drafts	batch_0501_0510	R_0510	企業買収	きぎょうばいしゅう	mua bán, thâu tóm doanh nghiệp	Xí Nghiệp Mãi Thu
n2_advanced_drafts	batch_0511_0520	R_0511	風土	ふうど	phong thổ, môi trường khí hậu và địa lý	Phong Thổ
n2_advanced_drafts	batch_0511_0520	R_0511	人間学的	にんげんがくてき	thuộc về nhân học (anthropological)	Nhân Gian Học Đích
n2_advanced_drafts	batch_0511_0520	R_0511	規定する	きていする	quy định, xác định	Quy Định
n2_advanced_drafts	batch_0511_0520	R_0511	命題	めいだい	mệnh đề (thuật ngữ triết học/logic)	Mệnh Đề
n2_advanced_drafts	batch_0511_0520	R_0511	類型	るいけい	kiểu mẫu, phân loại	Loại Hình
n2_advanced_drafts	batch_0511_0520	R_0511	忍従的	にんじゅうてき	mang tính nhẫn nhịn, phục tùng	Nhẫn Tùng Đích
n2_advanced_drafts	batch_0511_0520	R_0511	能動的	のうどうてき	tích cực, chủ động	Năng Động Đích
n2_advanced_drafts	batch_0511_0520	R_0511	二極的	にきょくてき	lưỡng cực, có hai thực cực đối lập	Nhị Cực Đích
n2_advanced_drafts	batch_0511_0520	R_0511	本質主義	ほんしつしゅぎ	bản chất chủ nghĩa (essentialism)	Bản Chất Chủ Nghĩa
n2_advanced_drafts	batch_0511_0520	R_0511	還元する	かんげんする	quy giản, thu gọn về thành tố cơ bản	Hoàn Nguyên
n2_advanced_drafts	batch_0511_0520	R_0511	相互規定	そうごきてい	sự quy định lẫn nhau	Tương Hỗ Quy Định
n2_advanced_drafts	batch_0511_0520	R_0511	風土性	ふうどせい	tính phong thổ, thuộc tính môi trường-nhân tính	Phong Thổ Tính
n2_advanced_drafts	batch_0511_0520	R_0511	環境倫理学	かんきょうりんりがく	đạo đức học môi trường	Hoàn Cảnh Luân Lí Học
n2_advanced_drafts	batch_0511_0520	R_0511	希薄化	きはくか	sự nhạt nhòa, trở nên loãng	Hi Bạc Hóa
n2_advanced_drafts	batch_0511_0520	R_0512	静謐	せいひつ	sự tĩnh lặng, yên bình	Tĩnh Mật
n2_advanced_drafts	batch_0511_0520	R_0512	体現	たいげん	thể hiện, hiện thân	Thể Hiện
n2_advanced_drafts	batch_0511_0520	R_0512	精神世界	せいしんせかい	thế giới tinh thần	Tinh Thần Thế Giới
n2_advanced_drafts	batch_0511_0520	R_0512	しなやか	しなやか	mềm mại, uyển chuyển	
n2_advanced_drafts	batch_0511_0520	R_0512	逆境	ぎゃっきょう	nghịch cảnh, hoàn cảnh khắc nghiệt	Nghịch Cảnh
n2_advanced_drafts	batch_0511_0520	R_0512	清涼感	せいりょうかん	cảm giác mát mẻ, tươi mát	Thanh Lương Cảm
n2_advanced_drafts	batch_0511_0520	R_0512	境地	きょうち	cảnh giới, trạng thái tâm hồn	Cảnh Địa
n2_advanced_drafts	batch_0511_0520	R_0512	枯山水	かれさんすい	vườn đá khô kiểu Nhật (karesansui)	Khô San Thủy
n2_advanced_drafts	batch_0511_0520	R_0512	里山	さとやま	satoyama, vùng nông thôn-rừng sinh thái truyền thống	Lí San
n2_advanced_drafts	batch_0511_0520	R_0512	侵食	しんしょく	xâm thực, xâm chiếm	Xâm Thực
n2_advanced_drafts	batch_0511_0520	R_0512	格段	かくだん	rõ rệt, đáng kể	Cách Đoạn
n2_advanced_drafts	batch_0511_0520	R_0512	指針	ししん	phương châm, kim chỉ nam	Chỉ Châm
n2_advanced_drafts	batch_0511_0520	R_0513	割腹自殺	かっぷくじさつ	tự tử bằng cách mổ bụng, seppuku	Cát Phúc Tự Sát
n2_advanced_drafts	batch_0511_0520	R_0513	執着	しゅうちゃく	sự mê đắm, sự bám víu	Chấp Trứ
n2_advanced_drafts	batch_0511_0520	R_0513	武士道精神	ぶしどうせいしん	tinh thần võ sĩ đạo	Vũ Sĩ Đạo Tinh Thần
n2_advanced_drafts	batch_0511_0520	R_0513	嫉妬	しっと	sự ghen tuông	Tật Đố, đốt
n2_advanced_drafts	batch_0511_0520	R_0513	破壊衝動	はかいしょうどう	xung động phá hủy	Phá Hoại Xung Động
n2_advanced_drafts	batch_0511_0520	R_0513	繊細	せんさい	tinh tế, nhạy cảm	Tiêm Tế
n2_advanced_drafts	batch_0511_0520	R_0513	鍛錬	たんれん	sự rèn luyện, tu dưỡng	Đoán Luyện
n2_advanced_drafts	batch_0511_0520	R_0513	偏愛	へんあい	tình yêu thiên lệch, sự mê đắm	Thiên Ái
n2_advanced_drafts	batch_0511_0520	R_0513	儚い	はかない	mong manh, ngắn ngủi, vô thường	Mộng
n2_advanced_drafts	batch_0511_0520	R_0513	片付ける	かたづける	xử lý gọn, cho qua (ở đây: coi như chuyện đơn giản)	Phiến Phó
n2_advanced_drafts	batch_0511_0520	R_0513	踏みにじる	ふみにじる	chà đạp, giẫm lên	Đạp
n2_advanced_drafts	batch_0511_0520	R_0513	共鳴	きょうめい	sự cộng hưởng	Cộng Minh
n2_advanced_drafts	batch_0511_0520	R_0513	象徴	しょうちょう	biểu tượng	Tượng Trưng
n2_advanced_drafts	batch_0511_0520	R_0513	没後	ぼつご	sau khi mất, hậu thế	Một Hậu
n2_advanced_drafts	batch_0511_0520	R_0513	刻まれる	きざまれる	được khắc ghi	Khắc
n2_advanced_drafts	batch_0511_0520	R_0514	大成	たいせい	sự hoàn thiện, hoàn chỉnh	Đại Thành
n2_advanced_drafts	batch_0511_0520	R_0514	幽玄	ゆうげん	yugen - vẻ đẹp huyền bí sâu xa (khái niệm thẩm mỹ Nhật Bản)	U Huyền
n2_advanced_drafts	batch_0511_0520	R_0514	能面	のうめん	mặt nạ noh	Năng Diện
n2_advanced_drafts	batch_0511_0520	R_0514	シテ方	シテがた	diễn viên chính trong noh (thể hiện linh hồn hoặc nhân vật chính)	Phương
n2_advanced_drafts	batch_0511_0520	R_0514	ワキ方	ワキがた	diễn viên phụ trong noh (thường là nhân vật trần thế)	Phương
n2_advanced_drafts	batch_0511_0520	R_0514	夢幻能	むげんのう	mugen noh - thể loại noh về linh hồn và ảo mộng	Mộng Huyễn Năng
n2_advanced_drafts	batch_0511_0520	R_0514	奥義	おうぎ	bí quyết tối thượng, tinh túy sâu xa nhất	Áo Nghĩa
n2_advanced_drafts	batch_0511_0520	R_0514	体現	たいげん	thể hiện, hóa thân	Thể Hiện
n2_advanced_drafts	batch_0511_0520	R_0514	余白	よはく	khoảng trống, khoảng trắng (nghệ thuật)	Dư Bạch
n2_advanced_drafts	batch_0511_0520	R_0514	削ぎ落とす	そぎおとす	lược bỏ, tỉa gọt đến mức tối giản	Tước Lạc
n2_advanced_drafts	batch_0511_0520	R_0514	家元制度	いえもとせいど	hệ thống iemoto - chế độ gia tộc nắm giữ truyền thống nghệ thuật	Gia Nguyên Chế Độ
n2_advanced_drafts	batch_0511_0520	R_0514	稽古	けいこ	luyện tập, tu luyện nghệ thuật	Kê, khể Cổ
n2_advanced_drafts	batch_0511_0520	R_0514	風姿花伝	ふうしかでん	Fushikaden - tác phẩm lý luận noh của Zeami	Phong Tư Hoa Truyền
n2_advanced_drafts	batch_0511_0520	R_0514	喚起	かんき	gợi lên, khơi dậy	Hoán Khởi
n2_advanced_drafts	batch_0511_0520	R_0515	モンスターペアレント	モンスターペアレント	phụ huynh quái thú (thuật ngữ xã hội Nhật từ 2007, chỉ phụ huynh có yêu cầu thái quá vô lý đối với trường học)	
n2_advanced_drafts	batch_0511_0520	R_0515	根幹	こんかん	nền tảng, cốt lõi, căn bản	Căn Cán
n2_advanced_drafts	batch_0511_0520	R_0515	難癖をつける	なんくせをつける	soi mói, bắt bẻ, tìm chỗ chỉ trích	Nan Phích
n2_advanced_drafts	batch_0511_0520	R_0515	際限のない	さいげんのない	vô tận, không có giới hạn	Tế Hạn
n2_advanced_drafts	batch_0511_0520	R_0515	精神疾患	せいしんしっかん	bệnh tâm thần, rối loạn tâm thần	Tinh Thần Tật Hoạn
n2_advanced_drafts	batch_0511_0520	R_0515	忌避する	きひする	né tránh, từ chối, ghét bỏ	Kị Tị
n2_advanced_drafts	batch_0511_0520	R_0515	聖職者	せいしょくしゃ	người có thiên chức cao quý (dùng cho giáo viên, linh mục)	Thánh Chức Giả
n2_advanced_drafts	batch_0511_0520	R_0515	核家族化	かくかぞくか	xu hướng gia đình hạt nhân hóa (chỉ cha mẹ + con, không có ông bà)	Hạch Gia Tộc Hóa
n2_advanced_drafts	batch_0511_0520	R_0515	孤立化	こりつか	sự cô lập hóa, trở nên bị cô lập	Cô Lập Hóa
n2_advanced_drafts	batch_0511_0520	R_0515	投影する	とうえいする	chiếu lên, phóng chiếu (tâm lý học: project)	Đầu Ảnh
n2_advanced_drafts	batch_0511_0520	R_0515	専門性	せんもんせい	tính chuyên nghiệp, chuyên môn tính	Chuyên Môn Tính
n2_advanced_drafts	batch_0511_0520	R_0515	打開する	だかいする	mở ra hướng giải quyết, phá vỡ bế tắc	Đả Khai
n2_advanced_drafts	batch_0511_0520	R_0515	疲弊しきる	ひへいしきる	kiệt sức hoàn toàn, mệt mỏi đến cùng cực	Bì Tệ
n2_advanced_drafts	batch_0511_0520	R_0516	硬直化	こうちょくか	sự cứng nhắc, tình trạng mất linh hoạt	Ngạnh Trực Hóa
n2_advanced_drafts	batch_0511_0520	R_0516	席巻	せっけん	thống lĩnh, càn quét (thị trường)	Tịch Quyển
n2_advanced_drafts	batch_0511_0520	R_0516	利益相反	りえきそうはん	mâu thuẫn lợi ích	Lợi Ích Tương Phản
n2_advanced_drafts	batch_0511_0520	R_0516	破壊的イノベーション	はかいてきイノベーション	đổi mới mang tính phá vỡ (disruptive innovation)	Phá Hoại Đích
n2_advanced_drafts	batch_0511_0520	R_0516	ジレンマ	ジレンマ	nghịch lý, thế tiến thoái lưỡng nan (dilemma)	
n2_advanced_drafts	batch_0511_0520	R_0516	構造改革	こうぞうかいかく	cải cách cơ cấu	Cấu Tạo Cải Cách
n2_advanced_drafts	batch_0511_0520	R_0516	断行	だんこう	kiên quyết thực hiện, quyết đoán tiến hành	Đoạn Hành
n2_advanced_drafts	batch_0511_0520	R_0516	エコシステム	エコシステム	hệ sinh thái (ecosystem)	
n2_advanced_drafts	batch_0511_0520	R_0516	レガシー企業	レガシーきぎょう	doanh nghiệp lâu đời, tập đoàn truyền thống (legacy)	Xí Nghiệp
n2_advanced_drafts	batch_0511_0520	R_0516	不可欠	ふかけつ	không thể thiếu, tất yếu	Bất Khả Khiếm
n2_advanced_drafts	batch_0511_0520	R_0516	音楽レーベル	おんがくレーベル	hãng thu âm (music label)	Âm Lạc
n2_advanced_drafts	batch_0511_0520	R_0516	主導権	しゅどうけん	quyền kiểm soát, thế chủ động	Chủ Đạo Quyền
n2_advanced_drafts	batch_0511_0520	R_0517	同調圧力	どうちょうあつりょく	áp lực đồng thuận, áp lực buộc phải giống số đông	Đồng Điều Áp Lực
n2_advanced_drafts	batch_0511_0520	R_0517	揶揄	やゆ	chế nhạo, chỉ trích châm biếm	Gia Du
n2_advanced_drafts	batch_0511_0520	R_0517	暗黙の了解	あんもくのりょうかい	quy tắc ngầm, sự hiểu ngầm không nói ra	Ám Mặc Liễu Giải
n2_advanced_drafts	batch_0511_0520	R_0517	社会化	しゃかいか	xã hội hoá (quá trình thích nghi với chuẩn mực xã hội)	Xã Hội Hóa
n2_advanced_drafts	batch_0511_0520	R_0517	建前	たてまえ	tatemae, lập trường bề ngoài, điều được nói ra công khai	Kiến Tiền
n2_advanced_drafts	batch_0511_0520	R_0517	本音	ほんね	honne, lòng thật, điều thực sự nghĩ bên trong	Bản Âm
n2_advanced_drafts	batch_0511_0520	R_0517	制裁	せいさい	chế tài, trừng phạt	Chế Tài
n2_advanced_drafts	batch_0511_0520	R_0517	集団的知性	しゅうだんてきちせい	trí tuệ tập thể	Tập Đoàn Đích Tri Tính
n2_advanced_drafts	batch_0511_0520	R_0517	異議を唱える	いぎをとなえる	lên tiếng phản đối, đưa ra phản biện	Dị Nghị Xướng
n2_advanced_drafts	batch_0511_0520	R_0517	批判的思考	ひはんてきしこう	tư duy phản biện	Phê Phán Đích Tư Khảo
n2_advanced_drafts	batch_0511_0520	R_0517	はらむ	はらむ	ẩn chứa, tiềm ẩn (nguy cơ, vấn đề)	
n2_advanced_drafts	batch_0511_0520	R_0517	抑圧	よくあつ	kìm nén, áp bức	Ức Áp
n2_advanced_drafts	batch_0511_0520	R_0517	洗練	せんれん	tinh tế, trau chuốt	Tẩy Luyện
n2_advanced_drafts	batch_0511_0520	R_0517	頭文字	かしらもじ	chữ viết tắt, chữ cái đầu	Đầu Văn Tự
n2_advanced_drafts	batch_0511_0520	R_0518	料亭	りょうてい	nhà hàng cao cấp truyền thống Nhật Bản	Liêu Đình
n2_advanced_drafts	batch_0511_0520	R_0518	懐石料理	かいせきりょうり	kaiseki ryori, ẩm thực nhiều món theo mùa của Nhật	Hoài Thạch Liêu Lí
n2_advanced_drafts	batch_0511_0520	R_0518	おもてなし	おもてなし	tinh thần đãi khách tận tâm, omotenashi	
n2_advanced_drafts	batch_0511_0520	R_0518	仲居	なかい	nhân viên phục vụ nữ tại ryotei hoặc ryokan	Trọng Cư
n2_advanced_drafts	batch_0511_0520	R_0518	一期一会	いちごいちえ	ichigo ichie, trân trọng mỗi cuộc gặp gỡ như duy nhất trong đời	Nhất Kì Nhất Hội
n2_advanced_drafts	batch_0511_0520	R_0518	旬	しゅん	mùa, thời điểm nguyên liệu ngon nhất	Tuần
n2_advanced_drafts	batch_0511_0520	R_0518	真骨頂	しんこっちょう	tinh hoa thực sự, bản chất đích thực	Chân Cốt Đính
n2_advanced_drafts	batch_0511_0520	R_0518	老舗	しにせ	cơ sở kinh doanh lâu năm, thương hiệu lâu đời	Lão Phố
n2_advanced_drafts	batch_0511_0520	R_0518	敷居が高い	しきいがたかい	ngưỡng cửa cao, khó tiếp cận	Phu Cư Cao
n2_advanced_drafts	batch_0511_0520	R_0518	後継者不足	こうけいしゃぶそく	thiếu người kế thừa	Hậu Kế Giả Bất Túc
n2_advanced_drafts	batch_0511_0520	R_0518	凝縮	ぎょうしゅく	cô đọng, tập trung	Ngưng Súc
n2_advanced_drafts	batch_0511_0520	R_0518	先読み	さきよみ	tiên liệu, đọc trước	Tiên Độc
n2_advanced_drafts	batch_0511_0520	R_0518	格付け	かくづけ	xếp hạng, phân loại	Cách Phó
n2_advanced_drafts	batch_0511_0520	R_0518	具現化	ぐげんか	hiện thực hoá, cụ thể hoá	Cụ Hiện Hóa
n2_advanced_drafts	batch_0511_0520	R_0519	傑作	けっさく	kiệt tác	Kiệt Tác
n2_advanced_drafts	batch_0511_0520	R_0519	葛藤	かっとう	sự giằng xé, xung đột nội tâm	Cát Đằng
n2_advanced_drafts	batch_0511_0520	R_0519	卑屈感	ひくつかん	cảm giác tự ti, mặc cảm thấp kém	Ti Khuất Cảm
n2_advanced_drafts	batch_0511_0520	R_0519	周縁	しゅうえん	ngoại vi, vùng ngoại biên	Chu Duyên
n2_advanced_drafts	batch_0511_0520	R_0519	非対称	ひたいしょう	bất đối xứng	Phi Đối Xưng
n2_advanced_drafts	batch_0511_0520	R_0519	空回り	からまわり	vô ích, chạy không tiến lên	Không Hồi
n2_advanced_drafts	batch_0511_0520	R_0519	謎めいた	なぞめいた	bí ẩn, huyền bí	Mê
n2_advanced_drafts	batch_0511_0520	R_0519	異物	いぶつ	dị vật, thứ không phù hợp	Dị Vật
n2_advanced_drafts	batch_0511_0520	R_0519	懊悩	おうのう	sự dằn vặt, đau khổ khôn nguôi	Áo Não
n2_advanced_drafts	batch_0511_0520	R_0519	楽観論	らっかんろん	thuyết lạc quan	Lạc Quan Luận
n2_advanced_drafts	batch_0511_0520	R_0519	諦観	ていかん	sự buông bỏ, nhìn nhận thực tại không nuối tiếc	Đế Quan
n2_advanced_drafts	batch_0511_0520	R_0519	懐疑	かいぎ	sự hoài nghi	Hoài Nghi
n2_advanced_drafts	batch_0511_0520	R_0519	倦怠	けんたい	sự chán chán, mệt mỏi tinh thần	Quyện Đãi
n2_advanced_drafts	batch_0511_0520	R_0519	前期三部作	ぜんきさんぶさく	bộ ba tác phẩm tiền kỳ (Sanshiro, Sorekara, Mon)	Tiền Kì Tam Bộ Tác
n2_advanced_drafts	batch_0511_0520	R_0519	鮮烈	せんれつ	rực rỡ, mạnh liệt, sắc bén	Tiên Liệt
n2_advanced_drafts	batch_0511_0520	R_0520	政治学者	せいじがくしゃ	nhà khoa học chính trị	Chánh Trì Học Giả
n2_advanced_drafts	batch_0511_0520	R_0520	衝撃	しょうげき	cú sốc, chấn động	Xung Kích
n2_advanced_drafts	batch_0511_0520	R_0520	提唱	ていしょう	đề xướng, đề xuất	Đề Xướng
n2_advanced_drafts	batch_0511_0520	R_0520	経済制裁	けいざいせいさい	trừng phạt kinh tế	Kinh Tế Chế Tài
n2_advanced_drafts	batch_0511_0520	R_0520	自発的	じはつてき	tự nguyện, chủ động	Tự Phát Đích
n2_advanced_drafts	batch_0511_0520	R_0520	源泉	げんせん	nguồn gốc, cội nguồn	Nguyên Tuyền
n2_advanced_drafts	batch_0511_0520	R_0520	熱狂的	ねっきょうてき	cuồng nhiệt, hăng hái	Nhiệt Cuồng Đích
n2_advanced_drafts	batch_0511_0520	R_0520	韓流	かんりゅう	Hallyu, Korean Wave (làn sóng văn hóa Hàn Quốc)	Hàn Lưu
n2_advanced_drafts	batch_0511_0520	R_0520	官民ファンド	かんみんファンド	quỹ công tư (nhà nước và tư nhân cùng góp vốn)	Quan Dân
n2_advanced_drafts	batch_0511_0520	R_0520	聖地巡礼	せいちじゅんれい	hành hương đến thánh địa (nơi xuất hiện trong anime/manga)	Thánh Địa Tuần Lễ
n2_advanced_drafts	batch_0511_0520	R_0520	インバウンド	インバウンド	du lịch inbound (khách nước ngoài đến trong nước)	
n2_advanced_drafts	batch_0511_0520	R_0520	官民連携	かんみんれんけい	hợp tác công tư	Quan Dân Liên Huề
n2_advanced_drafts	batch_0511_0520	R_0520	有機的	ゆうきてき	hữu cơ, gắn kết chặt chẽ	Hữu Ki Đích
n2_advanced_drafts	batch_0511_0520	R_0520	外交資産	がいこうしさん	tài sản ngoại giao	Ngoại Giao Tư Sản
n1_basic_drafts	batch_0521_0530	R_0521	耽美主義	たんびしゅぎ	chủ nghĩa duy mỹ, aestheticism	Đam Mĩ Chủ Nghĩa
n1_basic_drafts	batch_0521_0530	R_0521	到達点	とうたつてん	điểm đạt đến, đỉnh cao	Đáo Đạt Điểm
n1_basic_drafts	batch_0521_0530	R_0521	逆転	ぎゃくてん	đảo ngược, sự đổi chiều	Nghịch Chuyển
n1_basic_drafts	batch_0521_0530	R_0521	憧憬	どうけい	khát vọng, sự ngưỡng mộ	Sung Kính
n1_basic_drafts	batch_0521_0530	R_0521	具現化	ぐげんか	hiện thân hóa, cụ thể hóa	Cụ Hiện Hóa
n1_basic_drafts	batch_0521_0530	R_0521	溶解	ようかい	tan chảy, hòa tan	Dong Giải
n1_basic_drafts	batch_0521_0530	R_0521	告白体	こくはくたい	thể tự bạch, hình thức tự thú	Cáo Bạch Thể
n1_basic_drafts	batch_0521_0530	R_0521	歪んだ	ゆがんだ	lệch lạc, méo mó, biến dạng	Oai
n1_basic_drafts	batch_0521_0530	R_0521	分かちがたく	わかちがたく	không thể tách rời	Phân
n1_basic_drafts	batch_0521_0530	R_0521	二項対立	にこうたいりつ	sự đối lập nhị phân, binary opposition	Nhị Hạng Đối Lập
n1_basic_drafts	batch_0521_0530	R_0521	肉感性	にくかんせい	tính nhục cảm, tính gợi cảm thể xác	Nhục Cảm Tính
n1_basic_drafts	batch_0521_0530	R_0521	凝縮	ぎょうしゅく	cô đọng, nén chặt	Ngưng Súc
n1_basic_drafts	batch_0521_0530	R_0521	稀有	けう	hiếm có, kỳ lạ đặc biệt	Hi Hữu
n1_basic_drafts	batch_0521_0530	R_0521	通底する	つうていする	xuyên suốt bên dưới, chia sẻ nền tảng chung	Thông Để
n1_basic_drafts	batch_0521_0530	R_0521	浮き彫り	うきぼり	nổi bật, được làm nổi lên rõ ràng	Phù Điêu
n1_basic_drafts	batch_0521_0530	R_0521	ファム・ファタール	ファム・ファタール	femme fatale, phụ nữ định mệnh (từ tiếng Pháp)	
n1_basic_drafts	batch_0521_0530	R_0522	批評家	ひひょうか	nhà phê bình	Phê Bình Gia
n1_basic_drafts	batch_0521_0530	R_0522	主著	しゅちょ	tác phẩm chính, trước tác chủ yếu	Chủ Trứ
n1_basic_drafts	batch_0521_0530	R_0522	装置	そうち	thiết chế, bộ máy, cơ chế	Trang Trí
n1_basic_drafts	batch_0521_0530	R_0522	絡み合い	からみあい	sự đan xen, sự vướng víu vào nhau	Lạc Hợp
n1_basic_drafts	batch_0521_0530	R_0522	座標	ざひょう	tọa độ (ẩn dụ: điểm tham chiếu tư tưởng)	Tọa Tiêu
n1_basic_drafts	batch_0521_0530	R_0522	批判哲学	ひはんてつがく	triết học phê phán (của Kant)	Phê Phán Triết Học
n1_basic_drafts	batch_0521_0530	R_0522	三位一体	さんみいったい	tam vị nhất thể, ba trong một	Tam Vị Nhất Thể
n1_basic_drafts	batch_0521_0530	R_0522	内面性	ないめんせい	tính nội tâm, nội tính	Nội Diện Tính
n1_basic_drafts	batch_0521_0530	R_0522	逆説	ぎゃくせつ	nghịch lý, paradox	Nghịch Thuyết
n1_basic_drafts	batch_0521_0530	R_0522	客体化	きゃくたいか	khách thể hóa, biến thành đối tượng	Khách Thể Hóa
n1_basic_drafts	batch_0521_0530	R_0522	自己言及	じこげんきゅう	tự quy chiếu, tự đề cập đến bản thân	Tự Kỉ Ngôn Cập
n1_basic_drafts	batch_0521_0530	R_0522	術語	じゅつご	thuật ngữ chuyên môn	Thuật Ngữ
n1_basic_drafts	batch_0521_0530	R_0522	恣意的	しいてき	tùy tiện, tự ý không có cơ sở	Tư Ý Đích
n1_basic_drafts	batch_0521_0530	R_0522	乖離	かいり	sự cách biệt, sự phân ly	Quai Li
n1_basic_drafts	batch_0521_0530	R_0522	磁場	じば	từ trường (ẩn dụ: trường lực ảnh hưởng)	Từ Tràng
n1_basic_drafts	batch_0521_0530	R_0522	亀裂	きれつ	vết nứt, khe nứt	Quy Liệt
n1_basic_drafts	batch_0521_0530	R_0522	覚醒	かくせい	sự thức tỉnh, giác ngộ	Giác Tỉnh
n1_basic_drafts	batch_0521_0530	R_0523	資本収益率	しほんしゅうえきりつ	tỷ suất lợi nhuận từ tư bản	Tư Bản Thu Ích Suất
n1_basic_drafts	batch_0521_0530	R_0523	恒常的	こうじょうてき	liên tục, mang tính hằng định	Hằng Thường Đích
n1_basic_drafts	batch_0521_0530	R_0523	世襲的	せしゅうてき	theo huyết thống, cha truyền con nối	Thế Tập Đích
n1_basic_drafts	batch_0521_0530	R_0523	実証分析	じっしょうぶんせき	phân tích thực chứng (dựa trên dữ liệu thực)	Thực Chứng Phân Tích
n1_basic_drafts	batch_0521_0530	R_0523	偏在	へんざい	phân bổ lệch lạc, tập trung không đều	Thiên Tại
n1_basic_drafts	batch_0521_0530	R_0523	ジニ係数	ジニけいすう	hệ số Gini (đo bất bình đẳng thu nhập)	Hệ Sổ
n1_basic_drafts	batch_0521_0530	R_0523	資産課税	しさんかぜい	thuế tài sản	Tư Sản Khóa Thuế
n1_basic_drafts	batch_0521_0530	R_0523	累進性	るいしんせい	tính lũy tiến (thuế tăng theo thu nhập/tài sản)	Lũy Tiến Tính
n1_basic_drafts	batch_0521_0530	R_0523	実効税率	じっこうぜいりつ	tỷ lệ thuế thực tế (sau các khoản khấu trừ)	Thực Hiệu Thuế Suất
n1_basic_drafts	batch_0521_0530	R_0523	再分配	さいぶんぱい	tái phân phối (của cải)	Tái Phân Phối
n1_basic_drafts	batch_0521_0530	R_0523	非正規雇用	ひせいきこよう	việc làm phi chính thức, lao động hợp đồng ngắn hạn	Phi Chánh Quy Cố Dụng
n1_basic_drafts	batch_0521_0530	R_0523	内在的	ないざいてき	nội tại, thuộc về bản chất bên trong	Nội Tại Đích
n1_basic_drafts	batch_0521_0530	R_0523	帰結	きけつ	hệ quả, kết quả tất yếu	Quy Kết
n1_basic_drafts	batch_0521_0530	R_0523	評価減	ひょうかげん	giảm định giá (tài sản để tính thuế thấp hơn giá trị thực)	Bình Giá Giảm
n1_basic_drafts	batch_0521_0530	R_0524	無邪気	むじゃき	ngây thơ, trong sáng, vô tư	Vô Tà Khí
n1_basic_drafts	batch_0521_0530	R_0524	挑発する	ちょうはつする	khiêu khích, kích động	Khiêu Phát
n1_basic_drafts	batch_0521_0530	R_0524	幼年期	ようねんき	thời thơ ấu, giai đoạn ấu thơ	Ấu Niên Kì
n1_basic_drafts	batch_0521_0530	R_0524	源泉	げんせん	nguồn gốc, suối nguồn	Nguyên Tuyền
n1_basic_drafts	batch_0521_0530	R_0524	体現する	たいげんする	thể hiện, thể hiện cụ thể	Thể Hiện
n1_basic_drafts	batch_0521_0530	R_0524	前衛芸術	ぜんえいげいじゅつ	nghệ thuật tiền phong, tiền vệ	Tiền Vệ Vân Thuật
n1_basic_drafts	batch_0521_0530	R_0524	平面性	へいめんせい	tính phẳng, đặc tính hai chiều	Bình Diện Tính
n1_basic_drafts	batch_0521_0530	R_0524	集合的無意識	しゅうごうてきむいしき	tập thể vô thức (khái niệm tâm lý Jung)	Tập Hợp Đích Vô Ý Thức
n1_basic_drafts	batch_0521_0530	R_0524	結晶化する	けっしょうかする	kết tinh hóa, cụ thể hóa thành hình dạng rõ ràng	Kết Tinh Hóa
n1_basic_drafts	batch_0521_0530	R_0524	粗削り	あらけずり	thô ráp, chưa được trau chuốt	Thô Tước
n1_basic_drafts	batch_0521_0530	R_0524	逆説	ぎゃくせつ	nghịch lý, paradox	Nghịch Thuyết
n1_basic_drafts	batch_0521_0530	R_0524	渇望	かつぼう	khao khát, khát vọng cháy bỏng	Khát Vọng
n1_basic_drafts	batch_0521_0530	R_0524	自画像	じがぞう	chân dung tự họa, hình ảnh bản thân	Tự Họa Tượng
n1_basic_drafts	batch_0521_0530	R_0524	普遍的	ふへんてき	phổ quát, có tính toàn cầu	Phổ Biến Đích
n1_basic_drafts	batch_0521_0530	R_0525	技能実習制度	ぎのうじっしゅうせいど	chế độ thực tập kỹ năng (ra đời 1993)	Kĩ Năng Thực Tập Chế Độ
n1_basic_drafts	batch_0521_0530	R_0525	端を発する	たんをはっする	bắt nguồn từ, xuất phát từ	Đoan Phát
n1_basic_drafts	batch_0521_0530	R_0525	慢性的	まんせいてき	kinh niên, mãn tính	Mạn Tính Đích
n1_basic_drafts	batch_0521_0530	R_0525	特定技能	とくていぎのう	kỹ năng đặc định (chế độ visa 2019)	Đặc Định Kĩ Năng
n1_basic_drafts	batch_0521_0530	R_0525	不可逆	ふかぎゃく	không thể đảo ngược	Bất Khả Nghịch
n1_basic_drafts	batch_0521_0530	R_0525	乖離	かいり	sự chênh lệch, khoảng cách (giữa lý tưởng và thực tế)	Quai Li
n1_basic_drafts	batch_0521_0530	R_0525	監理団体	かんりだんたい	đoàn thể giám lý (kanri dantai — tổ chức quản lý thực tập sinh)	Giam Lí Đoàn Thể
n1_basic_drafts	batch_0521_0530	R_0525	搾取的	さくしゅてき	mang tính bóc lột	Trá Thủ Đích
n1_basic_drafts	batch_0521_0530	R_0525	根底	こんてい	gốc rễ, căn nguyên sâu xa	Căn Để
n1_basic_drafts	batch_0521_0530	R_0525	醸成	じょうせい	nuôi dưỡng dần dần, hình thành (ý thức, bầu không khí)	Nhưỡng Thành
n1_basic_drafts	batch_0521_0530	R_0525	抜本的	ばっぽんてき	triệt để, từ gốc rễ	Bạt Bản Đích
n1_basic_drafts	batch_0521_0530	R_0525	倫理的	りんりてき	mang tính đạo đức	Luân Lí Đích
n1_basic_drafts	batch_0521_0530	R_0525	在留外国人	ざいりゅうがいこくじん	người nước ngoài cư trú (có tư cách lưu trú hợp lệ)	Tại Lưu Ngoại Quốc Nhân
n1_basic_drafts	batch_0521_0530	R_0525	持続可能性	じぞくかのうせい	tính bền vững	Trì Tục Khả Năng Tính
n1_basic_drafts	batch_0521_0530	R_0525	人権侵害	じんけんしんがい	vi phạm nhân quyền	Nhân Quyền Xâm Hại
n1_basic_drafts	batch_0521_0530	R_0525	逸脱	いつだつ	đi lệch, sai lệch khỏi (quy tắc, mục tiêu ban đầu)	Dật Thoát
n1_basic_drafts	batch_0521_0530	R_0525	生産年齢人口	せいさんねんれいじんこう	dân số trong độ tuổi lao động (15-64 tuổi)	Sanh Sản Niên Linh Nhân Khẩu
n1_basic_drafts	batch_0521_0530	R_0525	定住	ていじゅう	định cư lâu dài	Định Trụ
n1_basic_drafts	batch_0521_0530	R_0525	育成就労	いくせいしゅうろう	Ikusei Shuurou — chế độ 'việc làm đào tạo' thay thế thực tập kỹ năng (thông qua 6/2024, thi hành từ 2027)	Dục Thành Tựu Lao
n1_basic_drafts	batch_0521_0530	R_0525	特定技能2号	とくていぎのうにごう	Tokutei Ginou 2-gou — visa kỹ năng đặc định cấp cao (mở rộng 11 ngành 8/2023)	Đặc Định Kĩ Năng Hào
n1_basic_drafts	batch_0521_0530	R_0526	伝来	でんらい	du nhập, truyền đến từ nơi khác	Truyền Lai
n1_basic_drafts	batch_0521_0530	R_0526	伴奏	ばんそう	nhạc đệm, đàn đệm	Bạn Tấu
n1_basic_drafts	batch_0521_0530	R_0526	撥	ばち	miếng gảy đàn shamisen	Bát
n1_basic_drafts	batch_0521_0530	R_0526	奏法	そうほう	kỹ thuật chơi nhạc cụ	Tấu Pháp
n1_basic_drafts	batch_0521_0530	R_0526	後継者	こうけいしゃ	người kế thừa	Hậu Kế Giả
n1_basic_drafts	batch_0521_0530	R_0526	常態化	じょうたいか	trở nên bình thường, phổ biến hóa	Thường Thái Hóa
n1_basic_drafts	batch_0521_0530	R_0526	異彩を放つ	いさいをはなつ	tỏa sáng khác biệt, nổi bật	Dị Thải Phóng
n1_basic_drafts	batch_0521_0530	R_0526	即興演奏	そっきょうえんそう	ứng tấu, biểu diễn ngẫu hứng	Tức Hưng Diễn Tấu
n1_basic_drafts	batch_0521_0530	R_0526	一線を画する	いっせんをかくする	phân biệt rõ ràng, vạch ra ranh giới	Nhất Tuyến Họa
n1_basic_drafts	batch_0521_0530	R_0526	身体知	しんたいち	tri thức thân thể, kiến thức được lưu giữ trong cơ thể	Thân Thể Tri
n1_basic_drafts	batch_0521_0530	R_0526	無形文化財	むけいぶんかざい	di sản văn hóa phi vật thể	Vô Hình Văn Hóa Tài
n1_basic_drafts	batch_0521_0530	R_0526	如実に	にょじつに	rõ ràng, hiện thực như thật	Như Thực
n1_basic_drafts	batch_0521_0530	R_0526	葛藤	かっとう	giằng co nội tâm, mâu thuẫn	Cát Đằng
n1_basic_drafts	batch_0521_0530	R_0526	台頭	たいとう	nổi lên, trỗi dậy	Thai Đầu
n1_basic_drafts	batch_0521_0530	R_0527	未曾有	みぞう	chưa từng có, vô tiền khoáng hậu	Vị Tằng Hữu
n1_basic_drafts	batch_0521_0530	R_0527	鎖国	さこく	tỏa quốc, chính sách bế quan tỏa cảng	Tỏa Quốc
n1_basic_drafts	batch_0521_0530	R_0527	富国強兵	ふこくきょうへい	phú quốc cường binh (quốc sách Minh Trị)	Phú Quốc Cường Binh
n1_basic_drafts	batch_0521_0530	R_0527	殖産興業	しょくさんこうぎょう	thực nghiệp hưng thịnh, phát triển công thương nghiệp	Thực Sản Hưng Nghiệp
n1_basic_drafts	batch_0521_0530	R_0527	岩倉使節団	いわくらしせつだん	phái bộ Iwakura (1871-1873, khảo sát phương Tây)	Nham Thương Sử Tiết Đoàn
n1_basic_drafts	batch_0521_0530	R_0527	征韓論	せいかんろん	luận điểm chinh phục Hàn Quốc	Chinh Hàn Luận
n1_basic_drafts	batch_0521_0530	R_0527	膨張主義	ぼうちょうしゅぎ	chủ nghĩa bành trướng	Bành Trương Chủ Nghĩa
n1_basic_drafts	batch_0521_0530	R_0527	廃仏毀釈	はいぶつきしゃく	phong trào phế Phật hủy tự (bài trừ Phật giáo)	Phế Phật Hủy Thích
n1_basic_drafts	batch_0521_0530	R_0527	自由民権運動	じゆうみんけんうんどう	phong trào tự do dân quyền	Tự Do Dân Quyền Vận Động
n1_basic_drafts	batch_0521_0530	R_0527	萌芽	ほうが	mầm mống, mầm non	Manh Nha
n1_basic_drafts	batch_0521_0530	R_0527	専制的	せんせいてき	chuyên chế, độc tài	Chuyên Chế Đích
n1_basic_drafts	batch_0521_0530	R_0527	紐帯	ちゅうたい	sợi dây gắn kết, mối liên hệ	Nữu Đới
n1_basic_drafts	batch_0521_0530	R_0527	軍国主義	ぐんこくしゅぎ	chủ nghĩa quân phiệt	Quân Quốc Chủ Nghĩa
n1_basic_drafts	batch_0521_0530	R_0527	複層的	ふくそうてき	đa tầng, nhiều lớp	Phức Tằng Đích
n1_basic_drafts	batch_0521_0530	R_0527	葛藤	かっとう	sự giằng xé nội tâm, mâu thuẫn	Cát Đằng
n1_basic_drafts	batch_0521_0530	R_0527	内包	ないほう	chứa đựng bên trong, bao hàm	Nội Bao
n1_basic_drafts	batch_0521_0530	R_0528	精神分析	せいしんぶんせき	phân tâm học	Tinh Thần Phân Tích
n1_basic_drafts	batch_0521_0530	R_0528	自我	じが	bản ngã, cái tôi (ego)	Tự Ngã
n1_basic_drafts	batch_0521_0530	R_0528	超自我	ちょうじが	siêu ngã (superego)	Siêu Tự Ngã
n1_basic_drafts	batch_0521_0530	R_0528	快楽原則	かいらくげんそく	nguyên tắc khoái lạc (pleasure principle)	Khoái Lạc Nguyên Tắc
n1_basic_drafts	batch_0521_0530	R_0528	甘え	あまえ	amae — thái độ nương tựa, khao khát được bao bọc (khái niệm tâm lý học Nhật)	Cam
n1_basic_drafts	batch_0521_0530	R_0528	相互依存	そうごいぞん	phụ thuộc lẫn nhau, tương hỗ	Tương Hỗ Y Tồn
n1_basic_drafts	batch_0521_0530	R_0528	自他未分	じたみぶん	trạng thái chưa phân biệt rõ bản thân và người khác	Tự Tha Vị Phân
n1_basic_drafts	batch_0521_0530	R_0528	移入	いにゅう	du nhập, đưa vào	Di Nhập
n1_basic_drafts	batch_0521_0530	R_0528	文化横断的	ぶんかおうだんてき	xuyên văn hóa, cross-cultural	Văn Hóa Hoành Đoạn Đích
n1_basic_drafts	batch_0521_0530	R_0528	対置	たいち	đặt đối lập, đặt tương phản	Đối Trí
n1_basic_drafts	batch_0521_0530	R_0528	境界侵害	きょうかいしんがい	xâm phạm ranh giới	Cảnh Giới Xâm Hại
n1_basic_drafts	batch_0521_0530	R_0528	相対化	そうたいか	tương đối hóa, không tuyệt đối hóa	Tương Đối Hóa
n1_basic_drafts	batch_0521_0530	R_0528	和魂洋才	わこんようさい	hòa hồn dương tài — tinh thần Nhật Bản + học thuật phương Tây	Hòa Hồn Dương Tài
n1_basic_drafts	batch_0521_0530	R_0528	所産	しょさん	sản phẩm, kết quả của	Sở Sản
n1_basic_drafts	batch_0521_0530	R_0528	枠組み	わくぐみ	khuôn khổ, framework	Khung Tổ
n1_basic_drafts	batch_0521_0530	R_0529	炉心溶融	ろしんようゆう	tan chảy lõi lò phản ứng (meltdown)	Lô Tâm Dong Dung
n1_basic_drafts	batch_0521_0530	R_0529	廃炉	はいろ	tháo dỡ, ngừng hoạt động lò phản ứng hạt nhân	Phế Lô
n1_basic_drafts	batch_0521_0530	R_0529	除染	じょせん	khử nhiễm phóng xạ	Trừ Nhiễm
n1_basic_drafts	batch_0521_0530	R_0529	帰還困難区域	きかんこんなんくいき	vùng khó hồi cư (khu vực phóng xạ cao chưa cho phép trở về)	Quy Hoàn Khốn Nan Khu Vực
n1_basic_drafts	batch_0521_0530	R_0529	フレコンバッグ	ふれこんばっぐ	túi jumbo nhựa lớn (Flexible Container Bag / FIBC — dùng chứa đất nhiễm xạ)	
n1_basic_drafts	batch_0521_0530	R_0529	処理水	しょりすい	nước đã qua xử lý (từ nhà máy Fukushima)	Xứ Lí Thủy
n1_basic_drafts	batch_0521_0530	R_0529	震災遺構	しんさいいこう	di tích thảm họa động đất	Chấn Tai Di Cấu
n1_basic_drafts	batch_0521_0530	R_0529	伝承館	でんしょうかん	trung tâm lưu truyền, bảo tàng truyền thừa	Truyền Thừa Quán
n1_basic_drafts	batch_0521_0530	R_0529	脱炭素化	だつたんそか	khử carbon, giảm phát thải carbon	Thoát Thán Tố Hóa
n1_basic_drafts	batch_0521_0530	R_0529	社会的受容性	しゃかいてきじゅようせい	sự chấp nhận của xã hội	Xã Hội Đích Thụ Dung Tính
n1_basic_drafts	batch_0521_0530	R_0529	線量	せんりょう	liều phóng xạ	Tuyến Lượng
n1_basic_drafts	batch_0521_0530	R_0529	風化	ふうか	sự phai nhạt (ký ức), phong hóa	Phong Hóa
n1_basic_drafts	batch_0521_0530	R_0529	エネルギー安全保障	えねるぎーあんぜんほしょう	an ninh năng lượng	An Toàn Bảo Chướng
n1_basic_drafts	batch_0521_0530	R_0529	継承	けいしょう	kế thừa, tiếp nối	Kế Thừa
n1_basic_drafts	batch_0521_0530	R_0530	量子ビット	りょうしビット	bit lượng tử (qubit)	Lượng Tử
n1_basic_drafts	batch_0521_0530	R_0530	重ね合わせ	かさねあわせ	chồng chất, superposition (trạng thái lượng tử tồn tại đồng thời nhiều giá trị)	Trọng Hợp
n1_basic_drafts	batch_0521_0530	R_0530	量子超越性	りょうしちょうえつせい	tính vượt trội lượng tử (Quantum Supremacy)	Lượng Tử Siêu Việt Tính
n1_basic_drafts	batch_0521_0530	R_0530	誤り訂正	あやまりていせい	sửa lỗi, hiệu chỉnh sai số	Ngộ Đính Chánh
n1_basic_drafts	batch_0521_0530	R_0530	デコヒーレンス	デコヒーレンス	decoherence — sự sụp đổ trạng thái lượng tử do nhiễu môi trường	
n1_basic_drafts	batch_0521_0530	R_0530	素因数分解	そいんすうぶんかい	phân tích thừa số nguyên tố	Tố Nhân Sổ Phân Giải
n1_basic_drafts	batch_0521_0530	R_0530	量子耐性暗号	りょうしたいせいあんごう	mật mã kháng lượng tử (Post-Quantum Cryptography)	Lượng Tử Nại Tính Ám Hào
n1_basic_drafts	batch_0521_0530	R_0530	創薬	そうやく	phát triển thuốc mới, sáng chế dược phẩm	Sang Dược
n1_basic_drafts	batch_0521_0530	R_0530	折り畳み	おりたたみ	gấp, cuộn (ở đây chỉ protein folding — cấu trúc gấp của protein)	Chiết Điệp
n1_basic_drafts	batch_0521_0530	R_0530	触媒	しょくばい	chất xúc tác	Xúc Môi
n1_basic_drafts	batch_0521_0530	R_0530	炭素固定	たんそこてい	cố định carbon (công nghệ hấp thu CO2)	Thán Tố Cố Định
n1_basic_drafts	batch_0521_0530	R_0530	特徴抽出	とくちょうちゅうしゅつ	trích xuất đặc trưng (trong học máy)	Đặc Trưng Trừu Xuất
n1_basic_drafts	batch_0521_0530	R_0530	深淵	しんえん	vực thẳm, chiều sâu khôn lường (ẩn dụ)	Thâm Duyên
n1_basic_drafts	batch_0521_0530	R_0530	NISQ	エヌアイエスキュー	Noisy Intermediate-Scale Quantum — lượng tử cỡ vừa có nhiễu (giai đoạn hiện tại)	
n1_basic_drafts	batch_0521_0530	R_0530	所以	ゆえん	lý do, nguyên do (văn phong trang trọng)	Sở Dĩ
n1_basic_drafts	batch_0531_0540	R_0531	妥協	だきょう	sự nhượng bộ, thỏa hiệp	Thỏa Hiệp
n1_basic_drafts	batch_0531_0540	R_0531	映像表現	えいぞうひょうげん	ngôn ngữ hình ảnh, cách thể hiện bằng hình ảnh	Ánh Tượng Biểu Hiện
n1_basic_drafts	batch_0531_0540	R_0531	契機	けいき	cơ hội, bước ngoặt, dịp	Khế Ki
n1_basic_drafts	batch_0531_0540	R_0531	哲学的命題	てつがくてきめいだい	mệnh đề triết học	Triết Học Đích Mệnh Đề
n1_basic_drafts	batch_0531_0540	R_0531	綿密に	めんみつに	tỉ mỉ, kỹ lưỡng, chi tiết	Miên Mật
n1_basic_drafts	batch_0531_0540	R_0531	体現する	たいげんする	thể hiện, thể hiện ra ngoài	Thể Hiện
n1_basic_drafts	batch_0531_0540	R_0531	結実する	けつじつする	kết trái, đơm hoa kết quả	Kết Thực
n1_basic_drafts	batch_0531_0540	R_0531	公然と	こうぜんと	công khai, không che giấu	Công Nhiên
n1_basic_drafts	batch_0531_0540	R_0531	師と仰ぐ	しとあおぐ	tôn làm thầy, ngưỡng mộ như bậc thầy	Sư Ngưỡng
n1_basic_drafts	batch_0531_0540	R_0531	武士道	ぶしどう	võ sĩ đạo, tinh thần samurai	Vũ Sĩ Đạo
n1_basic_drafts	batch_0531_0540	R_0531	深淵	しんえん	chiều sâu thẳm, vực sâu	Thâm Duyên
n1_basic_drafts	batch_0531_0540	R_0531	モンタージュ	モンタージュ	montage — kỹ thuật dựng phim ghép cảnh	
n1_basic_drafts	batch_0531_0540	R_0531	望遠レンズ	ぼうえんレンズ	ống kính tele, ống kính viễn vọng	Vọng Viễn
n1_basic_drafts	batch_0531_0540	R_0531	圧縮効果	あっしゅくこうか	hiệu ứng nén (làm phẳng không gian trong ảnh)	Áp Súc Hiệu Quả
n1_basic_drafts	batch_0531_0540	R_0531	不朽の遺産	ふきゅうのいさん	di sản bất hủ, di sản vĩnh cửu	Bất Hủ Di Sản
n1_basic_drafts	batch_0531_0540	R_0532	交感	こうかん	sự giao cảm, giao thoa cảm xúc	Giao Cảm
n1_basic_drafts	batch_0531_0540	R_0532	凝縮	ぎょうしゅく	nén chặt, cô đọng	Ngưng Súc
n1_basic_drafts	batch_0531_0540	R_0532	刹那	せつな	khoảnh khắc nhất thời, sát na	Sát Na
n1_basic_drafts	batch_0531_0540	R_0532	余白	よはく	khoảng trắng, khoảng lặng (trong nghệ thuật)	Dư Bạch
n1_basic_drafts	batch_0531_0540	R_0532	源泉	げんせん	nguồn gốc, suối nguồn	Nguyên Tuyền
n1_basic_drafts	batch_0531_0540	R_0532	前衛俳句	ぜんえいはいく	haiku tiền vệ (avant-garde) — phong trào TK20 cách tân hình thức haiku, đại diện 高柳重信	Tiền Vệ Bài Cú
n1_basic_drafts	batch_0531_0540	R_0532	台頭	たいとう	nổi lên, trỗi dậy	Thai Đầu
n1_basic_drafts	batch_0531_0540	R_0532	解体	かいたい	phá vỡ, giải thể, tháo dỡ	Giải Thể
n1_basic_drafts	batch_0531_0540	R_0532	季語	きご	từ chỉ mùa (yếu tố bắt buộc trong haiku truyền thống)	Quý Ngữ
n1_basic_drafts	batch_0531_0540	R_0532	切れ	きれ	kire — sự ngắt câu tạo khoảnh khắc gián đoạn trong haiku	Thiết
n1_basic_drafts	batch_0531_0540	R_0532	イマジズム	イマジズム	Imagism — phong trào thơ Anh ngữ đầu TK20 do Ezra Pound khởi xướng, nhấn mạnh hình ảnh cô đọng	
n1_basic_drafts	batch_0531_0540	R_0532	映像喚起力	えいぞうかんきりょく	sức gợi hình ảnh, khả năng khơi dậy hình ảnh tức thời	Ánh Tượng Hoán Khởi Lực
n1_basic_drafts	batch_0531_0540	R_0532	覚醒	かくせい	thức tỉnh, giác ngộ	Giác Tỉnh
n1_basic_drafts	batch_0531_0540	R_0532	越境的	えっきょうてき	vượt biên giới, xuyên biên giới	Việt Cảnh Đích
n1_basic_drafts	batch_0531_0540	R_0532	詩情	しじょう	chất thơ, tình cảm thi ca	Thi Tình
n1_basic_drafts	batch_0531_0540	R_0532	固執	こしつ	bám chặt, kiên trì cứng nhắc	Cố Chấp
n1_basic_drafts	batch_0531_0540	R_0532	逆説	ぎゃくせつ	nghịch lý	Nghịch Thuyết
n1_basic_drafts	batch_0531_0540	R_0532	実りある	みのりある	kết quả tốt đẹp, phong phú, có thành quả	Thực
n1_basic_drafts	batch_0531_0540	R_0533	無常観	むじょうかん	quan niệm vô thường, nhận thức về sự vô thường	Vô Thường Quan
n1_basic_drafts	batch_0531_0540	R_0533	もののあわれ	もののあわれ	cảm quan về sự phù du của vạn vật, nỗi xúc cảm trước sự tàn phai	
n1_basic_drafts	batch_0531_0540	R_0533	儚さ	はかなさ	sự phù du, tính tạm thời	Mộng
n1_basic_drafts	batch_0531_0540	R_0533	逆説的	ぎゃくせつてき	mang tính nghịch lý	Nghịch Thuyết Đích
n1_basic_drafts	batch_0531_0540	R_0533	洞察	どうさつ	sự thấu hiểu, sự quán chiếu sâu sắc	Động Sát
n1_basic_drafts	batch_0531_0540	R_0533	随筆家	ずいひつか	nhà tùy bút	Tùy Bút Gia
n1_basic_drafts	batch_0531_0540	R_0533	端的に	たんてきに	một cách trực tiếp, rõ ràng và súc tích	Đoan Đích
n1_basic_drafts	batch_0531_0540	R_0533	移ろう	うつろう	dần dần thay đổi, dần biến chuyển	Di
n1_basic_drafts	batch_0531_0540	R_0533	枯山水	かれさんすい	vườn đá khô (phong cách vườn Thiền)	Khô San Thủy
n1_basic_drafts	batch_0531_0540	R_0533	全身全霊	ぜんしんぜんれい	toàn tâm toàn lực, cả thể xác lẫn tinh thần	Toàn Thân Toàn Linh
n1_basic_drafts	batch_0531_0540	R_0533	愛でる	めでる	trân trọng, thưởng thức vẻ đẹp	Ái
n1_basic_drafts	batch_0531_0540	R_0533	翻弄される	ほんろうされる	bị cuốn theo, bị vùi dập (thụ động)	Phiên Lộng
n1_basic_drafts	batch_0531_0540	R_0533	諦観	ていかん	thái độ buông xuôi chấp nhận, nhìn thấy rõ thực tại mà chấp nhận	Đế Quan
n1_basic_drafts	batch_0531_0540	R_0533	智慧	ちえ	trí tuệ, sự thấu hiểu sâu sắc (dùng trong ngữ cảnh triết học)	Trí Tuệ
n1_basic_drafts	batch_0531_0540	R_0533	祇園精舎	ぎおんしょうじゃ	chùa Gion (Jetavana), xuất hiện trong Heike Monogatari	Chi Viên Tinh Xá
n1_basic_drafts	batch_0531_0540	R_0534	したたかな	したたかな	kiên cường, bền bỉ khó khuất phục	
n1_basic_drafts	batch_0531_0540	R_0534	礼制	れいせい	lễ chế, hệ thống lễ nghi theo quy định	Lễ Chế
n1_basic_drafts	batch_0531_0540	R_0534	三従	さんじゅう	tam tòng (theo cha, theo chồng, theo con — chuẩn mực Nho giáo)	Tam Tùng
n1_basic_drafts	batch_0531_0540	R_0534	枷	かせ	xiềng xích, gông cùm, sự ràng buộc	Gia
n1_basic_drafts	batch_0531_0540	R_0534	血統	けっとう	huyết thống, dòng dõi	Huyết Thống
n1_basic_drafts	batch_0531_0540	R_0534	側室	そくしつ	thiếp thất, vợ lẽ của lãnh chúa hay quý tộc	Trắc Thất
n1_basic_drafts	batch_0531_0540	R_0534	如実に	にょじつに	một cách rõ ràng, sống động như thực tế	Như Thực
n1_basic_drafts	batch_0531_0540	R_0534	采配	さいはい	quyền điều hành, quyền chỉ huy, sự phân công	Thải Phối
n1_basic_drafts	batch_0531_0540	R_0534	年季奉公	ねんきぼうこう	chế độ lao động theo hợp đồng nhiều năm, niên quý phụng công	Niên Quý Phụng Công
n1_basic_drafts	batch_0531_0540	R_0534	花魁	おいらん	oiran — kỹ nữ bậc cao tại Yoshiwara, Edo	Hoa Khôi
n1_basic_drafts	batch_0531_0540	R_0534	人身売買	じんしんばいばい	buôn bán người, mua bán thân xác	Nhân Thân Mại Mãi
n1_basic_drafts	batch_0531_0540	R_0534	素地	そじ	nền tảng, cơ sở ban đầu, mảnh đất chuẩn bị sẵn	Tố Địa
n1_basic_drafts	batch_0531_0540	R_0534	相対化	そうたいか	sự tương đối hóa, đặt trong bối cảnh tương đối	Tương Đối Hóa
n1_basic_drafts	batch_0531_0540	R_0534	蘭学	らんがく	Lan học — nghiên cứu khoa học phương Tây qua tiếng Hà Lan	Lan Học
n1_basic_drafts	batch_0531_0540	R_0534	堅牢性	けんろうせい	tính bền vững, sự kiên cố khó phá vỡ	Kiên Lao Tính
n1_basic_drafts	batch_0531_0540	R_0535	新実在論	しんじつざいろん	tân thực tại luận (New Realism — trường phái của Markus Gabriel)	Tân Thực Tại Luận
n1_basic_drafts	batch_0531_0540	R_0535	意味の場	いみのば	trường ý nghĩa (fields of sense — khái niệm trung tâm của Gabriel)	Ý Vị Tràng
n1_basic_drafts	batch_0531_0540	R_0535	逆説的	ぎゃくせつてき	nghịch lý, mang tính mâu thuẫn biểu kiến	Nghịch Thuyết Đích
n1_basic_drafts	batch_0531_0540	R_0535	構築主義	こうちくしゅぎ	chủ nghĩa kiến tạo (constructivism)	Cấu Trúc Chủ Nghĩa
n1_basic_drafts	batch_0531_0540	R_0535	相対主義	そうたいしゅぎ	chủ nghĩa tương đối (relativism)	Tương Đối Chủ Nghĩa
n1_basic_drafts	batch_0531_0540	R_0535	二項対立	にこうたいりつ	lưỡng nguyên đối lập, nhị phân tương phản	Nhị Hạng Đối Lập
n1_basic_drafts	batch_0531_0540	R_0535	ポストモダン	ポストモダン	hậu hiện đại (postmodernism)	
n1_basic_drafts	batch_0531_0540	R_0535	虚無感	きょむかん	cảm giác hư vô, trống rỗng	Hư Vô Cảm
n1_basic_drafts	batch_0531_0540	R_0535	知的渇望	ちてきかつぼう	khát vọng tri thức	Tri Đích Khát Vọng
n1_basic_drafts	batch_0531_0540	R_0535	象牙の塔	ぞうげのとう	tháp ngà (ẩn dụ cho giới học thuật xa rời thực tiễn)	Tượng Ngà Tháp
n1_basic_drafts	batch_0531_0540	R_0535	言説	げんせつ	diễn ngôn (discourse)	Ngôn Thuyết
n1_basic_drafts	batch_0531_0540	R_0535	羅針盤	らしんばん	kim chỉ nam, la bàn	La Châm Bàn
n1_basic_drafts	batch_0531_0540	R_0535	緻密	ちみつ	chặt chẽ, tỉ mỉ, chi tiết	Trí Mật
n1_basic_drafts	batch_0531_0540	R_0535	哲学潮流	てつがくちょうりゅう	xu hướng triết học, dòng chảy triết học	Triết Học Triều Lưu
n1_basic_drafts	batch_0531_0540	R_0535	全体性	ぜんたいせい	tính toàn thể, tính bao quát tổng thể	Toàn Thể Tính
n1_basic_drafts	batch_0531_0540	R_0536	頭角を現す	とうかくをあらわす	nổi bật, bắt đầu được chú ý (thành ngữ)	Đầu Giác Hiện
n1_basic_drafts	batch_0531_0540	R_0536	乳白色	にゅうはくしょく	màu trắng sữa	Nhũ Bạch Sắc
n1_basic_drafts	batch_0531_0540	R_0536	線描	せんびょう	nét vẽ đường nét, kỹ thuật vẽ đường	Tuyến Miêu
n1_basic_drafts	batch_0531_0540	R_0536	独創的	どくそうてき	độc sáng, có tính sáng tạo riêng	Độc Sang Đích
n1_basic_drafts	batch_0531_0540	R_0536	画壇	がだん	họa đàn, giới hội họa	Họa Đàn
n1_basic_drafts	batch_0531_0540	R_0536	並び称される	ならびしょうされる	được xếp ngang hàng, được sánh ngang	Tịnh Xưng
n1_basic_drafts	batch_0531_0540	R_0536	叙情的	じょじょうてき	trữ tình, mang chất thơ	Tự Tình Đích
n1_basic_drafts	batch_0531_0540	R_0536	稀有	けう	hiếm có, quý hiếm	Hi Hữu
n1_basic_drafts	batch_0531_0540	R_0536	克明に	こくめいに	tường tận, chi tiết tỉ mỉ	Khắc Minh
n1_basic_drafts	batch_0531_0540	R_0536	葛藤	かっとう	giằng xé nội tâm, xung đột tâm lý	Cát Đằng
n1_basic_drafts	batch_0531_0540	R_0536	洗礼	せんれい	phép rửa tội (Công giáo)	Tẩy Lễ
n1_basic_drafts	batch_0531_0540	R_0536	壁画	へきが	tranh bích họa, tranh tường	Bích Họa
n1_basic_drafts	batch_0531_0540	R_0536	帰化	きか	nhập quốc tịch (quy hóa)	Quy Hóa
n1_basic_drafts	batch_0531_0540	R_0536	二重性	にじゅうせい	tính hai mặt, song tồn hai bản sắc	Nhị Trọng Tính
n1_basic_drafts	batch_0531_0540	R_0536	凝縮	ぎょうしゅく	cô đọng, nén chặt (ý nghĩa/tinh chất)	Ngưng Súc
n1_basic_drafts	batch_0531_0540	R_0537	理化学研究所	りかがくけんきゅうしょ	Viện Khoa học và Công nghệ Vật lý Hóa học Nhật Bản (RIKEN)	Lí Hóa Học Nghiên Cứu Sở
n1_basic_drafts	batch_0531_0540	R_0537	ニューロモーフィック	にゅーろもーふぃっく	nơ-ron hình thái (neuromorphic -- kiến trúc chip mô phỏng não)	
n1_basic_drafts	batch_0531_0540	R_0537	スパイク信号	すぱいくしんごう	tín hiệu spike -- xung điện rời rạc dùng trong chip nơ-ron hình thái	Tín Hào
n1_basic_drafts	batch_0531_0540	R_0537	フォン・ノイマン型	ふぉん・のいまんがた	kiến trúc von Neumann -- kiến trúc máy tính truyền thống	Hình
n1_basic_drafts	batch_0531_0540	R_0537	深層学習	しんそうがくしゅう	học sâu (deep learning)	Thâm Tằng Học Tập
n1_basic_drafts	batch_0531_0540	R_0537	脳科学統合プログラム	のうかがくとうごうぷろぐらむ	chương trình tích hợp khoa học não bộ	Não Khoa Học Thống Hợp
n1_basic_drafts	batch_0531_0540	R_0537	学際的	がくさいてき	liên ngành, xuyên ngành	Học Tế Đích
n1_basic_drafts	batch_0531_0540	R_0537	ロボット三原則	ろぼっとさんげんそく	Ba Quy Tắc Robot (của Asimov)	Tam Nguyên Tắc
n1_basic_drafts	batch_0531_0540	R_0537	可塑性	かそせい	tính dẻo, khả năng thay đổi theo kinh nghiệm (của não)	Khả Tố Tính
n1_basic_drafts	batch_0531_0540	R_0537	シナプス結合	しなぷすけつごう	kết nối synapse -- liên kết giữa các tế bào thần kinh	Kết Hợp
n1_basic_drafts	batch_0531_0540	R_0537	社会的脳仮説	しゃかいてきのうかせつ	giả thuyết não xã hội -- trí tuệ được tạo ra qua tương tác xã hội	Xã Hội Đích Não Giả Thuyết
n1_basic_drafts	batch_0531_0540	R_0537	相互作用	そうごさよう	tương tác qua lại, tương tác hai chiều	Tương Hỗ Tác Dụng
n1_basic_drafts	batch_0531_0540	R_0537	法制度	ほうせいど	hệ thống pháp luật, thể chế pháp lý	Pháp Chế Độ
n1_basic_drafts	batch_0531_0540	R_0537	意味処理	いみしょり	xử lý ngữ nghĩa -- hiểu ý nghĩa ngôn ngữ	Ý Vị Xứ Lí
n1_basic_drafts	batch_0531_0540	R_0537	ブレインイニシアティブ	ぶれいんいにしあてぃぶ	Brain Initiative -- sáng kiến nghiên cứu não bộ	
n1_basic_drafts	batch_0531_0540	R_0538	縄文時代	じょうもんじだい	thời đại Jomon (14000-300 BC)	Thằng Văn Thì Đại
n1_basic_drafts	batch_0531_0540	R_0538	アニミズム	あにみずむ	thuyết vạn vật hữu linh, animism	
n1_basic_drafts	batch_0531_0540	R_0538	森羅万象	しんらばんしょう	vạn vật, mọi thứ trong vũ trụ	Sâm La Vạn Tượng
n1_basic_drafts	batch_0531_0540	R_0538	土偶	どぐう	dogu — búp bê đất sét thời Jomon	Thổ Ngẫu
n1_basic_drafts	batch_0531_0540	R_0538	豊穣	ほうじょう	phồn thực, mùa màng bội thu	Phong Nhương
n1_basic_drafts	batch_0531_0540	R_0538	祭祀	さいし	tế lễ, nghi lễ thờ cúng	Tế Tế
n1_basic_drafts	batch_0531_0540	R_0538	掘立柱建物	ほったてばしらたてもの	công trình cột đào đất (kỹ thuật xây dựng cổ đại)	Quật Lập Trụ Kiến Vật
n1_basic_drafts	batch_0531_0540	R_0538	三内丸山遺跡	さんないまるやまいせき	di chỉ Sannai-Maruyama, Aomori — đại khu dân cư thời Jomon	Tam Nội Hoàn San Di Tích
n1_basic_drafts	batch_0531_0540	R_0538	復権	ふっけん	sự phục hưng, khôi phục vị thế	Phục Quyền
n1_basic_drafts	batch_0531_0540	R_0538	精霊	せいれい	tinh linh, linh hồn	Tinh Linh
n1_basic_drafts	batch_0531_0540	R_0538	共生	きょうせい	cùng sống, cộng sinh	Cộng Sanh
n1_basic_drafts	batch_0531_0540	R_0538	学際的	がくさいてき	liên ngành, xuyên ngành	Học Tế Đích
n1_basic_drafts	batch_0531_0540	R_0538	持続可能	じぞくかのう	bền vững, có thể duy trì lâu dài	Trì Tục Khả Năng
n1_basic_drafts	batch_0531_0540	R_0538	環境倫理学	かんきょうりんりがく	đạo đức học môi trường	Hoàn Cảnh Luân Lí Học
n1_basic_drafts	batch_0531_0540	R_0538	造形物	ぞうけいぶつ	vật tạo hình, tác phẩm điêu khắc	Tạo Hình Vật
n1_basic_drafts	batch_0531_0540	R_0539	記者クラブ	きしゃクラブ	câu lạc bộ phóng viên — cơ chế tác nghiệp khép kín đặc thù của Nhật	Kí Giả
n1_basic_drafts	batch_0531_0540	R_0539	閉鎖的	へいさてき	khép kín, đóng cửa (nói về tổ chức/cơ chế không tiếp nhận bên ngoài)	Bế Tỏa Đích
n1_basic_drafts	batch_0531_0540	R_0539	媚びる	こびる	xu nịnh, nịnh hót (quyền lực)	Mị
n1_basic_drafts	batch_0531_0540	R_0539	隠蔽	いんぺい	che giấu, bưng bít (thông tin/sự thật)	Ẩn Tất
n1_basic_drafts	batch_0531_0540	R_0539	編集方針	へんしゅうほうしん	chính sách biên tập	Biên Tập Phương Châm
n1_basic_drafts	batch_0531_0540	R_0539	干渉	かんしょう	sự can thiệp, nhúng tay vào	Kiền Thiệp
n1_basic_drafts	batch_0531_0540	R_0539	二極化	にきょくか	sự phân cực (thành hai cực đối lập)	Nhị Cực Hóa
n1_basic_drafts	batch_0531_0540	R_0539	慰安婦	いあんふ	phụ nữ mua vui (comfort women — chủ đề lịch sử nhạy cảm)	Úy An Phụ
n1_basic_drafts	batch_0531_0540	R_0539	特定秘密保護法	とくていひみつほごほう	Luật bảo vệ bí mật quốc gia đặc định (2013)	Đặc Định Bí Mật Bảo Hộ Pháp
n1_basic_drafts	batch_0531_0540	R_0539	プレスフリーダム指数	プレスフリーダムしすう	chỉ số tự do báo chí (Press Freedom Index)	Chỉ Sổ
n1_basic_drafts	batch_0531_0540	R_0539	国境なき記者団	こっきょうなききしゃだん	Phóng viên Không Biên giới (Reporters Without Borders)	Quốc Cảnh Kí Giả Đoàn
n1_basic_drafts	batch_0531_0540	R_0539	番犬	ばんけん	con chó canh giữ — ẩn dụ cho vai trò giám sát của báo chí (watchdog)	Phiên Khuyển
n1_basic_drafts	batch_0531_0540	R_0539	職業倫理	しょくぎょうりんり	đạo đức nghề nghiệp	Chức Nghiệp Luân Lí
n1_basic_drafts	batch_0531_0540	R_0539	内面化	ないめんか	nội tâm hóa, thấm nhuần từ bên trong	Nội Diện Hóa
n1_basic_drafts	batch_0531_0540	R_0540	女房	にょうぼう	nữ thị thần, người hầu nữ trong cung đình	Nữ Phòng
n1_basic_drafts	batch_0531_0540	R_0540	貴公子	きこうし	công tử quý tộc, thiếu niên quý phái	Quý Công Tử
n1_basic_drafts	batch_0531_0540	R_0540	没落	ぼつらく	suy tàn, sa sút	Một Lạc
n1_basic_drafts	batch_0531_0540	R_0540	軌跡	きせき	dấu ấn, hành trình	Quỹ Tích
n1_basic_drafts	batch_0531_0540	R_0540	洞察	どうさつ	sự suy tư sâu sắc, sự thấu hiểu	Động Sát
n1_basic_drafts	batch_0531_0540	R_0540	根幹	こんかん	nền tảng cốt lõi, cội rễ	Căn Cán
n1_basic_drafts	batch_0531_0540	R_0540	漢籍	かんせき	sách chữ Hán, Hán học	Hán Tịch
n1_basic_drafts	batch_0531_0540	R_0540	昇華	しょうか	thăng hoa, nâng lên cấp cao hơn	Thăng Hoa
n1_basic_drafts	batch_0531_0540	R_0540	忘れ形見	わすれがたみ	đứa con để lại như kỷ niệm (sau khi người thân mất)	Vong Hình Kiến
n1_basic_drafts	batch_0531_0540	R_0540	渾然一体	こんぜんいったい	hòa quyện làm một, không phân biệt	Hồn Nhiên Nhất Thể
n1_basic_drafts	batch_0531_0540	R_0540	礼節	れいせつ	lễ nghi, phép tắc	Lễ Tiết
n1_basic_drafts	batch_0531_0540	R_0540	精髄	せいずい	tinh tủy, bản chất cốt lõi	Tinh Tủy
n1_basic_drafts	batch_0531_0540	R_0540	散りばめる	ちりばめる	rải rắc, đính khắp nơi	Tán
n1_basic_drafts	batch_0531_0540	R_0540	雄弁	ゆうべん	hùng hồn, thuyết phục	Hùng Biện
n1_basic_drafts	batch_0531_0540	R_0540	逆説的	ぎゃくせつてき	nghịch lý, mang tính đối nghịch	Nghịch Thuyết Đích
n1_basic_drafts	batch_0541_0550	R_0541	自認する	じにんする	tự nhận, tự thừa nhận	Tự Nhận
n1_basic_drafts	batch_0541_0550	R_0541	初詣	はつもうで	cầu nguyện đầu năm tại đền chùa (Hatsumode)	Sơ Nghệ
n1_basic_drafts	batch_0541_0550	R_0541	節目	ふしめ	cột mốc, bước ngoặt trong cuộc đời	Tiết Mục
n1_basic_drafts	batch_0541_0550	R_0541	宗教性	しゅうきょうせい	tính tôn giáo, chiều kích tôn giáo	Tông Giáo Tính
n1_basic_drafts	batch_0541_0550	R_0541	儀礼	ぎれい	nghi lễ, lễ nghi	Nghi Lễ
n1_basic_drafts	batch_0541_0550	R_0541	温床	おんしょう	nơi ươm mầm, môi trường tạo điều kiện (cho điều xấu)	Ôn Sàng
n1_basic_drafts	batch_0541_0550	R_0541	際立つ	きわだつ	nổi bật, đặc biệt nổi trội	Tế Lập
n1_basic_drafts	batch_0541_0550	R_0541	希求	ききゅう	sự khao khát, mong cầu tha thiết	Hi Cầu
n1_basic_drafts	batch_0541_0550	R_0541	根源的	こんげんてき	căn nguyên, nguyên sơ, thuộc về gốc rễ	Căn Nguyên Đích
n1_basic_drafts	batch_0541_0550	R_0541	混成的	こんせいてき	hỗn hợp, pha trộn từ nhiều nguồn	Hỗn Thành Đích
n1_basic_drafts	batch_0541_0550	R_0541	精神風土	せいしんふうど	môi trường tinh thần, khí hậu tư tưởng của một xã hội	Tinh Thần Phong Thổ
n1_basic_drafts	batch_0541_0550	R_0541	概念化する	がいねんかする	khái niệm hóa, đặt thành khái niệm học thuật	Khái Niệm Hóa
n1_basic_drafts	batch_0541_0550	R_0541	照射する	しょうしゃする	chiếu sáng, soi rọi (vấn đề)	Chiếu Xạ
n1_basic_drafts	batch_0541_0550	R_0541	拡散	かくさん	lan tỏa, khuếch tán	Khuếch Tán
n1_basic_drafts	batch_0541_0550	R_0541	超越体験	ちょうえつたいけん	trải nghiệm siêu việt, trải nghiệm vượt khỏi thực tại thông thường	Siêu Việt Thể Nghiệm
n1_basic_drafts	batch_0541_0550	R_0541	教義	きょうぎ	tín điều, giáo lý, học thuyết của một tôn giáo	Giáo Nghĩa
n1_basic_drafts	batch_0541_0550	R_0542	文豪	ぶんごう	nhà văn lớn, đại văn hào	Văn Hào
n1_basic_drafts	batch_0541_0550	R_0542	鋭利	えいり	sắc bén, nhạy bén	Duệ Lợi
n1_basic_drafts	batch_0541_0550	R_0542	外発的開化	がいはつてきかいか	khai hóa ngoại phát — văn minh hóa bị thúc đẩy từ áp lực bên ngoài (thuật ngữ của Soseki)	Ngoại Phát Đích Khai Hóa
n1_basic_drafts	batch_0541_0550	R_0542	憂慮	ゆうりょ	lo lắng sâu sắc, âu lo	Ưu Lự
n1_basic_drafts	batch_0541_0550	R_0542	神経衰弱	しんけいすいじゃく	suy nhược thần kinh	Thần Kinh Suy Nhược
n1_basic_drafts	batch_0541_0550	R_0542	齟齬	そご	mâu thuẫn, bất hòa, không khớp nhau	Trở Ngữ
n1_basic_drafts	batch_0541_0550	R_0542	自己本位	じこほんい	bản vị tự ngã — lấy bản thân làm tiêu chuẩn (khái niệm của Soseki)	Tự Kỉ Bản Vị
n1_basic_drafts	batch_0541_0550	R_0542	疎外	そがい	tha hóa, sự xa cách	Sơ Ngoại
n1_basic_drafts	batch_0541_0550	R_0542	内在する	ないざいする	nội tại, ẩn chứa bên trong	Nội Tại
n1_basic_drafts	batch_0541_0550	R_0542	含意する	がんいする	hàm chứa, ngụ ý	Hàm Ý
n1_basic_drafts	batch_0541_0550	R_0542	形象	けいしょう	hình tượng (trong văn học)	Hình Tượng
n1_basic_drafts	batch_0541_0550	R_0542	不可分性	ふかぶんせい	tính không thể tách rời	Bất Khả Phân Tính
n1_basic_drafts	batch_0541_0550	R_0542	内面化	ないめんか	nội tâm hóa, tiếp thu vào bên trong	Nội Diện Hóa
n1_basic_drafts	batch_0541_0550	R_0542	岐路	きろ	ngã rẽ, điểm phân kỳ	Kì Lộ
n1_basic_drafts	batch_0541_0550	R_0542	先取り	さきどり	đi trước, nắm bắt sớm hơn thời đại	Tiên Thủ
n1_basic_drafts	batch_0541_0550	R_0543	席巻	せっけん	thống trị, càn quét (thị trường)	Tịch Quyển
n1_basic_drafts	batch_0541_0550	R_0543	洗練さ	せんれんさ	độ tinh xảo, sự tinh luyện	Tẩy Luyện
n1_basic_drafts	batch_0541_0550	R_0543	乖離	かいり	sự tách biệt, chênh lệch xa so với	Quai Li
n1_basic_drafts	batch_0541_0550	R_0543	汎用性	はんようせい	tính đa dụng, khả năng ứng dụng rộng rãi	Phàm Dụng Tính
n1_basic_drafts	batch_0541_0550	R_0543	外来種	がいらいしゅ	loài ngoại lai	Ngoại Lai Chủng
n1_basic_drafts	batch_0541_0550	R_0543	生態系	せいたいけい	hệ sinh thái	Sanh Thái Hệ
n1_basic_drafts	batch_0541_0550	R_0543	パラドックス	パラドックス	nghịch lý	
n1_basic_drafts	batch_0541_0550	R_0543	競争優位	きょうそうゆうい	lợi thế cạnh tranh	Cạnh Tranh Ưu Vị
n1_basic_drafts	batch_0541_0550	R_0543	轍を踏む	てつをふむ	vấp phải vết xe đổ, lặp lại sai lầm	Triệt Đạp
n1_basic_drafts	batch_0541_0550	R_0543	架け橋型	かけはしがた	kiểu nhịp cầu, dạng kết nối cầu nối	Giá Kiều Hình
n1_basic_drafts	batch_0541_0550	R_0543	即応力	そくおうりょく	khả năng phản ứng nhanh, năng lực ứng phó tức thì	Tức Ứng Lực
n1_basic_drafts	batch_0541_0550	R_0543	均質	きんしつ	đồng nhất, đồng đều (về chất lượng/tính chất)	Quân Chất
n1_basic_drafts	batch_0541_0550	R_0543	処方箋	しょほうせん	đơn thuốc; ở đây nghĩa bóng: giải pháp, phương thức chữa trị	Xứ Phương Tiên
n1_basic_drafts	batch_0541_0550	R_0543	パラダイムシフト	パラダイムシフト	sự dịch chuyển mô hình (paradigm shift)	
n1_basic_drafts	batch_0541_0550	R_0543	再定義	さいていぎ	tái định nghĩa, xác định lại	Tái Định Nghĩa
n1_basic_drafts	batch_0541_0550	R_0544	劇作家	げきさっか	nhà soạn kịch	Kịch Tác Gia
n1_basic_drafts	batch_0541_0550	R_0544	閉塞感	へいそくかん	cảm giác bế tắc, ngột ngạt	Bế Tắc Cảm
n1_basic_drafts	batch_0541_0550	R_0544	相克	そうこく	sự giằng xé, mâu thuẫn giữa hai lực đối nghịch	Tương Khắc
n1_basic_drafts	batch_0541_0550	R_0544	天井桟敷	てんじょうさじき	Tenjo Sajiki — tên đoàn kịch thực nghiệm của Terayama (nghĩa đen: ghế trên tầng cao nhất rạp hát)	Thiên Tỉnh Sạn Phu
n1_basic_drafts	batch_0541_0550	R_0544	前衛的	ぜんえいてき	mang tính tiên phong, avant-garde	Tiền Vệ Đích
n1_basic_drafts	batch_0541_0550	R_0544	可視化	かしか	hình tượng hóa, làm cho thấy được	Khả Thị Hóa
n1_basic_drafts	batch_0541_0550	R_0544	解体	かいたい	phá vỡ, tháo dỡ, giải thể (cấu trúc/thể chế)	Giải Thể
n1_basic_drafts	batch_0541_0550	R_0544	伝播	でんぱ	sự lan truyền, lan rộng	Truyền Bá
n1_basic_drafts	batch_0541_0550	R_0544	混濁	こんだく	sự pha trộn đục, hỗn độn	Hỗn Trọc
n1_basic_drafts	batch_0541_0550	R_0544	結晶	けっしょう	kết tinh, sự chắt lọc tinh túy	Kết Tinh
n1_basic_drafts	batch_0541_0550	R_0544	集合的	しゅうごうてき	mang tính tập thể, collective	Tập Hợp Đích
n1_basic_drafts	batch_0541_0550	R_0544	刹那的	せつなてき	mang tính chớp nhoáng, nhất thời	Sát Na Đích
n1_basic_drafts	batch_0541_0550	R_0544	帰属意識	きぞくいしき	ý thức quy thuộc, ý thức về nơi mình thuộc về	Quy Chúc Ý Thức
n1_basic_drafts	batch_0541_0550	R_0544	根無し草	ねなしぐさ	cỏ không rễ — ẩn dụ chỉ người không có nơi nương tựa, lưu lạc	Căn Vô Thảo
n1_basic_drafts	batch_0541_0550	R_0544	回路	かいろ	mạch nối, kênh liên lạc	Hồi Lộ
n1_basic_drafts	batch_0541_0550	R_0544	唯一無二	ゆいいつむに	duy nhất và không thể thay thế	Duy Nhất Vô Nhị
n1_basic_drafts	batch_0541_0550	R_0545	ジェンダーギャップ指数	ジェンダーギャップしすう	chỉ số khoảng cách giới tính	Chỉ Sổ
n1_basic_drafts	batch_0541_0550	R_0545	女性参画	じょせいさんかく	sự tham gia của phụ nữ (vào chính trị, kinh tế)	Nữ Tính Tham Họa
n1_basic_drafts	batch_0541_0550	R_0545	ケアワーク	ケアワーク	công việc chăm sóc (nội trợ, dưỡng lão, nuôi con)	
n1_basic_drafts	batch_0541_0550	R_0545	温床	おんしょう	mầm mống, môi trường thuận lợi (thường cho điều xấu)	Ôn Sàng
n1_basic_drafts	batch_0541_0550	R_0545	公私二分論	こうしにぶんろん	thuyết nhị phân công-tư (phân chia lĩnh vực công và tư)	Công Tư Nhị Phân Luận
n1_basic_drafts	batch_0541_0550	R_0545	自律	じりつ	tự chủ, tự lập (không phụ thuộc)	Tự Luật
n1_basic_drafts	batch_0541_0550	R_0545	ウーマノミクス	ウーマノミクス	Womenomics — chính sách thúc đẩy kinh tế thông qua vai trò phụ nữ của Abe	
n1_basic_drafts	batch_0541_0550	R_0545	管理職比率	かんりしょくひりつ	tỷ lệ người giữ vị trí quản lý	Quản Lí Chức Bỉ Suất
n1_basic_drafts	batch_0541_0550	R_0545	非対称性	ひたいしょうせい	tính bất đối xứng	Phi Đối Xưng Tính
n1_basic_drafts	batch_0541_0550	R_0545	ガラスの天井	ガラスのてんじょう	trần kính — rào cản vô hình ngăn phụ nữ thăng tiến	Thiên Tỉnh
n1_basic_drafts	batch_0541_0550	R_0545	クォータ制	クォータせい	chế độ hạn ngạch (quy định tỷ lệ tối thiểu cho nữ giới)	Chế
n1_basic_drafts	batch_0541_0550	R_0545	義務化	ぎむか	bắt buộc hóa, luật hóa thành nghĩa vụ	Nghĩa Vụ Hóa
n1_basic_drafts	batch_0541_0550	R_0545	構造的不平等	こうぞうてきふびょうどう	bất bình đẳng mang tính cấu trúc	Cấu Tạo Đích Bất Bình Đẳng
n1_basic_drafts	batch_0541_0550	R_0545	少子化	しょうしか	tình trạng tỷ lệ sinh thấp, xu hướng giảm dân số	Thiểu Tử Hóa
n1_basic_drafts	batch_0541_0550	R_0545	人口学的	じんこうがくてき	thuộc về dân số học	Nhân Khẩu Học Đích
n1_basic_drafts	batch_0541_0550	R_0545	再評価	さいひょうか	tái đánh giá, đánh giá lại (thường theo hướng nâng cao hơn)	Tái Bình Giá
n1_basic_drafts	batch_0541_0550	R_0545	実効性	じっこうせい	tính hiệu lực thực chất, khả năng có hiệu quả thực tế	Thực Hiệu Tính
n1_basic_drafts	batch_0541_0550	R_0545	稼ぎ手	かせぎて	người kiếm sống, trụ cột kinh tế gia đình	Giá Thủ
n1_basic_drafts	batch_0541_0550	R_0546	製糸	せいし	ươm tơ, kéo tơ	Chế Mịch
n1_basic_drafts	batch_0541_0550	R_0546	養蚕	ようさん	nuôi tằm	Dưỡng Tằm
n1_basic_drafts	batch_0541_0550	R_0546	生糸	きいと	tơ sống, tơ thô	Sanh Mịch
n1_basic_drafts	batch_0541_0550	R_0546	和洋折衷	わようせっちゅう	kết hợp Đông-Tây, hòa hợp phong cách Nhật và phương Tây	Hòa Dương Chiết Trung
n1_basic_drafts	batch_0541_0550	R_0546	工女	こうじょ	nữ công nhân (thời Minh Trị)	Công Nữ
n1_basic_drafts	batch_0541_0550	R_0546	機屋	はたや	xưởng dệt, thợ dệt	Ki Ốc
n1_basic_drafts	batch_0541_0550	R_0546	繰糸	そうし	kéo tơ từ kén (kỹ thuật ươm tơ)	Sào Mịch
n1_basic_drafts	batch_0541_0550	R_0546	産地	さんち	vùng sản xuất, địa phương sản xuất	Sản Địa
n1_basic_drafts	batch_0541_0550	R_0546	台頭	たいとう	sự trỗi dậy, nổi lên	Thai Đầu
n1_basic_drafts	batch_0541_0550	R_0546	脱皮	だっぴ	lột xác, chuyển mình	Thoát Bì
n1_basic_drafts	batch_0541_0550	R_0546	水平的拡散	すいへいてきかくさん	lan tỏa theo chiều ngang (kiến thức truyền từ người sang người cùng cấp)	Thủy Bình Đích Khuếch Tán
n1_basic_drafts	batch_0541_0550	R_0546	産業遺産	さんぎょういさん	di sản công nghiệp	Sản Nghiệp Di Sản
n1_basic_drafts	batch_0541_0550	R_0546	蒸気動力	じょうきどうりょく	động cơ hơi nước	Chưng Khí Động Lực
n1_basic_drafts	batch_0541_0550	R_0546	無形の損失	むけいのそんしつ	tổn thất vô hình	Vô Hình Tổn Thất
n1_basic_drafts	batch_0541_0550	R_0546	葛藤	かっとう	xung đột nội tâm, vật lộn, mâu thuẫn	Cát Đằng
n1_basic_drafts	batch_0541_0550	R_0547	倫理的難問	りんりてきなんもん	bài toán đạo đức khó khăn	Luân Lí Đích Nan Vấn
n1_basic_drafts	batch_0541_0550	R_0547	自律走行車	じりつそうこうしゃ	xe tự lái, xe tự hành	Tự Luật Tẩu Hành Xa
n1_basic_drafts	batch_0541_0550	R_0547	トロッコ問題	トロッコもんだい	bài toán xe điện (trolley problem - bài toán đạo đức kinh điển)	Vấn Đề
n1_basic_drafts	batch_0541_0550	R_0547	委ねる	ゆだねる	trao phó, giao phó	Ủy
n1_basic_drafts	batch_0541_0550	R_0547	見紛う	みまごう	nhầm lẫn (nhìn mà không phân biệt được)	Kiến Phân
n1_basic_drafts	batch_0541_0550	R_0547	ディープフェイク	ディープフェイク	deepfake (công nghệ giả mạo hình ảnh/video bằng AI)	
n1_basic_drafts	batch_0541_0550	R_0547	認識論的	にんしきろんてき	thuộc về nhận thức luận (epistemological)	Nhận Thức Luận Đích
n1_basic_drafts	batch_0541_0550	R_0547	自律型兵器	じりつがたへいき	vũ khí tự hành, vũ khí tự trị	Tự Luật Hình Binh Khí
n1_basic_drafts	batch_0541_0550	R_0547	致死的	ちしてき	gây chết người, có tính chất gây tử vong	Trí Tử Đích
n1_basic_drafts	batch_0541_0550	R_0547	チューリングテスト	チューリングテスト	bài kiểm tra Turing (kiểm tra khả năng trí tuệ của máy)	
n1_basic_drafts	batch_0541_0550	R_0547	功利主義	こうりしゅぎ	chủ nghĩa công lợi, thuyết vị lợi (utilitarianism)	Công Lợi Chủ Nghĩa
n1_basic_drafts	batch_0541_0550	R_0547	徳倫理学	とくりんりがく	đạo đức học đức hạnh (virtue ethics)	Đức Luân Lí Học
n1_basic_drafts	batch_0541_0550	R_0547	捨象する	しゃしょうする	trừu tượng hóa, gạt bỏ yếu tố cụ thể	Xá Tượng
n1_basic_drafts	batch_0541_0550	R_0547	孕む	はらむ	mang trong mình, tiềm ẩn (nguy cơ, mâu thuẫn)	Dựng
n1_basic_drafts	batch_0541_0550	R_0547	枠組み	わくぐみ	khung, khuôn khổ (framework)	Khung Tổ
n1_basic_drafts	batch_0541_0550	R_0548	美意識	びいしき	mỹ thức, ý thức thẩm mỹ	Mĩ Ý Thức
n1_basic_drafts	batch_0541_0550	R_0548	不可分	ふかぶん	không thể tách rời	Bất Khả Phân
n1_basic_drafts	batch_0541_0550	R_0548	充満	じゅうまん	tràn đầy, đầy ắp	Sung Mãn
n1_basic_drafts	batch_0541_0550	R_0548	断絶	だんぜつ	sự đứt đoạn, cắt đứt hoàn toàn	Đoạn Tuyệt
n1_basic_drafts	batch_0541_0550	R_0548	屈指	くっし	hàng đầu, xuất sắc nhất (trong số)	Khuất Chỉ
n1_basic_drafts	batch_0541_0550	R_0548	通底する	つうていする	thấm sâu vào, xuyên suốt tầng đáy	Thông Để
n1_basic_drafts	batch_0541_0550	R_0548	幽玄	ゆうげん	u huyền, vẻ đẹp sâu thẳm không thể nắm bắt trực tiếp	U Huyền
n1_basic_drafts	batch_0541_0550	R_0548	官能	かんのう	nhục cảm, giác quan nhục thể	Quan Năng
n1_basic_drafts	batch_0541_0550	R_0548	系譜	けいふ	dòng chảy, gia phả (truyền thừa tư tưởng)	Hệ Phổ
n1_basic_drafts	batch_0541_0550	R_0548	連綿	れんめん	liên tục không ngừng, kéo dài mãi	Liên Miên
n1_basic_drafts	batch_0541_0550	R_0548	把握	はあく	nắm bắt, nắm giữ (bằng lý trí)	Bả Ác
n1_basic_drafts	batch_0541_0550	R_0548	具現化	ぐげんか	hiện thực hóa, cụ thể hóa	Cụ Hiện Hóa
n1_basic_drafts	batch_0541_0550	R_0548	静謐	せいひつ	tĩnh lặng sâu thẳm, yên tĩnh thanh khiết	Tĩnh Mật
n1_basic_drafts	batch_0541_0550	R_0548	波紋	はもん	gợn sóng (ẩn dụ: ảnh hưởng lan tỏa)	Ba Văn
n1_basic_drafts	batch_0541_0550	R_0548	滲み出る	にじみでる	thấm ra, toát ra (từ bên trong)	Sấm Xuất
n1_basic_drafts	batch_0541_0550	R_0549	合計特殊出生率	ごうけいとくしゅしゅっしょうりつ	tổng tỷ suất sinh (TFR — chỉ số đo tỷ lệ sinh trung bình mỗi phụ nữ)	Hợp Kế Đặc Thù Xuất Sanh Suất
n1_basic_drafts	batch_0541_0550	R_0549	根幹	こんかん	nền tảng, cốt lõi, gốc rễ	Căn Cán
n1_basic_drafts	batch_0541_0550	R_0549	晩婚化	ばんこんか	xu hướng kết hôn muộn	Vãn Hôn Hóa
n1_basic_drafts	batch_0541_0550	R_0549	非婚化	ひこんか	xu hướng không kết hôn	Phi Hôn Hóa
n1_basic_drafts	batch_0541_0550	R_0549	躊躇	ちゅうちょ	sự do dự, ngập ngừng	Trù Trừ
n1_basic_drafts	batch_0541_0550	R_0549	脆弱	ぜいじゃく	mỏng manh, yếu đuối, dễ bị tổn thương	Thúy Nhược
n1_basic_drafts	batch_0541_0550	R_0549	肩車型	かたぐるまがた	mô hình 'cõng trên vai' — 1 người đang làm việc gánh 1 người cao tuổi	Kiên Xa Hình
n1_basic_drafts	batch_0541_0550	R_0549	逼迫	ひっぱく	căng thẳng cực độ, không còn dư địa	Bức Bách
n1_basic_drafts	batch_0541_0550	R_0549	看過	かんか	bỏ qua, làm ngơ, không để ý	Khán Quá
n1_basic_drafts	batch_0541_0550	R_0549	社会統合	しゃかいとうごう	hội nhập xã hội	Xã Hội Thống Hợp
n1_basic_drafts	batch_0541_0550	R_0549	断片化	だんぺんか	sự phân mảnh, bị chia cắt thành từng phần rời rạc	Đoạn Phiến Hóa
n1_basic_drafts	batch_0541_0550	R_0549	抜本的	ばっぽんてき	triệt để, cơ bản, tận gốc rễ	Bạt Bản Đích
n1_basic_drafts	batch_0541_0550	R_0549	乱発	らんぱつ	phát tán bừa bãi, ban hành ồ ạt không có kiểm soát	Loạn Phát
n1_basic_drafts	batch_0541_0550	R_0549	消滅	しょうめつ	biến mất, tiêu vong	Tiêu Diệt
n1_basic_drafts	batch_0541_0550	R_0550	渇望	かつぼう	khao khát, thèm khát mãnh liệt	Khát Vọng
n1_basic_drafts	batch_0541_0550	R_0550	傾倒	けいとう	say mê, ngưỡng mộ sâu sắc	Khuynh Đảo
n1_basic_drafts	batch_0541_0550	R_0550	直訴	じきそ	trực tiếp cầu xin / khiếu nại lên cấp trên bỏ qua cấp trung gian	Trực Tố
n1_basic_drafts	batch_0541_0550	R_0550	破滅型	はめつがた	kiểu tự hủy diệt, có xu hướng dẫn đến tàn phá bản thân	Phá Diệt Hình
n1_basic_drafts	batch_0541_0550	R_0550	連載	れんさい	đăng nhiều kỳ (trên báo/tạp chí)	Liên Tái
n1_basic_drafts	batch_0541_0550	R_0550	入水自殺	じゅすいじさつ	tự tử bằng cách nhảy xuống nước	Nhập Thủy Tự Sát
n1_basic_drafts	batch_0541_0550	R_0550	道化	どうけ	hề, vai hài hước; người che giấu cảm xúc thật bằng trò đùa	Đạo Hóa
n1_basic_drafts	batch_0541_0550	R_0550	処世術	しょせいじゅつ	thuật sống, cách ứng xử trong xã hội	Xứ Thế Thuật
n1_basic_drafts	batch_0541_0550	R_0550	欺瞞	ぎまん	sự lừa dối, đánh lừa	Khi Man
n1_basic_drafts	batch_0541_0550	R_0550	偽善	ぎぜん	đạo đức giả, giả vờ tốt đẹp	Ngụy Thiện
n1_basic_drafts	batch_0541_0550	R_0550	感受性	かんじゅせい	cảm thụ, khả năng cảm nhận	Cảm Thụ Tính
n1_basic_drafts	batch_0541_0550	R_0550	奈落	ならく	vực thẳm, địa ngục (ẩn dụ cho tình trạng tuyệt vọng)	Nại Lạc
n1_basic_drafts	batch_0541_0550	R_0550	独白	どくはく	độc thoại	Độc Bạch
n1_basic_drafts	batch_0541_0550	R_0550	訴求力	そきゅうりょく	sức hút, khả năng thu hút cảm xúc của người nhận	Tố Cầu Lực
n1_basic_drafts	batch_0541_0550	R_0550	違和感	いわかん	cảm giác lạc lõng, cảm giác không phù hợp	Vi Hòa Cảm
n1_basic_drafts	batch_0551_0560	R_0551	検定	けんてい	kiểm định, xét duyệt (sách giáo khoa)	Kiểm Định
n1_basic_drafts	batch_0551_0560	R_0551	侵略	しんりゃく	xâm lược	Xâm Lược
n1_basic_drafts	batch_0551_0560	R_0551	抗議	こうぎ	phản đối, lên tiếng phản đối	Kháng Nghị
n1_basic_drafts	batch_0551_0560	R_0551	従軍慰安婦	じゅうぐんいあんふ	phụ nữ mua vui (cho quân đội Nhật) — comfort women	Tùng Quân Úy An Phụ
n1_basic_drafts	batch_0551_0560	R_0551	歪曲	わいきょく	bóp méo, xử lý sai lệch	Oai Khúc
n1_basic_drafts	batch_0551_0560	R_0551	歴史修正主義	れきししゅうせいしゅぎ	chủ nghĩa xét lại lịch sử	Lịch Sử Tu Chánh Chủ Nghĩa
n1_basic_drafts	batch_0551_0560	R_0551	河野談話	こうのだんわ	Tuyên bố Kono (1993, thừa nhận vấn đề comfort women)	Hà Dã Đàm Thoại
n1_basic_drafts	batch_0551_0560	R_0551	強制性	きょうせいせい	tính cưỡng ép, cưỡng bức	Cường Chế Tính
n1_basic_drafts	batch_0551_0560	R_0551	一枚岩	いちまいいわ	đồng nhất, không có sự chia rẽ (ẩn dụ)	Nhất Mai Nham
n1_basic_drafts	batch_0551_0560	R_0551	自虐史観	じぎゃくしかん	sử quan tự sỉ vả/tự ngược đãi (cách nhìn lịch sử tự đánh giá tiêu cực thái quá về chính dân tộc mình)	Tự Ngược Sử Quan
n1_basic_drafts	batch_0551_0560	R_0551	はざま	はざま	khoảng giữa, giữa hai lực đối lập	
n1_basic_drafts	batch_0551_0560	R_0551	和解	わかい	hòa giải, giải hòa	Hòa Giải
n1_basic_drafts	batch_0551_0560	R_0551	透明性	とうめいせい	tính minh bạch	Thấu Minh Tính
n1_basic_drafts	batch_0551_0560	R_0551	摩擦	まさつ	ma sát, xung đột (trong quan hệ quốc tế)	Ma Sát
n1_basic_drafts	batch_0551_0560	R_0551	棘	とげ	gai nhọn (ẩn dụ cho vấn đề gây đau khó giải quyết)	Cức
n1_basic_drafts	batch_0551_0560	R_0552	塗り替える	ぬりかえる	viết lại, thay đổi hoàn toàn (lịch sử, kỷ lục)	Đồ Thế
n1_basic_drafts	batch_0551_0560	R_0552	高尚	こうしょう	hàn lâm, cao thượng, tinh tế (trái nghĩa: thông tục)	Cao Thượng
n1_basic_drafts	batch_0551_0560	R_0552	堂々と	どうどうと	đàng hoàng, đường hoàng, không ngần ngại	Đường
n1_basic_drafts	batch_0551_0560	R_0552	語法	ごほう	ngôn ngữ (theo nghĩa rộng), cách diễn đạt, văn pháp	Ngữ Pháp
n1_basic_drafts	batch_0551_0560	R_0552	口を揃える	くちをそろえる	đồng thanh nhất trí nói, nói cùng một giọng	Khẩu Tiễn
n1_basic_drafts	batch_0551_0560	R_0552	落札価格	らくさつかかく	giá bán đấu giá (giá trúng thầu)	Lạc Trát Giá Cách
n1_basic_drafts	batch_0551_0560	R_0552	誇示する	こじする	phô bày, phô trương, khoe khoang có chủ đích	Khoa Kì
n1_basic_drafts	batch_0551_0560	R_0552	昇華させる	しょうかさせる	nâng tầm, thăng hoa, chuyển hóa lên cấp độ cao hơn	Thăng Hoa
n1_basic_drafts	batch_0551_0560	R_0552	毒々しい	どくどくしい	rực rỡ đến mức gây khó chịu, chói lọi một cách độc hại (màu sắc)	Độc
n1_basic_drafts	batch_0551_0560	R_0552	内包する	ないほうする	hàm chứa bên trong, bao hàm	Nội Bao
n1_basic_drafts	batch_0551_0560	R_0552	孤高	ここう	cô độc và cao thượng, tự tách biệt khỏi thế tục	Cô Cao
n1_basic_drafts	batch_0551_0560	R_0552	命題	めいだい	mệnh đề, luận điểm (triết học/logic)	Mệnh Đề
n1_basic_drafts	batch_0551_0560	R_0552	潮流	ちょうりゅう	làn sóng, xu hướng lớn (của thời đại)	Triều Lưu
n1_basic_drafts	batch_0551_0560	R_0552	批評精神	ひひょうせいしん	tinh thần phê phán, ý thức phản tư phê bình	Phê Bình Tinh Thần
n1_basic_drafts	batch_0551_0560	R_0553	変容	へんよう	sự biến đổi, sự chuyển hoá	Biến Dung
n1_basic_drafts	batch_0551_0560	R_0553	氾濫	はんらん	sự tràn lan, lũ lụt (nghĩa bóng: tràn ngập)	Phiếm Lạm
n1_basic_drafts	batch_0551_0560	R_0553	警鐘	けいしょう	tiếng chuông cảnh báo	Cảnh Chung
n1_basic_drafts	batch_0551_0560	R_0553	席巻	せっけん	thống trị, cuốn phăng (như cuộn chiếu)	Tịch Quyển
n1_basic_drafts	batch_0551_0560	R_0553	語感	ごかん	cảm quan ngôn ngữ, trực giác về từ	Ngữ Cảm
n1_basic_drafts	batch_0551_0560	R_0553	変質	へんしつ	biến chất, thay đổi bản chất	Biến Chất
n1_basic_drafts	batch_0551_0560	R_0553	木漏れ日	こもれび	ánh nắng xuyên qua tán lá cây	Mộc Lậu Nhật
n1_basic_drafts	batch_0551_0560	R_0553	物の哀れ	もののあわれ	cảm thức về sự phôi pha của vạn vật (khái niệm thẩm mỹ Nhật)	Vật Ai
n1_basic_drafts	batch_0551_0560	R_0553	凝縮	ぎょうしゅく	cô đọng, tập trung tinh chất	Ngưng Súc
n1_basic_drafts	batch_0551_0560	R_0553	逆輸入	ぎゃくゆにゅう	du nhập ngược trở lại (xuất khẩu rồi nhập lại)	Nghịch Thâu Nhập
n1_basic_drafts	batch_0551_0560	R_0553	証左	しょうさ	bằng chứng, chứng cứ (văn trang trọng)	Chứng Tả
n1_basic_drafts	batch_0551_0560	R_0553	双方向的	そうほうこうてき	hai chiều, tương tác qua lại	Song Phương Hướng Đích
n1_basic_drafts	batch_0551_0560	R_0553	実証的	じっしょうてき	thực chứng, dựa trên bằng chứng thực nghiệm	Thực Chứng Đích
n1_basic_drafts	batch_0551_0560	R_0553	言語景観	げんごけいかん	cảnh quan ngôn ngữ (linguistic landscape)	Ngôn Ngữ Cảnh Quan
n1_basic_drafts	batch_0551_0560	R_0553	自覚	じかく	ý thức, nhận thức về bản thân	Tự Giác
n1_basic_drafts	batch_0551_0560	R_0554	俯瞰	ふかん	nhìn toàn cảnh từ trên cao, cái nhìn bao quát	Phủ Khám
n1_basic_drafts	batch_0551_0560	R_0554	眼差し	まなざし	ánh mắt, cái nhìn (thi ca, biểu cảm)	Nhãn Soa
n1_basic_drafts	batch_0551_0560	R_0554	池泉回遊式	ちせんかいゆうしき	kiểu vườn ao hồ dạo quanh (thể loại vườn Nhật cổ điển)	Trì Tuyền Hồi Du Thức
n1_basic_drafts	batch_0551_0560	R_0554	矜持	きょうじ	niềm tự hào, phẩm giá tự trọng	Căng Trì
n1_basic_drafts	batch_0551_0560	R_0554	雪吊り	ゆきづり	kỹ thuật buộc dây chống tuyết cho cây trong vườn Nhật mùa đông	Tuyết Điếu
n1_basic_drafts	batch_0551_0560	R_0554	枯山水	かれさんすい	karesansui — vườn đá khô không có nước (đặc trưng Thiền tông)	Khô San Thủy
n1_basic_drafts	batch_0551_0560	R_0554	砂紋	さもん	gợn sóng trên cát (trong vườn karesansui)	Sa Văn
n1_basic_drafts	batch_0551_0560	R_0554	非対称	ひたいしょう	bất đối xứng	Phi Đối Xưng
n1_basic_drafts	batch_0551_0560	R_0554	重森三玲	しげもりみれい	Mirei Shigemori — nghệ nhân làm vườn và nhà nghiên cứu lịch sử mỹ thuật thời Showa	Trọng Sâm Tam Linh
n1_basic_drafts	batch_0551_0560	R_0554	前衛	ぜんえい	tiền vệ, avant-garde (nghệ thuật)	Tiền Vệ
n1_basic_drafts	batch_0551_0560	R_0554	市松模様	いちまつもよう	hoa văn hình bàn cờ (ô vuông xen kẽ)	Thị Tùng Mô Dạng
n1_basic_drafts	batch_0551_0560	R_0554	縮景	しゅくけい	thu cảnh — tái hiện cảnh quan thiên nhiên ở quy mô thu nhỏ	Súc Cảnh
n1_basic_drafts	batch_0551_0560	R_0554	昇華	しょうか	thăng hoa, nâng lên tầm cao hơn (nghĩa bóng)	Thăng Hoa
n1_basic_drafts	batch_0551_0560	R_0554	静謐	せいひつ	sự tĩnh lặng, yên tĩnh sâu lắng (từ thi ca)	Tĩnh Mật
n1_basic_drafts	batch_0551_0560	R_0554	幽玄	ゆうげん	huyền bí thâm u — khái niệm thẩm mỹ Nhật Bản về vẻ đẹp sâu xa mờ ảo	U Huyền
n1_basic_drafts	batch_0551_0560	R_0554	余白	よはく	khoảng trắng, không gian trống (trong nghệ thuật Nhật Bản)	Dư Bạch
n1_basic_drafts	batch_0551_0560	R_0555	精神疾患	せいしんしっかん	bệnh tâm thần	Tinh Thần Tật Hoạn
n1_basic_drafts	batch_0551_0560	R_0555	忌避	きひ	xa lánh, né tránh	Kị Tị
n1_basic_drafts	batch_0551_0560	R_0555	言説	げんせつ	diễn ngôn, luận thuyết	Ngôn Thuyết
n1_basic_drafts	batch_0551_0560	R_0555	烙印	らくいん	vết nhơ, sự kỳ thị xã hội (stigma)	Lạc Ấn
n1_basic_drafts	batch_0551_0560	R_0555	統合失調症	とうごうしっちょうしょう	rối loạn tâm thần phân liệt (đổi tên 2002 từ 精神分裂病 — schizophrenia)	Thống Hợp Thất Điều Chứng
n1_basic_drafts	batch_0551_0560	R_0555	精神分裂病	せいしんぶんれつびょう	bệnh phân liệt tâm thần (tên cũ trước 2002)	Tinh Thần Phân Liệt Bệnh
n1_basic_drafts	batch_0551_0560	R_0555	スティグマ	スティグマ	vết nhơ, kỳ thị (stigma — thuật ngữ tâm lý xã hội)	
n1_basic_drafts	batch_0551_0560	R_0555	入院中心主義	にゅういんちゅうしんしゅぎ	chủ nghĩa trung tâm bệnh viện (ưu tiên điều trị nội trú)	Nhập Viện Trung Tâm Chủ Nghĩa
n1_basic_drafts	batch_0551_0560	R_0555	地域移行	ちいきいこう	chuyển dịch về cộng đồng (tái hòa nhập)	Địa Vực Di Hành
n1_basic_drafts	batch_0551_0560	R_0555	双極性障害	そうきょくせいしょうがい	rối loạn lưỡng cực	Song Cực Tính Chướng Hại
n1_basic_drafts	batch_0551_0560	R_0555	当事者	とうじしゃ	người trong cuộc, đương sự	Đương Sự Giả
n1_basic_drafts	batch_0551_0560	R_0555	精神保健	せいしんほけん	sức khỏe tâm thần (công cộng)	Tinh Thần Bảo Kiện
n1_basic_drafts	batch_0551_0560	R_0555	社会資源	しゃかいしげん	nguồn lực xã hội (dịch vụ hỗ trợ cộng đồng)	Xã Hội Tư Nguyên
n1_basic_drafts	batch_0551_0560	R_0555	逆転現象	ぎゃくてんげんしょう	hiện tượng đảo ngược	Nghịch Chuyển Hiện Tượng
n1_basic_drafts	batch_0551_0560	R_0555	精神科病床	せいしんかびょうしょう	giường bệnh tâm thần	Tinh Thần Khoa Bệnh Sàng
n1_basic_drafts	batch_0551_0560	R_0556	書院造り	しょいんづくり	kiến trúc shoin-zukuri (phong cách xây dựng phòng học/tiếp khách thời trung cổ Nhật)	Thư Viện Tạo
n1_basic_drafts	batch_0551_0560	R_0556	間（ま）	ま	ma - khái niệm không gian giữa, khoảng trống mang nghĩa thẩm mỹ trong nghệ thuật Nhật	Gian
n1_basic_drafts	batch_0551_0560	R_0556	空虚	くうきょ	sự rỗng không, trống rỗng	Không Hư
n1_basic_drafts	batch_0551_0560	R_0556	逆説	ぎゃくせつ	nghịch lý, paradox	Nghịch Thuyết
n1_basic_drafts	batch_0551_0560	R_0556	丹下健三	たんげけんぞう	Tange Kenzo - kiến trúc sư Nhật nổi tiếng thế kỷ 20	Đan Hạ Kiện Tam
n1_basic_drafts	batch_0551_0560	R_0556	昇華	しょうか	thăng hoa, nâng lên tầm cao hơn	Thăng Hoa
n1_basic_drafts	batch_0551_0560	R_0556	打ち放しコンクリート	うちはなしコンクリート	bê tông trần thô (để lộ bề mặt tự nhiên không trát)	Đả Phóng
n1_basic_drafts	batch_0551_0560	R_0556	削ぎ落とす	そぎおとす	pared down, cắt bỏ đến mức tối giản	Tước Lạc
n1_basic_drafts	batch_0551_0560	R_0556	桂離宮	かつらりきゅう	Katsura Rikyu - cung điện nổi tiếng tại Kyoto	Quế Li Cung
n1_basic_drafts	batch_0551_0560	R_0556	相互依存	そうごいぞん	sự tương thuộc, phụ thuộc lẫn nhau	Tương Hỗ Y Tồn
n1_basic_drafts	batch_0551_0560	R_0556	持続可能性	じぞくかのうせい	tính bền vững, sustainability	Trì Tục Khả Năng Tính
n1_basic_drafts	batch_0551_0560	R_0556	精神性	せいしんせい	tính tâm linh, chiều sâu tinh thần	Tinh Thần Tính
n1_basic_drafts	batch_0551_0560	R_0556	共鳴	きょうめい	cộng hưởng, đồng điệu	Cộng Minh
n1_basic_drafts	batch_0551_0560	R_0556	根源的	こんげんてき	căn bản, thuộc về nguồn gốc sâu xa	Căn Nguyên Đích
n1_basic_drafts	batch_0551_0560	R_0556	二項対立	にこうたいりつ	lưỡng phân, nhị phân đối lập (binary opposition)	Nhị Hạng Đối Lập
n1_basic_drafts	batch_0551_0560	R_0556	地平	ちへい	chân trời (theo nghĩa bóng: tầm nhìn, khả năng)	Địa Bình
n1_basic_drafts	batch_0551_0560	R_0557	固有名詞的	こゆうめいしてき	mang tính danh từ riêng, như tên gọi độc nhất	Cố Hữu Danh Từ Đích
n1_basic_drafts	batch_0551_0560	R_0557	一線を画す	いっせんをかくす	vạch rõ ranh giới, phân biệt rõ ràng	Nhất Tuyến Họa
n1_basic_drafts	batch_0551_0560	R_0557	深淵	しんえん	vực thẳm, chiều sâu tối tăm	Thâm Duyên
n1_basic_drafts	batch_0551_0560	R_0557	二重性	にじゅうせい	tính lưỡng trị, tính hai mặt	Nhị Trọng Tính
n1_basic_drafts	batch_0551_0560	R_0557	端正	たんせい	tinh tế, chỉnh chu, ngay ngắn	Đoan Chánh
n1_basic_drafts	batch_0551_0560	R_0557	解体	かいたい	giải thể, tháo gỡ, phân rã	Giải Thể
n1_basic_drafts	batch_0551_0560	R_0557	照射	しょうしゃ	soi rọi, chiếu sáng (ẩn dụ: làm lộ rõ)	Chiếu Xạ
n1_basic_drafts	batch_0551_0560	R_0557	可視化	かしか	hiện hữu hóa, biến vô hình thành hữu hình	Khả Thị Hóa
n1_basic_drafts	batch_0551_0560	R_0557	深遠	しんえん	sâu thẳm, uyên thâm	Thâm Viễn
n1_basic_drafts	batch_0551_0560	R_0557	移植困難	いしょくこんなん	khó di thực, khó chuyển sang môi trường khác	Di Thực Khốn Nan
n1_basic_drafts	batch_0551_0560	R_0557	有力候補	ゆうりょくこうほ	ứng viên hàng đầu, ứng cử viên sáng giá	Hữu Lực Hậu Bổ
n1_basic_drafts	batch_0551_0560	R_0557	評価軸	ひょうかじく	trục đánh giá, thước đo tiêu chuẩn	Bình Giá Trục
n1_basic_drafts	batch_0551_0560	R_0557	待ちわびる	まちわびる	mong chờ khắc khoải, chờ đợi da diết	Đãi
n1_basic_drafts	batch_0551_0560	R_0557	自己探求	じこたんきゅう	hành trình tìm kiếm bản thân	Tự Kỉ Tham Cầu
n1_basic_drafts	batch_0551_0560	R_0557	共鳴	きょうめい	cộng hưởng, đồng điệu	Cộng Minh
n1_basic_drafts	batch_0551_0560	R_0558	爛熟	らんじゅく	chín muồi đến mức thừa mứa, cực thịnh rồi suy	Lạn Thục
n1_basic_drafts	batch_0551_0560	R_0558	潮流	ちょうりゅう	xu thế, trào lưu thời đại	Triều Lưu
n1_basic_drafts	batch_0551_0560	R_0558	地殻変動	ちかくへんどう	chuyển động địa chất; (ẩn dụ) biến chuyển lớn lao trong xã hội tư tưởng	Địa Xác Biến Động
n1_basic_drafts	batch_0551_0560	R_0558	脱領土化	だつりょうどか	phi lãnh thổ hóa (khái niệm Deleuze-Guattari)	Thoát Lĩnh Thổ Hóa
n1_basic_drafts	batch_0551_0560	R_0558	表象システム	ひょうしょうシステム	hệ thống biểu đạt, hệ thống đại diện (representation system)	Biểu Tượng
n1_basic_drafts	batch_0551_0560	R_0558	並行性	へいこうせい	tính song song, tương đồng cấu trúc	Tịnh Hành Tính
n1_basic_drafts	batch_0551_0560	R_0558	トランスクリティーク	トランスクリティーク	transcritique — phê phán xuyên chiều (khái niệm Karatani)	
n1_basic_drafts	batch_0551_0560	R_0558	語感	ごかん	cảm quan ngôn ngữ, cảm giác về từ ngữ	Ngữ Cảm
n1_basic_drafts	batch_0551_0560	R_0558	裂け目	さけめ	vết nứt, kẽ hở	Liệt Mục
n1_basic_drafts	batch_0551_0560	R_0558	拮抗	きっこう	giằng co, đối kháng cân bằng	Cát Kháng
n1_basic_drafts	batch_0551_0560	R_0558	自明性	じめいせい	tính hiển nhiên, tính tự hiển nhiên	Tự Minh Tính
n1_basic_drafts	batch_0551_0560	R_0558	反省性	はんせいせい	tính phản tư, khả năng tự phản tư	Phản Tỉnh Tính
n1_basic_drafts	batch_0551_0560	R_0558	共鳴	きょうめい	cộng hưởng, đồng điệu	Cộng Minh
n1_basic_drafts	batch_0551_0560	R_0558	画一化	かくいつか	sự đồng nhất hóa, tiêu chuẩn hóa	Họa Nhất Hóa
n1_basic_drafts	batch_0551_0560	R_0558	企図	きと	kế hoạch, ý đồ lớn lao	Xí Đồ
n1_basic_drafts	batch_0551_0560	R_0558	不断に	ふだんに	không ngừng, liên tục không dứt	Bất Đoạn
n1_basic_drafts	batch_0551_0560	R_0559	農業従事者	のうぎょうじゅうじしゃ	người làm nông nghiệp, lao động nông nghiệp	Nông Nghiệp Tùng Sự Giả
n1_basic_drafts	batch_0551_0560	R_0559	高温障害	こうおんしょうがい	rối loạn do nhiệt độ cao (bệnh cây trồng)	Cao Ôn Chướng Hại
n1_basic_drafts	batch_0551_0560	R_0559	白未熟粒	しろみじゅくりゅう	hạt gạo bạc bụng/đục trắng do nhiệt cao (lỗi kỹ thuật phổ biến trong ngành lúa)	Bạch Vị Thục Lạp
n1_basic_drafts	batch_0551_0560	R_0559	登熟	とうじゅく	quá trình chín của hạt ngũ cốc sau thụ phấn	Đăng Thục
n1_basic_drafts	batch_0551_0560	R_0559	毀損	きそん	sự hủy hoại, sự tổn hại (giá trị, uy tín)	Hủy Tổn
n1_basic_drafts	batch_0551_0560	R_0559	漁場	ぎょじょう	ngư trường, vùng đánh cá	Ngư Tràng
n1_basic_drafts	batch_0551_0560	R_0559	後継者不足	こうけいしゃぶそく	thiếu người kế thừa (vấn đề cơ cấu trong nông nghiệp)	Hậu Kế Giả Bất Túc
n1_basic_drafts	batch_0551_0560	R_0559	精密農業	せいみつのうぎょう	nông nghiệp chính xác (sử dụng công nghệ AI/IoT)	Tinh Mật Nông Nghiệp
n1_basic_drafts	batch_0551_0560	R_0559	農研機構	のうけんきこう	Viện Nghiên cứu Nông nghiệp và Thực phẩm quốc gia Nhật Bản (NARO)	Nông Nghiên Ki Cấu
n1_basic_drafts	batch_0551_0560	R_0559	高温耐性	こうおんたいせい	khả năng chịu nhiệt độ cao	Cao Ôn Nại Tính
n1_basic_drafts	batch_0551_0560	R_0559	食料安全保障	しょくりょうあんぜんほしょう	an ninh lương thực	Thực Liêu An Toàn Bảo Chướng
n1_basic_drafts	batch_0551_0560	R_0559	国土保全	こくどほぜん	bảo tồn quốc thổ, bảo vệ lãnh thổ	Quốc Thổ Bảo Toàn
n1_basic_drafts	batch_0551_0560	R_0559	未曾有	みぞう	chưa từng có, chưa từng xảy ra	Vị Tằng Hữu
n1_basic_drafts	batch_0551_0560	R_0559	縮図	しゅくず	bức tranh thu nhỏ, hình thu nhỏ	Súc Đồ
n1_basic_drafts	batch_0551_0560	R_0560	復権	ふっけん	phục quyền, phục hồi địa vị	Phục Quyền
n1_basic_drafts	batch_0551_0560	R_0560	先住民族	せんじゅうみんぞく	dân tộc bản địa	Tiên Trụ Dân Tộc
n1_basic_drafts	batch_0551_0560	R_0560	同化政策	どうかせいさく	chính sách đồng hoá	Đồng Hóa Chánh Sách
n1_basic_drafts	batch_0551_0560	R_0560	施策推進法	しさくすいしんほう	luật thúc đẩy chính sách	Thi Sách Thôi Tiến Pháp
n1_basic_drafts	batch_0551_0560	R_0560	象徴空間	しょうちょうくうかん	không gian biểu tượng	Tượng Trưng Không Gian
n1_basic_drafts	batch_0551_0560	R_0560	口承文学	こうしょうぶんがく	văn học truyền khẩu	Khẩu Thừa Văn Học
n1_basic_drafts	batch_0551_0560	R_0560	自己決定権	じこけっていけん	quyền tự quyết	Tự Kỉ Quyết Định Quyền
n1_basic_drafts	batch_0551_0560	R_0560	コーパス	コーパス	kho ngữ liệu (corpus)	
n1_basic_drafts	batch_0551_0560	R_0560	デジタルアーカイブ	デジタルアーカイブ	lưu trữ số (digital archive)	
n1_basic_drafts	batch_0551_0560	R_0560	包摂	ほうせつ	bao trùm, tính bao gồm (inclusion)	Bao Nhiếp
n1_basic_drafts	batch_0551_0560	R_0560	多文化共生	たぶんかきょうせい	đa văn hoá cùng tồn tại	Đa Văn Hóa Cộng Sanh
n1_basic_drafts	batch_0551_0560	R_0560	和解	わかい	hoà giải	Hòa Giải
n1_basic_drafts	batch_0551_0560	R_0560	縄文時代	じょうもんじだい	thời đại Jomon (thời kỳ đồ đá mới Nhật Bản)	Thằng Văn Thì Đại
n1_basic_drafts	batch_0551_0560	R_0560	抑圧	よくあつ	áp bức, đàn áp	Ức Áp
n1_basic_drafts	batch_0551_0560	R_0560	生態知識	せいたいちしき	kiến thức sinh thái, tri thức về môi trường tự nhiên	Sanh Thái Tri Thức
n1_basic_drafts	batch_0561_0570	R_0561	社会学	しゃかいがく	xã hội học	Xã Hội Học
n1_basic_drafts	batch_0561_0570	R_0561	文化的装置	ぶんかてきそうち	thiết chế văn hóa, cơ chế văn hóa	Văn Hóa Đích Trang Trí
n1_basic_drafts	batch_0561_0570	R_0561	内面化	ないめんか	nội tâm hóa, thấm sâu vào bên trong	Nội Diện Hóa
n1_basic_drafts	batch_0561_0570	R_0561	台頭	たいとう	sự trỗi dậy, sự nổi lên	Thai Đầu
n1_basic_drafts	batch_0561_0570	R_0561	乖離	かいり	sự cách biệt, sự phân ly	Quai Li
n1_basic_drafts	batch_0561_0570	R_0561	過密	かみつ	quá dày đặc, quá tải	Quá Mật
n1_basic_drafts	batch_0561_0570	R_0561	酷使	こくし	khai thác quá mức, bắt làm việc quá sức	Khốc Sử
n1_basic_drafts	batch_0561_0570	R_0561	未曾有	みぞう	chưa từng có, chưa có tiền lệ	Vị Tằng Hữu
n1_basic_drafts	batch_0561_0570	R_0561	葛藤	かっとう	xung đột nội tâm, mâu thuẫn	Cát Đằng
n1_basic_drafts	batch_0561_0570	R_0561	遅々として	ちちとして	chậm chạp, dậm chân tại chỗ	Trì
n1_basic_drafts	batch_0561_0570	R_0561	亀裂	きれつ	vết nứt, khoảng cách sâu sắc	Quy Liệt
n1_basic_drafts	batch_0561_0570	R_0561	顧問	こもん	cố vấn, người phụ trách	Cố Vấn
n1_basic_drafts	batch_0561_0570	R_0561	勝利至上主義	しょうりしじょうしゅぎ	chủ nghĩa thắng thua tuyệt đối, tư tưởng chiến thắng là trên hết	Thắng Lợi Chí Thượng Chủ Nghĩa
n1_basic_drafts	batch_0561_0570	R_0561	白日のもと	はくじつのもと	dưới ánh sáng ban ngày, phơi bày công khai	Bạch Nhật
n1_basic_drafts	batch_0561_0570	R_0561	はらむ	はらむ	chứa đựng, ẩn chứa (nguy cơ, mâu thuẫn)	
n1_basic_drafts	batch_0561_0570	R_0561	包摂性	ほうせつせい	tính bao trùm, sự hòa nhập (inclusive)	Bao Nhiếp Tính
n1_basic_drafts	batch_0561_0570	R_0561	露わにする	あらわにする	phơi lộ, phơi bày (làm rõ sự thật ẩn giấu)	Lộ
n1_basic_drafts	batch_0561_0570	R_0562	高度経済成長期	こうどけいざいせいちょうき	thời kỳ tăng trưởng kinh tế cao	Cao Độ Kinh Tế Thành Trường Kì
n1_basic_drafts	batch_0561_0570	R_0562	廃墟	はいきょ	đống đổ nát, phế tích	Phế Khư
n1_basic_drafts	batch_0561_0570	R_0562	重化学工業	じゅうかがくこうぎょう	công nghiệp nặng và hóa chất	Trọng Hóa Học Công Nghiệp
n1_basic_drafts	batch_0561_0570	R_0562	変貌を遂げる	へんぼうをとげる	biến đổi hoàn toàn, lột xác	Biến Bạo Toại
n1_basic_drafts	batch_0561_0570	R_0562	所得倍増計画	しょとくばいぞうけいかく	kế hoạch tăng gấp đôi thu nhập	Sở Đắc Bội Tăng Kế Họa
n1_basic_drafts	batch_0561_0570	R_0562	年功序列	ねんこうじょれつ	chế độ thâm niên, trọng tuổi tác	Niên Công Tự Liệt
n1_basic_drafts	batch_0561_0570	R_0562	帰属意識	きぞくいしき	ý thức quy thuộc, cảm giác thuộc về	Quy Chúc Ý Thức
n1_basic_drafts	batch_0561_0570	R_0562	公害	こうがい	ô nhiễm công nghiệp, nạn công hại	Công Hại
n1_basic_drafts	batch_0561_0570	R_0562	享受する	きょうじゅする	hưởng thụ, thụ hưởng	Hưởng Thụ
n1_basic_drafts	batch_0561_0570	R_0562	不均衡	ふきんこう	bất bình đẳng, mất cân bằng	Bất Quân Hành
n1_basic_drafts	batch_0561_0570	R_0562	省エネ技術	しょうエネぎじゅつ	công nghệ tiết kiệm năng lượng	Tỉnh Kĩ Thuật
n1_basic_drafts	batch_0561_0570	R_0562	立役者	たちやくしゃ	nhân vật chủ chốt, người đứng sau thành công	Lập Dịch Giả
n1_basic_drafts	batch_0561_0570	R_0562	渇望	かつぼう	khát vọng mãnh liệt, thèm khát	Khát Vọng
n1_basic_drafts	batch_0561_0570	R_0562	過疎化	かそか	dân số thưa thớt hóa, suy giảm dân số nông thôn	Quá Sơ Hóa
n1_basic_drafts	batch_0561_0570	R_0562	構造的歪み	こうぞうてきゆがみ	biến dạng cơ cấu, méo mó cấu trúc	Cấu Tạo Đích Oai
n1_basic_drafts	batch_0561_0570	R_0562	複眼的	ふくがんてき	đa chiều, nhìn từ nhiều góc độ	Phức Nhãn Đích
n1_basic_drafts	batch_0561_0570	R_0562	知的礎	ちてきいしずえ	nền tảng tri thức	Tri Đích Sở
n1_basic_drafts	batch_0561_0570	R_0563	金字塔	きんじとう	kim tự tháp, đỉnh cao, cột mốc lịch sử	Kim Tự Tháp
n1_basic_drafts	batch_0561_0570	R_0563	痛烈	つうれつ	sâu cay, đau đớn, gay gắt	Thống Liệt
n1_basic_drafts	batch_0561_0570	R_0563	逆説的	ぎゃくせつてき	mang tính nghịch lý	Nghịch Thuyết Đích
n1_basic_drafts	batch_0561_0570	R_0563	赤裸々	あからさま	trần trụi, lộ liễu, không che giấu	Xích Lỏa
n1_basic_drafts	batch_0561_0570	R_0563	盲点	もうてん	điểm mù, sơ hở	Manh Điểm
n1_basic_drafts	batch_0561_0570	R_0563	土壌	どじょう	đất, nền tảng, mảnh đất (ẩn dụ)	Thổ Nhưỡng
n1_basic_drafts	batch_0561_0570	R_0563	証左	しょうさ	bằng chứng, minh chứng (formal)	Chứng Tả
n1_basic_drafts	batch_0561_0570	R_0563	病理	びょうり	bệnh lý, căn bệnh (dùng cả nghĩa xã hội)	Bệnh Lí
n1_basic_drafts	batch_0561_0570	R_0563	断罪	だんざい	kết tội, phán tội	Đoạn Tội
n1_basic_drafts	batch_0561_0570	R_0563	成熟	せいじゅく	trưởng thành, chín muồi	Thành Thục
n1_basic_drafts	batch_0561_0570	R_0563	隠れ貧困	かくれひんこん	nghèo ẩn — tình trạng nghèo không nhìn thấy được từ bên ngoài	Ẩn Bần Khốn
n1_basic_drafts	batch_0561_0570	R_0563	告発	こくはつ	tố cáo, lên án (formal, pháp lý hoặc xã hội)	Cáo Phát
n1_basic_drafts	batch_0561_0570	R_0563	体現する	たいげんする	thể hiện, hiện thân hóa	Thể Hiện
n1_basic_drafts	batch_0561_0570	R_0563	共同体	きょうどうたい	cộng đồng	Cộng Đồng Thể
n1_basic_drafts	batch_0561_0570	R_0564	一線を画す	いっせんをかくす	phân biệt rõ ràng, tạo ranh giới rõ ràng với	Nhất Tuyến Họa
n1_basic_drafts	batch_0561_0570	R_0564	様相を呈する	ようそうをていする	mang diện mạo, biểu hiện bộ mặt	Dạng Tương Trình
n1_basic_drafts	batch_0561_0570	R_0564	内面化する	ないめんかする	nội tâm hoá, đưa vào bên trong tâm lý	Nội Diện Hóa
n1_basic_drafts	batch_0561_0570	R_0564	さとり世代	さとりせだい	thế hệ satori - thế hệ trẻ Nhật không có nhiều ham muốn, chấp nhận thực tại	Thế Đại
n1_basic_drafts	batch_0561_0570	R_0564	凌駕する	りょうがする	vượt trội, vượt qua	Lăng Giá
n1_basic_drafts	batch_0561_0570	R_0564	承認欲求	しょうにんよっきゅう	nhu cầu được công nhận, được thừa nhận	Thừa Nhận Dục Cầu
n1_basic_drafts	batch_0561_0570	R_0564	表裏一体	ひょうりいったい	hai mặt không thể tách rời, như mặt trước và mặt sau	Biểu Lí Nhất Thể
n1_basic_drafts	batch_0561_0570	R_0564	ガチ恋	がちこい	gachi-koi - tình cảm nghiêm túc/thật sự (thường dành cho nhân vật ảo hoặc thần tượng)	Luyến
n1_basic_drafts	batch_0561_0570	R_0564	感情移入	かんじょういにゅう	sự đồng cảm sâu sắc, sự nhập vai cảm xúc	Cảm Tình Di Nhập
n1_basic_drafts	batch_0561_0570	R_0564	摩擦	まさつ	ma sát, xung đột, mâu thuẫn (trong quan hệ)	Ma Sát
n1_basic_drafts	batch_0561_0570	R_0564	断罪する	だんざいする	lên án, kết tội	Đoạn Tội
n1_basic_drafts	batch_0561_0570	R_0564	二項対立	にこうたいりつ	sự đối lập nhị nguyên, hai cực đối lập	Nhị Hạng Đối Lập
n1_basic_drafts	batch_0561_0570	R_0564	閉塞感	へいそくかん	cảm giác bế tắc, tắc nghẽn không lối thoát	Bế Tắc Cảm
n1_basic_drafts	batch_0561_0570	R_0564	逸脱	いつだつ	sự lệch lạc, đi lệch khỏi chuẩn mực	Dật Thoát
n1_basic_drafts	batch_0561_0570	R_0564	適応戦略	てきおうせんりゃく	chiến lược thích nghi	Thích Ứng Chiến Lược
n1_basic_drafts	batch_0561_0570	R_0564	位相	いそう	chiều kích, pha, trạng thái vị trí (trong hệ thống phức tạp)	Vị Tương
n1_basic_drafts	batch_0561_0570	R_0565	地震学	じしんがく	địa chấn học	Địa Chấn Học
n1_basic_drafts	batch_0561_0570	R_0565	昇華する	しょうかする	thăng hoa, chuyển hóa lên tầng cao hơn	Thăng Hoa
n1_basic_drafts	batch_0561_0570	R_0565	地殻構造	ちかくこうぞう	cấu trúc địa tầng, cấu trúc vỏ Trái Đất	Địa Xác Cấu Tạo
n1_basic_drafts	batch_0561_0570	R_0565	脆弱性	ぜいじゃくせい	sự dễ tổn thương, tính mong manh	Thúy Nhược Tính
n1_basic_drafts	batch_0561_0570	R_0565	耐震基準	たいしんきじゅん	tiêu chuẩn kháng chấn (chống động đất)	Nại Chấn Cơ Chuẩn
n1_basic_drafts	batch_0561_0570	R_0565	P波・S波	ピーは・エスは	sóng P (sóng dọc) và sóng S (sóng ngang) trong địa chấn	Ba Ba
n1_basic_drafts	batch_0561_0570	R_0565	伝播する	でんぱする	lan truyền, truyền đi	Truyền Bá
n1_basic_drafts	batch_0561_0570	R_0565	地盤特性	じばんとくせい	đặc tính địa tầng (tính chất nền đất)	Địa Bàn Đặc Tính
n1_basic_drafts	batch_0561_0570	R_0565	確率論的	かくりつろんてき	theo phương pháp xác suất, có tính xác suất	Xác Suất Luận Đích
n1_basic_drafts	batch_0561_0570	R_0565	南海トラフ	なんかいトラフ	máng Nankai (vùng trũng địa chấn ngoài khơi phía Nam Nhật)	Nam Hải
n1_basic_drafts	batch_0561_0570	R_0565	三位一体	さんみいったい	ba trong một thống nhất (thể ba ngôi)	Tam Vị Nhất Thể
n1_basic_drafts	batch_0561_0570	R_0565	社会実装	しゃかいじっそう	triển khai ứng dụng vào xã hội (từ nghiên cứu ra thực tiễn)	Xã Hội Thực Trang
n1_basic_drafts	batch_0561_0570	R_0565	断層分布	だんそうぶんぷ	phân bố đứt gãy địa chất	Đoạn Tằng Phân Bố
n1_basic_drafts	batch_0561_0570	R_0565	超広域	ちょうこういき	siêu diện rộng, phạm vi cực lớn	Siêu Quảng Vực
n1_basic_drafts	batch_0561_0570	R_0566	牽引する	けんいんする	dẫn dắt, kéo theo, đi đầu	Khiên Dẫn
n1_basic_drafts	batch_0561_0570	R_0566	処女詩集	しょじょししゅう	tập thơ đầu tay	Xứ Nữ Thi Tập
n1_basic_drafts	batch_0561_0570	R_0566	宇宙的スケール	うちゅうてきスケール	quy mô vũ trụ, tầm vóc vũ trụ	Vũ Trụ Đích
n1_basic_drafts	batch_0561_0570	R_0566	平易	へいい	giản dị, dễ hiểu, bình dị	Bình Dịch
n1_basic_drafts	batch_0561_0570	R_0566	実存的	じつぞんてき	thuộc về sự tồn tại, hiện sinh	Thực Tồn Đích
n1_basic_drafts	batch_0561_0570	R_0566	息づく	いきづく	thở sống, tồn tại lặng lẽ	Tức
n1_basic_drafts	batch_0561_0570	R_0566	余白	よはく	khoảng trắng, khoảng trống	Dư Bạch
n1_basic_drafts	batch_0561_0570	R_0566	孕む	はらむ	mang chứa, ẩn chứa	Dựng
n1_basic_drafts	batch_0561_0570	R_0566	業	わざ	công việc, thành tựu, kỳ tích	Nghiệp
n1_basic_drafts	batch_0561_0570	R_0566	感受性	かんじゅせい	cảm thụ, độ nhạy cảm	Cảm Thụ Tính
n1_basic_drafts	batch_0561_0570	R_0566	切り拓く	きりひらく	khai phá, mở đường	Thiết Thác
n1_basic_drafts	batch_0561_0570	R_0566	詠う	うたう	cất lên trong thơ, ngâm nga	Vịnh
n1_basic_drafts	batch_0561_0570	R_0566	普遍的	ふへんてき	phổ quát, mang tính phổ biến	Phổ Biến Đích
n1_basic_drafts	batch_0561_0570	R_0566	知り抜く	しりぬく	hiểu thấu, biết rõ hoàn toàn	Tri Bạt
n1_basic_drafts	batch_0561_0570	R_0566	孤高	ここう	cô độc ngạo nghễ, một mình ở tầm cao	Cô Cao
n1_basic_drafts	batch_0561_0570	R_0566	稀有	けう	hiếm có, vô cùng ít gặp	Hi Hữu
n1_basic_drafts	batch_0561_0570	R_0567	慈善的パラダイム	じぜんてきパラダイム	mô hình từ thiện (paradigm từ thiện)	Từ Thiện Đích
n1_basic_drafts	batch_0561_0570	R_0567	権利アプローチ	けんりアプローチ	cách tiếp cận dựa trên quyền	Quyền Lợi
n1_basic_drafts	batch_0561_0570	R_0567	合理的配慮	ごうりてきはいりょ	cơ sở điều chỉnh hợp lý (reasonable accommodation)	Hợp Lí Đích Phối Lự
n1_basic_drafts	batch_0561_0570	R_0567	大量殺傷事件	たいりょうさっしょうじけん	vụ thảm sát hàng loạt	Đại Lượng Sát Thương Sự Kiện
n1_basic_drafts	batch_0561_0570	R_0567	排除	はいじょ	loại trừ, gạt ra ngoài	Bài Trừ
n1_basic_drafts	batch_0561_0570	R_0567	省察	せいさつ	phản tư, suy ngẫm sâu sắc	Tỉnh Sát
n1_basic_drafts	batch_0561_0570	R_0567	包摂的	ほうせつてき	mang tính bao trùm, hòa nhập	Bao Nhiếp Đích
n1_basic_drafts	batch_0561_0570	R_0567	法定雇用率	ほうていこようりつ	tỉ lệ tuyển dụng theo pháp định	Pháp Định Cố Dụng Suất
n1_basic_drafts	batch_0561_0570	R_0567	インクルージョン	インクルージョン	sự bao gồm, hòa nhập thực chất (inclusion)	
n1_basic_drafts	batch_0561_0570	R_0567	共生社会	きょうせいしゃかい	xã hội cộng sinh, chung sống hài hòa	Cộng Sanh Xã Hội
n1_basic_drafts	batch_0561_0570	R_0567	文化的変容	ぶんかてきへんよう	sự chuyển đổi văn hóa	Văn Hóa Đích Biến Dung
n1_basic_drafts	batch_0561_0570	R_0567	インクルーシブ教育	インクルーシブきょういく	giáo dục hòa nhập (inclusive education)	Giáo Dục
n1_basic_drafts	batch_0561_0570	R_0567	分離教育	ぶんりきょういく	giáo dục tách biệt	Phân Li Giáo Dục
n1_basic_drafts	batch_0561_0570	R_0567	包摂性	ほうせつせい	tính bao trùm, mức độ hòa nhập	Bao Nhiếp Tính
n1_basic_drafts	batch_0561_0570	R_0568	武士道	ぶしどう	võ sĩ đạo, đạo của samurai	Vũ Sĩ Đạo
n1_basic_drafts	batch_0561_0570	R_0568	先駆的	せんくてき	tiên phong, mở đường	Tiên Khu Đích
n1_basic_drafts	batch_0561_0570	R_0568	七徳	しちとく	bảy đức tính (nghĩa, dũng, nhân, lễ, thành, danh dự, trung nghĩa)	Thất Đức
n1_basic_drafts	batch_0561_0570	R_0568	第一義	だいいちぎ	điều tối thượng, ưu tiên hàng đầu	Đệ Nhất Nghĩa
n1_basic_drafts	batch_0561_0570	R_0568	昇華	しょうか	thăng hoa, được nâng lên tầm cao hơn	Thăng Hoa
n1_basic_drafts	batch_0561_0570	R_0568	精神的水脈	せいしんてきすいみゃく	mạch nguồn tinh thần, dòng chảy tư tưởng	Tinh Thần Đích Thủy Mạch
n1_basic_drafts	batch_0561_0570	R_0568	歪曲	わいきょく	bóp méo, xuyên tạc	Oai Khúc
n1_basic_drafts	batch_0561_0570	R_0568	焦土	しょうど	bãi đất cháy trụi, đất hoang sau chiến tranh	Tiêu Thổ
n1_basic_drafts	batch_0561_0570	R_0568	世俗的	せぞくてき	mang tính thế tục, phi tôn giáo	Thế Tục Đích
n1_basic_drafts	batch_0561_0570	R_0568	投影	とうえい	chiếu rọi, phóng chiếu (hình ảnh/giá trị lên thực tại)	Đầu Ảnh
n1_basic_drafts	batch_0561_0570	R_0568	自律	じりつ	tự chủ, tự điều tiết bản thân	Tự Luật
n1_basic_drafts	batch_0561_0570	R_0568	深層	しんそう	chiều sâu, tầng sâu (văn hóa, tâm lý)	Thâm Tằng
n1_basic_drafts	batch_0561_0570	R_0568	精神の鍛錬	せいしんのたんれん	rèn luyện tinh thần, tu dưỡng tâm hồn	Tinh Thần Đoán Luyện
n1_basic_drafts	batch_0561_0570	R_0568	共鳴	きょうめい	cộng hưởng, đồng điệu	Cộng Minh
n1_basic_drafts	batch_0561_0570	R_0568	分かちがたく	わかちがたく	không thể tách rời, gắn bó khăng khít	Phân
n1_basic_drafts	batch_0561_0570	R_0569	国民皆保険	こくみんかいほけん	bảo hiểm y tế toàn dân, chế độ bảo hiểm bao phủ toàn bộ dân số	Quốc Dân Giai Bảo Hiểm
n1_basic_drafts	batch_0561_0570	R_0569	公衆衛生	こうしゅうえいせい	y tế công cộng, sức khoẻ cộng đồng	Công Chúng Vệ Sanh
n1_basic_drafts	batch_0561_0570	R_0569	持続可能性	じぞくかのうせい	tính bền vững, khả năng duy trì lâu dài	Trì Tục Khả Năng Tính
n1_basic_drafts	batch_0561_0570	R_0569	後期高齢者	こうきこうれいしゃ	người cao tuổi hậu kỳ, người từ 75 tuổi trở lên (phân loại pháp lý Nhật)	Hậu Kì Cao Linh Giả
n1_basic_drafts	batch_0561_0570	R_0569	医療崩壊	いりょうほうかい	sự sụp đổ hệ thống y tế, tình trạng y tế không còn vận hành được	Y Liệu Băng Hoại
n1_basic_drafts	batch_0561_0570	R_0569	へき地医療	へきちいりょう	y tế vùng sâu vùng xa, y tế vùng hẻo lánh	Địa Y Liệu
n1_basic_drafts	batch_0561_0570	R_0569	喫緊の課題	きっきんのかだい	nhiệm vụ khẩn cấp, vấn đề cần giải quyết ngay lập tức	Khiết Khẩn Khóa Đề
n1_basic_drafts	batch_0561_0570	R_0569	終末期医療	しゅうまつきいりょう	y tế cuối đời, chăm sóc giai đoạn cuối cuộc sống	Chung Mạt Kì Y Liệu
n1_basic_drafts	batch_0561_0570	R_0569	延命治療	えんめいちりょう	điều trị kéo dài sự sống, điều trị nhằm kéo dài cuộc sống nhân tạo	Duyên Mệnh Trì Liệu
n1_basic_drafts	batch_0561_0570	R_0569	尊厳死	そんげんし	cái chết nhân phẩm, quyền chết trong nhân phẩm (không kéo dài vô ích)	Tôn Nghiêm Tử
n1_basic_drafts	batch_0561_0570	R_0569	団塊世代	だんかいせだい	thế hệ baby boom Nhật (sinh 1947-1949), thế hệ có số lượng lớn	Đoàn Khối Thế Đại
n1_basic_drafts	batch_0561_0570	R_0569	負担転嫁	ふたんてんか	chuyển giao gánh nặng, đẩy chi phí sang người/thế hệ khác	Phụ Đam Chuyển Giá
n1_basic_drafts	batch_0561_0570	R_0569	生活習慣病	せいかつしゅうかんびょう	bệnh lý lối sống, bệnh do thói quen sinh hoạt (tiểu đường, tăng huyết áp...)	Sanh Hoạt Tập Quán Bệnh
n1_basic_drafts	batch_0561_0570	R_0569	行動変容	こうどうへんよう	thay đổi hành vi, biến đổi cách hành xử có chủ đích	Hành Động Biến Dung
n1_basic_drafts	batch_0561_0570	R_0569	試金石	しきんせき	bài kiểm tra, đá thử vàng (ẩn dụ cho tiêu chí đánh giá năng lực thực sự)	Thí Kim Thạch
n1_basic_drafts	batch_0561_0570	R_0570	濃淡	のうたん	đậm nhạt, sắc độ (của mực hoặc màu)	Nùng Đạm
n1_basic_drafts	batch_0561_0570	R_0570	充溢	じゅういつ	viên mãn, tràn đầy (tinh thần, sinh khí)	Sung Dật
n1_basic_drafts	batch_0561_0570	R_0570	体現する	たいげんする	thể hiện, hiện thân hoá (khái niệm trừu tượng thành thực tế)	Thể Hiện
n1_basic_drafts	batch_0561_0570	R_0570	雪舟等楊	せっしゅうとうよう	Sesshu Toyo — hoạ sĩ thuỷ mặc vĩ đại nhất thời Muromachi (1420-1506)	Tuyết Chu Đẳng Dương
n1_basic_drafts	batch_0561_0570	R_0570	大成する	たいせいする	hoàn thiện, đưa lên tầm cao nhất	Đại Thành
n1_basic_drafts	batch_0561_0570	R_0570	瞑想	めいそう	thiền định, ngồi thiền	Minh Tưởng
n1_basic_drafts	batch_0561_0570	R_0570	余白	よはく	khoảng trắng, không gian trống trong tranh (yohaku — khái niệm thẩm mỹ quan trọng)	Dư Bạch
n1_basic_drafts	batch_0561_0570	R_0570	気	き	khí — năng lượng sống, tinh khí chảy qua vạn vật trong tư tưởng Đông A	Khí
n1_basic_drafts	batch_0561_0570	R_0570	間	ま	ma — khoảng lặng, không gian nghỉ ngơi mang tính thẩm mỹ trong nghệ thuật Nhật	Gian
n1_basic_drafts	batch_0561_0570	R_0570	狩野派	かのうは	trường phái Kano — dòng hoạ lớn nhất lịch sử hội hoạ Nhật Bản	Thú Dã Phái
n1_basic_drafts	batch_0561_0570	R_0570	無為	むい	vô vi — hành động không gắng sức, thuận theo tự nhiên (khái niệm Đạo giáo-Thiền)	Vô Vi
n1_basic_drafts	batch_0561_0570	R_0570	墨痕	ぼっこん	vệt mực, dấu mực để lại trên giấy	Mặc Khôn
n1_basic_drafts	batch_0561_0570	R_0570	山水画	さんすいが	tranh sơn thuỷ — thể loại tranh phong cảnh núi sông	San Thủy Họa
n1_basic_drafts	batch_0561_0570	R_0570	枯れた	かれた	khô cằn, héo — trong mỹ học Nhật hàm ý vẻ đẹp của sự mộc mạc, giản dị (wabi)	Khô
n1_basic_drafts	batch_0561_0570	R_0570	侘び	わび	wabi — vẻ đẹp của sự giản dị, bất toàn và tĩnh lặng trong mỹ học Nhật Bản	Sá
n1_basic_drafts	batch_0571_0580	R_0571	相対的貧困	そうたいてきひんこん	nghèo tương đối (sống dưới 50% thu nhập trung vị xã hội)	Tương Đối Đích Bần Khốn
n1_basic_drafts	batch_0571_0580	R_0571	中央値所得	ちゅうおうちしょとく	thu nhập trung vị	Trung Ương Trị Sở Đắc
n1_basic_drafts	batch_0571_0580	R_0571	社会的流動性	しゃかいてきりゅうどうせい	tính lưu động xã hội (khả năng dịch chuyển giai tầng)	Xã Hội Đích Lưu Động Tính
n1_basic_drafts	batch_0571_0580	R_0571	ひとり親世帯	ひとりおやせたい	hộ gia đình đơn thân	Thân Thế Đới
n1_basic_drafts	batch_0571_0580	R_0571	雇用構造	こようこうぞう	cơ cấu việc làm	Cố Dụng Cấu Tạo
n1_basic_drafts	batch_0571_0580	R_0571	二極化	にきょくか	phân cực hoá, chia thành hai cực	Nhị Cực Hóa
n1_basic_drafts	batch_0571_0580	R_0571	資本収益率	しほんしゅうえきりつ	tỷ suất lợi tức vốn	Tư Bản Thu Ích Suất
n1_basic_drafts	batch_0571_0580	R_0571	金融資産の偏在	きんゆうしさんのへんざい	sự tập trung lệch của tài sản tài chính	Kim Dung Tư Sản Thiên Tại
n1_basic_drafts	batch_0571_0580	R_0571	再分配	さいぶんぱい	tái phân phối (thu nhập, của cải)	Tái Phân Phối
n1_basic_drafts	batch_0571_0580	R_0571	社会的排除	しゃかいてきはいじょ	loại trừ xã hội, bị gạt ra ngoài lề xã hội	Xã Hội Đích Bài Trừ
n1_basic_drafts	batch_0571_0580	R_0571	世代間連鎖	せだいかんれんさ	sự nối tiếp qua các thế hệ (nghèo kế thừa)	Thế Đại Gian Liên Tỏa
n1_basic_drafts	batch_0571_0580	R_0571	人的資本	じんてきしほん	vốn nhân lực	Nhân Đích Tư Bản
n1_basic_drafts	batch_0571_0580	R_0571	三位一体	さんみいったい	ba trong một, đồng bộ ba trụ cột	Tam Vị Nhất Thể
n1_basic_drafts	batch_0571_0580	R_0571	相互補完的	そうごほかんてき	mang tính bổ sung lẫn nhau	Tương Hỗ Bổ Hoàn Đích
n1_basic_drafts	batch_0571_0580	R_0572	擁する	ようする	có, sở hữu, ôm trong lòng (số lượng lớn)	Ủng
n1_basic_drafts	batch_0571_0580	R_0572	膝元	ひざもと	vùng đất dưới chân, nơi trực thuộc quyền lực	Tất Nguyên
n1_basic_drafts	batch_0571_0580	R_0572	爛熟	らんじゅく	chín muồi rực rỡ, đạt đỉnh điểm phát triển	Lạn Thục
n1_basic_drafts	batch_0571_0580	R_0572	閉塞	へいそく	bế tắc, tù túng, bị bịt kín	Bế Tắc
n1_basic_drafts	batch_0571_0580	R_0572	昇華させる	しょうかさせる	nâng lên, thăng hoa, chuyển hoá lên tầm cao hơn	Thăng Hoa
n1_basic_drafts	batch_0571_0580	R_0572	垣根	かきね	hàng rào, ranh giới (nghĩa bóng)	Viên Căn
n1_basic_drafts	batch_0571_0580	R_0572	機知	きち	sự dí dỏm, trí thông minh nhanh nhạy	Ki Tri
n1_basic_drafts	batch_0571_0580	R_0572	俳諧	はいかい	haiku truyền thống (hình thức thơ cổ)	Bài Hãi
n1_basic_drafts	batch_0571_0580	R_0572	刻みつける	きざみつける	khắc sâu vào, ghi chặt vào	Khắc
n1_basic_drafts	batch_0571_0580	R_0572	肯定する	こうていする	khẳng định, chấp nhận trọn vẹn	Khẳng Định
n1_basic_drafts	batch_0571_0580	R_0572	母胎	ぼたい	tử cung, bào thai; nơi sinh ra và nuôi dưỡng (nghĩa bóng)	Mẫu Thai
n1_basic_drafts	batch_0571_0580	R_0572	逆説	ぎゃくせつ	nghịch lý, paradox	Nghịch Thuyết
n1_basic_drafts	batch_0571_0580	R_0572	位置づける	いちづける	định vị, xác định vị trí trong hệ thống	Vị Trí
n1_basic_drafts	batch_0571_0580	R_0572	紡ぐ	つむぐ	kéo sợi, dệt nên (nghĩa bóng: xây dựng mối quan hệ)	Phưởng
n1_basic_drafts	batch_0571_0580	R_0573	興行収入	こうぎょうしゅうにゅう	doanh thu phòng vé, doanh thu biểu diễn chiếu phim	Hưng Hành Thu Nhập
n1_basic_drafts	batch_0571_0580	R_0573	精緻	せいち	tinh tế, tỉ mỉ và hoàn hảo	Tinh Trí
n1_basic_drafts	batch_0571_0580	R_0573	美意識	びいしき	ý thức thẩm mỹ, quan niệm về cái đẹp	Mĩ Ý Thức
n1_basic_drafts	batch_0571_0580	R_0573	軌跡	きせき	quỹ đạo, dấu vết hành trình	Quỹ Tích
n1_basic_drafts	batch_0571_0580	R_0573	二次創作	にじそうさく	sáng tác phái sinh, fan-fiction	Nhị Thứ Sang Tác
n1_basic_drafts	batch_0571_0580	R_0573	越境性	えっきょうせい	tính vượt biên giới, khả năng vượt qua ranh giới	Việt Cảnh Tính
n1_basic_drafts	batch_0571_0580	R_0573	相互作用	そうごさよう	tương tác qua lại, tác động hai chiều	Tương Hỗ Tác Dụng
n1_basic_drafts	batch_0571_0580	R_0573	作家性	さっかせい	tính tác giả, bản sắc sáng tác riêng	Tác Gia Tính
n1_basic_drafts	batch_0571_0580	R_0573	妥協	だきょう	thỏa hiệp, nhượng bộ	Thỏa Hiệp
n1_basic_drafts	batch_0571_0580	R_0573	同人誌	どうじんし	doujinshi, tạp chí/truyện tranh tự xuất bản của fan	Đồng Nhân Chí
n1_basic_drafts	batch_0571_0580	R_0573	変貌を遂げる	へんぼうをとげる	hoàn thành sự biến đổi, lột xác hoàn toàn	Biến Bạo Toại
n1_basic_drafts	batch_0571_0580	R_0573	生命力	せいめいりょく	sinh lực, sức sống	Sanh Mệnh Lực
n1_basic_drafts	batch_0571_0580	R_0573	双方向	そうほうこう	hai chiều, song phương	Song Phương Hướng
n1_basic_drafts	batch_0571_0580	R_0573	普遍的	ふへんてき	mang tính phổ quát, chung cho tất cả	Phổ Biến Đích
n1_basic_drafts	batch_0571_0580	R_0574	無形文化遺産	むけいぶんかいさん	di sản văn hoá phi vật thể	Vô Hình Văn Hóa Di Sản
n1_basic_drafts	batch_0571_0580	R_0574	平均寿命	へいきんじゅみょう	tuổi thọ trung bình	Bình Quân Thọ Mệnh
n1_basic_drafts	batch_0571_0580	R_0574	転換期	てんかんき	giai đoạn chuyển đổi, bước ngoặt	Chuyển Hoán Kì
n1_basic_drafts	batch_0571_0580	R_0574	右肩下がり	みぎかたさがり	xu hướng giảm liên tục (hình ảnh đồ thị dốc xuống sang phải)	Hữu Kiên Hạ
n1_basic_drafts	batch_0571_0580	R_0574	発酵食品	はっこうしょくひん	thực phẩm lên men	Phát Diếu Thực Phẩm
n1_basic_drafts	batch_0571_0580	R_0574	腸内環境	ちょうないかんきょう	môi trường đường ruột	Tràng Nội Hoàn Cảnh
n1_basic_drafts	batch_0571_0580	R_0574	プロバイオティクス	プロバイオティクス	probiotic (vi khuẩn có lợi cho đường ruột)	
n1_basic_drafts	batch_0571_0580	R_0574	浸透	しんとう	sự thấm nhập, lan rộng	Tẩm Thấu
n1_basic_drafts	batch_0571_0580	R_0574	生活習慣病	せいかつしゅうかんびょう	bệnh lối sống (tiểu đường, tim mạch...)	Sanh Hoạt Tập Quán Bệnh
n1_basic_drafts	batch_0571_0580	R_0574	地中海式食事法	ちちゅうかいしきしょくじほう	chế độ ăn Địa Trung Hải	Địa Trung Hải Thức Thực Sự Pháp
n1_basic_drafts	batch_0571_0580	R_0574	岐路	きろ	ngã tư đường, bước ngoặt lựa chọn	Kì Lộ
n1_basic_drafts	batch_0571_0580	R_0574	礎	いしずえ	nền tảng, nền móng	Sở
n1_basic_drafts	batch_0571_0580	R_0574	郷愁	きょうしゅう	nỗi nhớ quê hương, sự hoài niệm	Hương Sầu
n1_basic_drafts	batch_0571_0580	R_0574	腸内フローラ	ちょうないフローラ	hệ vi khuẩn đường ruột (gut flora)	Tràng Nội
n1_basic_drafts	batch_0571_0580	R_0574	学際的	がくさいてき	liên ngành (vượt qua ranh giới các lĩnh vực học thuật)	Học Tế Đích
n1_basic_drafts	batch_0571_0580	R_0574	言説	げんせつ	diễn ngôn, luận điểm/lời nói về một chủ đề	Ngôn Thuyết
n1_basic_drafts	batch_0571_0580	R_0575	地政学	ちせいがく	địa chính trị học	Địa Chánh Học
n1_basic_drafts	batch_0571_0580	R_0575	政策立案者	せいさくりつあんしゃ	nhà hoạch định chính sách	Chánh Sách Lập Án Giả
n1_basic_drafts	batch_0571_0580	R_0575	威信	いしん	uy tín, danh dự (quốc gia)	Uy Tín
n1_basic_drafts	batch_0571_0580	R_0575	多次元的	たじげんてき	đa chiều, nhiều chiều	Đa Thứ Nguyên Đích
n1_basic_drafts	batch_0571_0580	R_0575	戦略的フロンティア	せんりゃくてきフロンティア	biên giới chiến lược	Chiến Lược Đích
n1_basic_drafts	batch_0571_0580	R_0575	中核	ちゅうかく	hạt nhân, trung tâm cốt lõi	Trung Hạch
n1_basic_drafts	batch_0571_0580	R_0575	小惑星	しょうわくせい	tiểu hành tinh	Tiểu Hoặc Tinh
n1_basic_drafts	batch_0571_0580	R_0575	軌道制御	きどうせいぎょ	kiểm soát quỹ đạo	Quỹ Đạo Chế Ngự
n1_basic_drafts	batch_0571_0580	R_0575	技術孤立	ぎじゅつこりつ	bị cô lập công nghệ	Kĩ Thuật Cô Lập
n1_basic_drafts	batch_0571_0580	R_0575	三極構造	さんきょくこうぞう	cấu trúc ba cực (địa chính trị)	Tam Cực Cấu Tạo
n1_basic_drafts	batch_0571_0580	R_0575	透明性	とうめいせい	tính minh bạch	Thấu Minh Tính
n1_basic_drafts	batch_0571_0580	R_0575	体現する	たいげんする	thể hiện, hiện thân	Thể Hiện
n1_basic_drafts	batch_0571_0580	R_0575	知的遺産	ちてきいさん	di sản tri thức	Tri Đích Di Sản
n1_basic_drafts	batch_0571_0580	R_0575	正当性	せいとうせい	tính chính danh, tính hợp pháp	Chánh Đương Tính
n1_basic_drafts	batch_0571_0580	R_0575	誇示	こじ	phô trương, khoe khoang	Khoa Kì
n1_basic_drafts	batch_0571_0580	R_0575	宇宙安全保障	うちゅうあんぜんほしょう	an ninh vũ trụ	Vũ Trụ An Toàn Bảo Chướng
n1_basic_drafts	batch_0571_0580	R_0576	集団的自衛権	しゅうだんてきじえいけん	quyền tự vệ tập thể	Tập Đoàn Đích Tự Vệ Quyền
n1_basic_drafts	batch_0571_0580	R_0576	解釈改憲	かいしゃくかいけん	giải thích lại hiến pháp (thay đổi ý nghĩa hiến pháp mà không sửa đổi văn bản)	Giải Thích Cải Hiến
n1_basic_drafts	batch_0571_0580	R_0576	憲法的秩序	けんぽうてきちつじょ	trật tự hiến pháp	Hiến Pháp Đích Trật Tự
n1_basic_drafts	batch_0571_0580	R_0576	街頭演説	がいとうえんぜつ	diễn thuyết trên đường phố	Nhai Đầu Diễn Thuyết
n1_basic_drafts	batch_0571_0580	R_0576	駆使する	くしする	sử dụng thành thạo, vận dụng tối đa	Khu Sử
n1_basic_drafts	batch_0571_0580	R_0576	安保闘争	あんぽとうそう	phong trào đấu tranh chống Hiệp ước An ninh Mỹ-Nhật (Anpo)	An Bảo Đấu Tranh
n1_basic_drafts	batch_0571_0580	R_0576	蔓延する	まんえんする	lan tràn, lây lan rộng rãi	Mạn Duyên
n1_basic_drafts	batch_0571_0580	R_0576	周縁化	しゅうえんか	bị đẩy ra ngoại vi, bị ngoài lề hóa	Chu Duyên Hóa
n1_basic_drafts	batch_0571_0580	R_0576	潔い	いさぎよい	dứt khoát, gọn gàng, không lưu luyến	Khiết
n1_basic_drafts	batch_0571_0580	R_0576	エコーチェンバー	えこーちぇんばー	hiện tượng buồng vang (môi trường thông tin chỉ phản chiếu quan điểm đồng thuận)	
n1_basic_drafts	batch_0571_0580	R_0576	表裏一体	ひょうりいったい	hai mặt của một đồng xu, bề mặt và bề trái gắn liền nhau	Biểu Lí Nhất Thể
n1_basic_drafts	batch_0571_0580	R_0576	政治的覚醒	せいじてきかくせい	sự thức tỉnh chính trị	Chánh Trì Đích Giác Tỉnh
n1_basic_drafts	batch_0571_0580	R_0576	制度的変化	せいどてきへんか	thay đổi thể chế, biến đổi mang tính cấu trúc	Chế Độ Đích Biến Hóa
n1_basic_drafts	batch_0571_0580	R_0576	底力	そこぢから	sức mạnh tiềm ẩn, nội lực bên trong	Để Lực
n1_basic_drafts	batch_0571_0580	R_0577	語彙体系	ごいたいけい	hệ thống từ vựng	Ngữ Vị Thể Hệ
n1_basic_drafts	batch_0571_0580	R_0577	移植する	いしょくする	cấy ghép, di thực (khái niệm/văn hoá)	Di Thực
n1_basic_drafts	batch_0571_0580	R_0577	輪郭	りんかく	đường nét, hình dạng, phác thảo	Luân Quách
n1_basic_drafts	batch_0571_0580	R_0577	思惟	しいまたはしゆい	tư duy, suy nghĩ (từ học thuật)	Tư Duy
n1_basic_drafts	batch_0571_0580	R_0577	和製漢語	わせいかんご	từ Hán-Nhật (chữ Hán do Nhật tạo ra)	Hòa Chế Hán Ngữ
n1_basic_drafts	batch_0571_0580	R_0577	音韻	おんいん	âm vị, âm vận	Âm Vận
n1_basic_drafts	batch_0571_0580	R_0577	透明性	とうめいせい	tính trong suốt, sự minh bạch (về nghĩa)	Thấu Minh Tính
n1_basic_drafts	batch_0571_0580	R_0577	言語共同体	げんごきょうどうたい	cộng đồng ngôn ngữ	Ngôn Ngữ Cộng Đồng Thể
n1_basic_drafts	batch_0571_0580	R_0577	覇権	はけん	bá quyền, quyền thống trị	Bá Quyền
n1_basic_drafts	batch_0571_0580	R_0577	前景化	ぜんけいか	sự nổi lên tiền cảnh, trở nên nổi bật	Tiền Cảnh Hóa
n1_basic_drafts	batch_0571_0580	R_0577	多義性	たぎせい	tính đa nghĩa	Đa Nghĩa Tính
n1_basic_drafts	batch_0571_0580	R_0577	平準化	へいじゅんか	san phẳng, chuẩn hoá, đồng đều hoá	Bình Chuẩn Hóa
n1_basic_drafts	batch_0571_0580	R_0577	可塑性	かそせい	tính khả tạo hình, tính dẻo (có thể bị định hình lại)	Khả Tố Tính
n1_basic_drafts	batch_0571_0580	R_0577	記号体系	きごうたいけい	hệ thống ký hiệu	Kí Hào Thể Hệ
n1_basic_drafts	batch_0571_0580	R_0577	相互作用	そうごさよう	tương tác, tác động qua lại	Tương Hỗ Tác Dụng
n1_basic_drafts	batch_0571_0580	R_0578	過言	かごん	lời nói quá, phóng đại	Quá Ngôn
n1_basic_drafts	batch_0571_0580	R_0578	地平	ちへい	chân trời, lĩnh vực mới mẻ	Địa Bình
n1_basic_drafts	batch_0571_0580	R_0578	閉塞感	へいそくかん	cảm giác bế tắc, ngột ngạt	Bế Tắc Cảm
n1_basic_drafts	batch_0571_0580	R_0578	語法	ごほう	ngôn ngữ pháp, phong cách ngôn từ	Ngữ Pháp
n1_basic_drafts	batch_0571_0580	R_0578	旋律	せんりつ	giai điệu, melodie	Toàn Luật
n1_basic_drafts	batch_0571_0580	R_0578	哀愁	あいしゅう	nỗi u sầu, nỗi buồn man mác	Ai Sầu
n1_basic_drafts	batch_0571_0580	R_0578	結実	けつじつ	sự kết trái, kết quả viên mãn	Kết Thực
n1_basic_drafts	batch_0571_0580	R_0578	実験的	じっけんてき	mang tính thực nghiệm	Thực Nghiệm Đích
n1_basic_drafts	batch_0571_0580	R_0578	深化	しんか	sự sâu sắc hóa, phát triển sâu hơn	Thâm Hóa
n1_basic_drafts	batch_0571_0580	R_0578	放射能汚染	ほうしゃのうおせん	ô nhiễm phóng xạ	Phóng Xạ Năng Ô Nhiễm
n1_basic_drafts	batch_0571_0580	R_0578	独白	どくはく	lời độc thoại, monologue	Độc Bạch
n1_basic_drafts	batch_0571_0580	R_0578	後進	こうしん	thế hệ sau, người đi sau	Hậu Tiến
n1_basic_drafts	batch_0571_0580	R_0578	羅針盤	らしんばん	kim chỉ nam, la bàn	La Châm Bàn
n1_basic_drafts	batch_0571_0580	R_0578	配列	はいれつ	sự sắp xếp, dàn xếp	Phối Liệt
n1_basic_drafts	batch_0571_0580	R_0578	普遍性	ふへんせい	tính phổ quát, tính vạn năng	Phổ Biến Tính
n1_basic_drafts	batch_0571_0580	R_0578	余命	よめい	tuổi thọ còn lại, số năm còn sống	Dư Mệnh
n1_basic_drafts	batch_0571_0580	R_0578	狭間	はざま	khoảng giữa, ranh giới giữa hai thế giới	Hiệp Gian
n1_basic_drafts	batch_0571_0580	R_0578	稀有	けう	hiếm có, đặc biệt không phổ biến	Hi Hữu
n1_basic_drafts	batch_0571_0580	R_0579	施行	しこう	thi hành, có hiệu lực (luật pháp)	Thi Hành
n1_basic_drafts	batch_0571_0580	R_0579	画期的	かっきてき	mang tính đột phá, mang tính bước ngoặt	Họa Kì Đích
n1_basic_drafts	batch_0571_0580	R_0579	法的拘束力	ほうてきこうそくりょく	hiệu lực pháp lý ràng buộc	Pháp Đích Câu Thúc Lực
n1_basic_drafts	batch_0571_0580	R_0579	罰則	ばっそく	hình phạt, điều khoản phạt	Phạt Tắc
n1_basic_drafts	batch_0571_0580	R_0579	サービス残業	サービスざんぎょう	làm thêm giờ không được trả lương, làm thêm không công	Tàn Nghiệp
n1_basic_drafts	batch_0571_0580	R_0579	感染拡大	かんせんかくだい	sự lây lan dịch bệnh, bùng phát dịch	Cảm Nhiễm Khuếch Đại
n1_basic_drafts	batch_0571_0580	R_0579	可視化	かしか	trực quan hóa, làm cho thấy được	Khả Thị Hóa
n1_basic_drafts	batch_0571_0580	R_0579	不可欠	ふかけつ	không thể thiếu, tất yếu	Bất Khả Khiếm
n1_basic_drafts	batch_0571_0580	R_0579	ジェンダー格差	ジェンダーかくさ	khoảng cách giới, bất bình đẳng giới	Cách Soa
n1_basic_drafts	batch_0571_0580	R_0579	育休ペナルティ	いくきゅうペナルティ	hình phạt nghỉ thai sản — tình trạng bị đánh giá thấp khi nghỉ thai sản	Dục Hưu
n1_basic_drafts	batch_0571_0580	R_0579	証左	しょうさ	bằng chứng, chứng cứ (văn viết trang trọng)	Chứng Tả
n1_basic_drafts	batch_0571_0580	R_0579	特定技能	とくていぎのう	Kỹ năng đặc định — tư cách lưu trú mới 2019 cho lao động nước ngoài	Đặc Định Kĩ Năng
n1_basic_drafts	batch_0571_0580	R_0579	共生	きょうせい	chung sống hòa hợp	Cộng Sanh
n1_basic_drafts	batch_0571_0580	R_0579	社会規範	しゃかいきはん	chuẩn mực xã hội	Xã Hội Quy Phạm
n1_basic_drafts	batch_0571_0580	R_0580	複合的	ふくごうてき	phức hợp, kết hợp nhiều yếu tố	Phức Hợp Đích
n1_basic_drafts	batch_0571_0580	R_0580	只中	ただなか	giữa lúc, ngay trong tâm điểm	Chích Trung
n1_basic_drafts	batch_0571_0580	R_0580	潮流	ちょうりゅう	dòng chảy, xu thế (của thời đại)	Triều Lưu
n1_basic_drafts	batch_0571_0580	R_0580	均質	きんしつ	đồng nhất, đồng đều về chất	Quân Chất
n1_basic_drafts	batch_0571_0580	R_0580	社会的連帯	しゃかいてきれんたい	liên kết xã hội, đoàn kết xã hội	Xã Hội Đích Liên Đới
n1_basic_drafts	batch_0571_0580	R_0580	乖離	かいり	sự cách biệt, sự tách rời nhau	Quai Li
n1_basic_drafts	batch_0571_0580	R_0580	激甚化	げきじんか	trở nên dữ dội hơn, cực đoan hóa	Kích Thậm Hóa
n1_basic_drafts	batch_0571_0580	R_0580	喫緊	きっきん	cấp bách, cực kỳ cấp thiết	Khiết Khẩn
n1_basic_drafts	batch_0571_0580	R_0580	脆弱性	ぜいじゃくせい	sự mong manh, tính dễ bị tổn thương	Thúy Nhược Tính
n1_basic_drafts	batch_0571_0580	R_0580	財政的余力	ざいせいてきよりょく	dư địa tài chính, không gian tài khóa	Tài Chánh Đích Dư Lực
n1_basic_drafts	batch_0571_0580	R_0580	統合	とうごう	hội nhập, thống hợp	Thống Hợp
n1_basic_drafts	batch_0571_0580	R_0580	知的誠実さ	ちてきせいじつさ	sự trung thực trí tuệ, tính thành thật về mặt tư tưởng	Tri Đích Thành Thực
n1_basic_drafts	batch_0571_0580	R_0580	多元的	たげんてき	đa nguyên, đa chiều	Đa Nguyên Đích
n1_basic_drafts	batch_0571_0580	R_0580	孕む	はらむ	chứa đựng, tiềm ẩn (ẩn trong lòng)	Dựng
n1_basic_drafts	batch_0571_0580	R_0580	培う	つちかう	vun đắp, nuôi dưỡng (qua thời gian)	Bồi
n1_advanced_drafts	batch_0581_0590	R_0581	暗影	あんえい	bóng tối, bóng u ám (nghĩa bóng — nỗi đau tiềm ẩn)	Ám Ảnh
n1_advanced_drafts	batch_0581_0590	R_0581	蚕食	さんしょく	xói mòn từ từ, nuốt dần (như tằm ăn lá)	Tằm Thực
n1_advanced_drafts	batch_0581_0590	R_0581	殉死	じゅんし	tuẫn tiết, chết theo chủ nhân hoặc lý tưởng	Tuẫn Tử
n1_advanced_drafts	batch_0581_0590	R_0581	神経衰弱	しんけいすいじゃく	thần kinh suy nhược, neurasthenia	Thần Kinh Suy Nhược
n1_advanced_drafts	batch_0581_0590	R_0581	利己心	りこしん	lòng ích kỷ, tính vị kỷ	Lợi Kỉ Tâm
n1_advanced_drafts	batch_0581_0590	R_0581	罪悪感	ざいあくかん	mặc cảm tội lỗi, cảm giác tội lỗi	Tội Ác Cảm
n1_advanced_drafts	batch_0581_0590	R_0581	内省的	ないせいてき	mang tính nội tâm, hướng vào bên trong	Nội Tỉnh Đích
n1_advanced_drafts	batch_0581_0590	R_0581	崩御	ほうぎょ	băng hà (từ chỉ cái chết của Thiên hoàng)	Băng Ngự
n1_advanced_drafts	batch_0581_0590	R_0581	亀裂	きれつ	vết nứt, sự rạn nứt	Quy Liệt
n1_advanced_drafts	batch_0581_0590	R_0581	過渡期	かとき	thời kỳ quá độ, giai đoạn chuyển tiếp	Quá Độ Kì
n1_advanced_drafts	batch_0581_0590	R_0581	根源的	こんげんてき	tận gốc rễ, mang tính căn nguyên	Căn Nguyên Đích
n1_advanced_drafts	batch_0581_0590	R_0581	昇華	しょうか	thăng hoa, chuyển hóa lên tầng cao hơn	Thăng Hoa
n1_advanced_drafts	batch_0581_0590	R_0581	実存的	じつぞんてき	thuộc về hiện sinh, existential	Thực Tồn Đích
n1_advanced_drafts	batch_0581_0590	R_0581	共同体倫理	きょうどうたいりんり	đạo đức cộng đồng, community ethics	Cộng Đồng Thể Luân Lí
n1_advanced_drafts	batch_0581_0590	R_0581	エゴイズム	エゴイズム	chủ nghĩa vị kỷ, egoism	
n1_advanced_drafts	batch_0581_0590	R_0581	遺書	いしょ	di thư, thư tuyệt mệnh	Di Thư
n1_advanced_drafts	batch_0581_0590	R_0582	悪魔性	あくませい	tính chất quỷ dữ, bản chất ác ma	Ác Ma Tính
n1_advanced_drafts	batch_0581_0590	R_0582	地獄変相図	じごくへんそうず	bức tranh mô tả địa ngục biến	Địa Ngục Biến Tương Đồ
n1_advanced_drafts	batch_0581_0590	R_0582	人倫	じんりん	đạo đức con người, luân lý	Nhân Luân
n1_advanced_drafts	batch_0581_0590	R_0582	踏み躙る	ふみにじる	dẫm lên, chà đạp	Đạp Rin
n1_advanced_drafts	batch_0581_0590	R_0582	執念	しゅうねん	sự ám ảnh, quyết tâm không thể cưỡng lại	Chấp Niệm
n1_advanced_drafts	batch_0581_0590	R_0582	恍惚	こうこつ	trạng thái say sưa, ngất ngây	Hoảng Hốt
n1_advanced_drafts	batch_0581_0590	R_0582	顕現	けんげん	sự hiện thân, biểu hiện rõ ràng	Hiển Hiện
n1_advanced_drafts	batch_0581_0590	R_0582	昇華	しょうか	thăng hoa, nâng cấp lên cấp độ cao hơn	Thăng Hoa
n1_advanced_drafts	batch_0581_0590	R_0582	触媒	しょくばい	chất xúc tác	Xúc Môi
n1_advanced_drafts	batch_0581_0590	R_0582	相克	そうこく	sự xung đột, mâu thuẫn không thể giải quyết	Tương Khắc
n1_advanced_drafts	batch_0581_0590	R_0582	無辜	むこ	vô tội, trong sạch (văn cổ điển)	Vô Cô
n1_advanced_drafts	batch_0581_0590	R_0582	極北	きょくほく	đỉnh cao cực đoan, biên giới xa nhất	Cực Bắc
n1_advanced_drafts	batch_0581_0590	R_0582	共犯関係	きょうはんかんけい	mối quan hệ đồng lõa, đồng phạm	Cộng Phạm Quan Hệ
n1_advanced_drafts	batch_0581_0590	R_0582	芸術至上主義	げいじゅつしじょうしゅぎ	chủ nghĩa nghệ thuật tối thượng	Vân Thuật Chí Thượng Chủ Nghĩa
n1_advanced_drafts	batch_0581_0590	R_0582	死生観	しせいかん	quan niệm về sống và chết	Tử Sanh Quan
n1_advanced_drafts	batch_0581_0590	R_0582	震撼	しんかん	bàng hoàng, chấn động sâu sắc	Chấn Hám
n1_advanced_drafts	batch_0581_0590	R_0582	所以	ゆえん	lý do, nguyên nhân (văn cổ)	Sở Dĩ
n1_advanced_drafts	batch_0581_0590	R_0583	純粋経験	じゅんすいけいけん	kinh nghiệm thuần túy — khái niệm trung tâm của Nishida: trạng thái ý thức trước khi phân chia chủ-khách	Thuần Túy Kinh Nghiệm
n1_advanced_drafts	batch_0581_0590	R_0583	形而上学	けいじじょうがく	siêu hình học (metaphysics)	Hình Nhi Thượng Học
n1_advanced_drafts	batch_0581_0590	R_0583	主客未分	しゅかくみぶん	chưa phân chia chủ thể và khách thể — trạng thái thống nhất nguyên sơ	Chủ Khách Vị Phân
n1_advanced_drafts	batch_0581_0590	R_0583	二元論	にげんろん	nhị nguyên luận (dualism)	Nhị Nguyên Luận
n1_advanced_drafts	batch_0581_0590	R_0583	場所の論理	ばしょのろんり	lý luận về Basho (lý luận về nơi chốn) — tư tưởng hậu kỳ của Nishida về cái nền/trường của tồn tại	Tràng Sở Luận Lí
n1_advanced_drafts	batch_0581_0590	R_0583	存在論	そんざいろん	bản thể luận (ontology)	Tồn Tại Luận
n1_advanced_drafts	batch_0581_0590	R_0583	共鳴	きょうめい	cộng hưởng, đồng điệu	Cộng Minh
n1_advanced_drafts	batch_0581_0590	R_0583	相互浸透	そうごしんとう	sự thẩm thấu tương hỗ, xâm nhập lẫn nhau	Tương Hỗ Tẩm Thấu
n1_advanced_drafts	batch_0581_0590	R_0583	絶対矛盾的自己同一	ぜったいむじゅんてきじこどういつ	mâu thuẫn tuyệt đối tự đồng nhất — khái niệm triết học hậu kỳ của Nishida về sự thống nhất qua mâu thuẫn	Tuyệt Đối Mâu Thuẫn Đích Tự Kỉ Đồng Nhất
n1_advanced_drafts	batch_0581_0590	R_0583	援用	えんよう	vận dụng, trích dẫn để phục vụ mục đích khác	Viên Dụng
n1_advanced_drafts	batch_0581_0590	R_0583	拙速	せっそく	vội vàng cẩu thả, hấp tấp thiếu cân nhắc	Chuyết Tốc
n1_advanced_drafts	batch_0581_0590	R_0583	認識論	にんしきろん	nhận thức luận (epistemology)	Nhận Thức Luận
n1_advanced_drafts	batch_0581_0590	R_0583	現象学	げんしょうがく	hiện tượng học (phenomenology)	Hiện Tượng Học
n1_advanced_drafts	batch_0581_0590	R_0583	射程	しゃてい	tầm với, phạm vi ảnh hưởng (nghĩa gốc: tầm bắn)	Xạ Trình
n1_advanced_drafts	batch_0581_0590	R_0583	空前絶後	くうぜんぜつご	chưa từng có và sẽ không có sau — tuyệt vô tiền khoáng hậu	Không Tiền Tuyệt Hậu
n1_advanced_drafts	batch_0581_0590	R_0584	霊的宇宙観	れいてきうちゅうかん	vũ trụ quan tâm linh, quan niệm vũ trụ về thế giới linh hồn	Linh Đích Vũ Trụ Quan
n1_advanced_drafts	batch_0581_0590	R_0584	怨念	おんねん	mối hận sâu, oán niệm chất chứa	Oán Niệm
n1_advanced_drafts	batch_0581_0590	R_0584	形象	けいしょう	hình tượng, hình tướng được tạo ra	Hình Tượng
n1_advanced_drafts	batch_0581_0590	R_0584	怨霊	おんりょう	oan hồn, linh hồn báo oán	Oán Linh
n1_advanced_drafts	batch_0581_0590	R_0584	怪異	かいい	điều quái đản, sự kiện kỳ lạ đáng sợ	Quái Dị
n1_advanced_drafts	batch_0581_0590	R_0584	梨園	りえん	giới Kabuki (giới Kabuki — từ Hán chỉ giới nghệ sĩ sân khấu truyền thống)	Lê Viên
n1_advanced_drafts	batch_0581_0590	R_0584	名跡	みょうせき	danh hiệu nghệ danh được kế thừa, tên gia truyền	Danh Tích
n1_advanced_drafts	batch_0581_0590	R_0584	憑依	ひょうい	sự nhập hồn, sự ám nhập của linh hồn vào thân xác	Bằng Y
n1_advanced_drafts	batch_0581_0590	R_0584	理不尽	りふじん	phi lý, vô lý không có lý do chính đáng	Lí Bất Tẫn
n1_advanced_drafts	batch_0581_0590	R_0584	脆弱性	ぜいじゃくせい	tính dễ tổn thương, sự mong manh yếu đuối	Thúy Nhược Tính
n1_advanced_drafts	batch_0581_0590	R_0584	鶴屋南北	つるやなんぼく	Tsuruya Namboku — nhà soạn kịch Kabuki lừng danh thời Edo (1755-1829)	Hạc Ốc Nam Bắc
n1_advanced_drafts	batch_0581_0590	R_0584	呪われた	のろわれた	bị nguyền rủa, bị trù ẻo	Chú
n1_advanced_drafts	batch_0581_0590	R_0584	滲み出す	にじみだす	thấm ra, rỉ ra ngoài từ bên trong	Sấm Xuất
n1_advanced_drafts	batch_0581_0590	R_0584	迫力	はくりょく	sức mạnh áp đảo, sức cuốn hút mãnh liệt	Bách Lực
n1_advanced_drafts	batch_0581_0590	R_0584	証言者	しょうげんしゃ	nhân chứng, người làm chứng	Chứng Ngôn Giả
n1_advanced_drafts	batch_0581_0590	R_0584	不可分性	ふかぶんせい	tính bất khả phân ly, không thể tách rời	Bất Khả Phân Tính
n1_advanced_drafts	batch_0581_0590	R_0585	侘び	わび	wabi — vẻ đẹp giản dị, cô tịch, đơn sơ có chiều sâu tinh thần	Sá
n1_advanced_drafts	batch_0581_0590	R_0585	寂び	さび	sabi — vẻ đẹp của sự cũ kỹ, han rỉ, mang dấu ấn thời gian	Tịch
n1_advanced_drafts	batch_0581_0590	R_0585	幽玄	ゆうげん	yugen — vẻ đẹp huyền bí, ẩn sâu, gợi cảm xúc qua ẩn dụ và khoảng trống	U Huyền
n1_advanced_drafts	batch_0581_0590	R_0585	無常	むじょう	vô thường, sự không trường tồn của vạn vật	Vô Thường
n1_advanced_drafts	batch_0581_0590	R_0585	余白	よはく	khoảng trống trong biểu đạt nghệ thuật, phần để ngỏ	Dư Bạch
n1_advanced_drafts	batch_0581_0590	R_0585	枠組み	わくぐみ	khung, khuôn khổ, framework	Khung Tổ
n1_advanced_drafts	batch_0581_0590	R_0585	大成	たいせい	hoàn thiện, đạt đến đỉnh cao hoàn chỉnh	Đại Thành
n1_advanced_drafts	batch_0581_0590	R_0585	峻別	しゅんべつ	phân biệt nghiêm ngặt, phân định rõ ràng	Tuấn Biệt
n1_advanced_drafts	batch_0581_0590	R_0585	形而上	けいじじょう	siêu hình, thuộc về lĩnh vực metaphysics	Hình Nhi Thượng
n1_advanced_drafts	batch_0581_0590	R_0585	定式化	ていしきか	lý thuyết hóa, định hình thành công thức có hệ thống	Định Thức Hóa
n1_advanced_drafts	batch_0581_0590	R_0585	暗示	あんじ	ẩn dụ, gợi ý ngầm, suggestion	Ám Kì
n1_advanced_drafts	batch_0581_0590	R_0585	深化	しんか	sự thăng hoa, làm sâu sắc thêm	Thâm Hóa
n1_advanced_drafts	batch_0581_0590	R_0585	共鳴	きょうめい	cộng hưởng, đồng cảm sâu sắc	Cộng Minh
n1_advanced_drafts	batch_0581_0590	R_0585	抑制	よくせい	kìm chế, kiềm chế, suppression	Ức Chế
n1_advanced_drafts	batch_0581_0590	R_0585	有限性	ゆうげんせい	tính hữu hạn, finiteness	Hữu Hạn Tính
n1_advanced_drafts	batch_0581_0590	R_0585	存在論的	そんざいろんてき	thuộc về bản thể luận, ontological	Tồn Tại Luận Đích
n1_advanced_drafts	batch_0581_0590	R_0586	秘伝書	ひでんしょ	bí truyền thư, sách bí truyền chỉ trao cho người kế thừa	Bí Truyền Thư
n1_advanced_drafts	batch_0581_0590	R_0586	芸道	げいどう	nghệ đạo, con đường nghệ thuật (Noh, trà đạo, hoa đạo...)	Vân Đạo
n1_advanced_drafts	batch_0581_0590	R_0586	身心一如	しんしんいちにょ	thân tâm nhất như, thân xác và tâm trí là một	Thân Tâm Nhất Như
n1_advanced_drafts	batch_0581_0590	R_0586	稀有	けう	hiếm có, kỳ lạ đặc biệt	Hi Hữu
n1_advanced_drafts	batch_0581_0590	R_0586	流動的	りゅうどうてき	lưu động, linh hoạt không cố định	Lưu Động Đích
n1_advanced_drafts	batch_0581_0590	R_0586	精神の深化	せいしんのしんか	sự thâm sâu tinh thần, chiều sâu tâm linh	Tinh Thần Thâm Hóa
n1_advanced_drafts	batch_0581_0590	R_0586	序破急	じょはきゅう	jo-ha-kyu: ba giai đoạn thời gian trong Noh (mở — triển khai — kết)	Tự Phá Cấp
n1_advanced_drafts	batch_0581_0590	R_0586	凝縮	ぎょうしゅく	cô đọng, nén chặt tinh hoa	Ngưng Súc
n1_advanced_drafts	batch_0581_0590	R_0586	螺旋的	らせんてき	theo chiều xoáy ốc, xoắn ốc — không tuyến tính	Loa Toàn Đích
n1_advanced_drafts	batch_0581_0590	R_0586	離見の見	りけんのけん	riken no ken: cái nhìn ly khai — quan sát bản thân từ góc nhìn khán giả	Li Kiến Kiến
n1_advanced_drafts	batch_0581_0590	R_0586	自見の見	じけんのけん	jiken no ken: cái nhìn của chính mình — điểm nhìn nội tâm chủ quan	Tự Kiến Kiến
n1_advanced_drafts	batch_0581_0590	R_0586	幽玄	ゆうげん	yugen: cái đẹp huyền vi sâu xa, vẻ đẹp không thể ngôn ngữ hóa hoàn toàn	U Huyền
n1_advanced_drafts	batch_0581_0590	R_0586	余情	よじょう	dư tình, cảm xúc còn vang vọng sau khi biểu đạt kết thúc	Dư Tình
n1_advanced_drafts	batch_0581_0590	R_0586	余白	よはく	khoảng trắng, khoảng lặng trong nghệ thuật (hội họa, thơ, âm nhạc)	Dư Bạch
n1_advanced_drafts	batch_0581_0590	R_0586	反省的主体性	はんせいてきしゅたいせい	chủ thể phản tư, chủ thể có khả năng tự quan sát chính mình	Phản Tỉnh Đích Chủ Thể Tính
n1_advanced_drafts	batch_0581_0590	R_0586	認知科学	にんちかがく	khoa học nhận thức, cognitive science	Nhận Tri Khoa Học
n1_advanced_drafts	batch_0581_0590	R_0586	伝播	でんぱ	lan tỏa, truyền bá (văn hóa, tư tưởng)	Truyền Bá
n1_advanced_drafts	batch_0581_0590	R_0587	無常観	むじょうかん	quan niệm vô thường, nhận thức về tính vô thường	Vô Thường Quan
n1_advanced_drafts	batch_0581_0590	R_0587	隠棲	いんせい	ẩn cư, lui về sống ẩn dật thoát khỏi thế tục	Ẩn Thê
n1_advanced_drafts	batch_0581_0590	R_0587	随筆	ずいひつ	bút ký, tùy bút (thể loại văn học)	Tùy Bút
n1_advanced_drafts	batch_0581_0590	R_0587	深甚	しんじん	sâu sắc, thâm sâu (mức độ ảnh hưởng)	Thâm Thậm
n1_advanced_drafts	batch_0581_0590	R_0587	流転	るてん	luân chuyển, biến đổi liên tục không ngừng	Lưu Chuyển
n1_advanced_drafts	batch_0581_0590	R_0587	惨禍	さんか	thảm họa, tai họa kinh khủng	Thảm Họa
n1_advanced_drafts	batch_0581_0590	R_0587	脆さ	もろさ	sự mong manh, tính dễ vỡ	Thúy
n1_advanced_drafts	batch_0581_0590	R_0587	懐疑	かいぎ	nghi ngờ, sự hoài nghi	Hoài Nghi
n1_advanced_drafts	batch_0581_0590	R_0587	帰依	きえ	quy y, sự sùng bái tôn giáo sâu sắc	Quy Y
n1_advanced_drafts	batch_0581_0590	R_0587	肉体化	にくたいか	hiện thân hóa, cụ thể hóa vào thể xác	Nhục Thể Hóa
n1_advanced_drafts	batch_0581_0590	R_0587	仮設	かせつ	tạm trú, làm tạm thời	Giả Thiết
n1_advanced_drafts	batch_0581_0590	R_0587	観照	かんしょう	quan chiếu, quan sát tinh thần sâu lắng	Quan Chiếu
n1_advanced_drafts	batch_0581_0590	R_0587	隠遁	いんとん	ẩn dật, lui ẩn thoát khỏi thế gian	Ẩn Tuần
n1_advanced_drafts	batch_0581_0590	R_0587	自省	じせい	tự tỉnh, tự xem xét bản thân	Tự Tỉnh
n1_advanced_drafts	batch_0581_0590	R_0587	所著	しょじゃく	sự chấp chặt, tính chứa vật (thuật ngữ Phật giáo — tâm lý bám víu)	Sở Trứ
n1_advanced_drafts	batch_0581_0590	R_0587	煩悩	ぼんのう	phiền não (Phật giáo — những dục vọng gây khổ đau)	Phiền Não
n1_advanced_drafts	batch_0581_0590	R_0587	うたかた	うたかた	bọt nước (biệt ngữ cổ — biểu tượng sự mong manh, từ ngữ nhỏ của Hojoki)	
n1_advanced_drafts	batch_0581_0590	R_0588	朱子学	しゅしがく	Chu Tử học, một trường phái Nho giáo do Chu Hi (Trung Quốc thế kỷ 12) sáng lập	Chu Tử Học
n1_advanced_drafts	batch_0581_0590	R_0588	侍講	じこう	giảng sư dạy học cho lãnh chúa hoặc quý tộc	Thị Giảng
n1_advanced_drafts	batch_0581_0590	R_0588	形而上学	けいじじょうがく	siêu hình học, nghiên cứu về bản chất tồn tại và thực tại	Hình Nhi Thượng Học
n1_advanced_drafts	batch_0581_0590	R_0588	存在論	そんざいろん	bản thể luận, ontology — nghiên cứu về bản chất của sự tồn tại	Tồn Tại Luận
n1_advanced_drafts	batch_0581_0590	R_0588	古義学派	こぎがくは	Cổ nghĩa học phái, trường phái do Ito Jinsai lãnh đạo, chủ trương đọc kinh điển Nho giáo theo nghĩa gốc	Cổ Nghĩa Học Phái
n1_advanced_drafts	batch_0581_0590	R_0588	人倫	じんりん	đạo người, luân lý trong các mối quan hệ giữa người với người	Nhân Luân
n1_advanced_drafts	batch_0581_0590	R_0588	教育勅語	きょういくちょくご	Chiếu thư Giáo dục (1890), văn kiện đạo đức quốc gia thời Meiji nhấn mạnh trung quân ái quốc	Giáo Dục Sắc Ngữ
n1_advanced_drafts	batch_0581_0590	R_0588	忠孝	ちゅうこう	trung và hiếu — lòng trung thành với vua và hiếu thuận với cha mẹ	Trung Hiếu
n1_advanced_drafts	batch_0581_0590	R_0588	鼎立	ていりつ	ba cực đối lập nhau như ba chân vạc, thế ba phe song song	Đỉnh Lập
n1_advanced_drafts	batch_0581_0590	R_0588	伏流	ふくりゅう	dòng chảy ngầm dưới đất, ý nghĩa ẩn dụ: ảnh hưởng âm thầm vẫn tiếp diễn	Phục Lưu
n1_advanced_drafts	batch_0581_0590	R_0588	収斂	しゅうれん	hội tụ, thu hẹp về một điểm	Thu Liễm
n1_advanced_drafts	batch_0581_0590	R_0588	相容れない	あいいれない	không thể dung hòa, không thể cùng tồn tại	Tương Dung
n1_advanced_drafts	batch_0581_0590	R_0588	卓越性	たくえつせい	tính ưu việt, sự xuất sắc vượt trội	Trác Việt Tính
n1_advanced_drafts	batch_0581_0590	R_0588	知る由もない	しるよしもない	không có cách nào biết được, hoàn toàn không thể biết	Tri Do
n1_advanced_drafts	batch_0581_0590	R_0588	思弁	しべん	tư biện, suy lý thuần túy trừu tượng không dựa vào kinh nghiệm	Tư Biện
n1_advanced_drafts	batch_0581_0590	R_0589	吃音	きつおん	tật nói lắp, chứng nói vấp	Cật Âm
n1_advanced_drafts	batch_0581_0590	R_0589	刻み込まれる	きざみこまれる	được khắc sâu vào, được ghi khắc	Khắc Nhập
n1_advanced_drafts	batch_0581_0590	R_0589	遮断	しゃだん	sự ngăn chặn, sự cắt đứt, sự chặn lại	Già Đoạn
n1_advanced_drafts	batch_0581_0590	R_0589	絶対性	ぜったいせい	tính tuyệt đối, tính vô điều kiện	Tuyệt Đối Tính
n1_advanced_drafts	batch_0581_0590	R_0589	孤絶	こぜつ	sự cô lập hoàn toàn, sự tách rời tuyệt đối	Cô Tuyệt
n1_advanced_drafts	batch_0581_0590	R_0589	両義性	りょうぎせい	tính lưỡng nghĩa, tính hai mặt	Lưỡng Nghĩa Tính
n1_advanced_drafts	batch_0581_0590	R_0589	両価感情	りょうかかんじょう	cảm xúc lưỡng giá, ambivalence (vừa yêu vừa ghét)	Lưỡng Giá Cảm Tình
n1_advanced_drafts	batch_0581_0590	R_0589	呪縛	じゅばく	lời nguyền trói buộc, sự ràng buộc thần bí	Chú Phược
n1_advanced_drafts	batch_0581_0590	R_0589	割腹自決	かっぷくじけつ	tự mổ bụng tuẫn tiết, seppuku	Cát Phúc Tự Quyết
n1_advanced_drafts	batch_0581_0590	R_0589	自伝的	じでんてき	mang tính tiểu sử, mang tính tự truyện	Tự Truyền Đích
n1_advanced_drafts	batch_0581_0590	R_0589	純粋性	じゅんすいせい	tính thuần khiết, sự trong sáng tuyệt đối	Thuần Túy Tính
n1_advanced_drafts	batch_0581_0590	R_0589	凝縮	ぎょうしゅく	sự cô đọng, sự nén chặt tinh chất	Ngưng Súc
n1_advanced_drafts	batch_0581_0590	R_0589	断絶	だんぜつ	sự đứt gãy hoàn toàn, sự cắt đứt	Đoạn Tuyệt
n1_advanced_drafts	batch_0581_0590	R_0589	添え物	そえもの	phụ kiện, vật kèm theo, đồ trang trí phụ	Thiêm Vật
n1_advanced_drafts	batch_0581_0590	R_0589	崇拝	すうはい	sự tôn thờ, sự sùng bái	Sùng Bái
n1_advanced_drafts	batch_0581_0590	R_0589	空虚さ	くうきょさ	sự rỗng tuếch, sự trống rỗng vô nghĩa	Không Hư
n1_advanced_drafts	batch_0581_0590	R_0589	余地	よち	khoảng trống, dư địa, chỗ để cân nhắc	Dư Địa
n1_advanced_drafts	batch_0581_0590	R_0590	只管打坐	しかんたざ	shikantaza — chỉ thuần tọa thiền, toàn tâm toàn ý vào việc ngồi thiền	Chích Quản Đả Tọa
n1_advanced_drafts	batch_0581_0590	R_0590	正法眼蔵	しょうぼうげんぞう	Shobogenzo — tác phẩm triết học chính của Dogen, kho tàng con mắt Chanh Phap	Chánh Pháp Nhãn Tàng
n1_advanced_drafts	batch_0581_0590	R_0590	修証一等	しゅしょういっとう	tu chứng nhất đẳng — tu hành và giác ngộ là một, không tách biệt	Tu Chứng Nhất Đẳng
n1_advanced_drafts	batch_0581_0590	R_0590	有時	うじ	hữu thời — sự bất khả phân giữa tồn tại và thời gian trong triết học Dogen	Hữu Thì
n1_advanced_drafts	batch_0581_0590	R_0590	形而上学	けいじじょうがく	siêu hình học, metaphysics	Hình Nhi Thượng Học
n1_advanced_drafts	batch_0581_0590	R_0590	黙照禅	もくしょうぜん	mokushow zen — thiền im lặng chiếu soi, phương pháp của Soto Zen	Mặc Chiếu Thiền
n1_advanced_drafts	batch_0581_0590	R_0590	公案	こうあん	koan — câu đố thiền, phương tiện giác ngộ trong Rinzai Zen	Công Án
n1_advanced_drafts	batch_0581_0590	R_0590	不二	ふに	bất nhị — không hai, không tách biệt (khái niệm Phật giáo)	Bất Nhị
n1_advanced_drafts	batch_0581_0590	R_0590	開示	かいじ	khai mở, tiết lộ, mở ra chân lý	Khai Kì
n1_advanced_drafts	batch_0581_0590	R_0590	菩薩行	ぼさつぎょう	hành động bồ tát, tu tập vì lợi ích chúng sinh	Bồ Tát Hành
n1_advanced_drafts	batch_0581_0590	R_0590	画期的	かっきてき	mang tính bước ngoặt, đột phá, epoch-making	Họa Kì Đích
n1_advanced_drafts	batch_0581_0590	R_0590	鉄眼道光	てつげんどうこう	Tetsugen Doko (1630-1682) — thiền tăng thời Edo, nổi tiếng in kinh Dai Tang	Thiết Nhãn Đạo Quang
n1_advanced_drafts	batch_0581_0590	R_0590	曹洞宗	そうとうしゅう	Soto Zen — tông Tao Dong, một trong hai tong thien lớn ở Nhật	Tào Động Tông
n1_advanced_drafts	batch_0581_0590	R_0590	比叡山	ひえいざん	núi Hiei — trung tâm Phật giáo Thiên Thai ở Kyoto	Bỉ Duệ San
n1_advanced_drafts	batch_0581_0590	R_0590	神学的	しんがくてき	mang tính thần học, theological	Thần Học Đích
n1_advanced_drafts	batch_0581_0590	R_0590	射程	しゃてい	tầm với, phạm vi ảnh hưởng	Xạ Trình
n1_advanced_drafts	batch_0581_0590	R_0590	普遍性	ふへんせい	tính phổ quát, universality	Phổ Biến Tính
n1_advanced_drafts	batch_0591_0600	R_0591	女房文学	にょうぼうぶんがく	văn học nữ quan, thể loại văn học do các nữ quan cung đình thời Heian sáng tác	Nữ Phòng Văn Học
n1_advanced_drafts	batch_0591_0600	R_0591	連帯	れんたい	liên kết, đoàn kết (giữa những người cùng hoàn cảnh)	Liên Đới
n1_advanced_drafts	batch_0591_0600	R_0591	相互扶助	そうごふじょ	tương trợ lẫn nhau, giúp đỡ qua lại	Tương Hỗ Phù Trợ
n1_advanced_drafts	batch_0591_0600	R_0591	生霊	いきりょう	oan hồn người sống, linh hồn lìa khỏi thể xác khi còn sống (vì ghen tuông/đau khổ)	Sanh Linh
n1_advanced_drafts	batch_0591_0600	R_0591	構造的暴力	こうぞうてきぼうりょく	bạo lực cấu trúc, bạo lực được tạo ra bởi hệ thống xã hội	Cấu Tạo Đích Bạo Lực
n1_advanced_drafts	batch_0591_0600	R_0591	告発	こくはつ	tố cáo, lên án (công khai)	Cáo Phát
n1_advanced_drafts	batch_0591_0600	R_0591	怨念	おんねん	oán hận, oán thù sâu sắc	Oán Niệm
n1_advanced_drafts	batch_0591_0600	R_0591	迂回路	うかいろ	con đường vòng, lối đi vòng	Ù Hồi Lộ
n1_advanced_drafts	batch_0591_0600	R_0591	非対称	ひたいしょう	bất đối xứng, không cân bằng	Phi Đối Xưng
n1_advanced_drafts	batch_0591_0600	R_0591	再生産	さいせいさん	tái sản xuất, tái tạo (trong xã hội học: duy trì/lặp lại cấu trúc xã hội)	Tái Sanh Sản
n1_advanced_drafts	batch_0591_0600	R_0591	精緻	せいち	tinh tế, tỉ mỉ, chi tiết	Tinh Trí
n1_advanced_drafts	batch_0591_0600	R_0591	文学的記念碑	ぶんがくてききねんひ	đài tưởng niệm văn học, di sản văn học vĩnh cửu	Văn Học Đích Kí Niệm Bi
n1_advanced_drafts	batch_0591_0600	R_0591	クィア理論	クィアりろん	lý thuyết queer, lý thuyết nghiên cứu về bản dạng giới và xu hướng tính dục	Lí Luận
n1_advanced_drafts	batch_0591_0600	R_0591	ポストコロニアル批評	ポストコロニアルひひょう	phê bình hậu thực dân, trường phái lý luận phân tích di sản chủ nghĩa thực dân	Phê Bình
n1_advanced_drafts	batch_0591_0600	R_0591	底知れぬ	そこしれぬ	thăm thẳm, không thể dò đáy, vô cùng sâu	Để Tri
n1_advanced_drafts	batch_0591_0600	R_0591	複眼的視点	ふくがんてきしてん	nhãn quan kép, cái nhìn đa chiều như mắt côn trùng	Phức Nhãn Đích Thị Điểm
n1_advanced_drafts	batch_0591_0600	R_0592	先駆的	せんくてき	tiên phong, mang tính khai mở	Tiên Khu Đích
n1_advanced_drafts	batch_0591_0600	R_0592	複眼的	ふくがんてき	đa chiều, nhìn từ nhiều góc (như mắt côn trùng có nhiều mặt)	Phức Nhãn Đích
n1_advanced_drafts	batch_0591_0600	R_0592	仲介	ちゅうかい	trung gian, môi giới (giữa hai bên)	Trọng Giới
n1_advanced_drafts	batch_0591_0600	R_0592	文明開化	ぶんめいかいか	văn minh khai hóa — chính sách Tây hóa thời Meiji	Văn Minh Khai Hóa
n1_advanced_drafts	batch_0591_0600	R_0592	徳目	とくもく	hạng mục đức hạnh, các phẩm chất đạo đức được liệt kê	Đức Mục
n1_advanced_drafts	batch_0591_0600	R_0592	騎士道	きしどう	tinh thần kỵ sĩ đạo (chivalry phương Tây)	Kị Sĩ Đạo
n1_advanced_drafts	batch_0591_0600	R_0592	恥の文化	はじのぶんか	văn hóa xấu hổ — khái niệm nhân học so sánh với văn hóa tội lỗi	Sỉ Văn Hóa
n1_advanced_drafts	batch_0591_0600	R_0592	逆輸入	ぎゃくゆにゅう	nhập khẩu ngược — sản phẩm xuất khẩu được nhập về lại đất nước xuất xứ	Nghịch Thâu Nhập
n1_advanced_drafts	batch_0591_0600	R_0592	権威	けんい	quyền uy, uy quyền	Quyền Uy
n1_advanced_drafts	batch_0591_0600	R_0592	末裔	まつえい	hậu duệ, con cháu đời sau	Mạt Duệ
n1_advanced_drafts	batch_0591_0600	R_0592	正典	せいてん	chính điển, tác phẩm kinh điển được công nhận	Chánh Điển
n1_advanced_drafts	batch_0591_0600	R_0592	融合	ゆうごう	dung hợp, hòa trộn thành một	Dung Hợp
n1_advanced_drafts	batch_0591_0600	R_0592	再構築	さいこうちく	tái cấu trúc, xây dựng lại	Tái Cấu Trúc
n1_advanced_drafts	batch_0591_0600	R_0592	架け橋	かけはし	cầu nối (比喩 — nghĩa bóng: kết nối hai phía)	Giá Kiều
n1_advanced_drafts	batch_0591_0600	R_0592	クエーカー教徒	クエーカーきょうと	tín đồ Quaker — dòng Tin Lành nhấn mạnh hoà bình và phổ quát	Giáo Đồ
n1_advanced_drafts	batch_0591_0600	R_0592	普遍主義	ふへんしゅぎ	chủ nghĩa phổ quát, universalism	Phổ Biến Chủ Nghĩa
n1_advanced_drafts	batch_0591_0600	R_0593	夢幻能	むげんのう	mộng huyễn Noh — thể loại Noh kết cấu theo giấc mơ, hồn người chết gặp người sống	Mộng Huyễn Năng
n1_advanced_drafts	batch_0591_0600	R_0593	生霊	いきりょう	sinh linh — linh hồn của người còn sống phóng ra ngoài thân xác vì cảm xúc cực đoan	Sanh Linh
n1_advanced_drafts	batch_0591_0600	R_0593	執着	しゅうちゃく	chấp trước, bám víu	Chấp Trứ
n1_advanced_drafts	batch_0591_0600	R_0593	般若の面	はんにゃのめん	mặt nạ hannya — mặt nạ Noh biểu đạt người phụ nữ biến thành quỷ vì ghen tuông	Bàn Nhược Diện
n1_advanced_drafts	batch_0591_0600	R_0593	幽玄	ゆうげん	yugen — vẻ đẹp huyền ảo sâu xa, khái niệm thẩm mỹ cốt lõi của Noh	U Huyền
n1_advanced_drafts	batch_0591_0600	R_0593	技倆	ぎりょう	kỹ năng, tài năng kỹ thuật	Kĩ Lưỡng
n1_advanced_drafts	batch_0591_0600	R_0593	白拍子	しらびょうし	shirabyoshi — nữ vũ công biểu diễn vũ điệu truyền thống Nhật Bản	Bạch Phách Tử
n1_advanced_drafts	batch_0591_0600	R_0593	融解	ゆうかい	tan biến, hòa lẫn vào nhau	Dung Giải
n1_advanced_drafts	batch_0591_0600	R_0593	花伝書	かでんしょ	Fushi Kaden — tác phẩm lý luận Noh quan trọng nhất của Zeami	Hoa Truyền Thư
n1_advanced_drafts	batch_0591_0600	R_0593	移入	いにゅう	truyền vào, đưa vào (cảm xúc từ diễn viên sang khán giả)	Di Nhập
n1_advanced_drafts	batch_0591_0600	R_0593	存在論	そんざいろん	bản thể luận, ontology	Tồn Tại Luận
n1_advanced_drafts	batch_0591_0600	R_0593	情動	じょうどう	cảm xúc, xúc động (nhấn mạnh tính bản năng)	Tình Động
n1_advanced_drafts	batch_0591_0600	R_0593	位置づける	いちづける	định vị, xác định vị trí	Vị Trí
n1_advanced_drafts	batch_0591_0600	R_0593	雄弁に語る	ゆうべんにかたる	nói lên một cách hùng hồn, diễn đạt một cách thuyết phục	Hùng Biện Ngữ
n1_advanced_drafts	batch_0591_0600	R_0593	性別横断	せいべつおうだん	vượt giới tính, cross-gender	Tính Biệt Hoành Đoạn
n1_advanced_drafts	batch_0591_0600	R_0593	重層的	じゅうそうてき	đa tầng, nhiều lớp chồng lên nhau	Trọng Tằng Đích
n1_advanced_drafts	batch_0591_0600	R_0594	没落	ぼつらく	suy tàn, sa sút, xuống dốc	Một Lạc
n1_advanced_drafts	batch_0591_0600	R_0594	旧華族	きゅうかぞく	gia đình quý tộc cũ (trước khi chế độ quý tộc bị xóa bỏ sau Thế chiến II)	Cựu Hoa Tộc
n1_advanced_drafts	batch_0591_0600	R_0594	矜持	きょうじ	lòng kiêu hãnh, tự trọng (văn trang trọng)	Căng Trì
n1_advanced_drafts	batch_0591_0600	R_0594	貧窮	ひんきゅう	sự túng thiếu, bần cùng	Bần Cùng
n1_advanced_drafts	batch_0591_0600	R_0594	終焉	しゅうえん	sự kết thúc, tàn cuộc (文語的)	Chung Diên
n1_advanced_drafts	batch_0591_0600	R_0594	実存的	じつぞんてき	mang tính hiện sinh, thuộc chủ nghĩa hiện sinh	Thực Tồn Đích
n1_advanced_drafts	batch_0591_0600	R_0594	遺書	いしょ	di thư, thư tuyệt mệnh	Di Thư
n1_advanced_drafts	batch_0591_0600	R_0594	並置	へいち	đặt cạnh nhau, song đặt	Tịnh Trí
n1_advanced_drafts	batch_0591_0600	R_0594	日記体	にっきたい	thể nhật ký, hình thức viết nhật ký	Nhật Kí Thể
n1_advanced_drafts	batch_0591_0600	R_0594	昇華	しょうか	thăng hoa, nâng lên tầm cao hơn	Thăng Hoa
n1_advanced_drafts	batch_0591_0600	R_0594	倫理	りんり	đạo đức, luân lý	Luân Lí
n1_advanced_drafts	batch_0591_0600	R_0594	入水自殺	じゅすいじさつ	tự sát bằng cách nhảy xuống nước	Nhập Thủy Tự Sát
n1_advanced_drafts	batch_0591_0600	R_0594	介入	かいにゅう	sự can thiệp, can dự vào	Giới Nhập
n1_advanced_drafts	batch_0591_0600	R_0594	解釈空間	かいしゃくくうかん	không gian diễn giải, phạm vi có thể hiểu/phân tích	Giải Thích Không Gian
n1_advanced_drafts	batch_0591_0600	R_0594	物の哀れ	もののあわれ	cảm thức về sự tàn la của vạn vật, mỹ học buồn đẹp đặc thù Nhật Bản	Vật Ai
n1_advanced_drafts	batch_0591_0600	R_0594	実存的断絶	じつぞんてきだんぜつ	sự đứt gãy hiện sinh, sự phân đoạn từ góc độ tồn tại	Thực Tồn Đích Đoạn Tuyệt
n1_advanced_drafts	batch_0591_0600	R_0594	重層的	じゅうそうてき	đa tầng, có nhiều lớp ý nghĩa	Trọng Tằng Đích
n1_advanced_drafts	batch_0591_0600	R_0594	喪失	そうしつ	sự mất mát, mất đi	Tang Thất
n1_advanced_drafts	batch_0591_0600	R_0594	結晶	けっしょう	sự kết tinh, kết tụ thành dạng thuần khiết	Kết Tinh
n1_advanced_drafts	batch_0591_0600	R_0594	先見性	せんけんせい	tính tiên phong, khả năng nhìn trước thời đại	Tiên Kiến Tính
n1_advanced_drafts	batch_0591_0600	R_0595	編纂	へんさん	biên soạn, sưu tập và chỉnh lý	Biên Toản
n1_advanced_drafts	batch_0591_0600	R_0595	言霊	ことだま	linh lực ngôn ngữ, tín ngưỡng rằng lời nói có sức mạnh thần bí	Ngôn Linh
n1_advanced_drafts	batch_0591_0600	R_0595	防人	さきもり	lính phòng thủ, binh lính được điều đến biên cương bảo vệ đất nước thời cổ đại	Phòng Nhân
n1_advanced_drafts	batch_0591_0600	R_0595	望郷	ぼうきょう	nỗi nhớ nhà, nhớ quê hương	Vọng Hương
n1_advanced_drafts	batch_0591_0600	R_0595	大宰帥	だざいのそち	Dazai no Sochi, chức quan đứng đầu phủ Dazaifu — cấp bậc cao trong chính quyền địa phương thời Nara	Đại Tể Soái
n1_advanced_drafts	batch_0591_0600	R_0595	典拠	てんきょ	căn cứ, nguồn gốc, chú thích	Điển Cứ
n1_advanced_drafts	batch_0591_0600	R_0595	証左	しょうさ	bằng chứng, chứng cớ, sự chứng thực	Chứng Tả
n1_advanced_drafts	batch_0591_0600	R_0595	迸り	ほとばしり	sự phun trào, sự trào dâng (cảm xúc mạnh mẽ vượt ra)	Bình
n1_advanced_drafts	batch_0591_0600	R_0595	万葉仮名	まんようがな	Man'yogana, hệ thống chữ viết cổ dùng âm và nghĩa Hán tự để biểu hiện tiếng Nhật	Vạn Diệp Giả Danh
n1_advanced_drafts	batch_0591_0600	R_0595	もののあわれ	もののあわれ	mono no aware, cảm xúc tiếc thương trước sự vô thường của vạn vật — khái niệm thẩm mỹ Nhật Bản	
n1_advanced_drafts	batch_0591_0600	R_0595	萌芽	ほうが	mầm non, mầm mống, sự bắt đầu hình thành	Manh Nha
n1_advanced_drafts	batch_0591_0600	R_0595	愛惜	あいせき	sự tiếc thương, lòng quý trọng và tiếc nuối	Ái Tích
n1_advanced_drafts	batch_0591_0600	R_0595	礎	いしずえ	nền tảng, cơ sở, đặt móng	Sở
n1_advanced_drafts	batch_0591_0600	R_0595	余すところなく	あますところなく	đầy đủ toàn bộ, không bỏ sót bất cứ điều gì	Dư
n1_advanced_drafts	batch_0591_0600	R_0595	如実に	にょじつに	một cách rõ ràng, trung thực, đúng như thực tế	Như Thực
n1_advanced_drafts	batch_0591_0600	R_0595	ともすれば	ともすれば	thường có xu hướng, dễ có khuynh hướng (âm tính)	
n1_advanced_drafts	batch_0591_0600	R_0596	屹立する	きつりつする	sừng sững, đứng vững vãi (nhân vật lịch sử vĩ đại)	Ngật Lập
n1_advanced_drafts	batch_0591_0600	R_0596	他力本願	たりきほんがん	tha lực bản nguyện — nương tựa vào sức mạnh của Phật, không phải tự lực	Tha Lực Bản Nguyện
n1_advanced_drafts	batch_0591_0600	R_0596	非僧非俗	ひそうひぞく	phi tăng phi tục — không phải tăng sĩ cũng không phải người thế tục	Phi Tăng Phi Tục
n1_advanced_drafts	batch_0591_0600	R_0596	悪人正機説	あくにんしょうきせつ	thuyết ác nhân chính cơ — người ác mới chính là đối tượng được cứu rỗi	Ác Nhân Chánh Ki Thuyết
n1_advanced_drafts	batch_0591_0600	R_0596	歎異抄	たんにしょう	Tannisho — văn bản ghi lại lời dạy của Shinran, do đệ tử Yuien biên soạn	Thán Dị Sao
n1_advanced_drafts	batch_0591_0600	R_0596	本願	ほんがん	bản nguyện — lời thề nguyện của Phật A Di Đà để cứu độ chúng sinh	Bản Nguyện
n1_advanced_drafts	batch_0591_0600	R_0596	称念	しょうねん	xưng niệm — đọc niệm danh hiệu Phật bằng miệng	Xưng Niệm
n1_advanced_drafts	batch_0591_0600	R_0596	衆生	しゅじょう	chúng sinh — tất cả sinh vật chưa được giải thoát	Chúng Sanh
n1_advanced_drafts	batch_0591_0600	R_0596	義絶	ぎぜつ	nghĩa tuyệt — tuyên bố cắt đứt quan hệ cha con hoặc thầy trò	Nghĩa Tuyệt
n1_advanced_drafts	batch_0591_0600	R_0596	業	ごう	nghiệp — hành động tích lũy từ quá khứ, quyết định vận mệnh	Nghiệp
n1_advanced_drafts	batch_0591_0600	R_0596	愚禿	ぐとく	ngẫu độc — kẻ ngốc đầu trọc (Shinran tự gọi mình, thể hiện sự khiêm tốn sâu sắc)	Ngu Ngốc
n1_advanced_drafts	batch_0591_0600	R_0596	石山合戦	いしやまかっせん	Thạch Sơn Hợp Chiến — cuộc chiến 10 năm giữa Oda Nobunaga và Honganji (1570-1580)	Thạch San Hợp Chiến
n1_advanced_drafts	batch_0591_0600	R_0596	秘本	ひほん	sách bí mật — sách chỉ được lưu truyền trong nội bộ hạn chế	Bí Bản
n1_advanced_drafts	batch_0591_0600	R_0596	精緻	せいち	tinh tế, tỉ mỉ, chi tiết hoàn hảo	Tinh Trí
n1_advanced_drafts	batch_0591_0600	R_0596	刷新者	さっしんしゃ	người cách tân, người đổi mới	Xoát Tân Giả
n1_advanced_drafts	batch_0591_0600	R_0596	過激	かげき	quá khích, cực đoan, triệt để	Quá Kích
n1_advanced_drafts	batch_0591_0600	R_0597	船場	せんば	Semba — khu thương nhân cổ truyền ở Osaka, biểu tượng văn hóa thương gia Kansai	Thuyền Tràng
n1_advanced_drafts	batch_0591_0600	R_0597	黄昏	たそがれ	hoàng hôn, buổi chiều tà — ẩn dụ cho sự suy tàn dần dần	Hoàng Hôn
n1_advanced_drafts	batch_0591_0600	R_0597	奢侈	しゃし	xa xỉ, lãng phí — đặc biệt bị cấm thời chiến	Xa Xỉ
n1_advanced_drafts	batch_0591_0600	R_0597	大本営	だいほんえい	Đại bản doanh — Bộ chỉ huy tối cao quân đội Nhật thời Thế chiến II	Đại Bản Doanh
n1_advanced_drafts	batch_0591_0600	R_0597	丹念に	たんねんに	tỉ mỉ, chăm chú, cẩn thận từng chi tiết	Đan Niệm
n1_advanced_drafts	batch_0591_0600	R_0597	帯の結び方	おびのむすびかた	cách thắt dây đai obi của kimono	Đới Kết Phương
n1_advanced_drafts	batch_0591_0600	R_0597	軋轢	あつれき	sự va chạm, bất đồng, ma sát giữa hai lực	Nghát Lịch
n1_advanced_drafts	batch_0591_0600	R_0597	縁談	えんだん	cuộc đàm phán hôn nhân, mối mai kết hôn	Duyên Đàm
n1_advanced_drafts	batch_0591_0600	R_0597	破談	はだん	vỡ kèo, thương lượng bị hủy, đặc biệt là hôn nhân đổ vỡ	Phá Đàm
n1_advanced_drafts	batch_0591_0600	R_0597	立ち竦む	たちすくむ	dừng lại bất động vì lo sợ hoặc lưỡng lự	Lập Tủng
n1_advanced_drafts	batch_0591_0600	R_0597	耽美主義	たんびしゅぎ	chủ nghĩa duy mỹ — trào lưu văn học đề cao cái đẹp như giá trị tối cao	Đam Mĩ Chủ Nghĩa
n1_advanced_drafts	batch_0591_0600	R_0597	対抗言説	たいこうげんせつ	diễn ngôn đối kháng, counter-discourse	Đối Kháng Ngôn Thuyết
n1_advanced_drafts	batch_0591_0600	R_0597	方言文学	ほうげんぶんがく	văn học phương ngữ, văn học dùng tiếng địa phương	Phương Ngôn Văn Học
n1_advanced_drafts	batch_0591_0600	R_0597	主体性	しゅたいせい	tính chủ thể, chủ thể tính — khả năng tự quyết định	Chủ Thể Tính
n1_advanced_drafts	batch_0591_0600	R_0597	静謐	せいひつ	yên tĩnh, lặng lẽ thanh thản — tĩnh mịch sâu xa	Tĩnh Mật
n1_advanced_drafts	batch_0591_0600	R_0597	反戦	はんせん	phản chiến, chống chiến tranh	Phản Chiến
n1_advanced_drafts	batch_0591_0600	R_0597	擁護者	ようごしゃ	người bảo hộ, người bênh vực, người bảo vệ	Ủng Hộ Giả
n1_advanced_drafts	batch_0591_0600	R_0597	容器	ようき	chiếc bình, vật chứa, container	Dung Khí
n1_advanced_drafts	batch_0591_0600	R_0598	精神史	せいしんし	lịch sử tinh thần, lịch sử tư tưởng	Tinh Thần Sử
n1_advanced_drafts	batch_0591_0600	R_0598	超国家主義	ちょうこっかしゅぎ	chủ nghĩa siêu dân tộc, ultra-nationalism	Siêu Quốc Gia Chủ Nghĩa
n1_advanced_drafts	batch_0591_0600	R_0598	言論空間	げんろんくうかん	không gian ngôn luận, diễn đàn công khai	Ngôn Luận Không Gian
n1_advanced_drafts	batch_0591_0600	R_0598	未曾有	みぞう	chưa từng có, chưa từng xảy ra	Vị Tằng Hữu
n1_advanced_drafts	batch_0591_0600	R_0598	先駆的	せんくてき	đi tiên phong, đi trước thời đại	Tiên Khu Đích
n1_advanced_drafts	batch_0591_0600	R_0598	全体主義	ぜんたいしゅぎ	chủ nghĩa toàn trị, totalitarianism	Toàn Thể Chủ Nghĩa
n1_advanced_drafts	batch_0591_0600	R_0598	無責任の体系	むせきにんのたいけい	hệ thống vô trách nhiệm (khái niệm cốt lõi của Maruyama)	Vô Trách Nhâm Thể Hệ
n1_advanced_drafts	batch_0591_0600	R_0598	霧散	むさん	tan biến như sương, tiêu tan	Vụ Tán
n1_advanced_drafts	batch_0591_0600	R_0598	滑落	かつらく	trượt xuống, trơn trượt xuống	Hoạt Lạc
n1_advanced_drafts	batch_0591_0600	R_0598	概念装置	がいねんそうち	bộ máy khái niệm, conceptual apparatus	Khái Niệm Trang Trí
n1_advanced_drafts	batch_0591_0600	R_0598	自律的主体	じりつてきしゅたい	chủ thể tự chủ, autonomous subject	Tự Luật Đích Chủ Thể
n1_advanced_drafts	batch_0591_0600	R_0598	永久革命	えいきゅうかくめい	cách mạng vĩnh cửu, permanent revolution	Vĩnh Cửu Cách Mệnh
n1_advanced_drafts	batch_0591_0600	R_0598	通底音	つうていおん	âm thanh xuyên suốt (basso ostinato, chủ đề nền dai dẳng)	Thông Để Âm
n1_advanced_drafts	batch_0591_0600	R_0598	執拗低音	しつようていおん	âm trội nền dai dẳng (khái niệm Maruyama về cấu trúc văn hóa Nhật Bản)	Chấp Áo Đê Âm
n1_advanced_drafts	batch_0591_0600	R_0598	古層	こそう	cổ tầng, tầng văn hóa cổ xưa	Cổ Tằng
n1_advanced_drafts	batch_0591_0600	R_0598	内在的	ないざいてき	nội tại, từ bên trong	Nội Tại Đích
n1_advanced_drafts	batch_0591_0600	R_0598	観念論	かんねんろん	chủ nghĩa duy tâm, idealism (triết học)	Quan Niệm Luận
n1_advanced_drafts	batch_0591_0600	R_0598	比較文明論	ひかくぶんめいろん	lý luận so sánh văn minh, comparative civilizational studies	Bỉ Giác Văn Minh Luận
n1_advanced_drafts	batch_0591_0600	R_0599	アレ・ブレ・ボケ	アレ・ブレ・ボケ	are-bure-boke: thô-rung-mờ, thẩm mỹ nhiếp ảnh tiền phong của Provoke	
n1_advanced_drafts	batch_0591_0600	R_0599	粒子	りゅうし	hạt, độ hạt (trong phim ảnh)	Lạp Tử
n1_advanced_drafts	batch_0591_0600	R_0599	知覚	ちかく	nhận thức, tri giác	Tri Giác
n1_advanced_drafts	batch_0591_0600	R_0599	前衛	ぜんえい	tiền phong, avant-garde	Tiền Vệ
n1_advanced_drafts	batch_0591_0600	R_0599	挑発的	ちょうはつてき	mang tính khiêu khích, provoke	Khiêu Phát Đích
n1_advanced_drafts	batch_0591_0600	R_0599	摩擦	まさつ	ma sát, sự cọ xát	Ma Sát
n1_advanced_drafts	batch_0591_0600	R_0599	盛り場	さかりば	khu ăn chơi, phố vui nhộn	Thịnh Tràng
n1_advanced_drafts	batch_0591_0600	R_0599	執拗	しつよう	kiên trì đến mức bướng bỉnh, không ngừng nghỉ	Chấp Áo
n1_advanced_drafts	batch_0591_0600	R_0599	隠蔽	いんぺい	che giấu, che đậy	Ẩn Tất
n1_advanced_drafts	batch_0591_0600	R_0599	溶解	ようかい	tan chảy, hòa tan	Dong Giải
n1_advanced_drafts	batch_0591_0600	R_0599	徘徊	はいかい	lang thang, đi vẩn vơ	Bồi Hoài
n1_advanced_drafts	batch_0591_0600	R_0599	感受性	かんじゅせい	cảm thụ, tính nhạy cảm	Cảm Thụ Tính
n1_advanced_drafts	batch_0591_0600	R_0599	傷跡	きずあと	vết thương, vết sẹo	Thương Tích
n1_advanced_drafts	batch_0591_0600	R_0599	銀塩写真	ぎんえんしゃしん	ảnh ngân muối, ảnh phim nhựa truyền thống	Ngân Diêm Tả Chân
n1_advanced_drafts	batch_0591_0600	R_0599	固執	こしつ	cố chấp, kiên trì giữ lấy	Cố Chấp
n1_advanced_drafts	batch_0591_0600	R_0599	収蔵	しゅうぞう	trưng bày và lưu giữ, thu vào bộ sưu tập	Thu Tàng
n1_advanced_drafts	batch_0591_0600	R_0599	矛盾	むじゅん	mâu thuẫn	Mâu Thuẫn
n1_advanced_drafts	batch_0591_0600	R_0600	俳諧	はいかい	haikai — thể tho hài hước-trữ tình tiền thân haiku	Bài Hãi
n1_advanced_drafts	batch_0591_0600	R_0600	蕉風	しょうふう	Shofuu — phong cách tho đặc trưng của Basho	Tiêu Phong
n1_advanced_drafts	batch_0591_0600	R_0600	連歌	れんが	renga — tho liên ngâm chuỗi, tiền thân haikai	Liên Ca
n1_advanced_drafts	batch_0591_0600	R_0600	発句	ほっく	hokku — câu mở đầu renga, gốc của haiku độc lập	Phát Cú
n1_advanced_drafts	batch_0591_0600	R_0600	切れ字	きれじ	kireji — từ cắt tao đứt gãy ý nghĩa trong haiku (ya, kana, keri)	Thiết Tự
n1_advanced_drafts	batch_0591_0600	R_0600	不立文字	ふりゅうもんじ	Bất Lập Văn Tự — giáo lý Thiền: chân lý không thể dùng chữ viết truyền đạt	Bất Lập Văn Tự
n1_advanced_drafts	batch_0591_0600	R_0600	閑寂	かんじゃく	tĩnh tịch, yên lặng vắng vẻ	Nhàn Tịch
n1_advanced_drafts	batch_0591_0600	R_0600	変貌	へんぼう	biến hình, sự biến đổi hoàn toàn	Biến Bạo
n1_advanced_drafts	batch_0591_0600	R_0600	凝縮	ぎょうしゅく	cô đọng, nén chặt	Ngưng Súc
n1_advanced_drafts	batch_0591_0600	R_0600	余韻	よいん	dư âm, âm hưởng còn vang lai	Dư Vận
n1_advanced_drafts	batch_0591_0600	R_0600	削ぎ落とす	そぎおとす	tia gọt, cắt bỏ đến cực han	Tước Lạc
n1_advanced_drafts	batch_0591_0600	R_0600	執着	しゅうちゃく	chấp trước, sự bám víu	Chấp Trứ
n1_advanced_drafts	batch_0591_0600	R_0600	喚起	かんき	khơi dây, kích thích (trí tưởng tượng)	Hoán Khởi
n1_advanced_drafts	batch_0591_0600	R_0600	客観写生	きゃっかんしゃせい	tả thực khách quan — phương pháp haiku của Kyoshi	Khách Quan Tả Sanh
n1_advanced_drafts	batch_0591_0600	R_0600	無常	むじょう	vô thường — bản chất nhất thời không bền của vạn vât	Vô Thường
n1_advanced_drafts	batch_0601_0610	R_0601	嚆矢	こうし	nguồn gốc, điểm khai đầu, tiền lệ (biểu tượng mũi tên bắt đầu)	Hao Thỉ
n1_advanced_drafts	batch_0601_0610	R_0601	随筆	ずいひつ	tuỳ bút, thể loại văn học viết theo ý nghĩ tự nhiên	Tùy Bút
n1_advanced_drafts	batch_0601_0610	R_0601	鋭敏	えいびん	nhạy bén, tinh tế, nhanh nhạy	Duệ Mẫn
n1_advanced_drafts	batch_0601_0610	R_0601	美意識	びいしき	ý thức thẩm mỹ, cảm quan về cái đẹp	Mĩ Ý Thức
n1_advanced_drafts	batch_0601_0610	R_0601	をかし	をかし	okashi — khái niệm thẩm mỹ Heian: sự kết hợp của ngạc nhiên trí tuệ và khoái cảm thẩm mỹ	
n1_advanced_drafts	batch_0601_0610	R_0601	もののあわれ	もののあわれ	mono no aware — cảm nhận về vô thường và sự buồn man mác của sự vật	
n1_advanced_drafts	batch_0601_0610	R_0601	明敏	めいびん	minh mẫn, thông minh sáng suốt	Minh Mẫn
n1_advanced_drafts	batch_0601_0610	R_0601	機知	きち	trí tuệ nhanh nhạy, sự wit, sự hành động thông minh	Ki Tri
n1_advanced_drafts	batch_0601_0610	R_0601	昇華	しょうか	sự thăng hoa, nâng lên một tầm cao mới	Thăng Hoa
n1_advanced_drafts	batch_0601_0610	R_0601	叙景	じょけい	việc phác hoạ cảnh vật, miêu tả phong cảnh	Tự Cảnh
n1_advanced_drafts	batch_0601_0610	R_0601	才媛	さいえん	tài nữ, phụ nữ có tài năng xuất sắc	Tài Viện
n1_advanced_drafts	batch_0601_0610	R_0601	下賜	かし	ban tặng từ cấp trên xuống cấp dưới, đặc biệt từ hoàng gia	Hạ Tứ
n1_advanced_drafts	batch_0601_0610	R_0601	崩御	ほうぎょ	băng hà — từ dùng để chỉ cái chết của hoàng đế hoàng hậu hoàng phi	Băng Ngự
n1_advanced_drafts	batch_0601_0610	R_0601	挽歌	ばんか	khúc ai ca, bài thơ hay bài hát dành cho người đã mất	Ban Ca
n1_advanced_drafts	batch_0601_0610	R_0601	彫琢	ちょうたく	sự mài giũa, chăm sức hoàn thiện đến mức tuyệt mỹ	Điêu Trác
n1_advanced_drafts	batch_0601_0610	R_0601	哀惜	あいせき	ái tiếc thương, lòng buồn tiếc khi mất đi điều gì quý giá	Ai Tích
n1_advanced_drafts	batch_0601_0610	R_0601	所以	ゆえん	lý do, nguyên nhân sâu xa (văn phong cổ điển)	Sở Dĩ
n1_advanced_drafts	batch_0601_0610	R_0602	結晶化	けっしょうか	kết tinh hóa, hình thành thành tinh thể	Kết Tinh Hóa
n1_advanced_drafts	batch_0601_0610	R_0602	形而上学	けいじじょうがく	siêu hình học, triết học về bản thể	Hình Nhi Thượng Học
n1_advanced_drafts	batch_0601_0610	R_0602	余白	よはく	khoảng trắng, khoảng trống (trong bố cục)	Dư Bạch
n1_advanced_drafts	batch_0601_0610	R_0602	枯山水	かれさんすい	khu vườn đá khô kiểu Nhật (không có nước)	Khô San Thủy
n1_advanced_drafts	batch_0601_0610	R_0602	侘び	わび	wabi — vẻ đẹp giản dị, u tịch, không hoàn hảo theo thẩm mỹ Nhật Bản	Sá
n1_advanced_drafts	batch_0601_0610	R_0602	無為自然	むいしぜん	vô vi tự nhiên — hành động không gượng ép theo tự nhiên (Đạo giáo, Thiền)	Vô Vi Tự Nhiên
n1_advanced_drafts	batch_0601_0610	R_0602	通底する	つうていする	xuyên suốt bên dưới, chia sẻ cùng nền tảng	Thông Để
n1_advanced_drafts	batch_0601_0610	R_0602	照応する	しょうおうする	tương ứng, đối chiếu, cộng hưởng nhau	Chiếu Ứng
n1_advanced_drafts	batch_0601_0610	R_0602	般若心経	はんにゃしんぎょう	Bát Nhã Tâm Kinh — kinh điển trung tâm của Phật giáo Thiền	Bàn Nhược Tâm Kinh
n1_advanced_drafts	batch_0601_0610	R_0602	矮小化	わいしょうか	tầm thường hóa, thu nhỏ tầm vóc, lùn hóa ý nghĩa	Nụy Tiểu Hóa
n1_advanced_drafts	batch_0601_0610	R_0602	不立文字	ふりゅうもんじ	furyumoji — giáo lý Thiền: không dựa vào văn tự, trực tiếp thể nghiệm	Bất Lập Văn Tự
n1_advanced_drafts	batch_0601_0610	R_0602	認識論的	にんしきろんてき	mang tính nhận thức luận (epistemological)	Nhận Thức Luận Đích
n1_advanced_drafts	batch_0601_0610	R_0602	用の美	ようのび	vẻ đẹp của công dụng, vẻ đẹp ẩn trong đồ vật thực dụng hàng ngày	Dụng Mĩ
n1_advanced_drafts	batch_0601_0610	R_0602	変奏	へんそう	biến tấu (âm nhạc/văn học: biến thể giữ tinh thần gốc)	Biến Tấu
n1_advanced_drafts	batch_0601_0610	R_0602	地平	ちへい	chân trời, địa hạt (ẩn dụ: phạm vi tư duy, không gian khái niệm)	Địa Bình
n1_advanced_drafts	batch_0601_0610	R_0603	治安警察法	ちあんけいさつほう	Luật Cảnh sát An ninh (luật thời Minh Trị kiểm soát hoạt động chính trị)	Trì An Cảnh Sát Pháp
n1_advanced_drafts	batch_0601_0610	R_0603	抑圧的	よくあつてき	mang tính áp bức, đàn áp	Ức Áp Đích
n1_advanced_drafts	batch_0601_0610	R_0603	良妻賢母	りょうさいけんぼ	vợ hiền mẹ giỏi (hệ tư tưởng phụ nữ thời Minh Trị)	Lương Thê Hiền Mẫu
n1_advanced_drafts	batch_0601_0610	R_0603	精神的自立	せいしんてきじりつ	sự độc lập về tinh thần	Tinh Thần Đích Tự Lập
n1_advanced_drafts	batch_0601_0610	R_0603	知的気運	ちてききうん	bầu không khí tri thức, khí thế trí tuệ	Tri Đích Khí Vận
n1_advanced_drafts	batch_0601_0610	R_0603	自我覚醒	じがかくせい	sự thức tỉnh ý thức bản ngã	Tự Ngã Giác Tỉnh
n1_advanced_drafts	batch_0601_0610	R_0603	触媒	しょくばい	chất xúc tác	Xúc Môi
n1_advanced_drafts	batch_0601_0610	R_0603	婦人参政権	ふじんさんせいけん	quyền bầu cử của phụ nữ	Phụ Nhân Tham Chánh Quyền
n1_advanced_drafts	batch_0601_0610	R_0603	乖離	かいり	sự chênh lệch, sự cách biệt	Quai Li
n1_advanced_drafts	batch_0601_0610	R_0603	全的な解放	ぜんてきなかいほう	sự giải phóng toàn diện, toàn vẹn	Toàn Đích Giải Phóng
n1_advanced_drafts	batch_0601_0610	R_0603	言説	げんせつ	diễn ngôn (discourse — thuật ngữ học thuật)	Ngôn Thuyết
n1_advanced_drafts	batch_0601_0610	R_0603	先駆者	せんくしゃ	người tiên phong, người đi đầu	Tiên Khu Giả
n1_advanced_drafts	batch_0601_0610	R_0603	礎	いしずえ	nền tảng, viên đá đầu tiên	Sở
n1_advanced_drafts	batch_0601_0610	R_0603	結集する	けっしゅうする	tập hợp lại, quy tụ	Kết Tập
n1_advanced_drafts	batch_0601_0610	R_0603	大正デモクラシー	たいしょうデモクラシー	Dân chủ Taisho (phong trào tự do dân chủ 1910-1920s)	Đại Chánh
n1_advanced_drafts	batch_0601_0610	R_0603	天tính làm mẹ / 母性	ぼせい	thiên tính làm mẹ, bản năng mẫu tử	Thiên Mẫu Tính
n1_advanced_drafts	batch_0601_0610	R_0604	被差別部落	ひさべつぶらく	burakumin, làng bị phân biệt đối xử (cộng đồng lịch sử bị kỳ thị tại Nhật)	Bị Soa Biệt Bộ Lạc
n1_advanced_drafts	batch_0601_0610	R_0604	早逝	そうせい	mất sớm, chết yểu	Tảo Thệ
n1_advanced_drafts	batch_0601_0610	R_0604	比類のない	ひるいのない	vô song, không có gì sánh bằng	Bỉ Loại
n1_advanced_drafts	batch_0601_0610	R_0604	路地	ろじ	hẻm phố, ngõ hẻm (trong văn học Nakagami: không gian burakumin)	Lộ Địa
n1_advanced_drafts	batch_0601_0610	R_0604	刻印	こくいん	dấu ấn, vết khắc (biểu tượng)	Khắc Ấn
n1_advanced_drafts	batch_0601_0610	R_0604	混淆	こんこう	hòa trộn, lẫn lộn	Hỗn Hào
n1_advanced_drafts	batch_0601_0610	R_0604	磁場	じば	từ trường (nghĩa rộng: trường lực, không gian hút kéo)	Từ Tràng
n1_advanced_drafts	batch_0601_0610	R_0604	スティグマ	スティグマ	vết nhục, kỳ thị xã hội (từ tiếng Anh stigma)	
n1_advanced_drafts	batch_0601_0610	R_0604	紀州	きしゅう	Kishu, tên cũ của vùng Wakayama (nơi bối cảnh của Nakagami)	Kỉ Châu
n1_advanced_drafts	batch_0601_0610	R_0604	山岳修験	さんがくしゅげん	tu hành khổ hạnh ở núi rừng (truyền thống tôn giáo Nhật)	San Nhạc Tu Nghiệm
n1_advanced_drafts	batch_0601_0610	R_0604	まれびと	まれびと	khách lạ từ thế giới kia, kẻ từ xa đến (khái niệm thần thoại học Nhật)	
n1_advanced_drafts	batch_0601_0610	R_0604	高揚	こうよう	dâng cao, hưng khởi, lên cao trào	Cao Dương
n1_advanced_drafts	batch_0601_0610	R_0604	掬い取る	すくいとる	múc lên, hớt lấy, nắm bắt được	Cúc Thủ
n1_advanced_drafts	batch_0601_0610	R_0604	周縁	しゅうえん	vùng ngoại vi, ngoại biên (thuật ngữ lý luận văn hóa)	Chu Duyên
n1_advanced_drafts	batch_0601_0610	R_0604	排除	はいじょ	loại trừ, gạt ra ngoài	Bài Trừ
n1_advanced_drafts	batch_0601_0610	R_0604	帰属	きぞく	quy thuộc, sự thuộc về	Quy Chúc
n1_advanced_drafts	batch_0601_0610	R_0604	聖性	せいせい	tính thiêng liêng, tính thánh	Thánh Tính
n1_advanced_drafts	batch_0601_0610	R_0605	邪馬台国	やまたいこく	Yamatai-koku, quốc gia cổ đại Nhật Bản thế kỷ 3	Tà Mã Thai Quốc
n1_advanced_drafts	batch_0601_0610	R_0605	魏志倭人伝	ぎしわじんでん	Gishi Wajinden, bộ phận ghi chép về người Wa trong Tam Quốc Chí của Trung Quốc	Ngụy Chí Uy Nhân Truyền
n1_advanced_drafts	batch_0601_0610	R_0605	卑弥呼	ひみこ	Himiko, nữ vương cai trị Yamatai-koku thế kỷ 3	Ti Di Hô
n1_advanced_drafts	batch_0601_0610	R_0605	所在	しょざい	vị trí, nơi tọa lạc	Sở Tại
n1_advanced_drafts	batch_0601_0610	R_0605	比定	ひてい	xác định, định vị (thuật ngữ sử học)	Bỉ Định
n1_advanced_drafts	batch_0601_0610	R_0605	纏向遺跡	まきむくいせき	di chỉ Makimuku, di tích khảo cổ quan trọng ở Nara	Thiện Hướng Di Tích
n1_advanced_drafts	batch_0601_0610	R_0605	畿内説	きないせつ	thuyết Kinki, cho rằng Yamatai-koku ở vùng Kinki (Nara/Osaka)	Kỳ Nội Thuyết
n1_advanced_drafts	batch_0601_0610	R_0605	九州説	きゅうしゅうせつ	thuyết Kyushu, cho rằng Yamatai-koku ở Kyushu	Cửu Châu Thuyết
n1_advanced_drafts	batch_0601_0610	R_0605	行程記事	こうていきじ	ghi chép về lộ trình, mô tả đường đi	Hành Trình Kí Sự
n1_advanced_drafts	batch_0601_0610	R_0605	一義的	いちぎてき	theo một nghĩa duy nhất, không mơ hồ	Nhất Nghĩa Đích
n1_advanced_drafts	batch_0601_0610	R_0605	壹与	いよ	Iyo (hoặc Toyo), nữ vương kế vị Himiko	Nhất Dữ
n1_advanced_drafts	batch_0601_0610	R_0605	搬入	はんにゅう	vận chuyển vào, đưa vào	Bàn Nhập
n1_advanced_drafts	batch_0601_0610	R_0605	安定同位体分析	あんていどういたいぶんせき	phân tích đồng vị bền, phương pháp khoa học xác định nguồn gốc	An Định Đồng Vị Thể Phân Tích
n1_advanced_drafts	batch_0601_0610	R_0605	史料批判	しりょうひはん	phê bình sử liệu, đánh giá độ tin cậy của tư liệu lịch sử	Sử Liêu Phê Phán
n1_advanced_drafts	batch_0601_0610	R_0605	大和政権	やまとせいけん	chính quyền Yamato, nhà nước cổ đại Nhật Bản kế tiếp	Đại Hòa Chánh Quyền
n1_advanced_drafts	batch_0601_0610	R_0605	鬼道	きどう	quỷ đạo, thuật pháp hay shaman giáo (cách Trung Quốc gọi tín ngưỡng của Himiko)	Quỷ Đạo
n1_advanced_drafts	batch_0601_0610	R_0606	前衛美術	ぜんえいびじゅつ	nghệ thuật tiền vệ, avant-garde	Tiền Vệ Mĩ Thuật
n1_advanced_drafts	batch_0601_0610	R_0606	既成概念	きせいがいねん	khái niệm đã có sẵn, quan niệm định hình	Kí Thành Khái Niệm
n1_advanced_drafts	batch_0601_0610	R_0606	刷新	さっしん	canh tân, đổi mới triệt để	Xoát Tân
n1_advanced_drafts	batch_0601_0610	R_0606	アンフォルメル	アンフォルメル	Informel — phong trào nghệ thuật Pháp thập niên 1950, nhấn mạnh tính vô hình thức	
n1_advanced_drafts	batch_0601_0610	R_0606	身体性	しんたいせい	tính thân thể, bodily quality	Thân Thể Tính
n1_advanced_drafts	batch_0601_0610	R_0606	即興性	そっきょうせい	tính ngẫu hứng, tính ứng tấu	Tức Hưng Tính
n1_advanced_drafts	batch_0601_0610	R_0606	共鳴	きょうめい	cộng hưởng, sự đồng điệu	Cộng Minh
n1_advanced_drafts	batch_0601_0610	R_0606	廃墟	はいきょ	hoang tàn, đống đổ nát	Phế Khư
n1_advanced_drafts	batch_0601_0610	R_0606	インスタレーション	インスタレーション	installation art — nghệ thuật sắp đặt	
n1_advanced_drafts	batch_0601_0610	R_0606	溶解	ようかい	hòa tan, làm tan biến ranh giới	Dong Giải
n1_advanced_drafts	batch_0601_0610	R_0606	一回性	いっかいせい	tính nhất thời, tính không lặp lại — xảy ra duy nhất một lần	Nhất Hồi Tính
n1_advanced_drafts	batch_0601_0610	R_0606	共同体意識	きょうどうたいいしき	ý thức cộng đồng, tinh thần tập thể	Cộng Đồng Thể Ý Thức
n1_advanced_drafts	batch_0601_0610	R_0606	天才崇拝	てんさいすうはい	sự sùng bái thiên tài	Thiên Tài Sùng Bái
n1_advanced_drafts	batch_0601_0610	R_0606	回顧展	かいこてん	triển lãm hồi cố, retrospective exhibition	Hồi Cố Triển
n1_advanced_drafts	batch_0601_0610	R_0606	参照	さんしょう	tham chiếu, tham khảo	Tham Chiếu
n1_advanced_drafts	batch_0601_0610	R_0606	根底から覆す	こんていからくつがえす	lật đổ từ nền tảng, đảo ngược triệt để	Căn Để Phúc
n1_advanced_drafts	batch_0601_0610	R_0606	内包する	ないほうする	hàm chứa, bao gồm bên trong	Nội Bao
n1_advanced_drafts	batch_0601_0610	R_0607	仮名日記	かなにっき	nhật ký chữ kana, thể loại nhật ký viết bằng chữ kana	Giả Danh Nhật Kí
n1_advanced_drafts	batch_0601_0610	R_0607	仮託	かたく	giả danh, mượn danh nghĩa người khác để thể hiện	Giả Thác
n1_advanced_drafts	batch_0601_0610	R_0607	女手	おんなで	chữ viết của phụ nữ, tên gọi chữ kana thời Heian	Nữ Thủ
n1_advanced_drafts	batch_0601_0610	R_0607	官人	かんじん	quan chức, người làm việc cho triều đình	Quan Nhân
n1_advanced_drafts	batch_0601_0610	R_0607	歌人	かじん	ca nhân, người sáng tác thơ waka	Ca Nhân
n1_advanced_drafts	batch_0601_0610	R_0607	哀惜	あいせき	tiếc thương, luyến tiếc kẻ đã khuất	Ai Tích
n1_advanced_drafts	batch_0601_0610	R_0607	帰途	きと	đường trở về, chặng về	Quy Đồ
n1_advanced_drafts	batch_0601_0610	R_0607	哀愁	あいしゅう	nỗi sầu, buồn man mác	Ai Sầu
n1_advanced_drafts	batch_0601_0610	R_0607	性別越境	せいべつえっきょう	vượt qua ranh giới giới tính, cross-gender	Tính Biệt Việt Cảnh
n1_advanced_drafts	batch_0601_0610	R_0607	軽妙	けいみょう	nhẹ nhàng duyên dáng, hóm hỉnh khéo léo	Khinh Diệu
n1_advanced_drafts	batch_0601_0610	R_0607	開花	かいか	nở rộ, phát triển rực rỡ	Khai Hoa
n1_advanced_drafts	batch_0601_0610	R_0607	紀行文学	きこうぶんがく	văn học ký sự hành trình, travel literature	Kỉ Hành Văn Học
n1_advanced_drafts	batch_0601_0610	R_0607	停泊	ていはく	neo đậu, dừng lại tại bến	Đình Bạc
n1_advanced_drafts	batch_0601_0610	R_0607	内省的	ないせいてき	mang tính nội tâm, tự xét	Nội Tỉnh Đích
n1_advanced_drafts	batch_0601_0610	R_0607	辺境	へんきょう	vùng biên giới, nơi hẻo lánh xa xôi	Biên Cảnh
n1_advanced_drafts	batch_0601_0610	R_0607	疎外感	そがいかん	cảm giác bị xa lánh, cô lập	Sơ Ngoại Cảm
n1_advanced_drafts	batch_0601_0610	R_0607	望郷	ぼうきょう	nỗi nhớ quê hương	Vọng Hương
n1_advanced_drafts	batch_0601_0610	R_0607	悲嘆	ひたん	bi thán, nỗi đau thương sâu sắc	Bi Thán
n1_advanced_drafts	batch_0601_0610	R_0608	実存主義	じつぞんしゅぎ	chủ nghĩa hiện sinh, existentialism	Thực Tồn Chủ Nghĩa
n1_advanced_drafts	batch_0601_0610	R_0608	視座	しざ	góc nhìn, điểm nhìn phân tích	Thị Tọa
n1_advanced_drafts	batch_0601_0610	R_0608	内務班	ないむはん	ban nội vụ (tổ đội quản lý nội bộ trong đơn vị quân đội Nhat co)	Nội Vụ Ban
n1_advanced_drafts	batch_0601_0610	R_0608	金字塔	きんじとう	dấu mốc vĩ đại, thành tựu đỉnh cao (bút: thành kim tự tháp)	Kim Tự Tháp
n1_advanced_drafts	batch_0601_0610	R_0608	侵食	しんしょく	xâm thực, an mon dần dần	Xâm Thực
n1_advanced_drafts	batch_0601_0610	R_0608	官僚制的	かんりょうせいてき	mang tính quan liêu, bureaucratic	Quan Liêu Chế Đích
n1_advanced_drafts	batch_0601_0610	R_0608	疎外	そがい	tha hóa, sự xa cách (khái niệm hiện sinh — alienation)	Sơ Ngoại
n1_advanced_drafts	batch_0601_0610	R_0608	物化	ぶっか	vật hóa, biến con người thành vật thể hoặc công cụ	Vật Hóa
n1_advanced_drafts	batch_0601_0610	R_0608	冗漫	じょうまん	dài dòng, lan man (phong cách viết kéo dài)	Nhũng Mạn
n1_advanced_drafts	batch_0601_0610	R_0608	独白	どくはく	độc thoại, tự nói chuyện một mình (monologue)	Độc Bạch
n1_advanced_drafts	batch_0601_0610	R_0608	宙吊り	ちゅうづり	treo lửa, trạng thái lơ lửng không giải quyết được	Trụ Điếu
n1_advanced_drafts	batch_0601_0610	R_0608	昇華	しょうか	thăng hoa, biến chuyển lên trạng thái cao hon	Thăng Hoa
n1_advanced_drafts	batch_0601_0610	R_0608	解剖	かいぼう	giải phẫu, phân tích chi tiết tận cùng (cả nghĩa đen lẫn nghĩa bóng)	Giải Phẫu
n1_advanced_drafts	batch_0601_0610	R_0608	廃墟	はいきょ	đống đổ, tàn tích; ở đây dùng theo nghĩa bóng: hủy hoại tinh thần	Phế Khư
n1_advanced_drafts	batch_0601_0610	R_0608	貫通	かんつう	xuyên qua, xuyên suốt hoàn toàn	Quán Thông
n1_advanced_drafts	batch_0601_0610	R_0608	テーゼ	テーゼ	luận đề, thesis (từ tiếng Đức These)	
n1_advanced_drafts	batch_0601_0610	R_0609	シュルレアリスム	シュルレアリスム	chủ nghĩa siêu thực, Surrealism (tiếng Pháp: surréalisme)	
n1_advanced_drafts	batch_0601_0610	R_0609	前衛芸術	ぜんえいげいじゅつ	nghệ thuật tiên vệ, avant-garde art	Tiền Vệ Vân Thuật
n1_advanced_drafts	batch_0601_0610	R_0609	文通	ぶんつう	thư từ, trao đổi thư	Văn Thông
n1_advanced_drafts	batch_0601_0610	R_0609	先駆者	せんくしゃ	người tiên phong, người đi trước	Tiên Khu Giả
n1_advanced_drafts	batch_0601_0610	R_0609	美意識	びいしき	ý thức mỹ học, cảm thức về cái đẹp	Mĩ Ý Thức
n1_advanced_drafts	batch_0601_0610	R_0609	余白	よはく	khoảng trắng, khoảng trống (trong nghệ thuật và thơ)	Dư Bạch
n1_advanced_drafts	batch_0601_0610	R_0609	弾圧	だんあつ	đàn áp, áp chế	Đàn Áp
n1_advanced_drafts	batch_0601_0610	R_0609	拘禁	こうきん	giam cầm, giam giữ	Câu Cấm
n1_advanced_drafts	batch_0601_0610	R_0609	デカルコマニー	デカルコマニー	decalcomania, kỹ thuật in/chuyển hình ảnh trong nghệ thuật siêu thực	
n1_advanced_drafts	batch_0601_0610	R_0609	截然	せつぜん	tuyệt đối, hoàn toàn, dứt khoát (văn ngữ)	Tiệt Nhiên
n1_advanced_drafts	batch_0601_0610	R_0609	レディメイド	レディメイド	ready-made, vật thể thường ngày dùng làm tác phẩm nghệ thuật (khái niệm của Duchamp)	
n1_advanced_drafts	batch_0601_0610	R_0609	共鳴	きょうめい	cộng hưởng, đồng điệu	Cộng Minh
n1_advanced_drafts	batch_0601_0610	R_0609	静謐	せいひつ	tĩnh lặng, yên tĩnh sâu (văn phong cao)	Tĩnh Mật
n1_advanced_drafts	batch_0601_0610	R_0609	架橋する	かきょうする	bắc cầu, kết nối (theo nghĩa bóng)	Giá Kiều
n1_advanced_drafts	batch_0601_0610	R_0609	稀有	けう	hiếm có, kỳ lạ đặc biệt	Hi Hữu
n1_advanced_drafts	batch_0601_0610	R_0609	底流	ていりゅう	âm hưởng chảy ngầm, dòng chảy ngầm bên dưới (nghĩa bóng: tư tưởng ẩn sâu)	Để Lưu
n1_advanced_drafts	batch_0601_0610	R_0609	実験場	じっけんじょう	trường thí nghiệm, không gian thử nghiệm	Thực Nghiệm Tràng
n1_advanced_drafts	batch_0601_0610	R_0609	射程	しゃてい	tầm bắn, tầm ảnh hưởng (nghĩa bóng: phạm vi tác động)	Xạ Trình
n1_advanced_drafts	batch_0601_0610	R_0610	勅撰和歌集	ちょくせんわかしゅう	bộ sưu tập thơ ca soạn theo chính lệnh hoàng đế	Sắc Chuyển Hòa Ca Tập
n1_advanced_drafts	batch_0601_0610	R_0610	仮名序	かなじょ	lời tựa viết bằng chữ kana (của Ki no Tsurayuki trong Cổ Kim tập)	Giả Danh Tự
n1_advanced_drafts	batch_0601_0610	R_0610	六歌仙	ろっかせん	sáu nhà thơ lớn — sáu thi nhân xuất sắc được bình luận trong lời tựa kana	Lục Ca Tiên
n1_advanced_drafts	batch_0601_0610	R_0610	六義	rikki / りくぎ	lục nghĩa — sáu khái niệm thi học thừa kế từ thi kinh Trung Hoa	Lục Nghĩa
n1_advanced_drafts	batch_0601_0610	R_0610	ますらをぶり	masuraoburi	phong cách thơ hùng tráng, biết tài, biểu đạt trực tiếp (đặc trưng Man Yo Shu)	
n1_advanced_drafts	batch_0601_0610	R_0610	たをやめぶり	taoyameburi	phong cách thơ uyển chuyển, tinh tế, uyển nhu (đặc trưng Cổ Kim tập)	
n1_advanced_drafts	batch_0601_0610	R_0610	詩風	しふう	phong cách thơ, phong thú thi ca	Thi Phong
n1_advanced_drafts	batch_0601_0610	R_0610	詩学	しがく	thi học — lý luận về thơ ca, poetics	Thi Học
n1_advanced_drafts	batch_0601_0610	R_0610	移植と変容	いしょくとへんよう	cấy ghép và biến đổi — quá trình tiếp nhận văn hóa nước ngoài và biến đổi thành thứ riêng	Di Thực Biến Dung
n1_advanced_drafts	batch_0601_0610	R_0610	援用する	えんようする	vay dùng, áp dụng (khái niệm, thủ thuật từ nguồn khác)	Viên Dụng
n1_advanced_drafts	batch_0601_0610	R_0610	洞察	どうさつ	sự thấu hiểu sâu, đồng tâm, insight	Động Sát
n1_advanced_drafts	batch_0601_0610	R_0610	哀傷歌	あいしょうか	thơ than thở, thơ biểu lộ sự đau thương	Ai Thương Ca
n1_advanced_drafts	batch_0601_0610	R_0610	礎	いしずえ	nền móng, tảng sát (nghĩa bóng: cơ sở nền tảng)	Sở
n1_advanced_drafts	batch_0601_0610	R_0610	金字塔	きんじとう	công trình đỉnh cao, tượng đài bất hủ (từ Kim Tự Tháp Ai Cập)	Kim Tự Tháp
n1_advanced_drafts	batch_0601_0610	R_0610	歌論	かろん	lý luận về thơ ca Nhật Bản (uta-ron), các văn bản bình luận về thơ ca	Ca Luận
n1_advanced_drafts	batch_0601_0610	R_0610	勅命	ちょくめい	chính lệnh hoàng đế	Sắc Mệnh
n1_advanced_drafts	batch_0601_0610	R_0610	体系的	たいけいてき	có hệ thống, systematic	Thể Hệ Đích
n1_advanced_drafts	batch_0611_0620	R_0611	公案	こうあん	công án — câu hỏi thiền không giải được bằng logic	Công Án
n1_advanced_drafts	batch_0611_0620	R_0611	隻手	せきしゅ	một bàn tay (trong công án nổi tiếng của Hakuin)	Chích, chỉ Thủ
n1_advanced_drafts	batch_0611_0620	R_0611	遡る	さかのぼる	truy ngược về, truy về nguồn gốc	Tố
n1_advanced_drafts	batch_0611_0620	R_0611	白隠慧鶴	はくいんえかく	Hakuin Ekaku — thiền tăng Edo (1686-1769), hệ thống hóa công án Lâm Tế	Bạch Ẩn Tuệ Hạc
n1_advanced_drafts	batch_0611_0620	R_0611	懐疑	かいぎ	hoài nghi, sự nghi ngờ mang tính phương pháp	Hoài Nghi
n1_advanced_drafts	batch_0611_0620	R_0611	喝	かつ	hét — tiếng quát đột ngột của thiền sư Lâm Tế để phá vỡ tư duy	Hát
n1_advanced_drafts	batch_0611_0620	R_0611	固着	こちゃく	cứng đọng, bám chặt vào (tư duy bị bám chặt vào khuôn mẫu)	Cố Trứ
n1_advanced_drafts	batch_0611_0620	R_0611	矛盾律	むじゅんりつ	luật mâu thuẫn (nguyên lý logic: A không thể vừa là A vừa không là A)	Mâu Thuẫn Luật
n1_advanced_drafts	batch_0611_0620	R_0611	超克	ちょうこく	vượt qua, siêu việt (ý chí vượt lên trên)	Siêu Khắc
n1_advanced_drafts	batch_0611_0620	R_0611	見性	けんしょう	kiến tính — trực tiếp nhận ra Phật tính, thức tỉnh đột ngột trong thiền	Kiến Tính
n1_advanced_drafts	batch_0611_0620	R_0611	鈴木大拙	すずきだいせつ	Suzuki Daisetsu — học giả thiền học (1870-1966) phổ biến Zen ra phương Tây	Linh Mộc Đại Chuyết
n1_advanced_drafts	batch_0611_0620	R_0611	孕む	はらむ	chứa đựng, mang trong mình (nghịch lý, nguy hiểm)	Dựng
n1_advanced_drafts	batch_0611_0620	R_0611	自己言及	じこげんきゅう	tự quy chiếu, self-reference (câu/hệ thống đề cập đến chính nó)	Tự Kỉ Ngôn Cập
n1_advanced_drafts	batch_0611_0620	R_0611	独参	どくさん	dokusan — buổi vấn đáp riêng tư giữa thiền sư và đệ tử	Độc Tham
n1_advanced_drafts	batch_0611_0620	R_0611	雄弁	ゆうべん	hùng hồn, hùng biện, có sức thuyết phục mạnh	Hùng Biện
n1_advanced_drafts	batch_0611_0620	R_0611	凝縮	ぎょうしゅく	cô đọng, nén chặt mọi ý nghĩa vào một điểm	Ngưng Súc
n1_advanced_drafts	batch_0611_0620	R_0612	雅楽	ががく	Nhã nhạc, âm nhạc cung đình Nhật Bản (Gagaku)	Nhã Lạc
n1_advanced_drafts	batch_0611_0620	R_0612	唐楽	とうがく	Đường nhạc, âm nhạc từ Trung Quốc thời nhà Đường	Đường Lạc
n1_advanced_drafts	batch_0611_0620	R_0612	篳篥	ひちりき	hichiriki, sáo lau đôi (nhạc cụ quản trong Nhã nhạc)	Tất Lật
n1_advanced_drafts	batch_0611_0620	R_0612	笙	しょう	sho, nhạc cụ hơi dạng khèn bầu (đặc trưng của Nhã nhạc)	Sanh
n1_advanced_drafts	batch_0611_0620	R_0612	精華	せいか	tinh hoa, tinh túy nhất	Tinh Hoa
n1_advanced_drafts	batch_0611_0620	R_0612	旋法	せんぽう	điệu thức, mode âm nhạc	Toàn Pháp
n1_advanced_drafts	batch_0611_0620	R_0612	十二平均律	じゅうにへいきんりつ	bình quân luật mười hai cung, twelve-tone equal temperament	Thập Nhị Bình Quân Luật
n1_advanced_drafts	batch_0611_0620	R_0612	微分音	びぶんおん	vi phân âm, microtone (âm nhỏ hơn nửa cung)	Vi Phân Âm
n1_advanced_drafts	batch_0611_0620	R_0612	無形文化遺産	むけいぶんかいさん	di sản văn hóa phi vật thể	Vô Hình Văn Hóa Di Sản
n1_advanced_drafts	batch_0611_0620	R_0612	混交性	こんこうせい	tính lai ghép, tính hỗn hợp	Hỗn Giao Tính
n1_advanced_drafts	batch_0611_0620	R_0612	宮内庁楽部	くないちょうがくぶ	Nhạc bộ Cung nội sảnh, bộ phận âm nhạc của Cung nội sảnh	Cung Nội Sảnh Lạc Bộ
n1_advanced_drafts	batch_0611_0620	R_0612	弁証法的	べんしょうほうてき	biện chứng, mang tính biện chứng	Biện Chứng Pháp Đích
n1_advanced_drafts	batch_0611_0620	R_0612	昇華	しょうか	thăng hoa, nâng lên tầm cao hơn	Thăng Hoa
n1_advanced_drafts	batch_0611_0620	R_0612	強靭さ	きょうじんさ	sức mạnh bền bỉ, tính kiên cường	Cường Nhẫn
n1_advanced_drafts	batch_0611_0620	R_0612	四天王寺	してんのうじ	chùa Shitennoji, ngôi chùa cổ nhất Nhật Bản ở Osaka	Tứ Thiên Vương Tự
n1_advanced_drafts	batch_0611_0620	R_0612	師弟関係	していかんけい	quan hệ thầy trò, quan hệ sư đồ	Sư Đệ Quan Hệ
n1_advanced_drafts	batch_0611_0620	R_0613	自伝的	じでんてき	mang tính tự truyện	Tự Truyền Đích
n1_advanced_drafts	batch_0611_0620	R_0613	逃走衝動	とうそうしょうどう	xung động trốn chạy	Đào Tẩu Xung Động
n1_advanced_drafts	batch_0611_0620	R_0613	飛翔	ひしょう	bay lên, sự thăng bay	Phi Tường
n1_advanced_drafts	batch_0611_0620	R_0613	超越	ちょうえつ	siêu việt, vượt qua	Siêu Việt
n1_advanced_drafts	batch_0611_0620	R_0613	対峙	たいじ	đối mặt, đương đầu	Đối Trĩ
n1_advanced_drafts	batch_0611_0620	R_0613	参与	さんよ	tham dự, engagement (triết học Sartre)	Tham Dữ
n1_advanced_drafts	batch_0611_0620	R_0613	アンガジュマン	アンガジュマン	engagement (tiếng Pháp — tham dự chính trị xã hội theo Sartre)	
n1_advanced_drafts	batch_0611_0620	R_0613	造形	ぞうけい	hình tượng, sự xây dựng nhân vật	Tạo Hình
n1_advanced_drafts	batch_0611_0620	R_0613	断罪	だんざい	kết tội, kết án	Đoạn Tội
n1_advanced_drafts	batch_0611_0620	R_0613	掘り起こす	ほりおこす	đào xới lên, khai quật	Quật Khởi
n1_advanced_drafts	batch_0611_0620	R_0613	攪乱	かくらん	khuấy động, làm rối loạn	Giảo Loạn
n1_advanced_drafts	batch_0611_0620	R_0613	距離化	きょりか	khoảng cách hóa, distancing (tâm lý học)	Cự Li Hóa
n1_advanced_drafts	batch_0611_0620	R_0613	心理防衛機制	しんりぼうえいきせい	cơ chế phòng vệ tâm lý (defense mechanism)	Tâm Lí Phòng Vệ Ki Chế
n1_advanced_drafts	batch_0611_0620	R_0613	洞察	どうさつ	thấu suốt, sự nhìn thấu	Động Sát
n1_advanced_drafts	batch_0611_0620	R_0613	実存的	じつぞんてき	mang tính hiện sinh, existential	Thực Tồn Đích
n1_advanced_drafts	batch_0611_0620	R_0613	昇華	しょうか	thăng hoa, sublimation	Thăng Hoa
n1_advanced_drafts	batch_0611_0620	R_0613	裏腹	うらはら	trái ngược, nghịch lý với	Lí Phúc
n1_advanced_drafts	batch_0611_0620	R_0614	絵巻物	えまきもの	tranh cuộn, hình thức nghệ thuật cuộn tranh kể chuyện của Nhật Bản	Hội Quyển Vật
n1_advanced_drafts	batch_0611_0620	R_0614	霊験	れいげん	linh nghiệm, hiệu nghiệm huyền bí của thần Phật	Linh Nghiệm
n1_advanced_drafts	batch_0611_0620	R_0614	奇跡譚	きせきたん	câu chuyện kỳ tích, huyền thoại về phép lạ	Kì Tích Đàm
n1_advanced_drafts	batch_0611_0620	R_0614	活写	かっしゃ	mô tả sống động, khắc họa sinh động	Hoạt Tả
n1_advanced_drafts	batch_0611_0620	R_0614	飛鉢	とびはち	chiếc bát bay — pháp bảo của thánh nhân Myo-ren trong Tín Quý Sơn Duyên Khởi	Phi Bát
n1_advanced_drafts	batch_0611_0620	R_0614	法力	ほうりき	pháp lực, sức mạnh huyền bí của tu hành Phật pháp	Pháp Lực
n1_advanced_drafts	batch_0611_0620	R_0614	極致	きょくち	đỉnh cao tuyệt đối, cực điểm	Cực Trí
n1_advanced_drafts	batch_0611_0620	R_0614	貫徹	かんてつ	thấu suốt, xuyên qua hoàn toàn	Quán Triệt
n1_advanced_drafts	batch_0611_0620	R_0614	引目鉤鼻	ひきめかぎはな	hikime kagibana — phong cách vẽ mặt người Yamato-e: mắt nét ngang, mũi móc câu	Dẫn Mục Câu Tị
n1_advanced_drafts	batch_0611_0620	R_0614	大和絵	やまとえ	Yamato-e — trường phái hội họa thuần Nhật, phân biệt với hội họa kiểu Trung Quốc	Đại Hòa Hội
n1_advanced_drafts	batch_0611_0620	R_0614	もののあはれ	もののあはれ	mono no aware — cảm thức về tính vô thường và vẻ đẹp bi cảm, khái niệm thẩm mỹ cốt lõi Nhật Bản	
n1_advanced_drafts	batch_0611_0620	R_0614	荘厳	そうごん	trang nghiêm, hùng tráng uy linh	Trang Nghiêm
n1_advanced_drafts	batch_0611_0620	R_0614	所以	ゆえん	lý do, nguyên do (văn cổ điển)	Sở Dĩ
n1_advanced_drafts	batch_0611_0620	R_0614	余白	よはく	khoảng trắng, khoảng trống (trong bố cục tranh / văn bản)	Dư Bạch
n1_advanced_drafts	batch_0611_0620	R_0614	霊感	れいかん	cảm hứng thiêng liêng, nguồn cảm hứng huyền diệu	Linh Cảm
n1_advanced_drafts	batch_0611_0620	R_0614	切迫性	せっぱくせい	tính cấp bách, tính khẩn thiết	Thiết Bách Tính
n1_advanced_drafts	batch_0611_0620	R_0614	調度品	ちょうどひん	đồ vật trang trí, vật dụng nội thất cung đình	Điều Độ Phẩm
n1_advanced_drafts	batch_0611_0620	R_0615	家父長制	かふちょうせい	chế độ gia trưởng, patriarchy	Gia Phụ Trường Chế
n1_advanced_drafts	batch_0611_0620	R_0615	資本制	しほんせい	chế độ tư bản, chủ nghĩa tư bản (tên gọi học thuật)	Tư Bản Chế
n1_advanced_drafts	batch_0611_0620	R_0615	交差点	こうさてん	giao điểm, điểm giao nhau	Giao Soa Điểm
n1_advanced_drafts	batch_0611_0620	R_0615	抑圧	よくあつ	sự áp bức, đàn áp	Ức Áp
n1_advanced_drafts	batch_0611_0620	R_0615	先駆的	せんくてき	tiên phong, đi trước	Tiên Khu Đích
n1_advanced_drafts	batch_0611_0620	R_0615	射程	しゃてい	tầm bắn, phạm vi ảnh hưởng	Xạ Trình
n1_advanced_drafts	batch_0611_0620	R_0615	欺瞞	ぎまん	sự dối trá, lừa dối	Khi Man
n1_advanced_drafts	batch_0611_0620	R_0615	矮小化	わいしょうか	thu nhỏ, hạ thấp, tầm thường hóa	Nụy Tiểu Hóa
n1_advanced_drafts	batch_0611_0620	R_0615	再生産	さいせいさん	tái sản xuất (kinh tế chính trị học)	Tái Sanh Sản
n1_advanced_drafts	batch_0611_0620	R_0615	呪縛	じゅばく	vòng ràng buộc, lời nguyền	Chú Phược
n1_advanced_drafts	batch_0611_0620	R_0615	エージェンシー	エージェンシー	năng lực hành động, chủ thể tính (từ tiếng Anh agency)	
n1_advanced_drafts	batch_0611_0620	R_0615	残滓	ざんし	tàn tích, phần còn lại	Tàn Chỉ
n1_advanced_drafts	batch_0611_0620	R_0615	共鳴	きょうめい	cộng hưởng, đồng điệu	Cộng Minh
n1_advanced_drafts	batch_0611_0620	R_0615	触媒	しょくばい	chất xúc tác	Xúc Môi
n1_advanced_drafts	batch_0611_0620	R_0615	ラディカル	ラディカル	cấp tiến, triệt để (radical)	
n1_advanced_drafts	batch_0611_0620	R_0615	新自由主義	しんじゆうしゅぎ	chủ nghĩa tân tự do, neoliberalism	Tân Tự Do Chủ Nghĩa
n1_advanced_drafts	batch_0611_0620	R_0616	軍記物語	ぐんきものがたり	truyện ký quân sự, thể loại văn học ghi chép chiến tranh	Quân Kí Vật Ngữ
n1_advanced_drafts	batch_0611_0620	R_0616	栄枯盛衰	えいこせいすい	thịnh suy, hưng vong — sự hưng thịnh rồi suy tàn	Vinh Khô Thịnh Suy
n1_advanced_drafts	batch_0611_0620	R_0616	諸行無常	しょぎょうむじょう	vô thường — chân lý Phật giáo rằng mọi thứ đều thay đổi	Chư Hành Vô Thường
n1_advanced_drafts	batch_0611_0620	R_0616	文飾	ぶんしょく	trang trí văn chương, bề ngoài ngôn từ	Văn Sức
n1_advanced_drafts	batch_0611_0620	R_0616	盛者必衰	じょうしゃひっすい	kẻ thịnh tất suy — lẽ hưng vong tất yếu	Thịnh Giả Tất Suy
n1_advanced_drafts	batch_0611_0620	R_0616	権勢	けんせい	quyền thế, quyền lực và uy thế	Quyền Thế
n1_advanced_drafts	batch_0611_0620	R_0616	邂逅	かいこう	cuộc gặp gỡ tình cờ, kỳ ngộ	Giải Cấu
n1_advanced_drafts	batch_0611_0620	R_0616	あはれ	あはれ	aware — cảm thức Nhật Bản về cái đẹp u buồn trong sự tàn phai	
n1_advanced_drafts	batch_0611_0620	R_0616	哀惜	あいせき	thương tiếc, luyến tiếc điều đã mất	Ai Tích
n1_advanced_drafts	batch_0611_0620	R_0616	琵琶法師	びわほうし	biwa-houshi — thầy tu mù chơi đàn tỳ bà, người kể chuyện Heike	Tỳ Bà Pháp Sư
n1_advanced_drafts	batch_0611_0620	R_0616	口承	こうしょう	truyền khẩu, truyền miệng — không qua văn bản	Khẩu Thừa
n1_advanced_drafts	batch_0611_0620	R_0616	語り部	かたりべ	người kể chuyện, người truyền tải câu chuyện	Ngữ Bộ
n1_advanced_drafts	batch_0611_0620	R_0616	底流	ていりゅう	dòng chảy ngầm bên dưới, dòng chủ đạo ẩn	Để Lưu
n1_advanced_drafts	batch_0611_0620	R_0616	壇ノ浦	だんのうら	Dannoura — eo biển, địa điểm trận thủy chiến kết thúc nhà Taira (1185)	Đàn Phổ
n1_advanced_drafts	batch_0611_0620	R_0616	宿命	しゅくめい	số phận, thiên mệnh không thể thay đổi	Túc Mệnh
n1_advanced_drafts	batch_0611_0620	R_0616	凝縮	ぎょうしゅく	cô đọng, nén chặt lại	Ngưng Súc
n1_advanced_drafts	batch_0611_0620	R_0617	前衛音楽	ぜんえいおんがく	âm nhạc tiền vệ, avant-garde music	Tiền Vệ Âm Lạc
n1_advanced_drafts	batch_0611_0620	R_0617	廃墟	はいきょ	đống hoang tàn, đổ nát	Phế Khư
n1_advanced_drafts	batch_0611_0620	R_0617	架橋する	かきょうする	bắc cầu, kết nối hai phía	Giá Kiều
n1_advanced_drafts	batch_0611_0620	R_0617	滋養	じよう	sự nuôi dưỡng, nguồn dinh dưỡng tinh thần	Tư Dưỡng
n1_advanced_drafts	batch_0611_0620	R_0617	遭遇	そうぐう	cuộc gặp gỡ (bất ngờ, có tác động mạnh)	Tao Ngộ
n1_advanced_drafts	batch_0611_0620	R_0617	静寂	せいじゃく	sự tĩnh lặng, yên lặng hoàn toàn	Tĩnh Tịch
n1_advanced_drafts	batch_0611_0620	R_0617	対峙させる	たいじさせる	đặt đối diện nhau, khiến đối chất	Đối Trĩ
n1_advanced_drafts	batch_0611_0620	R_0617	並置	へいち	sự đặt song song, juxtaposition	Tịnh Trí
n1_advanced_drafts	batch_0611_0620	R_0617	詩情	しじょう	chất thơ, cảm xúc thơ ca	Thi Tình
n1_advanced_drafts	batch_0611_0620	R_0617	根源的	こんげんてき	mang tính nền tảng, cốt lõi	Căn Nguyên Đích
n1_advanced_drafts	batch_0611_0620	R_0617	削ぎ落とす	そぎおとす	cắt bỏ, giản lược đến tối thiểu	Tước Lạc
n1_advanced_drafts	batch_0611_0620	R_0617	静謐	せいひつ	sự tĩnh mịch, yên bình sâu lắng	Tĩnh Mật
n1_advanced_drafts	batch_0611_0620	R_0617	昇華させる	しょうかさせる	thăng hoa, chuyển hóa lên tầng cao hơn	Thăng Hoa
n1_advanced_drafts	batch_0611_0620	R_0617	裂け目	さけめ	kẽ nứt, khoảng trống giữa hai thứ	Liệt Mục
n1_advanced_drafts	batch_0611_0620	R_0617	如実に	にょじつに	một cách rõ ràng, hiển nhiên, trung thực	Như Thực
n1_advanced_drafts	batch_0611_0620	R_0617	画期的	かっきてき	mang tính đột phá, bước ngoặt lịch sử	Họa Kì Đích
n1_advanced_drafts	batch_0611_0620	R_0618	被写体	ひしゃたい	đối tượng chụp ảnh, chủ thể của hình ảnh	Bị Tả Thể
n1_advanced_drafts	batch_0611_0620	R_0618	露光	ろこう	phơi sáng, exposure (nhiếp ảnh)	Lộ Quang
n1_advanced_drafts	batch_0611_0620	R_0618	凝縮	ぎょうしゅく	cô đọng, nén chặt	Ngưng Súc
n1_advanced_drafts	batch_0611_0620	R_0618	自己参照	じこさんしょう	tự quy chiếu, self-referential	Tự Kỉ Tham Chiếu
n1_advanced_drafts	batch_0611_0620	R_0618	総体	そうたい	toàn thể, toàn bộ như một tổng thể	Tổng Thể
n1_advanced_drafts	batch_0611_0620	R_0618	水平線	すいへいせん	đường chân trời (trên biển)	Thủy Bình Tuyến
n1_advanced_drafts	batch_0611_0620	R_0618	知覚	ちかく	tri giác, nhận thức cảm giác	Tri Giác
n1_advanced_drafts	batch_0611_0620	R_0618	内包	ないほう	chứa đựng bên trong, intension	Nội Bao
n1_advanced_drafts	batch_0611_0620	R_0618	無常観	むじょうかん	quan niệm vô thường (Phật giáo)	Vô Thường Quan
n1_advanced_drafts	batch_0611_0620	R_0618	共鳴	きょうめい	cộng hưởng, đồng điệu	Cộng Minh
n1_advanced_drafts	batch_0611_0620	R_0618	静謐	せいひつ	im lặng thanh tĩnh, tĩnh mịch	Tĩnh Mật
n1_advanced_drafts	batch_0611_0620	R_0618	深淵	しんえん	vực thẳm, chiều sâu vô tận	Thâm Duyên
n1_advanced_drafts	batch_0611_0620	R_0618	根源的	こんげんてき	mang tính căn nguyên, căn bản nhất	Căn Nguyên Đích
n1_advanced_drafts	batch_0611_0620	R_0618	痕跡	こんせき	dấu vết, vết tích	Khôn Tích
n1_advanced_drafts	batch_0611_0620	R_0618	過剰	かじょう	quá mức, dư thừa	Quá Thặng
n1_advanced_drafts	batch_0611_0620	R_0618	拠点	きょてん	cứ điểm, trung tâm hoạt động	Cứ Điểm
n1_advanced_drafts	batch_0611_0620	R_0619	撰録	せんろく	biên soạn và ghi chép	Chuyển Lục
n1_advanced_drafts	batch_0611_0620	R_0619	天地開闢	てんちかいびゃく	khai thiên lập địa, trời đất mở ra	Thiên Địa Khai Tịch
n1_advanced_drafts	batch_0611_0620	R_0619	草創期	そうそうき	thời kỳ khai lập, giai đoạn sơ khai	Thảo Sang Kì
n1_advanced_drafts	batch_0611_0620	R_0619	正統性	せいとうせい	tính chính thống, tính hợp pháp	Chánh Thống Tính
n1_advanced_drafts	batch_0611_0620	R_0619	神婚	しんこん	hôn phối thần thánh (giữa các vị thần)	Thần Hôn
n1_advanced_drafts	batch_0611_0620	R_0619	国生み	くにうみ	quốc sinh, sự ra đời của đất nước	Quốc Sanh
n1_advanced_drafts	batch_0611_0620	R_0619	宇宙論	うちゅうろん	vũ trụ luận, cosmology	Vũ Trụ Luận
n1_advanced_drafts	batch_0611_0620	R_0619	比較神話学	ひかくしんわがく	thần thoại học so sánh, comparative mythology	Bỉ Giác Thần Thoại Học
n1_advanced_drafts	batch_0611_0620	R_0619	禊	みそぎ	nghi lễ tẩy uế bằng nước trong Thần đạo	Hễ
n1_advanced_drafts	batch_0611_0620	R_0619	神格	しんかく	thần cách, địa vị và phẩm chất của thần	Thần Cách
n1_advanced_drafts	batch_0611_0620	R_0619	要諦	ようてい	yếu lĩnh, điểm cốt lõi quan trọng nhất	Yếu Đế
n1_advanced_drafts	batch_0611_0620	R_0619	峻別	しゅんべつ	phân biệt rạch ròi, phân định nghiêm ngặt	Tuấn Biệt
n1_advanced_drafts	batch_0611_0620	R_0619	醍醐味	だいごみ	tinh túy, cái thú vị sâu xa nhất	Đề Cô Vị
n1_advanced_drafts	batch_0611_0620	R_0619	多義性	たぎせい	tính đa nghĩa, polysemy	Đa Nghĩa Tính
n1_advanced_drafts	batch_0611_0620	R_0619	やまとごころ	やまとごころ	Yamato-gokoro, tâm hồn Nhật Bản thuần túy (khái niệm của Motoori Norinaga)	
n1_advanced_drafts	batch_0611_0620	R_0619	国家神道	こっかしんとう	thần đạo quốc gia, State Shinto	Quốc Gia Thần Đạo
n1_advanced_drafts	batch_0611_0620	R_0619	記紀	きき	Kiki — viết tắt của Kojiki và Nihon Shoki, hai bộ sử ký cổ nhất của Nhật Bản	Kí Kỉ
n1_advanced_drafts	batch_0611_0620	R_0620	舞踏	ぶとう	Butoh — vũ đạo Nhật Bản tiền phong, nghệ thuật thân xác bóng tối	Vũ Đạp
n1_advanced_drafts	batch_0611_0620	R_0620	刻印	こくいん	dấu ấn khắc sâu, con dấu không thể xóa	Khắc Ấn
n1_advanced_drafts	batch_0611_0620	R_0620	痙攣	けいれん	co giật, co thắt	Kinh Luyên
n1_advanced_drafts	batch_0611_0620	R_0620	剥ぎ取る	はぎとる	lột trần, tước đoạt, bóc sạch	Bác Thủ
n1_advanced_drafts	batch_0611_0620	R_0620	抗議	こうぎ	phản kháng, phản đối	Kháng Nghị
n1_advanced_drafts	batch_0611_0620	R_0620	邂逅	かいこう	cuộc gặp gỡ tình cờ đặc biệt, hội ngộ	Giải Cấu
n1_advanced_drafts	batch_0611_0620	R_0620	潜行	せんこう	lặn vào, đi ngầm, thâm nhập chiều sâu	Tiềm Hành
n1_advanced_drafts	batch_0611_0620	R_0620	土着的	どちゃくてき	mang tính bản địa, thổ trước	Thổ Trứ Đích
n1_advanced_drafts	batch_0611_0620	R_0620	疱瘡譚	ほうそうたん	Hosotatan — câu chuyện đậu mùa, tác phẩm tiêu biểu của Hijikata	Bão Xương Đàm
n1_advanced_drafts	batch_0611_0620	R_0620	召喚	しょうかん	triệu hồi, gọi về	Triệu Hoán
n1_advanced_drafts	batch_0611_0620	R_0620	堆積	たいせき	tích tụ, chồng chất	Đoài Tích
n1_advanced_drafts	batch_0611_0620	R_0620	エキゾチシズム	エキゾチシズム	chủ nghĩa ngoại lai, exoticism	
n1_advanced_drafts	batch_0611_0620	R_0620	希薄化	きはくか	làm loãng, làm nhạt đi, làm mờ nhạt	Hi Bạc Hóa
n1_advanced_drafts	batch_0611_0620	R_0620	覚悟	かくご	sự quyết tâm, sự chuẩn bị tinh thần chấp nhận hậu quả	Giác Ngộ
n1_advanced_drafts	batch_0611_0620	R_0620	現前	げんぜん	sự hiện diện trực tiếp, hiện ra trước mắt	Hiện Tiền
n1_advanced_drafts	batch_0611_0620	R_0620	解体	かいたい	giải thể, tháo dỡ, phân rã	Giải Thể
n1_advanced_drafts	batch_0621_0630	R_0621	超国家主義	ちょうこっかしゅぎ	chủ nghĩa siêu quốc gia, ultra-nationalism	Siêu Quốc Gia Chủ Nghĩa
n1_advanced_drafts	batch_0621_0630	R_0621	自律的	じりつてき	tự chủ, tự trị (khái niệm triết học)	Tự Luật Đích
n1_advanced_drafts	batch_0621_0630	R_0621	規範	きはん	chuẩn mực, tiêu chuẩn quy phạm	Quy Phạm
n1_advanced_drafts	batch_0621_0630	R_0621	大衆の原像	たいしゅうのげんぞう	hình ảnh nguyên mẫu của đại chúng (khái niệm Yoshimoto)	Đại Chúng Nguyên Tượng
n1_advanced_drafts	batch_0621_0630	R_0621	エリート主義	エリートしゅぎ	chủ nghĩa tinh hoa, elitism	Chủ Nghĩa
n1_advanced_drafts	batch_0621_0630	R_0621	遊離	ゆうり	tách rời, li khai (khỏi thực tế)	Du Li
n1_advanced_drafts	batch_0621_0630	R_0621	異議申し立て	いぎもうしたて	sự phản đối, kháng nghị chính thức	Dị Nghị Thân Lập
n1_advanced_drafts	batch_0621_0630	R_0621	匿名	とくめい	vô danh, ẩn danh	Nặc Danh
n1_advanced_drafts	batch_0621_0630	R_0621	立脚	りっきゃく	đứng vững trên, dựa trên cơ sở	Lập Cước
n1_advanced_drafts	batch_0621_0630	R_0621	路線対立	ろせんたいりつ	tranh chấp đường lối, xung đột lập trường	Lộ Tuyến Đối Lập
n1_advanced_drafts	batch_0621_0630	R_0621	亀裂	きれつ	vết nứt, sự nứt vỡ (metaphor: chia rẽ tư tưởng)	Quy Liệt
n1_advanced_drafts	batch_0621_0630	R_0621	証左	しょうさ	bằng chứng, chứng cứ (văn ngôn)	Chứng Tả
n1_advanced_drafts	batch_0621_0630	R_0621	偏倚	へんい	thiên lệch, lệch khỏi trung tâm (văn ngôn học thuật)	Thiên Ỷ
n1_advanced_drafts	batch_0621_0630	R_0621	射程	しゃてい	tầm xa, tầm bao quát (dùng theo nghĩa metaphor)	Xạ Trình
n1_advanced_drafts	batch_0621_0630	R_0621	萌芽	ほうが	mầm mống, mầm non (theo nghĩa hình thành ban đầu)	Manh Nha
n1_advanced_drafts	batch_0621_0630	R_0621	座標軸	ざひょうじく	trục tọa độ (dùng metaphor: điểm quy chiếu)	Tọa Tiêu Trục
n1_advanced_drafts	batch_0621_0630	R_0621	所以	ゆえん	nguyên do, lý do (văn ngôn — tại sao điều gì đó là vậy)	Sở Dĩ
n1_advanced_drafts	batch_0621_0630	R_0621	公共的言説	こうきょうてきげんせつ	diễn ngôn công cộng, discourse công cộng (thuật ngữ triết học chính trị)	Công Cộng Đích Ngôn Thuyết
n1_advanced_drafts	batch_0621_0630	R_0622	遍歴	へんれき	cuộc phiêu bạc, hành trình phiêu lưu qua nhiều nơi	Biến Lịch
n1_advanced_drafts	batch_0621_0630	R_0622	過客	かかく	lữ khách qua đường, kẻ đi qua (văn ngôn cổ)	Quá Khách
n1_advanced_drafts	batch_0621_0630	R_0622	諦観	たいかん	sự tiêu theo, nhận thức được sự thật và chấp nhận	Đế Quan
n1_advanced_drafts	batch_0621_0630	R_0622	歌枕	うたまくら	địa danh thi ca, nơi nổi tiếng trong thơ ca cổ điển	Ca Chẩm
n1_advanced_drafts	batch_0621_0630	R_0622	俳諧	はいかい	haikai, thể thơ gốc của haiku	Bài Hãi
n1_advanced_drafts	batch_0621_0630	R_0622	俳文	はいぶん	haibun, văn xuôi trong đó có xen haiku	Bài Văn
n1_advanced_drafts	batch_0621_0630	R_0622	無常	むじょう	vô thường, sự biến đổi không ngừng	Vô Thường
n1_advanced_drafts	batch_0621_0630	R_0622	凝縮	ぎょうしゅく	cô đọng, nén chặt	Ngưng Súc
n1_advanced_drafts	batch_0621_0630	R_0622	禅的境地	ぜんてききょうち	cảnh giới thiền, trạng thái nhận thức Thiền tông	Thiền Đích Cảnh Địa
n1_advanced_drafts	batch_0621_0630	R_0622	昇華	しょうか	thăng hoa, nâng lên một cấp độ cao hơn	Thăng Hoa
n1_advanced_drafts	batch_0621_0630	R_0622	逆説	ぎゃくせつ	nghịch lý, paradox	Nghịch Thuyết
n1_advanced_drafts	batch_0621_0630	R_0622	推敲	すいこう	sự chỉnh sửa kỹ lưỡng, quá trình mài giũa văn chương	Thôi Xao
n1_advanced_drafts	batch_0621_0630	R_0622	抑制	よくせい	sự kiềm chế, sự ngăn cản	Ức Chế
n1_advanced_drafts	batch_0621_0630	R_0622	根源的	こんげんてき	mang tính căn nguồn, cơ bản nhất	Căn Nguyên Đích
n1_advanced_drafts	batch_0621_0630	R_0622	廃墟	はいきょ	phế tích, đổ nát	Phế Khư
n1_advanced_drafts	batch_0621_0630	R_0622	道連れ	みちづれ	bạn đồng hành, người cùng đi trên đường	Đạo Liên
n1_advanced_drafts	batch_0621_0630	R_0622	封じ込める	ふうじこめる	phong tỏa, giam chặt bên trong	Phong Nhập
n1_advanced_drafts	batch_0621_0630	R_0623	廃材コラージュ	はいざいコラージュ	collage phế liệu, ghép vật liệu bỏ đi	Phế Tài
n1_advanced_drafts	batch_0621_0630	R_0623	積層	せきそう	chồng lớp, tích tụ theo lớp	Tích Tằng
n1_advanced_drafts	batch_0621_0630	R_0623	廃銭湯	はいせんとう	nhà tắm công cộng bỏ hoang, sentō bỏ không dùng	Phế Tiền Thang
n1_advanced_drafts	batch_0621_0630	R_0623	汚濁	おだく	ô uế, bẩn thỉu, ô nhiễm	Ô Trọc
n1_advanced_drafts	batch_0621_0630	R_0623	概念的明晰さ	がいねんてきめいせきさ	tính minh bạch khái niệm, sự rõ ràng về mặt logic	Khái Niệm Đích Minh Tích
n1_advanced_drafts	batch_0621_0630	R_0623	削ぎ落とす	そぎおとす	cắt bỏ, loại bỏ phần thừa, rút gọn	Tước Lạc
n1_advanced_drafts	batch_0621_0630	R_0623	地政学的	ちせいがくてき	mang tính địa chính trị	Địa Chánh Học Đích
n1_advanced_drafts	batch_0621_0630	R_0623	前衛芸術	ぜんえいげいじゅつ	nghệ thuật tiền vệ, avant-garde	Tiền Vệ Vân Thuật
n1_advanced_drafts	batch_0621_0630	R_0623	漂流物	ひょうりゅうぶつ	vật trôi dạt, đồ vật trôi theo dòng nước	Phiếu Lưu Vật
n1_advanced_drafts	batch_0621_0630	R_0623	過剰さ	かじょうさ	sự thái quá, tính quá mức	Quá Thặng
n1_advanced_drafts	batch_0621_0630	R_0623	アーカイブ	アーカイブ	kho lưu trữ, archive (từ tiếng Anh)	
n1_advanced_drafts	batch_0621_0630	R_0623	越境性	えっきょうせい	tính vượt ranh giới, khả năng xuyên biên giới	Việt Cảnh Tính
n1_advanced_drafts	batch_0621_0630	R_0623	二項対立	にこうたいりつ	sự đối lập nhị phân, binary opposition	Nhị Hạng Đối Lập
n1_advanced_drafts	batch_0621_0630	R_0623	同化	どうか	đồng hóa, hấp thụ vào, hòa nhập vào	Đồng Hóa
n1_advanced_drafts	batch_0621_0630	R_0623	倫理的一貫性	りんりてきいっかんせい	tính nhất quán đạo đức, sự kiên định về mặt đạo đức	Luân Lí Đích Nhất Quán Tính
n1_advanced_drafts	batch_0621_0630	R_0623	堆積	たいせき	tích tụ, chồng chất, lắng đọng	Đoài Tích
n1_advanced_drafts	batch_0621_0630	R_0623	媒介	ばいかい	môi giới, phương tiện trung gian	Môi Giới
n1_advanced_drafts	batch_0621_0630	R_0623	椹木野衣	さわらぎのい	Sawaragi Noi — nhà phê bình nghệ thuật Nhật Bản nổi tiếng	Châm Mộc Dã Y
n1_advanced_drafts	batch_0621_0630	R_0624	元明天皇	げんめいてんのう	Thiên hoàng Genmei (686-721), người ban hành chiếu chỉ tạo Phong Thổ Ký năm 713	Nguyên Minh Thiên Hoàng
n1_advanced_drafts	batch_0621_0630	R_0624	勅命	ちょくめい	chiếu chỉ, mệnh lệnh từ Thiên hoàng	Sắc Mệnh
n1_advanced_drafts	batch_0621_0630	R_0624	国司	こくし	Kokushi, quan cai trị địa phương thời cổ đại Nhật Bản	Quốc Ti
n1_advanced_drafts	batch_0621_0630	R_0624	奉呈	ほうてい	dâng lên, trình lên (kính ngữ cao)	Phụng Trình
n1_advanced_drafts	batch_0621_0630	R_0624	集大成	しゅうたいせい	tổng tập, tập đại thành — sự tổng hợp đầy đủ nhất	Tập Đại Thành
n1_advanced_drafts	batch_0621_0630	R_0624	律令国家	りつりょうこっか	nhà nước luật lệnh — thể chế quốc gia Nhật Bản cổ đại dựa trên bộ luật Ritsuryo	Luật Lệnh Quốc Gia
n1_advanced_drafts	batch_0621_0630	R_0624	散逸	さんいつ	thất tán, mất mát (tài liệu, văn bản bị lưu lạc hết)	Tán Dật
n1_advanced_drafts	batch_0621_0630	R_0624	渾然	こんぜん	hòa quyện trọn vẹn, hòa lẫn không phân biệt được	Hồn Nhiên
n1_advanced_drafts	batch_0621_0630	R_0624	地名説話	ちめいせつわ	truyện giải thích nguồn gốc địa danh, etymology myth	Địa Danh Thuyết Thoại
n1_advanced_drafts	batch_0621_0630	R_0624	結節点	けっせつてん	nút nối, điểm kết nối	Kết Tiết Điểm
n1_advanced_drafts	batch_0621_0630	R_0624	語源神話	ごげんしんわ	thần thoại ngữ nguyên, etiological myth về nguồn gốc từ	Ngữ Nguyên Thần Thoại
n1_advanced_drafts	batch_0621_0630	R_0624	民俗学	みんぞくがく	dân tộc học, folklore studies	Dân Tục Học
n1_advanced_drafts	batch_0621_0630	R_0624	重層的	じゅうそうてき	đa tầng, nhiều lớp (ý nghĩa chồng chất)	Trọng Tằng Đích
n1_advanced_drafts	batch_0621_0630	R_0624	民族誌	みんぞくし	dân tộc chí, ethnography	Dân Tộc Chí
n1_advanced_drafts	batch_0621_0630	R_0624	修辞的誇張	しゅうじてきこちょう	phóng đại tu từ, rhetorical exaggeration	Tu Từ Đích Khoa Trương
n1_advanced_drafts	batch_0621_0630	R_0624	多元性	たげんせい	tính đa nguyên, plurality — sự tồn tại của nhiều hình thức khác nhau	Đa Nguyên Tính
n1_advanced_drafts	batch_0621_0630	R_0624	均質化	きんしつか	đồng nhất hóa, homogenization	Quân Chất Hóa
n1_advanced_drafts	batch_0621_0630	R_0624	学際的	がくさいてき	liên ngành, interdisciplinary	Học Tế Đích
n1_advanced_drafts	batch_0621_0630	R_0624	射程	しゃてい	phạm vi bao quát, tầm tác động (nghĩa metaphor)	Xạ Trình
n1_advanced_drafts	batch_0621_0630	R_0625	白樺派	しらかばは	phái văn học Shirakaba (phong trào văn học đầu thế kỷ 20)	Bạch Hoa Phái
n1_advanced_drafts	batch_0621_0630	R_0625	人道主義	じんどうしゅぎ	chủ nghĩa nhân đạo, humanism	Nhân Đạo Chủ Nghĩa
n1_advanced_drafts	batch_0621_0630	R_0625	閉塞	へいそく	ngột ngạt, tắc nghẽn, bị chặn lại	Bế Tắc
n1_advanced_drafts	batch_0621_0630	R_0625	同人誌	どうじんし	tạp chí đồng nhân, tạp chí tự xuất bản bởi nhóm nhà văn	Đồng Nhân Chí
n1_advanced_drafts	batch_0621_0630	R_0625	自然主義	しぜんしゅぎ	chủ nghĩa tự nhiên, naturalism trong văn học	Tự Nhiên Chủ Nghĩa
n1_advanced_drafts	batch_0621_0630	R_0625	暗澹たる	あんたんたる	ảm đạm, u tối, bi quan	Ám Chiêm
n1_advanced_drafts	batch_0621_0630	R_0625	運命論	うんめいろん	thuyết định mệnh, fatalism	Vận Mệnh Luận
n1_advanced_drafts	batch_0621_0630	R_0625	結晶化	けっしょうか	kết tinh hóa, hiện thân thành hình thức rõ ràng	Kết Tinh Hóa
n1_advanced_drafts	batch_0621_0630	R_0625	相互扶助	そうごふじょ	tương trợ lẫn nhau, mutual aid	Tương Hỗ Phù Trợ
n1_advanced_drafts	batch_0621_0630	R_0625	極致	きょくち	tột đỉnh, điểm cực đại, cường độ cực điểm	Cực Trí
n1_advanced_drafts	batch_0621_0630	R_0625	共鳴	きょうめい	cộng hưởng, đồng điệu, tiếng vang chung	Cộng Minh
n1_advanced_drafts	batch_0621_0630	R_0625	媒介者	ばいかいしゃ	người trung gian, kẻ làm cầu nối	Môi Giới Giả
n1_advanced_drafts	batch_0621_0630	R_0625	善性	ぜんせい	bản tính thiện lương, sự tốt đẹp bản chất	Thiện Tính
n1_advanced_drafts	batch_0621_0630	R_0625	思潮	しちょう	dòng tư tưởng, xu hướng tư tưởng thời đại	Tư Triều
n1_advanced_drafts	batch_0621_0630	R_0625	稀有	けう	hiếm có, đặc biệt đặc biệt	Hi Hữu
n1_advanced_drafts	batch_0621_0630	R_0625	真骨頂	しんこっちょう	điểm thực sự xuất sắc, bản lĩnh thực sự	Chân Cốt Đính
n1_advanced_drafts	batch_0621_0630	R_0626	文明開化	ぶんめいかいか	văn minh khai hóa (phong trào hiện đại hóa thời Minh Trị)	Văn Minh Khai Hóa
n1_advanced_drafts	batch_0621_0630	R_0626	媒介	ばいかい	trung gian, cầu nối	Môi Giới
n1_advanced_drafts	batch_0621_0630	R_0626	真骨頂	しんこっちょう	bản chất thật sự, điểm sáng nhất, tinh hoa thực sự	Chân Cốt Đính
n1_advanced_drafts	batch_0621_0630	R_0626	土俵	どひょう	đấu trường (nghĩa đen: sàn đấu sumo; nghĩa bóng: lĩnh vực tranh luận)	Thổ Biểu
n1_advanced_drafts	batch_0621_0630	R_0626	無分別	むふんべつ	vô phân biệt (trạng thái không phân biệt nhị nguyên — thuật ngữ Thiền)	Vô Phân Biệt
n1_advanced_drafts	batch_0621_0630	R_0626	切り拓く	きりひらく	khai phá, mở đường	Thiết Thác
n1_advanced_drafts	batch_0621_0630	R_0626	直観	ちょっかん	trực giác	Trực Quan
n1_advanced_drafts	batch_0621_0630	R_0626	捨象	しゃしょう	trừu xuất, bỏ qua, loại bỏ khỏi xem xét	Xá Tượng
n1_advanced_drafts	batch_0621_0630	R_0626	両義性	りょうぎせい	tính lưỡng nghĩa, ambiguity	Lưỡng Nghĩa Tính
n1_advanced_drafts	batch_0621_0630	R_0626	見性	けんしょう	kiến tính (giác ngộ trong Thiền — nhìn thấy bản tính thật)	Kiến Tính
n1_advanced_drafts	batch_0621_0630	R_0626	比較思想	ひかくしそう	tư tưởng so sánh, triết học so sánh	Bỉ Giác Tư Tưởng
n1_advanced_drafts	batch_0621_0630	R_0626	脱文脈化	だつぶんみゃくか	phi bối cảnh hóa, decontextualization	Thoát Văn Mạch Hóa
n1_advanced_drafts	batch_0621_0630	R_0626	不立文字	ふりゅうもんじ	bất lập văn tự (nguyên tắc Thiền: giáo lý không thể truyền bằng văn tự)	Bất Lập Văn Tự
n1_advanced_drafts	batch_0621_0630	R_0626	張力	ちょうりょく	sức căng, tension (trong nghĩa triết học/nghệ thuật)	Trương Lực
n1_advanced_drafts	batch_0621_0630	R_0626	不断	ふだん	không ngừng, liên tục, bất đoạn	Bất Đoạn
n1_advanced_drafts	batch_0621_0630	R_0626	京都学派	きょうとがくは	trường phái Kyoto (trường phái triết học Nhật Bản đầu thế kỷ 20)	Kinh Đô Học Phái
n1_advanced_drafts	batch_0621_0630	R_0627	間（ま）	ま	khoảng trống-thời gian, sự im lặng có ý nghĩa (khái niệm thẩm mỹ Nhật Bản)	Gian
n1_advanced_drafts	batch_0621_0630	R_0627	相容れない	あいいれない	không tương thích, không hòa hợp được với nhau	Tương Dung
n1_advanced_drafts	batch_0621_0630	R_0627	映し出す	うつしだす	chiếu rọi, phản chiếu lên	Ánh Xuất
n1_advanced_drafts	batch_0621_0630	R_0627	解体	かいたい	sự tan rã, phân giải, tháo dỡ	Giải Thể
n1_advanced_drafts	batch_0621_0630	R_0627	都市化	としか	đô thị hóa	Đô Thị Hóa
n1_advanced_drafts	batch_0621_0630	R_0627	タタミショット	タタミショット	tatami shot, cách quay ở độ cao sàn chiếu (kỹ thuật đặc trưng của Ozu)	
n1_advanced_drafts	batch_0621_0630	R_0627	低位置	ていいち	vị trí thấp, góc thấp	Đê Vị Trí
n1_advanced_drafts	batch_0621_0630	R_0627	ピロー・ショット	ピロー・ショット	pillow shot, cảnh chèn vật thể vô nhân (kỹ thuật điện ảnh của Ozu)	
n1_advanced_drafts	batch_0621_0630	R_0627	暖簾	のれん	rèm cửa vải truyền thống Nhật Bản	Noãn Liêm
n1_advanced_drafts	batch_0621_0630	R_0627	転写する	てんしゃする	chuyển tải lên, in lên, phóng chiếu lên (vật thể khác)	Chuyển Tả
n1_advanced_drafts	batch_0621_0630	R_0627	余白	よはく	khoảng trắng, không gian trống (trong nghệ thuật = khoảng để người xem tự lấp đầy)	Dư Bạch
n1_advanced_drafts	batch_0621_0630	R_0627	無（む）	む	vô, sự trống rỗng (khái niệm Thiền — không phải thiếu vắng mà là tiềm năng)	Vô
n1_advanced_drafts	batch_0621_0630	R_0627	共鳴する	きょうめいする	cộng hưởng, rung cùng tần số	Cộng Minh
n1_advanced_drafts	batch_0621_0630	R_0627	叙情	じょじょう	trữ tình, diễn đạt cảm xúc qua nghệ thuật	Tự Tình
n1_advanced_drafts	batch_0621_0630	R_0627	揺るぎない	ゆるぎない	vững chắc, không dao động, bất biến	Dao
n1_advanced_drafts	batch_0621_0630	R_0627	称号	しょうごう	danh hiệu, tước vị	Xưng Hào
n1_advanced_drafts	batch_0621_0630	R_0627	正当化される	せいとうかされる	được chính đáng hóa, được biện minh	Chánh Đương Hóa
n1_advanced_drafts	batch_0621_0630	R_0628	建築語彙	けんちくごい	ngôn ngữ/từ vựng kiến trúc, architectural vocabulary	Kiến Trúc Ngữ Vị
n1_advanced_drafts	batch_0621_0630	R_0628	廃墟	はいきょ	phế tích, đống đổ nát	Phế Khư
n1_advanced_drafts	batch_0621_0630	R_0628	思想的媒介	しそうてきばいかい	trung gian tư tưởng, intellectual medium	Tư Tưởng Đích Môi Giới
n1_advanced_drafts	batch_0621_0630	R_0628	相互浸透	そうごしんとう	sự thấm thấu lẫn nhau, mutual interpenetration	Tương Hỗ Tẩm Thấu
n1_advanced_drafts	batch_0621_0630	R_0628	脱構築	だつこうちく	giải cấu trúc, deconstruction (Derrida)	Thoát Cấu Trúc
n1_advanced_drafts	batch_0621_0630	R_0628	記念碑主義	きねんひしゅぎ	chủ nghĩa đài tưởng niệm, monumentalism	Kí Niệm Bi Chủ Nghĩa
n1_advanced_drafts	batch_0621_0630	R_0628	ポストモダン	ポストモダン	hậu hiện đại, postmodernism	
n1_advanced_drafts	batch_0621_0630	R_0628	旗手	きしゅ	người tiên phong, người cầm cờ đầu	Kì Thủ
n1_advanced_drafts	batch_0621_0630	R_0628	打ち放しコンクリート	うちっぱなしコンクリート	bê tông thô để trần, exposed concrete	Đả Phóng
n1_advanced_drafts	batch_0621_0630	R_0628	架け橋	かけはし	cầu nối, nhịp cầu	Giá Kiều
n1_advanced_drafts	batch_0621_0630	R_0628	刻印	こくいん	khắc dấu, in dấu ấn	Khắc Ấn
n1_advanced_drafts	batch_0621_0630	R_0628	あわい	あわい	khoảng giữa, vùng trung gian mơ hồ (文語)	
n1_advanced_drafts	batch_0621_0630	R_0628	権力構造	けんりょくこうぞう	cấu trúc quyền lực, power structure	Quyền Lực Cấu Tạo
n1_advanced_drafts	batch_0621_0630	R_0628	身振り	みぶり	cử chỉ, động tác (nghĩa bóng: hành vi biểu tượng)	Thân Chấn
n1_advanced_drafts	batch_0621_0630	R_0628	内包させる	ないほうさせる	đưa vào bên trong, hàm chứa, nội bao	Nội Bao
n1_advanced_drafts	batch_0621_0630	R_0628	石板	せきばん	tấm đá, phiến đá (dùng nghĩa ẩn dụ)	Thạch Bản
n1_advanced_drafts	batch_0621_0630	R_0629	随筆	ずいひつ	tùy bút, essay viết theo cảm hứng tự do	Tùy Bút
n1_advanced_drafts	batch_0621_0630	R_0629	断章形式	だんしょうけいしき	hình thức đoạn văn, kiểu cấu trúc theo từng mảnh rời rạc	Đoạn Chương Hình Thức
n1_advanced_drafts	batch_0621_0630	R_0629	無常	むじょう	vô thường, sự không trường tồn của vạn vật	Vô Thường
n1_advanced_drafts	batch_0621_0630	R_0629	哲学的基軸	てつがくてききじく	trục triết lý, nền tảng tư tưởng chính	Triết Học Đích Cơ Trục
n1_advanced_drafts	batch_0621_0630	R_0629	閑居	かんきょ	cuộc sống giản dị yếm tĩnh, ẩn cư tĩnh lặng	Nhàn Cư
n1_advanced_drafts	batch_0621_0630	R_0629	あはれ	あはれ	aware, cảm giác bi ai về sự đẹp mong manh của sự vật (mỹ học cổ điển Nhật Bản)	
n1_advanced_drafts	batch_0621_0630	R_0629	をかし	をかし	okashi, thú vị, buồn cười một cách tinh tế (mỹ học cổ điển Nhật Bản)	
n1_advanced_drafts	batch_0621_0630	R_0629	辛辣	しんらつ	sắc bén không tha, gay gắt, châm biếm	Tân Lạt
n1_advanced_drafts	batch_0621_0630	R_0629	栄達	えいたつ	vinh đạt, thành công và vinh hoa thế tục	Vinh Đạt
n1_advanced_drafts	batch_0621_0630	R_0629	隠棲	いんせい	ẩn dật, sống ẩn dật tách khỏi xã hội	Ẩn Thê
n1_advanced_drafts	batch_0621_0630	R_0629	草庵	そうあん	am tranh, nhà nhỏ làm bằng cỏ rơm, biểu tượng của sự đơn giản	Thảo Am
n1_advanced_drafts	batch_0621_0630	R_0629	洞察	どうさつ	nhận thức sâu sắc, sự thấu hiểu bản chất	Động Sát
n1_advanced_drafts	batch_0621_0630	R_0629	社会批評	しゃかいひひょう	phê bình xã hội, sự bình luận phân tích xã hội	Xã Hội Phê Bình
n1_advanced_drafts	batch_0621_0630	R_0629	通底する	つうていする	xuyên suốt bên dưới, chia sẻ nền tảng chung	Thông Để
n1_advanced_drafts	batch_0621_0630	R_0629	思想的証言	しそうてきしょうげん	bằng chứng tư tưởng, sự chứng kiến mang ý nghĩa triết lý	Tư Tưởng Đích Chứng Ngôn
n1_advanced_drafts	batch_0621_0630	R_0629	傲慢	ごうまん	kiêu ngạo, ngạo mạn	Ngạo Mạn
n1_advanced_drafts	batch_0621_0630	R_0629	慢心	まんしん	tự mãn, tình trạng kiêu ngộ vì thành công	Mạn Tâm
n1_advanced_drafts	batch_0621_0630	R_0630	確固たる	かっこたる	vững chắc, kiên định, không lay chuyển	Xác Cố
n1_advanced_drafts	batch_0621_0630	R_0630	閉塞	へいそく	sự bít bờ, u ám, bí tắc, mắc kẹt	Bế Tắc
n1_advanced_drafts	batch_0621_0630	R_0630	接ぎ木	つぎき	ghép cây (nghĩa bóng: tích hợp, ghép vào)	Tiếp Mộc
n1_advanced_drafts	batch_0621_0630	R_0630	射程	しゃてい	phạm vi, tầm tác động (nghĩa metaphor)	Xạ Trình
n1_advanced_drafts	batch_0621_0630	R_0630	形而上学	けいじじょうがく	siêu hình học, metaphysics	Hình Nhi Thượng Học
n1_advanced_drafts	batch_0621_0630	R_0630	実存的	じつぞんてき	mang tính tồn tại luận, existential	Thực Tồn Đích
n1_advanced_drafts	batch_0621_0630	R_0630	逆説的	ぎゃくせつてき	mang tính nghịch lý, paradoxical	Nghịch Thuyết Đích
n1_advanced_drafts	batch_0621_0630	R_0630	洞察	どうさつ	sự thấu hiểu sâu sắc, nhận thức thâm sâu	Động Sát
n1_advanced_drafts	batch_0621_0630	R_0630	思想弾圧	しそうだんあつ	đàn áp tư tưởng	Tư Tưởng Đàn Áp
n1_advanced_drafts	batch_0621_0630	R_0630	投獄	とうごく	bị bỏ tù, bị giam cầm	Đầu Ngục
n1_advanced_drafts	batch_0621_0630	R_0630	殉じた	じゅんじた	đã hi sinh vì, đã chết vì (nguyên nhân cao cả)	Tuẫn
n1_advanced_drafts	batch_0621_0630	R_0630	素地	そじ	nền tảng, mặt nền, điều kiện tiên quyết	Tố Địa
n1_advanced_drafts	batch_0621_0630	R_0630	企図	きと	mưu đồ, kế hoạch, hoài bão	Xí Đồ
n1_advanced_drafts	batch_0621_0630	R_0630	エセー	エセー	essay, tiểu luận (từ tiếng Pháp essai)	
n1_advanced_drafts	batch_0621_0630	R_0630	刊行	かんこう	xuất bản, phát hành	Khan Hành
n1_advanced_drafts	batch_0621_0630	R_0630	術語	じゅつご	thuật ngữ chuyên môn	Thuật Ngữ
n1_advanced_drafts	batch_0631_0640	R_0631	重要無形文化財保持者	じゅうようむけいぶんかざいほじしゃ	Bảo tồn viên Di sản Văn hóa Phi vật thể Quan trọng (tên chính thức của Nhân gian Quốc bảo)	Trọng Yếu Vô Hình Văn Hóa Tài Bảo Trì Giả
n1_advanced_drafts	batch_0631_0640	R_0631	無形	むけい	phi vật thể, vô hình	Vô Hình
n1_advanced_drafts	batch_0631_0640	R_0631	民芸運動	みんげいうんどう	phong trào Mingei — phong trào tôn vinh vẻ đẹp trong đồ dùng thủ công dân gian	Dân Vân Vận Động
n1_advanced_drafts	batch_0631_0640	R_0631	用の美	ようのび	vẻ đẹp của sự hữu dụng — triết lý thẩm mỹ của phong trào Mingei	Dụng Mĩ
n1_advanced_drafts	batch_0631_0640	R_0631	釉薬	ゆうやく	men gốm, glazur	Dứu Dược
n1_advanced_drafts	batch_0631_0640	R_0631	身体知	しんたいち	tri thức thân xác, kiến thức được lưu trữ trong cơ thể qua thực hành	Thân Thể Tri
n1_advanced_drafts	batch_0631_0640	R_0631	昇華	しょうか	thăng hoa, chuyển hóa lên một tầm cao mới	Thăng Hoa
n1_advanced_drafts	batch_0631_0640	R_0631	後継者	こうけいしゃ	người kế thừa, người nối nghiệp	Hậu Kế Giả
n1_advanced_drafts	batch_0631_0640	R_0631	内在的	ないざいてき	nội tại, tồn tại bên trong	Nội Tại Đích
n1_advanced_drafts	batch_0631_0640	R_0631	先駆け	さきがけ	tiên phong, người đi trước	Tiên Khu
n1_advanced_drafts	batch_0631_0640	R_0631	民藝	みんげい	Mingei — thủ công nghệ dân gian, mỹ nghệ của nhân dân	Dân Nghệ
n1_advanced_drafts	batch_0631_0640	R_0631	洞察力	どうさつりょく	khả năng thấu hiểu sâu sắc, năng lực nhận thức sâu	Động Sát Lực
n1_advanced_drafts	batch_0631_0640	R_0631	高齢化	こうれいか	già hóa, sự gia tăng tỷ lệ người cao tuổi	Cao Linh Hóa
n1_advanced_drafts	batch_0631_0640	R_0631	還元しえない	かんげんしえない	không thể quy giản về, không thể rút gọn về	Hoàn Nguyên
n1_advanced_drafts	batch_0631_0640	R_0631	並置する	へいちする	đặt song song, đặt ngang hàng	Tịnh Trí
n1_advanced_drafts	batch_0631_0640	R_0631	固定化	こていか	cố định hóa, trở nên cứng nhắc, không thay đổi	Cố Định Hóa
n1_advanced_drafts	batch_0631_0640	R_0631	均質化	きんしつか	đồng nhất hóa, làm cho đồng đều về chất lượng/tính chất	Quân Chất Hóa
n1_advanced_drafts	batch_0631_0640	R_0631	対抗軸	たいこうじく	trục đối trọng, trục phản kháng (điểm tựa để chống lại xu hướng chính)	Đối Kháng Trục
n1_advanced_drafts	batch_0631_0640	R_0632	黎明期	れいめいき	buổi bình minh, thời kỳ khai sinh	Lê Minh Kì
n1_advanced_drafts	batch_0631_0640	R_0632	断絶	だんぜつ	đứt gãy, sự cắt đứt hoàn toàn	Đoạn Tuyệt
n1_advanced_drafts	batch_0631_0640	R_0632	一頭地を抜く	いっとうちをぬく	vượt lên một bậc so với người cùng trang lứa	Nhất Đầu Địa Bạt
n1_advanced_drafts	batch_0631_0640	R_0632	黙示録的	もくしろくてき	mang tính khải huyền, apocalyptic	Mặc Kì Lục Đích
n1_advanced_drafts	batch_0631_0640	R_0632	地殻変動	ちかくへんどう	biến động địa chất, chuyển dịch vỏ trái đất	Địa Xác Biến Động
n1_advanced_drafts	batch_0631_0640	R_0632	内包する	ないほうする	ẩn chứa bên trong, bao hàm	Nội Bao
n1_advanced_drafts	batch_0631_0640	R_0632	極点	きょくてん	cực điểm, đỉnh cao tuyệt đối	Cực Điểm
n1_advanced_drafts	batch_0631_0640	R_0632	無常感	むじょうかん	cảm thức vô thường, ý thức về sự phù du	Vô Thường Cảm
n1_advanced_drafts	batch_0631_0640	R_0632	畏敬	いけい	sự kính sợ, lòng tôn kính pha sợ hãi	Úy Kính
n1_advanced_drafts	batch_0631_0640	R_0632	底流	ていりゅう	dòng chảy ngầm bên dưới	Để Lưu
n1_advanced_drafts	batch_0631_0640	R_0632	顕現	けんげん	sự hiển lộ, xuất hiện rõ ràng	Hiển Hiện
n1_advanced_drafts	batch_0631_0640	R_0632	共鳴	きょうめい	cộng hưởng, đồng điệu	Cộng Minh
n1_advanced_drafts	batch_0631_0640	R_0632	収斂する	しゅうれんする	hội tụ về, tập trung lại một điểm	Thu Liễm
n1_advanced_drafts	batch_0631_0640	R_0632	巨視的	きょしてき	mang tính vĩ mô, nhìn trên phạm vi rộng lớn	Cự Thị Đích
n1_advanced_drafts	batch_0631_0640	R_0632	媒体	ばいたい	phương tiện truyền tải, medium	Môi Thể
n1_advanced_drafts	batch_0631_0640	R_0632	安住する	あんじゅうする	an trú, bằng lòng ở lại	An Trụ
n1_advanced_drafts	batch_0631_0640	R_0632	認識論的	にんしきろんてき	mang tính nhận thức luận, epistemological	Nhận Thức Luận Đích
n1_advanced_drafts	batch_0631_0640	R_0632	不可分	ふかぶん	không thể tách rời, bất khả phân	Bất Khả Phân
n1_advanced_drafts	batch_0631_0640	R_0633	血肉化	けつにくか	thấm vào máu thịt, nội hóa hoàn toàn	Huyết Nhục Hóa
n1_advanced_drafts	batch_0631_0640	R_0633	帰結	きけつ	hệ quả, kết cục tất yếu	Quy Kết
n1_advanced_drafts	batch_0631_0640	R_0633	通奏低音	つうそうていおん	âm trầm xuyên suốt, basso continuo (ẩn dụ âm nhạc: chủ đề ngầm liên tục)	Thông Tấu Đê Âm
n1_advanced_drafts	batch_0631_0640	R_0633	排除の論理	はいじょのろんり	logic loại trừ, nguyên lý gạt bỏ	Bài Trừ Luận Lí
n1_advanced_drafts	batch_0631_0640	R_0633	被抑圧者	ひよくあつしゃ	người bị áp bức, kẻ bị trấn áp	Bị Ức Áp Giả
n1_advanced_drafts	batch_0631_0640	R_0633	二項対立	にこうたいりつ	sự đối lập nhị phân, binary opposition	Nhị Hạng Đối Lập
n1_advanced_drafts	batch_0631_0640	R_0633	地平	ちへい	chân trời (nghĩa bóng: phạm vi mới, tầm nhìn mới)	Địa Bình
n1_advanced_drafts	batch_0631_0640	R_0633	格調	かくちょう	phong cách cao sang, đẳng cấp nghệ thuật	Cách Điều
n1_advanced_drafts	batch_0631_0640	R_0633	乾いた	かわいた	khô khan, cứng lạnh (về văn phong)	Kiền
n1_advanced_drafts	batch_0631_0640	R_0633	報告体	ほうこくたい	thể báo cáo, văn phong tường thuật trung tính	Báo Cáo Thể
n1_advanced_drafts	batch_0631_0640	R_0633	媒体革命	ばいたいかくめい	cách mạng phương tiện truyền thông	Môi Thể Cách Mệnh
n1_advanced_drafts	batch_0631_0640	R_0633	腐敗した官僚制度	ふはいしたかんりょうせいど	chế độ quan liêu tham nhũng	Hủ Bại Quan Liêu Chế Độ
n1_advanced_drafts	batch_0631_0640	R_0633	発露	はつろ	sự biểu lộ, sự bộc lộ ra ngoài	Phát Lộ
n1_advanced_drafts	batch_0631_0640	R_0633	遺産	いさん	di sản, tài sản thừa kế	Di Sản
n1_advanced_drafts	batch_0631_0640	R_0634	稀有	けう	hiếm có, kỳ lạ đặc biệt	Hi Hữu
n1_advanced_drafts	batch_0631_0640	R_0634	釉薬	ゆうやく	men gốm, men sứ	Dứu Dược
n1_advanced_drafts	batch_0631_0640	R_0634	精緻	せいち	tinh xảo, tỉ mỉ	Tinh Trí
n1_advanced_drafts	batch_0631_0640	R_0634	民芸運動	みんげいうんどう	phong trào Mingei, phong trào Thủ công dân gian	Dân Vân Vận Động
n1_advanced_drafts	batch_0631_0640	R_0634	用の美	ようのび	cái đẹp của sự dụng, vẻ đẹp trong tính thực dụng	Dụng Mĩ
n1_advanced_drafts	batch_0631_0640	R_0634	他力	たりき	tha lực, lực từ bên ngoài (khái niệm Phật giáo — đối lập với tự lực)	Tha Lực
n1_advanced_drafts	batch_0631_0640	R_0634	孤高	ここう	cô độc cao ngạo, sống tách biệt cao quý	Cô Cao
n1_advanced_drafts	batch_0631_0640	R_0634	人間国宝	にんげんこくほう	Nhân gian quốc bảo, danh hiệu Người nắm giữ Tài sản Văn hóa Phi vật thể Quan trọng	Nhân Gian Quốc Bảo
n1_advanced_drafts	batch_0631_0640	R_0634	李朝陶磁器	りちょうとうじき	đồ sứ triều Yi (Joseon), gốm sứ thời Joseon Triều Tiên	Lí Triêu Đào Từ Khí
n1_advanced_drafts	batch_0631_0640	R_0634	焼成	しょうせい	quá trình nung gốm, thiêu kết	Thiêu Thành
n1_advanced_drafts	batch_0631_0640	R_0634	比肩しうる	ひけんしうる	có thể sánh ngang, so sánh được	Bỉ Kiên
n1_advanced_drafts	batch_0631_0640	R_0634	収斂	しゅうれん	hội tụ, quy về một điểm	Thu Liễm
n1_advanced_drafts	batch_0631_0640	R_0634	窯場	かまば	khu vực lò gốm, xưởng lò nung	Diêu Tràng
n1_advanced_drafts	batch_0631_0640	R_0634	打診	だしん	ngỏ ý, thăm dò ý kiến	Đả Chẩn
n1_advanced_drafts	batch_0631_0640	R_0634	根幹	こんかん	gốc rễ, cốt lõi, căn bản	Căn Cán
n1_advanced_drafts	batch_0631_0640	R_0634	体現	たいげん	thể hiện cụ thể, hiện thân	Thể Hiện
n1_advanced_drafts	batch_0631_0640	R_0635	孤高	ここう	cô cao, cô độc và cao thượng, kiêu hãnh trong sự cô đơn	Cô Cao
n1_advanced_drafts	batch_0631_0640	R_0635	反骨	はんこつ	tinh thần bất khuất, tinh thần chống đối, không chịu khuất phục	Phản Cốt
n1_advanced_drafts	batch_0631_0640	R_0635	軍国主義	ぐんこくしゅぎ	chủ nghĩa quân phiệt	Quân Quốc Chủ Nghĩa
n1_advanced_drafts	batch_0631_0640	R_0635	迎合	げいごう	xu nịnh, chiều theo ý người khác, thỏa hiệp	Nghênh Hợp
n1_advanced_drafts	batch_0631_0640	R_0635	孤絶	こぜつ	cô lập hoàn toàn, tách biệt tuyệt đối	Cô Tuyệt
n1_advanced_drafts	batch_0631_0640	R_0635	叙情詩	じょじょうし	thơ trữ tình, thơ lyric	Tự Tình Thi
n1_advanced_drafts	batch_0631_0640	R_0635	讃美	さんび	ca ngợi, tán dương	Tán Mĩ
n1_advanced_drafts	batch_0631_0640	R_0635	抑圧	よくあつ	áp bức, đàn áp	Ức Áp
n1_advanced_drafts	batch_0631_0640	R_0635	全体主義	ぜんたいしゅぎ	chủ nghĩa toàn trị, totalitarianism	Toàn Thể Chủ Nghĩa
n1_advanced_drafts	batch_0631_0640	R_0635	言論統制	げんろんとうせい	kiểm soát ngôn luận, kiểm duyệt báo chí	Ngôn Luận Thống Chế
n1_advanced_drafts	batch_0631_0640	R_0635	砦	とりで	pháo đài, thành lũy	Trại
n1_advanced_drafts	batch_0631_0640	R_0635	難解	なんかい	khó hiểu, bí hiểm	Nan Giải
n1_advanced_drafts	batch_0631_0640	R_0635	回想録	かいそうろく	hồi ký, bản ghi hồi tưởng	Hồi Tưởng Lục
n1_advanced_drafts	batch_0631_0640	R_0635	通観	つうかん	nhìn toàn diện, quan sát tổng thể	Thông Quan
n1_advanced_drafts	batch_0631_0640	R_0635	自律	じりつ	tự chủ, tự điều chỉnh, autonomy	Tự Luật
n1_advanced_drafts	batch_0631_0640	R_0635	持久力	じきゅうりょく	sức bền, khả năng duy trì lâu dài	Trì Cửu Lực
n1_advanced_drafts	batch_0631_0640	R_0635	思惟	しい	tư duy, suy nghĩ (từ triết học, trang trọng hơn 思考)	Tư Duy
n1_advanced_drafts	batch_0631_0640	R_0636	蓄積	ちくせき	tích lũy, dồn tích	Súc Tích
n1_advanced_drafts	batch_0631_0640	R_0636	美意識	びいしき	ý thức thẩm mỹ, cảm quan về cái đẹp	Mĩ Ý Thức
n1_advanced_drafts	batch_0631_0640	R_0636	結晶	けっしょう	kết tinh, tinh thể	Kết Tinh
n1_advanced_drafts	batch_0631_0640	R_0636	奔放	ほんぽう	phóng khoáng, tự do không gò bó	Bôn Phóng
n1_advanced_drafts	batch_0631_0640	R_0636	女形	おんながた	onnagata, nam diễn viên đóng vai nữ trong Kabuki	Nữ Hình
n1_advanced_drafts	batch_0631_0640	R_0636	洗練	せんれん	tinh luyện, tinh tế hóa	Tẩy Luyện
n1_advanced_drafts	batch_0631_0640	R_0636	昇華	しょうか	thăng hoa, nâng lên cấp độ cao hơn	Thăng Hoa
n1_advanced_drafts	batch_0631_0640	R_0636	儚さ	はかなさ	sự mong manh, tính phù du	Mộng
n1_advanced_drafts	batch_0631_0640	R_0636	収斂	しゅうれん	hội tụ, co lại	Thu Liễm
n1_advanced_drafts	batch_0631_0640	R_0636	静謐	せいひつ	tĩnh lặng, yên tĩnh sâu thẳm	Tĩnh Mật
n1_advanced_drafts	batch_0631_0640	R_0636	余白	よはく	khoảng trắng, khoảng không gian để ngỏ	Dư Bạch
n1_advanced_drafts	batch_0631_0640	R_0636	型	かた	hình mẫu, khuôn mẫu cổ điển trong nghệ thuật Nhật Bản	Hình
n1_advanced_drafts	batch_0631_0640	R_0636	見得	みえ	mie, tư thế tĩnh lại ấn tượng trong Kabuki	Kiến Đắc
n1_advanced_drafts	batch_0631_0640	R_0636	大向こう	おおむこう	khán giả ngồi phía sau rạp, tiếng hô cổ vũ truyền thống trong Kabuki	Đại Hướng
n1_advanced_drafts	batch_0631_0640	R_0636	塗り替える	ぬりかえる	thay đổi hoàn toàn, viết lại, xóa bỏ và thay thế	Đồ Thế
n1_advanced_drafts	batch_0631_0640	R_0636	体得	たいとく	thấu đạt bằng thân xác, hiểu sâu qua thực hành	Thể Đắc
n1_advanced_drafts	batch_0631_0640	R_0637	勅撰正史	ちょくせんせいし	chính sử do triều đình đặt biên soạn	Sắc Chuyển Chánh Sử
n1_advanced_drafts	batch_0631_0640	R_0637	神代	かみよ	thần đại, thời đại của các thần	Thần Đại
n1_advanced_drafts	batch_0631_0640	R_0637	一書	いっしょ	nhất thư, dị bản phụ trong Nihon Shoki	Nhất Thư
n1_advanced_drafts	batch_0631_0640	R_0637	並置	へいち	đặt song song, xếp cạnh nhau	Tịnh Trí
n1_advanced_drafts	batch_0631_0640	R_0637	洲壌	しゅうじょう	châu nhưỡng, chất liệu của đại địa	Châu Nhưỡng
n1_advanced_drafts	batch_0631_0640	R_0637	萍	うきくさ	bèo nước, thực vật trôi nổi trên mặt nước	Bình
n1_advanced_drafts	batch_0631_0640	R_0637	渾沌	こんとん	hỗn mang, trạng thái hỗn loạn chưa phân hóa	Hồn Hỗn
n1_advanced_drafts	batch_0631_0640	R_0637	宇宙生成論	うちゅうせいせいろん	vũ trụ sinh thành luận, cosmogony	Vũ Trụ Sanh Thành Luận
n1_advanced_drafts	batch_0631_0640	R_0637	陰陽説	いんようせつ	thuyết âm dương, học thuyết dualisme âm-dương	Âm Dương Thuyết
n1_advanced_drafts	batch_0631_0640	R_0637	攪拌	かくはん	khuấy trộn, khuấy đảo	Giảo Bạn
n1_advanced_drafts	batch_0631_0640	R_0637	人格化	じんかくか	nhân cách hóa, personification	Nhân Cách Hóa
n1_advanced_drafts	batch_0631_0640	R_0637	禊	みそぎ	nghi lễ tẩy uế trong Thần đạo	Hễ
n1_advanced_drafts	batch_0631_0640	R_0637	政治神学	せいじしんがく	thần học chính trị, political theology	Chánh Trì Thần Học
n1_advanced_drafts	batch_0631_0640	R_0637	天命思想	てんめいしそう	tư tưởng Thiên Mệnh, học thuyết mệnh lệnh của Trời	Thiên Mệnh Tư Tưởng
n1_advanced_drafts	batch_0631_0640	R_0637	神聖王権論	しんせいおうけんろん	luận thuyết vương quyền thần thánh, divine right of kings	Thần Thánh Vương Quyền Luận
n1_advanced_drafts	batch_0631_0640	R_0637	正統性	せいとうせい	tính chính thống, legitimacy	Chánh Thống Tính
n1_advanced_drafts	batch_0631_0640	R_0638	独立自尊	どくりつじそん	độc lập tự tôn — tự lập và tự trọng, cốt lõi tư tưởng của Fukuzawa	Độc Lập Tự Tôn
n1_advanced_drafts	batch_0631_0640	R_0638	三位一体	さんみいったい	ba ngôi một thể, thể thống nhất ba yếu tố	Tam Vị Nhất Thể
n1_advanced_drafts	batch_0631_0640	R_0638	未曾有	みぞう	chưa từng có, vô tiền khoáng hậu	Vị Tằng Hữu
n1_advanced_drafts	batch_0631_0640	R_0638	刷新	さっしん	đổi mới, cải tổ	Xoát Tân
n1_advanced_drafts	batch_0631_0640	R_0638	富国強兵	ふこくきょうへい	phú quốc cường binh — chính sách làm giàu đất nước và tăng cường quân sự thời Meiji	Phú Quốc Cường Binh
n1_advanced_drafts	batch_0631_0640	R_0638	自助論	じじょろん	thuyết tự lực, học thuyết tự giúp bản thân	Tự Trợ Luận
n1_advanced_drafts	batch_0631_0640	R_0638	人格陶冶	じんかくとうや	tu dưỡng nhân cách, rèn giũa phẩm cách	Nhân Cách Đào Dã
n1_advanced_drafts	batch_0631_0640	R_0638	士農工商	しのうこうしょう	tứ dân sĩ-nông-công-thương — hệ thống đẳng cấp phong kiến Nhật Bản	Sĩ Nông Công Thương
n1_advanced_drafts	batch_0631_0640	R_0638	私利私欲	しりしよく	lợi ích và dục vọng cá nhân ti tiện	Tư Lợi Tư Dục
n1_advanced_drafts	batch_0631_0640	R_0638	功利主義	こうりしゅぎ	chủ nghĩa công lợi, utilitarianism	Công Lợi Chủ Nghĩa
n1_advanced_drafts	batch_0631_0640	R_0638	従属	じゅうぞく	lệ thuộc, phụ thuộc	Tùng Chúc
n1_advanced_drafts	batch_0631_0640	R_0638	庇護	ひご	sự bảo trợ, che chở	Tí Hộ
n1_advanced_drafts	batch_0631_0640	R_0638	色褪せる	いろあせる	phai nhạt, mất đi sức sống	Sắc Thốn
n1_advanced_drafts	batch_0631_0640	R_0638	変奏	へんそう	biến tấu, biến thể	Biến Tấu
n1_advanced_drafts	batch_0631_0640	R_0638	軌を一にする	きをいつにする	cùng chung đường ray, trùng khớp, đồng nhất hướng đi	Quỹ Nhất
n1_advanced_drafts	batch_0631_0640	R_0638	画期的	かっきてき	mang tính đột phá, đánh dấu một bước ngoặt	Họa Kì Đích
n1_advanced_drafts	batch_0631_0640	R_0639	昇華	しょうか	nâng tầm, thăng hoa — chuyển đổi lên cấp cao hơn	Thăng Hoa
n1_advanced_drafts	batch_0631_0640	R_0639	映画的演出	えいがてきえんしゅつ	kỹ thuật dàn dựng điện ảnh	Ánh Họa Đích Diễn Xuất
n1_advanced_drafts	batch_0631_0640	R_0639	コマ割り	コマわり	chia khung hình manga (bố cục khung theo trình tự)	Cát
n1_advanced_drafts	batch_0631_0640	R_0639	文法	ぶんぽう	ngữ pháp — ở đây chỉ hệ thống quy tắc biểu đạt	Văn Pháp
n1_advanced_drafts	batch_0631_0640	R_0639	倫理的葛藤	りんりてきかっとう	mâu thuẫn đạo đức, xung đột giá trị	Luân Lí Đích Cát Đằng
n1_advanced_drafts	batch_0631_0640	R_0639	二元論	にげんろん	nhị phân luận, dualism — tư duy phân chia hai cực	Nhị Nguyên Luận
n1_advanced_drafts	batch_0631_0640	R_0639	大衆	たいしゅう	đại chúng, quảng đại quần chúng	Đại Chúng
n1_advanced_drafts	batch_0631_0640	R_0639	浸透	しんとう	thấm nhập, ngấm sâu vào	Tẩm Thấu
n1_advanced_drafts	batch_0631_0640	R_0639	識字	しきじ	biết chữ, kỹ năng đọc chữ	Thức Tự
n1_advanced_drafts	batch_0631_0640	R_0639	バンドデシネ	バンドデシネ	bande dessinee — truyện tranh truyền thống Pháp-Bỉ	
n1_advanced_drafts	batch_0631_0640	R_0639	擬似的	ぎじてき	giả lập, mô phỏng	Nghĩ Tự Đích
n1_advanced_drafts	batch_0631_0640	R_0639	紐帯	ちゅうたい	liên kết, sợi dây ràng buộc	Nữu Đới
n1_advanced_drafts	batch_0631_0640	R_0639	先駆	せんく	người tiên phong, kẻ đi trước	Tiên Khu
n1_advanced_drafts	batch_0631_0640	R_0639	廃墟	はいきょ	đổ nát, cảnh tàn phế sau chiến tranh	Phế Khư
n1_advanced_drafts	batch_0631_0640	R_0639	担い手	にないて	người gánh vác, chủ thể tạo ra	Đam Thủ
n1_advanced_drafts	batch_0631_0640	R_0639	無免許	むめんきょ	không có bằng cấp, vô bằng phép	Vô Miễn Hứa
n1_advanced_drafts	batch_0631_0640	R_0640	後継者	こうけいしゃ	người kế thừa, người nối nghiệp	Hậu Kế Giả
n1_advanced_drafts	batch_0631_0640	R_0640	高齢化	こうれいか	già hoá (dân số)	Cao Linh Hóa
n1_advanced_drafts	batch_0631_0640	R_0640	存続	そんぞく	sự tồn tục, tiếp tục tồn tại	Tồn Tục
n1_advanced_drafts	batch_0631_0640	R_0640	旗印	はたじるし	ngọn cờ, khẩu hiệu, biểu tượng	Kì Ấn
n1_advanced_drafts	batch_0631_0640	R_0640	担い手	にないて	người gánh vác, người chịu trách nhiệm	Đam Thủ
n1_advanced_drafts	batch_0631_0640	R_0640	余白	よはく	khoảng trắng, khoảng trống (thẩm mỹ)	Dư Bạch
n1_advanced_drafts	batch_0631_0640	R_0640	侘び	わび	wabi — vẻ đẹp trong sự giản dị, khiêm nhường	Sá
n1_advanced_drafts	batch_0631_0640	R_0640	逆説	ぎゃくせつ	nghịch lý, paradox	Nghịch Thuyết
n1_advanced_drafts	batch_0631_0640	R_0640	生成AI	せいせいエーアイ	AI tạo sinh — hệ thống AI có thể tạo ra văn bản, hình ảnh, âm nhạc	Sanh Thành
n1_advanced_drafts	batch_0631_0640	R_0640	空洞化	くうどうか	sự rỗng hoá, mất đi nội dung thực chất	Không Động Hóa
n1_advanced_drafts	batch_0631_0640	R_0640	伝道者	でんどうしゃ	người truyền đạo, người truyền bá	Truyền Đạo Giả
n1_advanced_drafts	batch_0631_0640	R_0640	蘭学	らんがく	Hà Lan học — tri thức phương Tây du nhập qua Hà Lan thời Edo	Lan Học
n1_advanced_drafts	batch_0631_0640	R_0640	底力	そこぢから	sức mạnh ẩn sâu, nội lực tiềm tàng	Để Lực
n1_advanced_drafts	batch_0631_0640	R_0640	市場原理	しじょうげんり	quy luật thị trường	Thị Tràng Nguyên Lí
n1_advanced_drafts	batch_0631_0640	R_0640	孕む	はらむ	ẩn chứa, mang trong mình (nguy cơ/khả năng)	Dựng
n1_advanced_drafts	batch_0631_0640	R_0640	変容	へんよう	sự biến đổi, biến dạng (theo nghĩa tích cực)	Biến Dung
native_basic_drafts	batch_0641_0650	R_0641	予感	よかん	linh cảm, cảm giác báo trước	Dư Cảm
native_basic_drafts	batch_0641_0650	R_0641	水平線の彼方	すいへいせんのかなた	phía xa bên kia đường chân trời	Thủy Bình Tuyến Bỉ Phương
native_basic_drafts	batch_0641_0650	R_0641	歪む	ゆがむ	bị méo mó, bị biến dạng	Oai
native_basic_drafts	batch_0641_0650	R_0641	刻まれる	きざまれる	được khắc vào, được in sâu	Khắc
native_basic_drafts	batch_0641_0650	R_0641	背表紙	せびょうし	gáy sách (phần lưng của cuốn sách)	Bối Biểu Chỉ
native_basic_drafts	batch_0641_0650	R_0641	埃	ほこり	bụi bẩn	Ai
native_basic_drafts	batch_0641_0650	R_0641	方便	ほうべん	cái cớ, phương tiện biện hộ, lý do che đậy	Phương Tiện
native_basic_drafts	batch_0641_0650	R_0641	境界線	きょうかいせん	ranh giới, đường phân cách	Cảnh Giới Tuyến
native_basic_drafts	batch_0641_0650	R_0641	実感する	じっかんする	thực sự cảm nhận, cảm thấy thực tế	Thực Cảm
native_basic_drafts	batch_0641_0650	R_0641	輪郭	りんかく	đường viền, hình dáng bên ngoài	Luân Quách
native_basic_drafts	batch_0641_0650	R_0641	カウンター	カウンター	quầy (thư viện, quán bar)	
native_basic_drafts	batch_0641_0650	R_0641	魔法的写実主義	まほうてきしゃじつしゅぎ	chủ nghĩa hiện thực huyền ảo, magical realism	Ma Pháp Đích Tả Thực Chủ Nghĩa
native_basic_drafts	batch_0641_0650	R_0641	比喩	ひゆ	ẩn dụ, so sánh tu từ	Bỉ Dụ
native_basic_drafts	batch_0641_0650	R_0641	内省	ないせい	sự nội tâm, tự nhìn vào bên trong	Nội Tỉnh
native_basic_drafts	batch_0641_0650	R_0641	象徴	しょうちょう	biểu tượng, symbol	Tượng Trưng
native_basic_drafts	batch_0641_0650	R_0641	タフ	タフ	cứng rắn, dẻo dai (tough)	
native_basic_drafts	batch_0641_0650	R_0641	見知らぬ	みしらぬ	xa lạ, chưa quen biết	Kiến Tri
native_basic_drafts	batch_0641_0650	R_0642	気候変動	きこうへんどう	biến đổi khí hậu	Khí Hậu Biến Động
native_basic_drafts	batch_0641_0650	R_0642	科学的コンセンサス	かがくてきコンセンサス	đồng thuận khoa học, scientific consensus	Khoa Học Đích
native_basic_drafts	batch_0641_0650	R_0642	温室効果ガス	おんしつこうかガス	khí nhà kính, greenhouse gas	Ôn Thất Hiệu Quả
native_basic_drafts	batch_0641_0650	R_0642	生態系	せいたいけい	hệ sinh thái, ecosystem	Sanh Thái Hệ
native_basic_drafts	batch_0641_0650	R_0642	炭素中立	たんそちゅうりつ	trung hòa carbon, carbon neutral	Thán Tố Trung Lập
native_basic_drafts	batch_0641_0650	R_0642	脱炭素化	だつたんそか	phi carbon hóa, decarbonization	Thoát Thán Tố Hóa
native_basic_drafts	batch_0641_0650	R_0642	再生可能エネルギー	さいせいかのうエネルギー	năng lượng tái tạo, renewable energy	Tái Sanh Khả Năng
native_basic_drafts	batch_0641_0650	R_0642	公正な移行	こうせいないこう	quá độ công bằng, just transition	Công Chánh Di Hành
native_basic_drafts	batch_0641_0650	R_0642	激甚化	げきじんか	ngày càng dữ dội hơn, trở nên khốc liệt hơn	Kích Thậm Hóa
native_basic_drafts	batch_0641_0650	R_0642	白化現象	はっかげんしょう	hiện tượng tẩy trắng (san hô), bleaching phenomenon	Bạch Hóa Hiện Tượng
native_basic_drafts	batch_0641_0650	R_0642	適応策	てきおうさく	biện pháp thích ứng, adaptation measures	Thích Ứng Sách
native_basic_drafts	batch_0641_0650	R_0642	難民問題	なんみんもんだい	vấn đề người tị nạn, refugee issue	Nan Dân Vấn Đề
native_basic_drafts	batch_0641_0650	R_0642	技術移転	ぎじゅついてん	chuyển giao công nghệ, technology transfer	Kĩ Thuật Di Chuyển
native_basic_drafts	batch_0641_0650	R_0642	気候ガバナンス	きこうガバナンス	quản trị khí hậu, climate governance	Khí Hậu
native_basic_drafts	batch_0641_0650	R_0642	パリ協定	パリきょうてい	Thỏa thuận Paris, Paris Agreement	Hiệp Định
native_basic_drafts	batch_0641_0650	R_0642	歴史的責任	れきしてきせきにん	trách nhiệm lịch sử, historical responsibility	Lịch Sử Đích Trách Nhâm
native_basic_drafts	batch_0641_0650	R_0642	誓約	せいやく	cam kết, pledge (trong ngữ cảnh quốc tế)	Thệ Ước
native_basic_drafts	batch_0641_0650	R_0642	誠実	せいじつ	thành thật, chân thành	Thành Thực
native_basic_drafts	batch_0641_0650	R_0642	顕在化	けんざいか	hiện hữu rõ ràng, trở nên hiện thực	Hiển Tại Hóa
native_basic_drafts	batch_0641_0650	R_0642	自明の理	じめいのり	điều hiển nhiên, lẽ tất yếu	Tự Minh Lí
native_basic_drafts	batch_0641_0650	R_0643	帰還	きかん	sự trở về, trở lại (thường dùng trong văn cảnh trang trọng hoặc mang tính biểu tượng)	Quy Hoàn
native_basic_drafts	batch_0641_0650	R_0643	境界線	きょうかいせん	ranh giới, đường phân chia	Cảnh Giới Tuyến
native_basic_drafts	batch_0641_0650	R_0643	副作用	ふくさよう	tác dụng phụ (thường dùng cho thuốc, ở đây dùng theo nghĩa ẩn dụ)	Phó Tác Dụng
native_basic_drafts	batch_0641_0650	R_0643	野生	やせい	hoang dã, tự nhiên chưa thuần hóa	Dã Sanh
native_basic_drafts	batch_0641_0650	R_0643	余白	よはく	khoảng trắng, lề trống (trong văn bản hoặc thơ — nghĩa rộng: không gian còn bỏ ngỏ)	Dư Bạch
native_basic_drafts	batch_0641_0650	R_0643	原型	げんけい	nguyên mẫu, hình mẫu gốc	Nguyên Hình
native_basic_drafts	batch_0641_0650	R_0643	普遍性	ふへんせい	tính phổ quát, đặc tính áp dụng được cho tất cả	Phổ Biến Tính
native_basic_drafts	batch_0641_0650	R_0643	二重性	にじゅうせい	tính lưỡng tính, tính hai mặt	Nhị Trọng Tính
native_basic_drafts	batch_0641_0650	R_0643	素朴	そぼく	thuần phác, giản dị, chưa bị phức tạp hóa	Tố Phác
native_basic_drafts	batch_0641_0650	R_0643	散文	さんぶん	văn xuôi (đối lập với 詩 = thơ)	Tán Văn
native_basic_drafts	batch_0641_0650	R_0643	滲み出る	にじみでる	thấm ra, rỉ ra (như mực thấm qua giấy — nghĩa bóng: hiện lộ dần)	Sấm Xuất
native_basic_drafts	batch_0641_0650	R_0643	橋渡し	はしわたし	bắc cầu, làm trung gian kết nối	Kiều Độ
native_basic_drafts	batch_0641_0650	R_0643	音読	おんどく	đọc to thành tiếng (đối lập với 黙読 = đọc thầm)	Âm Độc
native_basic_drafts	batch_0641_0650	R_0643	閉じこもる	とじこもる	khép kín trong, giam mình vào (không ra ngoài — cả nghĩa vật lý lẫn tâm lý)	Bế
native_basic_drafts	batch_0641_0650	R_0643	ひそかに	ひそかに	thầm lặng, âm thầm, không nói ra	
native_basic_drafts	batch_0641_0650	R_0644	ヤングケアラー	ヤングケアラー	người chăm sóc trẻ em — trẻ em/thanh thiếu niên đảm nhận vai trò chăm sóc người thân	
native_basic_drafts	batch_0641_0650	R_0644	実態調査	じったいちょうさ	khảo sát thực trạng, điều tra thực tế	Thực Thái Điều Tra
native_basic_drafts	batch_0641_0650	R_0644	諦観	ていかん	tâm lý chán chường, thái độ buông xuôi chấp nhận	Đế Quan
native_basic_drafts	batch_0641_0650	R_0644	密着取材	みっちゃくしゅざい	phóng sự bám sát, đưa tin theo dõi sát đối tượng	Mật Trứ Thủ Tài
native_basic_drafts	batch_0641_0650	R_0644	アルコール依存症	アルコールいぞんしょう	chứng nghiện rượu, alcohol dependency	Y Tồn Chứng
native_basic_drafts	batch_0641_0650	R_0644	精神疾患	せいしんしっかん	bệnh tâm thần, rối loạn tâm thần	Tinh Thần Tật Hoạn
native_basic_drafts	batch_0641_0650	R_0644	凝縮	ぎょうしゅく	cô đọng, nén chặt vào một điểm	Ngưng Súc
native_basic_drafts	batch_0641_0650	R_0644	孤立	こりつ	sự cô lập, bị tách biệt khỏi xã hội	Cô Lập
native_basic_drafts	batch_0641_0650	R_0644	難病	なんびょう	bệnh hiểm nghèo, bệnh khó chữa	Nan Bệnh
native_basic_drafts	batch_0641_0650	R_0644	認知症	にんちしょう	chứng sa sút trí tuệ, dementia	Nhận Tri Chứng
native_basic_drafts	batch_0641_0650	R_0644	核家族化	かくかぞくか	xu hướng gia đình hạt nhân hóa (chỉ bố mẹ + con)	Hạch Gia Tộc Hóa
native_basic_drafts	batch_0641_0650	R_0644	空隙	くうげき	khoảng trống, lỗ hổng (trong hệ thống)	Không Khích
native_basic_drafts	batch_0641_0650	R_0644	訪問看護	ほうもんかんご	điều dưỡng thăm khám tại nhà, home nursing	Phóng Vấn Khán Hộ
native_basic_drafts	batch_0641_0650	R_0644	慢性的	まんせいてき	mang tính mãn tính, kéo dài không dứt	Mạn Tính Đích
native_basic_drafts	batch_0641_0650	R_0644	疲弊	ひへい	kiệt sức, suy kiệt sức lực	Bì Tệ
native_basic_drafts	batch_0641_0650	R_0644	黎明期	れいめいき	giai đoạn bình minh, thời kỳ mới bắt đầu	Lê Minh Kì
native_basic_drafts	batch_0641_0650	R_0644	周知不足	しゅうちぶそく	thiếu phổ biến thông tin, nhận thức chưa rộng rãi	Chu Tri Bất Túc
native_basic_drafts	batch_0641_0650	R_0644	実効性	じっこうせい	tính hiệu quả thực tế, hiệu lực thực sự	Thực Hiệu Tính
native_basic_drafts	batch_0641_0650	R_0644	包括的	ほうかつてき	toàn diện, bao quát	Bao Quát Đích
native_basic_drafts	batch_0641_0650	R_0644	急務	きゅうむ	việc cấp bách, nhiệm vụ khẩn cấp	Cấp Vụ
native_basic_drafts	batch_0641_0650	R_0645	元号	げんごう	niên hiệu (hệ thống đặt tên thời đại của Nhật Bản)	Nguyên Hào
native_basic_drafts	batch_0641_0650	R_0645	陶酔感	とうすいかん	cảm giác ngây ngất, cảm giác say mê	Đào Túy Cảm
native_basic_drafts	batch_0641_0650	R_0645	国書	こくしょ	quốc thư, văn bản văn học thuần túy Nhật Bản	Quốc Thư
native_basic_drafts	batch_0641_0650	R_0645	典拠	てんきょ	điển tích, căn cứ tham chiếu kinh điển	Điển Cứ
native_basic_drafts	batch_0641_0650	R_0645	賛否両論	さんぴりょうろん	tranh luận sôi nổi tán thành lẫn phản đối	Tán Phủ Lưỡng Luận
native_basic_drafts	batch_0641_0650	R_0645	国粋主義	こくすいしゅぎ	chủ nghĩa quốc túy, chủ nghĩa dân tộc cực đoan	Quốc Túy Chủ Nghĩa
native_basic_drafts	batch_0641_0650	R_0645	喚起する	かんきする	khơi dậy, kêu gọi, thức tỉnh	Hoán Khởi
native_basic_drafts	batch_0641_0650	R_0645	高文化	こうぶんか	văn hóa cao cấp (nghệ thuật hàn lâm, văn học, kịch nghệ truyền thống)	Cao Văn Hóa
native_basic_drafts	batch_0641_0650	R_0645	乖離	かいり	sự phân ly, sự tách rời, khoảng cách ngày càng lớn	Quai Li
native_basic_drafts	batch_0641_0650	R_0645	粗雑	そざつ	thô thiển, sơ sài, không tinh tế	Thô Tạp
native_basic_drafts	batch_0641_0650	R_0645	浮世絵	うきよえ	tranh ukiyo-e (thể loại tranh mộc bản Nhật Bản thời Edo)	Phù Thế Hội
native_basic_drafts	batch_0641_0650	R_0645	台頭する	たいとうする	nổi lên, trỗi dậy (về thế lực, ảnh hưởng)	Thai Đầu
native_basic_drafts	batch_0641_0650	R_0645	橋渡し	はしわたし	cầu nối, vai trò trung gian	Kiều Độ
native_basic_drafts	batch_0641_0650	R_0645	純文学	じゅんぶんがく	văn học thuần túy (pure literature, phân biệt với văn học thương mại)	Thuần Văn Học
native_basic_drafts	batch_0641_0650	R_0645	芥川賞	あくたがわしょう	Giải Akutagawa (giải văn học danh giá nhất Nhật Bản)	Khối, khải Xuyên Thưởng
native_basic_drafts	batch_0641_0650	R_0645	渇望	かつぼう	khát khao, mong muốn mãnh liệt	Khát Vọng
native_basic_drafts	batch_0641_0650	R_0645	媒体	ばいたい	phương tiện truyền thông, môi trường truyền đạt	Môi Thể
native_basic_drafts	batch_0641_0650	R_0645	庶民	しょみん	thường dân, dân chúng bình thường	Thứ Dân
native_basic_drafts	batch_0641_0650	R_0645	連綿	れんめん	trải dài liên tục, không ngừng nghỉ (suốt chiều dài thời gian)	Liên Miên
native_basic_drafts	batch_0641_0650	R_0645	序章	じょしょう	phần mở đầu, lời tựa, màn dạo đầu	Tự Chương
native_basic_drafts	batch_0641_0650	R_0646	台所	だいどころ	nhà bếp	Thai Sở
native_basic_drafts	batch_0641_0650	R_0646	ほっとする	ほっとする	cảm thấy nhẹ nhõm, trút được gánh nặng	
native_basic_drafts	batch_0641_0650	R_0646	転々とする	てんてんとする	lang thang hết nơi này đến nơi khác	Chuyển
native_basic_drafts	batch_0641_0650	R_0646	行き着く	いきつく	đi đến cuối cùng, tìm đến được	Hành Trứ
native_basic_drafts	batch_0641_0650	R_0646	布団を敷く	ふとんをしく	trải đệm (để ngủ)	Bố Đoàn Phu
native_basic_drafts	batch_0641_0650	R_0646	心地よい	ここちよい	dễ chịu, thoải mái	Tâm Địa
native_basic_drafts	batch_0641_0650	R_0646	戸惑い	とまどい	sự ngại ngùng, bối rối, lúng túng	Hộ Hoặc
native_basic_drafts	batch_0641_0650	R_0646	直感する	ちょっかんする	linh cảm, cảm nhận trực giác	Trực Cảm
native_basic_drafts	batch_0641_0650	R_0646	磨かれる	みがかれる	được đánh bóng, được mài giũa	Ma
native_basic_drafts	batch_0641_0650	R_0646	ぴかぴか	ぴかぴか	sáng loáng, bóng bẩy (từ tượng thanh/tượng hình)	
native_basic_drafts	batch_0641_0650	R_0646	包丁	ほうちょう	dao bếp	Bao Đinh
native_basic_drafts	batch_0641_0650	R_0646	刻む	きざむ	thái nhỏ, băm nhỏ	Khắc
native_basic_drafts	batch_0641_0650	R_0646	しんとする	しんとする	yên tĩnh, im lặng hoàn toàn	
native_basic_drafts	batch_0641_0650	R_0646	残り香	のこりが	hương thơm còn lại, dư vị mùi hương	Tàn Hương
native_basic_drafts	batch_0641_0650	R_0646	漂う	ただよう	vấn vương, lơ lửng, lan tỏa trong không khí	Phiếu
native_basic_drafts	batch_0641_0650	R_0646	証	あかし	bằng chứng, dấu vết, chứng tích	Chứng
native_basic_drafts	batch_0641_0650	R_0646	付き合い方	つきあいかた	cách chung sống, cách đối phó	Phó Hợp Phương
native_basic_drafts	batch_0641_0650	R_0647	民本主義	みんぽんしゅぎ	dân bản chủ nghĩa (học thuyết của Yoshino Sakuzo: lấy lợi ích và ý chí của dân làm căn bản)	Dân Bản Chủ Nghĩa
native_basic_drafts	batch_0641_0650	R_0647	藩閥	はんばつ	phiên phiệt (phe nhóm xuất thân từ các phiên trước thời Minh Trị, nắm quyền lực chính trị)	Phiên Phiệt
native_basic_drafts	batch_0641_0650	R_0647	米騒動	こめそうどう	cuộc bạo loạn gạo (1918 — dân chúng nổi dậy phản đối giá gạo tăng vọt)	Mễ Tao Động
native_basic_drafts	batch_0641_0650	R_0647	政党内閣	せいとうないかく	nội các đảng phái (nội các do lãnh đạo đảng chiếm đa số Hạ nghị viện đứng đầu)	Chánh Đảng Nội Các
native_basic_drafts	batch_0641_0650	R_0647	平民宰相	へいみんさいしょう	thủ tướng bình dân (biệt danh của Hara Takashi — thủ tướng xuất thân bình dân đầu tiên)	Bình Dân Tể Tương
native_basic_drafts	batch_0641_0650	R_0647	治安維持法	ちあんいじほう	Luật Duy trì An ninh Trật tự (1925 — luật đàn áp các phong trào cộng sản và vô chính phủ)	Trì An Duy Trì Pháp
native_basic_drafts	batch_0641_0650	R_0647	普通選挙法	ふつうせんきょほう	Luật Bầu cử Phổ thông (1925 — trao quyền bầu cử cho nam giới từ 25 tuổi)	Phổ Thông Tuyển Cử Pháp
native_basic_drafts	batch_0641_0650	R_0647	国体	こくたい	quốc thể (bản chất và hình thức của nhà nước — đặc biệt chỉ chế độ Thiên Hoàng)	Quốc Thể
native_basic_drafts	batch_0641_0650	R_0647	部落解放運動	ぶらくかいほううんどう	phong trào giải phóng Buraku (phong trào chống kỳ thị tầng lớp bị phân biệt đối xử lịch sử)	Bộ Lạc Giải Phóng Vận Động
native_basic_drafts	batch_0641_0650	R_0647	財閥	ざいばつ	tài phiệt (các tập đoàn gia đình lớn như Mitsui, Mitsubishi kiểm soát kinh tế)	Tài Phiệt
native_basic_drafts	batch_0641_0650	R_0647	満洲事変	まんしゅうじへん	Sự biến Mãn Châu (1931 — Quan Đông quân Nhật tạo cớ chiếm Mãn Châu, mở đầu chủ nghĩa quân phiệt)	Mãn Châu Sự Biến
native_basic_drafts	batch_0641_0650	R_0647	軍国主義	ぐんこくしゅぎ	chủ nghĩa quân phiệt (hệ tư tưởng đặt quân sự và bành trướng lên hàng đầu)	Quân Quốc Chủ Nghĩa
native_basic_drafts	batch_0641_0650	R_0647	市民社会	しみんしゃかい	xã hội dân sự (civil society — lĩnh vực giữa nhà nước và cá nhân, nền tảng dân chủ)	Thị Dân Xã Hội
native_basic_drafts	batch_0641_0650	R_0647	中産階級	ちゅうさんかいきゅう	tầng lớp trung lưu	Trung Sản Giai Cấp
native_basic_drafts	batch_0641_0650	R_0647	表裏一体	ひょうりいったい	hai mặt một thể, gắn liền không thể tách rời	Biểu Lí Nhất Thể
native_basic_drafts	batch_0641_0650	R_0647	同時並行	どうじへいこう	đồng thời song song	Đồng Thì Tịnh Hành
native_basic_drafts	batch_0641_0650	R_0647	画期的	かっきてき	mang tính bước ngoặt, cách mạng, đột phá	Họa Kì Đích
native_basic_drafts	batch_0641_0650	R_0647	懸隔	けんかく	khoảng cách lớn, hố ngăn cách (giữa lý tưởng và thực tế)	Huyền Cách
native_basic_drafts	batch_0641_0650	R_0647	シニシズム	シニシズム	chủ nghĩa hoài nghi, cynicism (thái độ mất tin vào thể chế và chính trị)	
native_basic_drafts	batch_0641_0650	R_0647	ワシントン体制	ワシントンたいせい	hệ thống Washington (trật tự ngoại giao quốc tế sau Thế chiến I do Hội nghị Washington 1921-22 xác lập)	Thể Chế
native_basic_drafts	batch_0641_0650	R_0648	強迫観念	きょうはくかんねん	ám ảnh cưỡng bức, obsession	Cường Bách Quan Niệm
native_basic_drafts	batch_0641_0650	R_0648	粗雑	そざつ	thô sơ, cẩu thả, thiếu tinh tế	Thô Tạp
native_basic_drafts	batch_0641_0650	R_0648	幻覚	げんかく	ảo giác	Huyễn Giác
native_basic_drafts	batch_0641_0650	R_0648	幻聴	げんちょう	ảo thanh, nghe thấy âm thanh không có thật	Huyễn Thính
native_basic_drafts	batch_0641_0650	R_0648	外部化	がいぶか	ngoại hóa, biến điều bên trong thành biểu hiện bên ngoài	Ngoại Bộ Hóa
native_basic_drafts	batch_0641_0650	R_0648	結節点	けっせつてん	điểm nút, điểm giao nhau	Kết Tiết Điểm
native_basic_drafts	batch_0641_0650	R_0648	自己消滅	じこしょうめつ	tự xóa mình, self-obliteration	Tự Kỉ Tiêu Diệt
native_basic_drafts	batch_0641_0650	R_0648	結晶する	けっしょうする	kết tinh, đúc kết thành hình thức rõ ràng	Kết Tinh
native_basic_drafts	batch_0641_0650	R_0648	精神疾患	せいしんしっかん	bệnh tâm thần, rối loạn tâm lý	Tinh Thần Tật Hoạn
native_basic_drafts	batch_0641_0650	R_0648	稀有	けう	hiếm có, hy hữu	Hi Hữu
native_basic_drafts	batch_0641_0650	R_0648	病理	びょうり	bệnh lý, cơ chế của bệnh	Bệnh Lí
native_basic_drafts	batch_0641_0650	R_0648	始原	しげん	nguồn gốc căn nguyên, khởi thủy	Thủy Nguyên
native_basic_drafts	batch_0641_0650	R_0648	撹乱	かくらん	khuấy động, làm rối loạn	Giác Loạn
native_basic_drafts	batch_0641_0650	R_0648	スーパーフラット	スーパーフラット	Superflat — phong trào nghệ thuật của Murakami Takashi	
native_basic_drafts	batch_0641_0650	R_0648	交錯する	こうさくする	giao thoa, đan xen nhau	Giao Thác
native_basic_drafts	batch_0641_0650	R_0648	批評的視座	ひひょうてきしざ	tư thế phê bình, điểm nhìn phân tích	Phê Bình Đích Thị Tọa
native_basic_drafts	batch_0641_0650	R_0648	執拗	しつよう	dai dẳng, không ngừng, nhất mực	Chấp Áo
native_basic_drafts	batch_0641_0650	R_0648	根源的衝動	こんげんてきしょうどう	xung động căn nguyên, thôi thúc từ gốc rễ sâu xa	Căn Nguyên Đích Xung Động
native_basic_drafts	batch_0641_0650	R_0649	大台を突破する	おおだいをとっぱする	phá vỡ ngưỡng tâm lý lớn (thuật ngữ tài chính: mức giá tròn quan trọng)	Đại Thai Đột Phá
native_basic_drafts	batch_0641_0650	R_0649	構造的脆弱性	こうぞうてきぜいじゃくせい	điểm yếu mang tính cấu trúc, dễ tổn thương về mặt cấu trúc	Cấu Tạo Đích Thúy Nhược Tính
native_basic_drafts	batch_0641_0650	R_0649	浮き彫りにする	うきぼりにする	phơi bày, làm nổi bật, khắc nổi (làm rõ điều vốn ẩn)	Phù Điêu
native_basic_drafts	batch_0641_0650	R_0649	金利差	きんりさ	chênh lệch lãi suất (giữa hai quốc gia/thị trường)	Kim Lợi Soa
native_basic_drafts	batch_0641_0650	R_0649	価格転嫁	かかくてんか	chuyển giá, đẩy chi phí sang giá bán (cho người tiêu dùng chịu)	Giá Cách Chuyển Giá
native_basic_drafts	batch_0641_0650	R_0649	実質購買力	じっしつこうばいりょく	sức mua thực tế (đã điều chỉnh lạm phát)	Thực Chất Cấu Mãi Lực
native_basic_drafts	batch_0641_0650	R_0649	インバウンド需要	インバウンドじゅよう	nhu cầu du lịch inbound, nhu cầu từ khách nước ngoài vào Nhật	Nhu Yếu
native_basic_drafts	batch_0641_0650	R_0649	稼働率	かどうりつ	tỷ lệ hoạt động, tỷ lệ lấp đầy (khách sạn, nhà máy)	Giá Động Suất
native_basic_drafts	batch_0641_0650	R_0649	客室単価	きゃくしつたんか	đơn giá phòng khách sạn (revenue per available room)	Khách Thất Đơn Giá
native_basic_drafts	batch_0641_0650	R_0649	牽引する	けんいんする	dẫn dắt, kéo theo, làm động lực chính	Khiên Dẫn
native_basic_drafts	batch_0641_0650	R_0649	国内回帰	こくないかいき	hồi hương trong nước, reshoring — xu hướng đưa sản xuất trở lại Nhật	Quốc Nội Hồi Quy
native_basic_drafts	batch_0641_0650	R_0649	設備投資	せつびとうし	đầu tư cơ sở vật chất, capital expenditure (capex)	Thiết Bị Đầu Tư
native_basic_drafts	batch_0641_0650	R_0649	顕在化する	けんざいかする	trở nên rõ ràng, hiển thị, hiện hữu (điều vốn tiềm ẩn nay lộ ra)	Hiển Tại Hóa
native_basic_drafts	batch_0641_0650	R_0649	金融正常化	きんゆうせいじょうか	bình thường hóa tài chính, policy normalization (thoát khỏi nới lỏng bất thường)	Kim Dung Chánh Thường Hóa
native_basic_drafts	batch_0641_0650	R_0649	乖離する	かいりする	lệch khỏi, đi ngược, diverge (kỳ vọng và thực tế không khớp)	Quai Li
native_basic_drafts	batch_0641_0650	R_0649	持続性	じぞくせい	tính bền vững, khả năng duy trì	Trì Tục Tính
native_basic_drafts	batch_0641_0650	R_0649	エネルギー安全保障	エネルギーあんぜんほしょう	an ninh năng lượng, energy security	An Toàn Bảo Chướng
native_basic_drafts	batch_0641_0650	R_0649	脱炭素化	だつたんそか	giảm carbon, phi carbon hóa, decarbonization	Thoát Thán Tố Hóa
native_basic_drafts	batch_0641_0650	R_0649	投資余力	とうしよりょく	dư lực đầu tư, năng lực đầu tư còn lại	Đầu Tư Dư Lực
native_basic_drafts	batch_0641_0650	R_0649	触媒	しょくばい	chất xúc tác (nghĩa gốc: hóa học; nghĩa ẩn dụ: nhân tố thúc đẩy thay đổi)	Xúc Môi
native_basic_drafts	batch_0641_0650	R_0649	政策立案者	せいさくりつあんしゃ	nhà hoạch định chính sách, policy maker	Chánh Sách Lập Án Giả
native_basic_drafts	batch_0641_0650	R_0650	多能性幹細胞	たのうせいかんさいぼう	tế bào gốc vạn năng, tế bào gốc đa tiềm năng	Đa Năng Tính Cán Tế Bào
native_basic_drafts	batch_0641_0650	R_0650	分化	ぶんか	biệt hóa (tế bào phát triển thành loại chuyên biệt)	Phân Hóa
native_basic_drafts	batch_0641_0650	R_0650	再生医療	さいせいいりょう	y học tái tạo, y học phục hồi chức năng tế bào	Tái Sanh Y Liệu
native_basic_drafts	batch_0641_0650	R_0650	不可逆的	ふかぎゃくてき	không thể đảo ngược, một chiều	Bất Khả Nghịch Đích
native_basic_drafts	batch_0641_0650	R_0650	初期化	しょきか	khởi tạo lại, reset về trạng thái ban đầu	Sơ Kì Hóa
native_basic_drafts	batch_0641_0650	R_0650	胚性幹細胞	はいせいかんさいぼう	tế bào gốc phôi thai (ES cell)	Phôi Tính Cán Tế Bào
native_basic_drafts	batch_0641_0650	R_0650	受精卵	じゅせいらん	trứng đã thụ tinh, hợp tử	Thụ Tinh Noãn
native_basic_drafts	batch_0641_0650	R_0650	生殖細胞系列	せいしょくさいぼうけいれつ	dòng mầm sinh dục, germline	Sanh Thực Tế Bào Hệ Liệt
native_basic_drafts	batch_0641_0650	R_0650	加齢黄斑変性	かれいおうはんへんせい	bệnh thoái hóa điểm vàng tuổi già (AMD)	Gia Linh Hoàng Ban Biến Tính
native_basic_drafts	batch_0641_0650	R_0650	網膜色素上皮細胞	もうまくしきそじょうひさいぼう	tế bào biểu mô sắc tố võng mạc (RPE cell)	Võng Mạc Sắc Tố Thượng Bì Tế Bào
native_basic_drafts	batch_0641_0650	R_0650	他家移植	たかいしょく	ghép đồng loại, cấy từ người hiến tặng khác	Tha Gia Di Thực
native_basic_drafts	batch_0641_0650	R_0650	免疫拒絶	めんえききょぜつ	thải ghép miễn dịch, phản ứng từ chối của hệ miễn dịch	Miễn Dịch Cự Tuyệt
native_basic_drafts	batch_0641_0650	R_0650	ヒト白血球抗原	ヒトはっけっきゅうこうげん	kháng nguyên bạch cầu người (HLA)	Bạch Huyết Cầu Kháng Nguyên
native_basic_drafts	batch_0641_0650	R_0650	創薬	そうやく	phát triển thuốc mới, nghiên cứu tạo ra dược phẩm	Sang Dược
native_basic_drafts	batch_0641_0650	R_0650	スクリーニング	スクリーニング	sàng lọc (screening — tìm kiếm hợp chất có tác dụng)	
native_basic_drafts	batch_0641_0650	R_0650	筋萎縮性側索硬化症	きんいしゅくせいそくさくこうかしょう	bệnh xơ cứng teo cơ một bên (ALS / bệnh Lou Gehrig)	Cân Nuy, li Súc Tính Trắc Tác Ngạnh Hóa Chứng
native_basic_drafts	batch_0641_0650	R_0650	難治性疾患	なんじせいしっかん	bệnh nan y, bệnh khó chữa	Nan Trì Tính Tật Hoạn
native_basic_drafts	batch_0641_0650	R_0650	パラダイム	パラダイム	mô hình tư duy, paradigm khoa học	
native_basic_drafts	batch_0641_0650	R_0650	逸話	いつわ	giai thoại, câu chuyện ít người biết	Dật Thoại
native_basic_drafts	batch_0641_0650	R_0650	査読	さどく	phản biện đồng nghiệp, peer review trong khoa học	Tra Độc
native_basic_drafts	batch_0651_0660	R_0651	不滅の刻印	ふめつのこくいん	dấu ấn bất diệt, vết khắc vĩnh cửu	Bất Diệt Khắc Ấn
native_basic_drafts	batch_0651_0660	R_0651	美学的核心	びがくてきかくしん	cái lõi thẩm mỹ, trung tâm mỹ học	Mĩ Học Đích Hạch Tâm
native_basic_drafts	batch_0651_0660	R_0651	詩的倒置	してきとうち	đảo ngữ thơ ca, sự đảo trật tự theo lối thơ	Thi Đích Đảo Trí
native_basic_drafts	batch_0651_0660	R_0651	逆説	ぎゃくせつ	nghịch lý, paradox	Nghịch Thuyết
native_basic_drafts	batch_0651_0660	R_0651	幻影	げんえい	ảo ảnh, hình bóng hư ảo	Huyễn Ảnh
native_basic_drafts	batch_0651_0660	R_0651	無常の美	むじょうのび	vẻ đẹp vô thường, cái đẹp trong sự chóng tàn	Vô Thường Mĩ
native_basic_drafts	batch_0651_0660	R_0651	物の哀れ	もののあわれ	mono no aware, cảm thức bi cảm trước vạn vật — khái niệm thẩm mỹ cổ điển Nhật	Vật Ai
native_basic_drafts	batch_0651_0660	R_0651	俗と聖	ぞくとせい	tục và thiêng, trần tục và linh thiêng	Tục Thánh
native_basic_drafts	batch_0651_0660	R_0651	禅的美意識	ぜんてきびいしき	ý thức thẩm mỹ thiền tông, cảm thức đẹp theo Thiền	Thiền Đích Mĩ Ý Thức
native_basic_drafts	batch_0651_0660	R_0651	虚無	きょむ	hư vô, sự trống rỗng tuyệt đối	Hư Vô
native_basic_drafts	batch_0651_0660	R_0651	昇華	しょうか	thăng hoa, nâng lên tầng cao hơn (nghĩa bóng: sublimation)	Thăng Hoa
native_basic_drafts	batch_0651_0660	R_0651	瞬間の永遠化	しゅんかんのえいえんか	vĩnh cửu hóa khoảnh khắc, biến khoảnh khắc thành cái vĩnh hằng	Thuấn Gian Vĩnh Viễn Hóa
native_basic_drafts	batch_0651_0660	R_0651	空間認識	くうかんにんしき	nhận thức không gian, cách tri giác và hiểu không gian	Không Gian Nhận Thức
native_basic_drafts	batch_0651_0660	R_0651	不可分	ふかぶん	không thể tách rời, gắn bó không thể phân chia	Bất Khả Phân
native_basic_drafts	batch_0651_0660	R_0651	洗練される	せんれんされる	được tinh luyện, được gọt giũa thành tinh tế	Tẩy Luyện
native_basic_drafts	batch_0651_0660	R_0651	凝縮する	ぎょうしゅくする	cô đọng, dồn nén lại	Ngưng Súc
native_basic_drafts	batch_0651_0660	R_0651	宣言文	せんげんぶん	tuyên ngôn, văn bản mang tính tuyên bố	Tuyên Ngôn Văn
native_basic_drafts	batch_0651_0660	R_0652	施行	しこう	ban hành, thi hành (luật pháp)	Thi Hành
native_basic_drafts	batch_0651_0660	R_0652	最高法規	さいこうほうき	luật pháp tối cao, hiến pháp	Tối Cao Pháp Quy
native_basic_drafts	batch_0651_0660	R_0652	喫緊	きっきん	cấp bách, khẩn cấp (vấn đề cần giải quyết ngay)	Khiết Khẩn
native_basic_drafts	batch_0651_0660	R_0652	憲法審査会	けんぽうしんさかい	Ủy ban Kiểm tra Hiến pháp (cơ quan Quốc hội xem xét việc sửa đổi)	Hiến Pháp Thẩm Tra Hội
native_basic_drafts	batch_0651_0660	R_0652	終始する	しゅうしする	liên tục, suốt từ đầu đến cuối (thảo luận chỉ xoay quanh một vấn đề)	Chung Thủy
native_basic_drafts	batch_0651_0660	R_0652	海洋進出	かいようしんしゅつ	xâm nhập biển, mở rộng hiện diện biển	Hải Dương Tiến Xuất
native_basic_drafts	batch_0651_0660	R_0652	国際秩序	こくさいちつじょ	trật tự quốc tế	Quốc Tế Trật Tự
native_basic_drafts	batch_0651_0660	R_0652	曖昧さ	あいまいさ	sự mơ hồ, tình trạng không rõ ràng	Ái Muội
native_basic_drafts	batch_0651_0660	R_0652	発議	はつぎ	đề nghị (chính thức để trình lên Quốc hội)	Phát Nghị
native_basic_drafts	batch_0651_0660	R_0652	専権事項	せんけんじこう	đặc quyền, việc thuộc thẩm quyền riêng của một phía	Chuyên Quyền Sự Hạng
native_basic_drafts	batch_0651_0660	R_0652	正統性	せいとうせい	tính hợp pháp, tính hợp lệ (về mặt lý luận)	Chánh Thống Tính
native_basic_drafts	batch_0651_0660	R_0652	担保される	たんぽされる	được đảm bảo, được bảo chứng	Đam Bảo
native_basic_drafts	batch_0651_0660	R_0652	国民投票法	こくみんとうひょうほう	Luật Trưng cầu Dân ý	Quốc Dân Đầu Phiếu Pháp
native_basic_drafts	batch_0651_0660	R_0652	主権者	しゅけんしゃ	chủ quyền, chủ thể chủ quyền (người dân trong nhà nước dân chủ)	Chủ Quyền Giả
native_basic_drafts	batch_0651_0660	R_0652	政争	せいそう	tranh giành chính trị, cạnh tranh quyền lực chính trị	Chánh Tranh
native_basic_drafts	batch_0651_0660	R_0652	百年の大計	ひゃくねんのたいけい	kế hoạch lớn trăm năm, tầm nhìn dài hạn (thành ngữ)	Bách Niên Đại Kế
native_basic_drafts	batch_0651_0660	R_0652	営為	えいい	nỗ lực tích lũy liên tục, hành động bền bỉ (văn chương chín mươi)	Doanh Vi
native_basic_drafts	batch_0651_0660	R_0652	戒める	いましめる	ngăn chặn, răn bảo, nhấn mạnh cảnh báo	Giới
native_basic_drafts	batch_0651_0660	R_0652	緊急事態条項	きんきゅうじたいじょうこう	điều khoản tình trạng khẩn cấp (trong hiến pháp)	Khẩn Cấp Sự Thái Điều Hạng
native_basic_drafts	batch_0651_0660	R_0652	論をまたない	ろんをまたない	không cần bàn luận, là điều hiển nhiên (thành ngữ văn chính luận)	Luận
native_basic_drafts	batch_0651_0660	R_0653	予期せぬ	よきせぬ	ngoài dự kiến, bất ngờ (văn cổ điển của 予期しない)	Dư Kì
native_basic_drafts	batch_0651_0660	R_0653	沈黙	ちんもく	sự im lặng, sự trầm mặc	Trầm Mặc
native_basic_drafts	batch_0651_0660	R_0653	静寂	せいじゃく	sự tĩnh lặng tuyệt đối (trang trọng hơn 静かさ)	Tĩnh Tịch
native_basic_drafts	batch_0651_0660	R_0653	障害をもって生まれた子	しょうがいをもってうまれたこ	đứa con sinh ra với khuyết tật (mô-típ tự truyện trong văn Oe — gắn với Oe Hikari ngoài đời)	Chướng Hại Sanh Tử
native_basic_drafts	batch_0651_0660	R_0653	確固たる	かっこたる	chắc chắn, vững chắc, kiên định (văn cổ điển: たる thay cho な)	Xác Cố
native_basic_drafts	batch_0651_0660	R_0653	万延元年	まんえんがんねん	năm Mãn-Diên thứ nhất (1860) — cuối thời Edo, nhiều biến động	Vạn Duyên Nguyên Niên
native_basic_drafts	batch_0651_0660	R_0653	激動	げきどう	biến động dữ dội, xáo trộn mạnh mẽ	Kích Động
native_basic_drafts	batch_0651_0660	R_0653	蜂起	ほうき	nổi dậy, khởi nghĩa (蜂 = ong — nổi dậy như đàn ong)	Phong Khởi
native_basic_drafts	batch_0651_0660	R_0653	掘り起こす	ほりおこす	đào bới lên, khai quật (ký ức, sự thật bị chôn vùi)	Quật Khởi
native_basic_drafts	batch_0651_0660	R_0653	呼び覚ます	よびさます	gọi dậy, đánh thức (ký ức, cảm xúc đang ngủ yên)	Hô Giác
native_basic_drafts	batch_0651_0660	R_0653	鉛色	なまりいろ	màu chì (xám xịt ảm đạm)	Duyên Sắc
native_basic_drafts	batch_0651_0660	R_0653	古老	ころう	cụ già, người cao tuổi trong làng — người giữ ký ức lịch sử	Cổ Lão
native_basic_drafts	batch_0651_0660	R_0653	囲炉裏	いろり	lò sưởi truyền thống khoét xuống sàn nhà Nhật	Vi Lô Lí
native_basic_drafts	batch_0651_0660	R_0653	やり遂げる	やりとげる	hoàn thành, làm đến nơi đến chốn, thực hiện đến cùng	Toại
native_basic_drafts	batch_0651_0660	R_0653	正体	しょうたい	bản thân thật sự, căn nguyên thật sự (thường dùng trong ngữ cảnh bí ẩn)	Chánh Thể
native_basic_drafts	batch_0651_0660	R_0653	絶えず	たえず	không ngừng, liên tục không đứt quãng	Tuyệt
native_basic_drafts	batch_0651_0660	R_0653	斜面	しゃめん	sườn núi, mặt dốc	Tà Diện
native_basic_drafts	batch_0651_0660	R_0653	漂う	ただよう	lan tỏa, phiêu bạt (mùi hương, bầu không khí — không thể nắm bắt)	Phiếu
native_basic_drafts	batch_0651_0660	R_0654	矮小化	わいしょうか	thu nhỏ, hạ thấp (tầm quan trọng của vấn đề)	Nụy Tiểu Hóa
native_basic_drafts	batch_0651_0660	R_0654	是非	ぜひ	tranh luận phải-trái, đúng-sai; sự phán xét giá trị	Thị Phi
native_basic_drafts	batch_0651_0660	R_0654	専守防衛	せんしゅぼうえい	phòng thủ chuyên biệt (nguyên tắc chỉ phòng thủ, không tấn công trước của Nhật)	Chuyên Thủ Phòng Vệ
native_basic_drafts	batch_0651_0660	R_0654	反撃能力	はんげきのうりょく	năng lực phản kích, năng lực tấn công căn cứ địch (từ chính sách mới)	Phản Kích Năng Lực
native_basic_drafts	batch_0651_0660	R_0654	立憲主義	りっけんしゅぎ	chủ nghĩa lập hiến (tư tưởng nhà nước phải tuân theo Hiến pháp)	Lập Hiến Chủ Nghĩa
native_basic_drafts	batch_0651_0660	R_0654	遵守	じゅんしゅ	tuân thủ, tuân theo (luật pháp, quy tắc)	Tuân Thủ
native_basic_drafts	batch_0651_0660	R_0654	整合性	せいごうせい	tính nhất quán, tính tương thích	Chỉnh Hợp Tính
native_basic_drafts	batch_0651_0660	R_0654	信頼醸成措置	しんらいじょうせいそち	biện pháp xây dựng lòng tin (CBMs — Confidence Building Measures)	Tín Lại Nhưỡng Thành Thố Trí
native_basic_drafts	batch_0651_0660	R_0654	抑止力	よくしりょく	sức răn đe, lực lượng ngăn chặn	Ức Chỉ Lực
native_basic_drafts	batch_0651_0660	R_0654	本末転倒	ほんまつてんとう	đảo lộn gốc ngọn, nhầm lẫn mục tiêu với phương tiện	Bản Mạt Chuyển Đảo
native_basic_drafts	batch_0651_0660	R_0654	歳出削減	さいしゅつさくげん	cắt giảm chi tiêu ngân sách	Tuế Xuất Tước Giảm
native_basic_drafts	batch_0651_0660	R_0654	正統性	せいとうせい	tính chính danh, tính hợp pháp (về mặt chính trị-xã hội)	Chánh Thống Tính
native_basic_drafts	batch_0651_0660	R_0654	多元的	たげんてき	đa nguyên, đa chiều	Đa Nguyên Đích
native_basic_drafts	batch_0651_0660	R_0654	海洋進出	かいようしんしゅつ	mở rộng ra biển, bành trướng trên biển	Hải Dương Tiến Xuất
native_basic_drafts	batch_0651_0660	R_0654	膨張	ぼうちょう	phình to, bành trướng (số lượng, quy mô)	Bành Trương
native_basic_drafts	batch_0651_0660	R_0654	粘り強い	ねばりづよい	kiên trì, bền bỉ, không từ bỏ	Niêm Cường
native_basic_drafts	batch_0651_0660	R_0654	ホットライン	ホットライン	đường dây nóng (hotline liên lạc trực tiếp)	
native_basic_drafts	batch_0651_0660	R_0654	社会保障	しゃかいほしょう	an sinh xã hội	Xã Hội Bảo Chướng
native_basic_drafts	batch_0651_0660	R_0655	クオリア	クオリア	qualia — chất lượng trải nghiệm chủ quan, ví dụ: cảm giác 'đỏ' khi thấy màu đỏ	
native_basic_drafts	batch_0651_0660	R_0655	網膜	もうまく	võng mạc (phần mắt tiếp nhận ánh sáng)	Võng Mạc
native_basic_drafts	batch_0651_0660	R_0655	視神経	ししんけい	dây thần kinh thị giác	Thị Thần Kinh
native_basic_drafts	batch_0651_0660	R_0655	後頭葉	こうとうよう	thùy chẩm (vùng não phía sau xử lý thị giác)	Hậu Đầu Diệp
native_basic_drafts	batch_0651_0660	R_0655	視覚野	しかくや	vùng thị giác (visual cortex trong não)	Thị Giác Dã
native_basic_drafts	batch_0651_0660	R_0655	神経回路	しんけいかいろ	mạch thần kinh, neural circuit	Thần Kinh Hồi Lộ
native_basic_drafts	batch_0651_0660	R_0655	眩暈	めまい	chóng mặt, cảm giác choáng váng	Mãn Vựng
native_basic_drafts	batch_0651_0660	R_0655	断絶	だんぜつ	sự đứt đoạn, khoảng cách không thể thu hẹp	Đoạn Tuyệt
native_basic_drafts	batch_0651_0660	R_0655	意識のハード問題	いしきのハードもんだい	vấn đề khó của ý thức (hard problem of consciousness — thuật ngữ triết học)	Ý Thức Vấn Đề
native_basic_drafts	batch_0651_0660	R_0655	パンプサイキズム	パンプサイキズム	panpsychism — thuyết vạn vật có ý thức	
native_basic_drafts	batch_0651_0660	R_0655	遍在する	へんざいする	hiện diện khắp nơi, có mặt ở mọi nơi	Biến Tại
native_basic_drafts	batch_0651_0660	R_0655	機能主義	きのうしゅぎ	chức năng luận (functionalism — lý thuyết triết học về tâm trí)	Ki Năng Chủ Nghĩa
native_basic_drafts	batch_0651_0660	R_0655	副産物	ふくさんぶつ	sản phẩm phụ, byproduct	Phó Sản Vật
native_basic_drafts	batch_0651_0660	R_0655	旋律	せんりつ	giai điệu, melody	Toàn Luật
native_basic_drafts	batch_0651_0660	R_0655	内実	ないじつ	nội dung thực sự bên trong, bản chất nội tại	Nội Thực
native_basic_drafts	batch_0651_0660	R_0655	主観的	しゅかんてき	mang tính chủ quan, subjective	Chủ Quan Đích
native_basic_drafts	batch_0651_0660	R_0655	客観的	きゃっかんてき	mang tính khách quan, objective	Khách Quan Đích
native_basic_drafts	batch_0651_0660	R_0656	少子高齢化	しょうしこうれいか	tình trạng ít trẻ em và già hóa dân số	Thiểu Tử Cao Linh Hóa
native_basic_drafts	batch_0651_0660	R_0656	技能実習制度	ぎのうじっしゅうせいど	chế độ thực tập kỹ năng (hệ thống tiếp nhận lao động nước ngoài của Nhật)	Kĩ Năng Thực Tập Chế Độ
native_basic_drafts	batch_0651_0660	R_0656	特定技能	とくていぎのう	kỹ năng đặc định (tư cách lưu trú mới từ 2019)	Đặc Định Kĩ Năng
native_basic_drafts	batch_0651_0660	R_0656	在留資格	ざいりゅうしかく	tư cách lưu trú, visa lưu trú tại Nhật	Tại Lưu Tư Cách
native_basic_drafts	batch_0651_0660	R_0656	人手不足	ひとでぶそく	thiếu hụt nhân lực lao động	Nhân Thủ Bất Túc
native_basic_drafts	batch_0651_0660	R_0656	失踪者	しっそうしゃ	người mất tích, người bỏ trốn	Thất Tung Giả
native_basic_drafts	batch_0651_0660	R_0656	蚊帳の外	かやのそと	bị gạt ra ngoài lề, bị loại khỏi vòng thảo luận (thành ngữ: ngoài màn muỗi)	Văn Trướng Ngoại
native_basic_drafts	batch_0651_0660	R_0656	構造的矛盾	こうぞうてきむじゅん	mâu thuẫn có tính cấu trúc, mâu thuẫn nội tại của hệ thống	Cấu Tạo Đích Mâu Thuẫn
native_basic_drafts	batch_0651_0660	R_0656	送り出し機関	おくりだしきかん	tổ chức phái cử lao động ra nước ngoài	Tống Xuất Ki Quan
native_basic_drafts	batch_0651_0660	R_0656	有識者会議	ゆうしきしゃかいぎ	hội đồng chuyên gia, hội đồng người có chuyên môn	Hữu Thức Giả Hội Nghị
native_basic_drafts	batch_0651_0660	R_0656	転籍権	てんせきけん	quyền chuyển đổi nơi làm việc (quyền của lao động nước ngoài)	Chuyển Tịch Quyền
native_basic_drafts	batch_0651_0660	R_0656	統合政策	とうごうせいさく	chính sách hội nhập (cho người nhập cư hòa nhập xã hội)	Thống Hợp Chánh Sách
native_basic_drafts	batch_0651_0660	R_0656	多文化共生	たぶんかきょうせい	cùng tồn tại đa văn hóa, hài hòa giữa các nền văn hóa	Đa Văn Hóa Cộng Sanh
native_basic_drafts	batch_0651_0660	R_0656	人口動態	じんこうどうたい	động thái dân số, xu hướng biến đổi dân số	Nhân Khẩu Động Thái
native_basic_drafts	batch_0651_0660	R_0656	趨勢	すうせい	xu hướng, chiều hướng (formal — văn báo chí)	Xu Thế
native_basic_drafts	batch_0651_0660	R_0656	二重構造	にじゅうこうぞう	cấu trúc kép, hệ thống hai tầng mâu thuẫn nhau	Nhị Trọng Cấu Tạo
native_basic_drafts	batch_0651_0660	R_0656	育成就労	いくせいしゅうろう	chế độ Ikusei Shuro — chế độ lao động đào tạo (thay thế thực tập kỹ năng từ 2024)	Dục Thành Tựu Lao
native_basic_drafts	batch_0651_0660	R_0656	経済的重圧	けいざいてきじゅうあつ	áp lực kinh tế nặng nề (重圧 = áp lực lớn, sức ép nặng)	Kinh Tế Đích Trọng Áp
native_basic_drafts	batch_0651_0660	R_0656	地方自治体	ちほうじちたい	chính quyền địa phương (tỉnh, thành phố, thị xã)	Địa Phương Tự Trì Thể
native_basic_drafts	batch_0651_0660	R_0656	建前	たてまえ	danh nghĩa, lý lẽ bề ngoài (đối lập với bản ý thực tế)	Kiến Tiền
native_basic_drafts	batch_0651_0660	R_0656	社会的結束	しゃかいてきけっそく	sự gắn kết xã hội, đoàn kết xã hội	Xã Hội Đích Kết Thúc
native_basic_drafts	batch_0651_0660	R_0657	壮大	そうだい	vĩ đại, hùng vĩ, đồ sộ	Tráng Đại
native_basic_drafts	batch_0651_0660	R_0657	最前線	さいぜんせん	tuyến đầu, vị trí tiên phong	Tối Tiền Tuyến
native_basic_drafts	batch_0651_0660	R_0657	己	おのれ	bản thân mình (văn cổ, trang trọng hơn 自分)	Kỉ
native_basic_drafts	batch_0651_0660	R_0657	自明	じめい	hiển nhiên, tự rõ ràng không cần giải thích	Tự Minh
native_basic_drafts	batch_0651_0660	R_0657	騎兵	きへい	kỵ binh, lính cưỡi ngựa	Kị Binh
native_basic_drafts	batch_0651_0660	R_0657	城下町	じょうかまち	thị trấn thành cổ, khu dân cư quanh thành	Thành Hạ Đinh
native_basic_drafts	batch_0651_0660	R_0657	瀬戸内	せとうち	Seto Naikai — vùng biển trong nằm giữa Honshu và Shikoku/Kyushu	Lại Hộ Nội
native_basic_drafts	batch_0651_0660	R_0657	楽観主義	らっかんしゅぎ	chủ nghĩa lạc quan	Lạc Quan Chủ Nghĩa
native_basic_drafts	batch_0651_0660	R_0657	原動力	げんどうりょく	động lực, sức mạnh gốc rễ thúc đẩy	Nguyên Động Lực
native_basic_drafts	batch_0651_0660	R_0657	総決算	そうけっさん	bản quyết toán tổng thể, tổng kết cuối cùng	Tổng Quyết Toán
native_basic_drafts	batch_0651_0660	R_0657	コサック騎兵	コサックきへい	kỵ binh Cossack (đơn vị kỵ binh tinh nhuệ của Nga)	Kị Binh
native_basic_drafts	batch_0651_0660	R_0657	連合艦隊	れんごうかんたい	Hạm đội Liên hợp (lực lượng hải quân Nhật thời Meiji)	Liên Hợp Hạm Đội
native_basic_drafts	batch_0651_0660	R_0657	参謀	さんぼう	tham mưu, sĩ quan hoạch định chiến lược	Tham Mưu
native_basic_drafts	batch_0651_0660	R_0657	勝算	しょうさん	xác suất thắng, khả năng chiến thắng	Thắng Toán
native_basic_drafts	batch_0651_0660	R_0657	讃える	たたえる	ngợi ca, tôn vinh	Tán
native_basic_drafts	batch_0651_0660	R_0657	無数	むすう	vô số, không đếm được	Vô Sổ
native_basic_drafts	batch_0651_0660	R_0657	手渡す	てわたす	trao tay, chuyển giao trực tiếp	Thủ Độ
native_basic_drafts	batch_0651_0660	R_0658	合計特殊出生率	ごうけいとくしゅしゅっしょうりつ	tỷ lệ sinh tổng hợp (TFR — tổng số con trung bình một phụ nữ sinh ra trong đời)	Hợp Kế Đặc Thù Xuất Sanh Suất
native_basic_drafts	batch_0651_0660	R_0658	異次元	いじげん	chiều kích khác biệt, ở cấp độ khác (hàm ý: chưa từng có, vượt khuôn thông thường)	Dị Thứ Nguyên
native_basic_drafts	batch_0651_0660	R_0658	矢継ぎ早	やつぎばや	liên tiếp dồn dập, nhanh tới tấp (như tên bắn liên hồi)	Thỉ Kế Tảo
native_basic_drafts	batch_0651_0660	R_0658	抜本的	ばっぽんてき	căn cơ, triệt để (nhổ tận gốc — cải cách triệt để, không chữa triệu chứng)	Bạt Bản Đích
native_basic_drafts	batch_0651_0660	R_0658	非正規雇用	ひせいきこよう	việc làm phi chính thức, hợp đồng ngắn hạn (đối lập với 正規雇用 — biên chế)	Phi Chánh Quy Cố Dụng
native_basic_drafts	batch_0651_0660	R_0658	育児休業	いくじきゅうぎょう	nghỉ phép nuôi con (chế độ pháp lý cho phép nghỉ để chăm sóc con nhỏ)	Dục Nhi Hưu Nghiệp
native_basic_drafts	batch_0651_0660	R_0658	キャリア断絶	キャリアだんぜつ	đứt gãy sự nghiệp (đặc biệt chỉ phụ nữ bỏ việc sau khi sinh con)	Đoạn Tuyệt
native_basic_drafts	batch_0651_0660	R_0658	児童手当	じどうてあて	trợ cấp trẻ em (khoản tiền chính phủ trả cho hộ gia đình có con nhỏ)	Nhi Đồng Thủ Đương
native_basic_drafts	batch_0651_0660	R_0658	待機児童	たいきじどう	trẻ em chờ suất nhà trẻ (trẻ được đăng ký nhưng chưa có chỗ tại cơ sở chăm sóc công lập)	Đãi Ki Nhi Đồng
native_basic_drafts	batch_0651_0660	R_0658	縦割り行政	たてわりぎょうせい	nền hành chính theo ngành dọc (từng bộ ngành hoạt động độc lập, thiếu phối hợp ngang)	Túng Cát Hành Chánh
native_basic_drafts	batch_0651_0660	R_0658	働き方改革	はたらきかたかいかく	cải cách cách làm việc (chương trình chính sách giảm giờ làm thêm, tăng linh hoạt lao động)	Động Phương Cải Cách
native_basic_drafts	batch_0651_0660	R_0658	こども未来戦略	こどもみらいせんりゃく	Chiến lược Tương lai Trẻ em (gói chính sách 3 nghìn tỷ yên của chính phủ Kishida năm 2023)	Vị Lai Chiến Lược
native_basic_drafts	batch_0651_0660	R_0658	財源	ざいげん	nguồn tài chính, nguồn thu ngân sách (để cấp vốn cho chính sách)	Tài Nguyên
native_basic_drafts	batch_0651_0660	R_0658	社会保険料	しゃかいほけんりょう	phí bảo hiểm xã hội (khoản đóng góp bắt buộc cho hệ thống y tế, hưu trí, thất nghiệp)	Xã Hội Bảo Hiểm Liêu
native_basic_drafts	batch_0651_0660	R_0658	場当たり的	ばあたりてき	chắp vá, đối phó tình huống (giải quyết từng vấn đề một, thiếu kế hoạch dài hạn)	Tràng Đương Đích
native_basic_drafts	batch_0651_0660	R_0658	合意形成	ごういけいせい	xây dựng đồng thuận (quá trình đạt được sự đồng ý của nhiều bên liên quan)	Hợp Ý Hình Thành
native_basic_drafts	batch_0651_0660	R_0658	持続可能性	じぞくかのうせい	tính bền vững, khả năng duy trì lâu dài (thường dùng trong ngữ cảnh chính sách, môi trường)	Trì Tục Khả Năng Tính
native_basic_drafts	batch_0651_0660	R_0658	遅々として	ちちとして	chậm chạp, ì ạch (phó từ văn viết — diễn tả tiến độ cực kỳ chậm, không đủ kỳ vọng)	Trì
native_basic_drafts	batch_0651_0660	R_0658	現役世代	げんえきせだい	thế hệ đang hoạt động, người đang đi làm (đối lập với người cao tuổi đã về hưu)	Hiện Dịch Thế Đại
native_basic_drafts	batch_0651_0660	R_0658	警鐘を鳴らす	けいしょうをならす	gióng lên hồi chuông cảnh báo (thành ngữ — cảnh báo nguy hiểm sắp tới)	Cảnh Chung Minh
native_basic_drafts	batch_0651_0660	R_0659	教鞭をとる	きょうべんをとる	đứng trên bục giảng, làm nghề giáo (thành ngữ trang trọng)	Giáo Tiên
native_basic_drafts	batch_0651_0660	R_0659	市場化	しじょうか	sự thị trường hóa, quá trình áp dụng cơ chế thị trường	Thị Tràng Hóa
native_basic_drafts	batch_0651_0660	R_0659	経済合理性	けいざいごうりせい	lý tính kinh tế, tính hợp lý về mặt kinh tế	Kinh Tế Hợp Lí Tính
native_basic_drafts	batch_0651_0660	R_0659	知的好奇心	ちてきこうきしん	sự tò mò trí tuệ, ham muốn hiểu biết về mặt tư duy	Tri Đích Hảo Kì Tâm
native_basic_drafts	batch_0651_0660	R_0659	人格の変容	じんかくのへんよう	sự biến đổi nhân cách, quá trình thay đổi con người	Nhân Cách Biến Dung
native_basic_drafts	batch_0651_0660	R_0659	数値化	すうちか	số hóa, chuyển thành con số đo lường được	Sổ Trị Hóa
native_basic_drafts	batch_0651_0660	R_0659	蓄積	ちくせき	sự tích lũy, tích trữ theo thời gian	Súc Tích
native_basic_drafts	batch_0651_0660	R_0659	至上	しじょう	cao nhất, tối thượng (至上とする = xem là cao nhất)	Chí Thượng
native_basic_drafts	batch_0651_0660	R_0659	根底から	こんていから	từ tận gốc rễ, từ nền tảng căn bản	Căn Để
native_basic_drafts	batch_0651_0660	R_0659	師匠	ししょう	người thầy, sư phụ (theo nghĩa truyền thụ tinh thần, không chỉ kiến thức)	Sư Tượng
native_basic_drafts	batch_0651_0660	R_0659	難関校	なんかんこう	trường danh tiếng khó đỗ, trường thi cử gắt gao	Nan Quan Giáo
native_basic_drafts	batch_0651_0660	R_0659	敏感に反応する	びんかんにはんのうする	phản ứng nhạy bén, nhạy cảm với sự thay đổi	Mẫn Cảm Phản Ứng
native_basic_drafts	batch_0651_0660	R_0659	論理	ろんり	logic, lý luận, chuỗi lập luận	Luận Lí
native_basic_drafts	batch_0651_0660	R_0659	学力	がくりょく	học lực, năng lực học tập (thường đo bằng điểm số)	Học Lực
native_basic_drafts	batch_0651_0660	R_0659	説得力	せっとくりょく	sức thuyết phục, khả năng thuyết phục	Thuyết Đắc Lực
native_basic_drafts	batch_0651_0660	R_0660	ベンチャーキャピタル	ベンチャーキャピタル	vốn mạo hiểm, venture capital	
native_basic_drafts	batch_0651_0660	R_0660	エグジット戦略	エグジットせんりゃく	chiến lược exit, chiến lược thoát vốn (M&A hoặc IPO)	Chiến Lược
native_basic_drafts	batch_0651_0660	R_0660	ユニコーン	ユニコーン	unicorn — startup định giá trên 1 tỷ USD	
native_basic_drafts	batch_0651_0660	R_0660	連続起業家	れんぞくきぎょうか	doanh nhân liên tiếp, serial entrepreneur	Liên Tục Khởi Nghiệp Gia
native_basic_drafts	batch_0651_0660	R_0660	縦割り構造	たてわりこうぞう	cấu trúc chia cắt dọc (giữa các bộ/phòng ban), silo structure	Túng Cát Cấu Tạo
native_basic_drafts	batch_0651_0660	R_0660	エコシステム	エコシステム	hệ sinh thái (ngành kinh doanh)	
native_basic_drafts	batch_0651_0660	R_0660	シードラウンド	シードラウンド	vòng gọi vốn hạt giống, seed round — giai đoạn đầu tiên	
native_basic_drafts	batch_0651_0660	R_0660	固定化	こていか	sự cố định hóa, trở nên cố định/không thay đổi	Cố Định Hóa
native_basic_drafts	batch_0651_0660	R_0660	情報の非対称性	じょうほうのひたいしょうせい	bất đối xứng thông tin, information asymmetry	Tình Báo Phi Đối Xưng Tính
native_basic_drafts	batch_0651_0660	R_0660	人材の還流	じんざいのかんりゅう	vòng tuần hoàn nhân tài, hồi lưu nhân tài	Nhân Tài Hoàn Lưu
native_basic_drafts	batch_0651_0660	R_0660	地殻変動	ちかくへんどう	chuyển dịch kiến tạo, biến động căn bản sâu xa (nghĩa bóng)	Địa Xác Biến Động
native_basic_drafts	batch_0651_0660	R_0660	官民連携	かんみんれんけい	hợp tác công tư, quan hệ đối tác nhà nước-tư nhân	Quan Dân Liên Huề
native_basic_drafts	batch_0651_0660	R_0660	一極集中	いっきょくしゅうちゅう	sự tập trung vào một cực, tập trung tuyệt đối vào một nơi	Nhất Cực Tập Trung
native_basic_drafts	batch_0651_0660	R_0660	旧弊	きゅうへい	thói quen cũ lỗi thời, tệ tục cũ	Cựu Tệ
native_basic_drafts	batch_0651_0660	R_0660	橋渡し役	はしわたしやく	vai trò cầu nối, người bắc cầu	Kiều Độ Dịch
native_basic_drafts	batch_0651_0660	R_0660	Society 5.0	ソサエティファイブポイントゼロ	Society 5.0 — tầm nhìn xã hội Nhật Bản tích hợp không gian vật lý và số	
native_basic_drafts	batch_0661_0670	R_0661	容疑者	ようぎしゃ	nghi phạm, người bị tình nghi	Dung Nghi Giả
native_basic_drafts	batch_0661_0670	R_0661	献身	けんしん	sự hiến thân, sự cống hiến hết mình	Hiến Thân
native_basic_drafts	batch_0661_0670	R_0661	証明する	しょうめいする	chứng minh, làm rõ	Chứng Minh
native_basic_drafts	batch_0661_0670	R_0661	積極的に	せっきょくてきに	một cách tích cực, chủ động	Tích Cực Đích
native_basic_drafts	batch_0661_0670	R_0661	自問する	じもんする	tự hỏi bản thân, tự vấn	Tự Vấn
native_basic_drafts	batch_0661_0670	R_0661	差し出す	さしだす	đưa ra, trình ra, tự dâng hiến	Soa Xuất
native_basic_drafts	batch_0661_0670	R_0661	動じる	どうじる	dao động, xao xuyến, bị tác động	Động
native_basic_drafts	batch_0661_0670	R_0661	静観する	せいかんする	bình thản quan sát, đứng ngoài nhìn	Tĩnh Quan
native_basic_drafts	batch_0661_0670	R_0661	呟く	つぶやく	thầm thì, lẩm bẩm, nói nhỏ	Huyền
native_basic_drafts	batch_0661_0670	R_0661	配置する	はいちする	sắp xếp, bố trí, đặt vào vị trí	Phối Trí
native_basic_drafts	batch_0661_0670	R_0661	本能	ほんのう	bản năng	Bản Năng
native_basic_drafts	batch_0661_0670	R_0661	自首する	じしゅする	tự thú, ra đầu thú	Tự Thủ
native_basic_drafts	batch_0661_0670	R_0661	困惑	こんわく	sự bối rối, hoang mang	Khốn Hoặc
native_basic_drafts	batch_0661_0670	R_0661	変数	へんすう	biến số (toán học)	Biến Sổ
native_basic_drafts	batch_0661_0670	R_0661	良心	りょうしん	lương tâm, lương tri	Lương Tâm
native_basic_drafts	batch_0661_0670	R_0661	溜め息をつく	ためいきをつく	thở dài	Lựu Tức
native_basic_drafts	batch_0661_0670	R_0661	常軌を逸する	じょうきをいっする	vượt ra ngoài giới hạn bình thường, bất thường đến mức cực đoan	Thường Quỹ Dật
native_basic_drafts	batch_0661_0670	R_0661	完全犯罪	かんぜんはんざい	tội phạm hoàn hảo, vụ án không để lại chứng cứ	Hoàn Toàn Phạm Tội
native_basic_drafts	batch_0661_0670	R_0662	徴用工	ちょうようこう	lao động cưỡng bức (thời chiến tranh), công nhân bị cưỡng ép	Trưng Dụng Công
native_basic_drafts	batch_0661_0670	R_0662	第三者弁済	だいさんしゃべんさい	bồi thường bởi bên thứ ba (phương án pháp lý cho vấn đề lao động cưỡng bức)	Đệ Tam Giả Biện Tế
native_basic_drafts	batch_0661_0670	R_0662	形骸化	けいがいか	bị vô hiệu hóa về thực chất, chỉ còn hình thức rỗng tuếch	Hình Hai Hóa
native_basic_drafts	batch_0661_0670	R_0662	慰安婦	いあんふ	phụ nữ mua vui (comfort women — thuật ngữ lịch sử nhạy cảm về lao động tình dục cưỡng bức thời chiến)	Úy An Phụ
native_basic_drafts	batch_0661_0670	R_0662	先鋭化	せんえいか	ngày càng gay gắt, cực đoan hóa, trở nên sắc bén	Tiên Duệ Hóa
native_basic_drafts	batch_0661_0670	R_0662	看過	かんか	bỏ qua, nhắm mắt làm ngơ	Khán Quá
native_basic_drafts	batch_0661_0670	R_0662	サプライチェーン	サプライチェーン	chuỗi cung ứng (supply chain)	
native_basic_drafts	batch_0661_0670	R_0662	誘因	ゆういん	động cơ, yếu tố kích thích, nhân tố thúc đẩy	Dụ Nhân
native_basic_drafts	batch_0661_0670	R_0662	隔たり	へだたり	khoảng cách, sự cách biệt	Cách
native_basic_drafts	batch_0661_0670	R_0662	力学	りきがく	động lực (học), cơ học — ở đây: các lực lượng chi phối tình hình	Lực Học
native_basic_drafts	batch_0661_0670	R_0662	可視化	かしか	hiển thị hóa, làm cho nhìn thấy được, visualization	Khả Thị Hóa
native_basic_drafts	batch_0661_0670	R_0662	シャトル外交	シャトルがいこう	ngoại giao con thoi (shuttle diplomacy — qua lại giữa hai bên)	Ngoại Giao
native_basic_drafts	batch_0661_0670	R_0662	制度化	せいどか	thể chế hóa, luật hóa, hệ thống hóa	Chế Độ Hóa
native_basic_drafts	batch_0661_0670	R_0662	節目	ふしめ	cột mốc, bước ngoặt quan trọng	Tiết Mục
native_basic_drafts	batch_0661_0670	R_0662	相互依存	そうごいぞん	sự phụ thuộc lẫn nhau, interdependence	Tương Hỗ Y Tồn
native_basic_drafts	batch_0661_0670	R_0662	携わる	たずさわる	tham gia, dấn thân vào, liên quan đến (công việc)	Huề
native_basic_drafts	batch_0661_0670	R_0662	複層的	ふくそうてき	đa tầng, phức tầng, nhiều lớp	Phức Tằng Đích
native_basic_drafts	batch_0661_0670	R_0662	地域秩序	ちいきちつじょ	trật tự khu vực (regional order)	Địa Vực Trật Tự
native_basic_drafts	batch_0661_0670	R_0662	不可欠	ふかけつ	không thể thiếu, không thể bỏ qua	Bất Khả Khiếm
native_basic_drafts	batch_0661_0670	R_0662	未来志向	みらいしこう	hướng tới tương lai, tư duy tương lai (forward-looking)	Vị Lai Chí Hướng
native_basic_drafts	batch_0661_0670	R_0662	傾向	けいこう	xu hướng, khuynh hướng	Khuynh Hướng
native_basic_drafts	batch_0661_0670	R_0662	招聘	しょうへい	mời (trang trọng), chiêu mời	Chiêu Sính
native_basic_drafts	batch_0661_0670	R_0662	構造変容	こうぞうへんよう	chuyển biến cấu trúc, biến đổi hệ thống	Cấu Tạo Biến Dung
native_basic_drafts	batch_0661_0670	R_0662	批判的な視座	ひはんてきなしざ	lập trường phê phán, góc nhìn phê bình	Phê Phán Đích Thị Tọa
native_basic_drafts	batch_0661_0670	R_0663	縄文	じょうもん	Jomon — thời kỳ tiền sử Nhật Bản (~13000 BCE đến ~1000 BCE, theo niên đại C14 hiệu chỉnh sau 2003)	Thằng Văn
native_basic_drafts	batch_0661_0670	R_0663	アニミズム	アニミズム	thuyết vạn vật hữu linh, animism	
native_basic_drafts	batch_0661_0670	R_0663	傲慢さ	ごうまんさ	sự ngạo mạn, thái độ kiêu ngạo	Ngạo Mạn
native_basic_drafts	batch_0661_0670	R_0663	体得する	たいとくする	thấm nhuần qua thân thể, nắm vững bằng trải nghiệm thực tế	Thể Đắc
native_basic_drafts	batch_0661_0670	R_0663	感受性	かんじゅせい	năng lực cảm thụ, sự nhạy cảm	Cảm Thụ Tính
native_basic_drafts	batch_0661_0670	R_0663	精神の空洞化	せいしんのくうどうか	sự rỗng tuếch tinh thần, tinh thần trở nên trống rỗng	Tinh Thần Không Động Hóa
native_basic_drafts	batch_0661_0670	R_0663	土偶	どぐう	tượng đất nung thời Jomon, bức tượng người bằng đất sét	Thổ Ngẫu
native_basic_drafts	batch_0661_0670	R_0663	往還する	おうかんする	đi lại giữa hai nơi, tuần hoàn qua lại	Vãng Hoàn
native_basic_drafts	batch_0661_0670	R_0663	弥生	やよい	thời Yayoi — thời kỳ sau Jomon (~1000 BCE đến ~250 CE, theo niên đại C14 hiệu chỉnh sau 2003)	Di Sanh
native_basic_drafts	batch_0661_0670	R_0663	根絶やし	ねだやし	tuyệt diệt, nhổ tận gốc, xóa sổ hoàn toàn	Căn Tuyệt
native_basic_drafts	batch_0661_0670	R_0663	里山	さとやま	vùng nông thôn ven rừng núi, làng quê gần núi	Lí San
native_basic_drafts	batch_0661_0670	R_0663	畏敬	いけい	sự kính sợ, lòng tôn kính pha lẫn sợ hãi (trước điều vĩ đại)	Úy Kính
native_basic_drafts	batch_0661_0670	R_0663	熟成される	じゅくせいされる	được chín muồi, được ủ qua thời gian dài	Thục Thành
native_basic_drafts	batch_0661_0670	R_0663	哲学的原点	てつがくてきげんてん	điểm khởi nguyên triết học, căn cơ tư tưởng	Triết Học Đích Nguyên Điểm
native_basic_drafts	batch_0661_0670	R_0663	位置づける	いちづける	xác định vị trí, đặt vào một vị trí nhất định trong hệ thống	Vị Trí
native_basic_drafts	batch_0661_0670	R_0663	照らす	てらす	soi sáng, chiếu rọi (dùng theo nghĩa bóng: soi chiếu, làm sáng tỏ)	Chiếu
native_basic_drafts	batch_0661_0670	R_0664	儀式	ぎしき	nghi thức, lễ nghi	Nghi Thức
native_basic_drafts	batch_0661_0670	R_0664	呼び起こす	よびおこす	gọi dậy, khơi dậy, thức tỉnh (cảm xúc/ký ức)	Hô Khởi
native_basic_drafts	batch_0661_0670	R_0664	即興	そっきょう	ứng tấu, ứng khẩu, ứng biến tức thì	Tức Hưng
native_basic_drafts	batch_0661_0670	R_0664	厳密	げんみつ	chặt chẽ, chính xác, nghiêm ngặt	Nghiêm Mật
native_basic_drafts	batch_0661_0670	R_0664	必然性	ひつぜんせい	tính tất yếu, sự bắt buộc phải xảy ra	Tất Nhiên Tính
native_basic_drafts	batch_0661_0670	R_0664	染み込む	しみこむ	thấm vào, ngấm sâu vào	Nhiễm Nhập
native_basic_drafts	batch_0661_0670	R_0664	入口を確保する	いりぐちをかくほする	đảm bảo lối vào, giữ vững điểm tiếp cận	Nhập Khẩu Xác Bảo
native_basic_drafts	batch_0661_0670	R_0664	不可解	ふかかい	khó hiểu, bí ẩn, không thể giải thích	Bất Khả Giải
native_basic_drafts	batch_0661_0670	R_0664	沈める	しずめる	làm lắng xuống, nhấn chìm	Trầm
native_basic_drafts	batch_0661_0670	R_0664	微かに	かすかに	khẽ, mơ hồ, rất nhẹ	Vi
native_basic_drafts	batch_0661_0670	R_0664	道具	どうぐ	công cụ, dụng cụ	Đạo Cụ
native_basic_drafts	batch_0661_0670	R_0664	輝く	かがやく	tỏa sáng, rực rỡ, chói lọi	Huy
native_basic_drafts	batch_0661_0670	R_0664	正面から向き合う	しょうめんからむきあう	đối mặt thẳng, đối diện trực tiếp	Chánh Diện Hướng Hợp
native_basic_drafts	batch_0661_0670	R_0664	間を置く	まをおく	dừng lại một chút, ngừng để suy nghĩ	Gian Trí
native_basic_drafts	batch_0661_0670	R_0664	楽譜	がくふ	bản nhạc, tổng phổ	Lạc Phổ
native_basic_drafts	batch_0661_0670	R_0665	施行	しこう	thi hành, thực thi (pháp luật)	Thi Hành
native_basic_drafts	batch_0661_0670	R_0665	立憲主義	りっけんしゅぎ	chủ nghĩa lập hiến, constitutionalism	Lập Hiến Chủ Nghĩa
native_basic_drafts	batch_0661_0670	R_0665	条文	じょうぶん	điều văn, điều khoản văn bản pháp luật	Điều Văn
native_basic_drafts	batch_0661_0670	R_0665	起草	きそう	khởi thảo, soạn thảo (văn bản)	Khởi Thảo
native_basic_drafts	batch_0661_0670	R_0665	流布	るふ	lan truyền, phổ biến rộng rãi	Lưu Bố
native_basic_drafts	batch_0661_0670	R_0665	示唆	しさ	gợi ý, ám chỉ, cho thấy khả năng	Kì Toa
native_basic_drafts	batch_0661_0670	R_0665	無責任の体系	むせきにんのたいけい	hệ thống vô trách nhiệm (thuật ngữ học thuật của Maruyama Masao)	Vô Trách Nhâm Thể Hệ
native_basic_drafts	batch_0661_0670	R_0665	破局	はきょく	thảm họa, sụp đổ, kết cục thảm khốc	Phá Cục
native_basic_drafts	batch_0661_0670	R_0665	制度的装置	せいどてきそうち	thiết bị thể chế, cơ chế thể chế	Chế Độ Đích Trang Trí
native_basic_drafts	batch_0661_0670	R_0665	合憲性	ごうけんせい	tính hợp hiến	Hợp Hiến Tính
native_basic_drafts	batch_0661_0670	R_0665	芦田修正	あしだしゅうせい	tu chính Ashida (sửa đổi Điều 9 do Ashida Hitoshi đề xuất năm 1946)	Lô Điền Tu Chánh
native_basic_drafts	batch_0661_0670	R_0665	規範力	きはんりょく	sức mạnh chuẩn mực, normative power	Quy Phạm Lực
native_basic_drafts	batch_0661_0670	R_0665	抑止力	よくしりょく	sức mạnh răn đe, deterrence	Ức Chỉ Lực
native_basic_drafts	batch_0661_0670	R_0665	立法事実	りっぽうじじつ	dữ kiện lập pháp (thực tế xã hội làm cơ sở lập pháp)	Lập Pháp Sự Thực
native_basic_drafts	batch_0661_0670	R_0665	正統性	せいとうせい	tính chính danh, tính hợp pháp về mặt lý luận (legitimacy)	Chánh Thống Tính
native_basic_drafts	batch_0661_0670	R_0665	集合的記憶	しゅうごうてききおく	ký ức tập thể, collective memory	Tập Hợp Đích Kí Ức
native_basic_drafts	batch_0661_0670	R_0665	先入観	せんにゅうかん	định kiến, thiên kiến có sẵn	Tiên Nhập Quan
native_basic_drafts	batch_0661_0670	R_0665	規範的権威	きはんてきけんい	quyền uy chuẩn mực, normative authority	Quy Phạm Đích Quyền Uy
native_basic_drafts	batch_0661_0670	R_0665	集団的自衛権	しゅうだんてきじえいけん	quyền tự vệ tập thể, collective self-defense right	Tập Đoàn Đích Tự Vệ Quyền
native_basic_drafts	batch_0661_0670	R_0665	敵基地攻撃能力	てききちこうげきのうりょく	năng lực tấn công căn cứ địch (counter-strike capability)	Địch Cơ Địa Công Kích Năng Lực
native_basic_drafts	batch_0661_0670	R_0665	軟性権力	なんせいけんりょく	quyền lực mềm, soft power	Nhuyễn Tính Quyền Lực
native_basic_drafts	batch_0661_0670	R_0665	規範的責務	きはんてきせきむ	trách nhiệm chuẩn mực, normative obligation	Quy Phạm Đích Trách Vụ
native_basic_drafts	batch_0661_0670	R_0666	諫山創	いさやまはじめ	Isayama Hajime — tác giả manga Attack on Titan	Gián San Sang
native_basic_drafts	batch_0661_0670	R_0666	消費する	しょうひする	tiêu thụ (ở đây nghĩa phê bình: chỉ hưởng thụ bề mặt)	Tiêu Phí
native_basic_drafts	batch_0661_0670	R_0666	比喩	ひゆ	ẩn dụ, so sánh tu từ	Bỉ Dụ
native_basic_drafts	batch_0661_0670	R_0666	勧善懲悪	かんぜんちょうあく	khuyến thiện trừng ác — khái niệm truyện đơn giản: thiện thắng ác	Khuyến Thiện Trừng Ác
native_basic_drafts	batch_0661_0670	R_0666	思想的変容	しそうてきへんよう	sự biến đổi về mặt tư tưởng / ý thức hệ	Tư Tưởng Đích Biến Dung
native_basic_drafts	batch_0661_0670	R_0666	地鳴らし	ちならし	Rumbling — sự kiện thảm sát trong Attack on Titan	Địa Minh
native_basic_drafts	batch_0661_0670	R_0666	倫理的	りんりてき	thuộc về đạo đức	Luân Lí Đích
native_basic_drafts	batch_0661_0670	R_0666	ハンナ・アーレント	ハンナアーレント	Hannah Arendt — triết gia chính trị người Đức-Do Thái (1906–1975)	
native_basic_drafts	batch_0661_0670	R_0666	悪の陳腐さ	あくのちんぷさ	tính tầm thường của cái ác — khái niệm của Hannah Arendt	Ác Trần Hủ
native_basic_drafts	batch_0661_0670	R_0666	アレゴリー	アレゴリー	allegory — phép ẩn dụ mở rộng, ngụ ngôn chính trị	
native_basic_drafts	batch_0661_0670	R_0666	多義性	たぎせい	tính đa nghĩa, khả năng mang nhiều ý nghĩa đồng thời	Đa Nghĩa Tính
native_basic_drafts	batch_0661_0670	R_0666	並置	へいち	đặt cạnh nhau, juxtaposition — thủ pháp so sánh bằng cách đặt song song	Tịnh Trí
native_basic_drafts	batch_0661_0670	R_0666	命題	めいだい	mệnh đề, luận điểm (triết học / logic)	Mệnh Đề
native_basic_drafts	batch_0661_0670	R_0666	内面化	ないめんか	nội tâm hóa — quá trình tiếp thu giá trị/cấu trúc bên ngoài thành một phần bản thân	Nội Diện Hóa
native_basic_drafts	batch_0661_0670	R_0666	自己矛盾	じこむじゅん	mâu thuẫn tự thân, tự mâu thuẫn với chính mình	Tự Kỉ Mâu Thuẫn
native_basic_drafts	batch_0661_0670	R_0666	凱旋	がいせん	khải hoàn, chiến thắng trở về	Khải Toàn
native_basic_drafts	batch_0661_0670	R_0666	媒体	ばいたい	phương tiện truyền thông / medium	Môi Thể
native_basic_drafts	batch_0661_0670	R_0666	転換点	てんかんてん	điểm chuyển tiếp, bước ngoặt	Chuyển Hoán Điểm
native_basic_drafts	batch_0661_0670	R_0667	至極当然	しごくとうぜん	hoàn toàn tự nhiên, đương nhiên tuyệt đối	Chí Cực Đương Nhiên
native_basic_drafts	batch_0661_0670	R_0667	も同然	もどうぜん	cũng như là, thực chất bằng với	Đồng Nhiên
native_basic_drafts	batch_0661_0670	R_0667	コミュニケーション不全	コミュニケーションふぜん	sự bất thông trong giao tiếp, rối loạn truyền thông	Bất Toàn
native_basic_drafts	batch_0661_0670	R_0667	解剖学者	かいぼうがくしゃ	nhà giải phẫu học	Giải Phẫu Học Giả
native_basic_drafts	batch_0661_0670	R_0667	内臓	ないぞう	nội tạng	Nội Tạng
native_basic_drafts	batch_0661_0670	R_0667	個人差	こじんさ	sự khác biệt cá nhân	Cá Nhân Soa
native_basic_drafts	batch_0661_0670	R_0667	幻想	げんそう	ảo tưởng, ảo giác	Huyễn Tưởng
native_basic_drafts	batch_0661_0670	R_0667	無用な対立	むようなたいりつ	xung đột vô ích, mâu thuẫn không cần thiết	Vô Dụng Đối Lập
native_basic_drafts	batch_0661_0670	R_0667	頑固	がんこ	cứng đầu, bảo thủ, ngoan cố	Ngoan Cố
native_basic_drafts	batch_0661_0670	R_0667	エコーチェンバー	エコーチェンバー	buồng vang (echo chamber — hiện tượng chỉ tiếp xúc với quan điểm đồng thuận)	
native_basic_drafts	batch_0661_0670	R_0667	可視化	かしか	hiển thị hóa, làm cho nhìn thấy được	Khả Thị Hóa
native_basic_drafts	batch_0661_0670	R_0667	投影機	とうえいき	máy chiếu, thiết bị chiếu hình	Đầu Ảnh Ki
native_basic_drafts	batch_0661_0670	R_0667	錯覚	さっかく	ảo giác, nhận thức sai lầm	Thác Giác
native_basic_drafts	batch_0661_0670	R_0667	専門知識	せんもんちしき	kiến thức chuyên môn	Chuyên Môn Tri Thức
native_basic_drafts	batch_0661_0670	R_0667	出発点	しゅっぱつてん	điểm xuất phát, điểm khởi đầu	Xuất Phát Điểm
native_basic_drafts	batch_0661_0670	R_0667	排除する	はいじょする	loại bỏ, gạt ra ngoài	Bài Trừ
native_basic_drafts	batch_0661_0670	R_0667	双方向	そうほうこう	hai chiều, bidirectional	Song Phương Hướng
native_basic_drafts	batch_0661_0670	R_0667	写し鏡	うつしかがみ	tấm gương phản chiếu, gương soi thực tế	Tả Kính
native_basic_drafts	batch_0661_0670	R_0668	地政学	ちせいがく	địa chính trị học	Địa Chánh Học
native_basic_drafts	batch_0661_0670	R_0668	余儀なくされる	よぎなくされる	bị buộc phải, không có lựa chọn nào khác	Dư Nghi
native_basic_drafts	batch_0661_0670	R_0668	開所式	かいしょしき	lễ khai trương, lễ mở cơ sở	Khai Sở Thức
native_basic_drafts	batch_0661_0670	R_0668	転換点	てんかんてん	điểm bước ngoặt, thời điểm chuyển đổi	Chuyển Hoán Điểm
native_basic_drafts	batch_0661_0670	R_0668	量産	りょうさん	sản xuất hàng loạt, sản xuất đại trà	Lượng Sản
native_basic_drafts	batch_0661_0670	R_0668	精密製造	せいみつせいぞう	chế tạo chính xác, gia công tinh vi	Tinh Mật Chế Tạo
native_basic_drafts	batch_0661_0670	R_0668	技術提携	ぎじゅつていけい	liên kết công nghệ, hợp tác kỹ thuật	Kĩ Thuật Đề Huề
native_basic_drafts	batch_0661_0670	R_0668	極端紫外線	きょくたんしがいせん	tia cực tím cực đoan (EUV — dùng trong máy quang khắc tiên tiến nhất)	Cực Đoan Tử Ngoại Tuyến
native_basic_drafts	batch_0661_0670	R_0668	露光装置	ろこうそうち	máy quang khắc, thiết bị phơi sáng (dùng trong sản xuất chip)	Lộ Quang Trang Trí
native_basic_drafts	batch_0661_0670	R_0668	戦略物資	せんりゃくぶっし	vật tư chiến lược, tài nguyên chiến lược	Chiến Lược Vật Tư
native_basic_drafts	batch_0661_0670	R_0668	技術流出	ぎじゅつりゅうしゅつ	rò rỉ công nghệ, thất thoát kỹ thuật	Kĩ Thuật Lưu Xuất
native_basic_drafts	batch_0661_0670	R_0668	退潮	たいちょう	sự thoái trào, thủy triều rút	Thối Triều
native_basic_drafts	batch_0661_0670	R_0668	デカップリング	デカップリング	sự tách rời, decoupling (thuật ngữ kinh tế)	
native_basic_drafts	batch_0661_0670	R_0668	競争優位	きょうそうゆうい	lợi thế cạnh tranh, ưu thế cạnh tranh	Cạnh Tranh Ưu Vị
native_basic_drafts	batch_0661_0670	R_0668	フォトレジスト	フォトレジスト	chất cản quang (photoresist — vật liệu quan trọng trong sản xuất bán dẫn)	
native_basic_drafts	batch_0661_0670	R_0668	強靭化	きょうじんか	tăng cường khả năng phục hồi, làm cho bền vững hơn (resilience)	Cường Nhẫn Hóa
native_basic_drafts	batch_0661_0670	R_0668	経済安全保障推進法	けいざいあんぜんほしょうすいしんほう	Luật thúc đẩy an ninh kinh tế (ban hành năm 2022)	Kinh Tế An Toàn Bảo Chướng Thôi Tiến Pháp
native_basic_drafts	batch_0661_0670	R_0668	試金石	しきんせき	thước đo, đá thử vàng — tiêu chí đánh giá	Thí Kim Thạch
native_basic_drafts	batch_0661_0670	R_0668	官民一体	かんみんいったい	nhà nước và tư nhân phối hợp, hợp tác công tư	Quan Dân Nhất Thể
native_basic_drafts	batch_0661_0670	R_0668	過剰投資	かじょうとうし	đầu tư thừa, đầu tư quá mức	Quá Thặng Đầu Tư
native_basic_drafts	batch_0661_0670	R_0669	解剖学	かいぼうがく	giải phẫu học	Giải Phẫu Học
native_basic_drafts	batch_0661_0670	R_0669	対象	たいしょう	đối tượng, mục tiêu nghiên cứu	Đối Tượng
native_basic_drafts	batch_0661_0670	R_0669	検査数値	けんさすうち	chỉ số xét nghiệm	Kiểm Tra Sổ Trị
native_basic_drafts	batch_0661_0670	R_0669	基準値	きじゅんち	giá trị chuẩn, ngưỡng chuẩn	Cơ Chuẩn Trị
native_basic_drafts	batch_0661_0670	R_0669	遺体	いたい	thi thể, thi hài	Di Thể
native_basic_drafts	batch_0661_0670	R_0669	個別具体的	こべつぐたいてき	cụ thể theo từng cá nhân, mang tính đặc thù cá biệt	Cá Biệt Cụ Thể Đích
native_basic_drafts	batch_0661_0670	R_0669	標準化	ひょうじゅんか	sự chuẩn hóa, tiêu chuẩn hóa	Tiêu Chuẩn Hóa
native_basic_drafts	batch_0661_0670	R_0669	個体差	こたいさ	khác biệt cá thể, dị biệt cá nhân	Cá Thể Soa
native_basic_drafts	batch_0661_0670	R_0669	厳然として	げんぜんとして	một cách hiển nhiên, rõ ràng không thể phủ nhận	Nghiêm Nhiên
native_basic_drafts	batch_0661_0670	R_0669	構造的	こうぞうてき	mang tính cấu trúc, thuộc về cấu trúc hệ thống	Cấu Tạo Đích
native_basic_drafts	batch_0661_0670	R_0669	主観的	しゅかんてき	mang tính chủ quan	Chủ Quan Đích
native_basic_drafts	batch_0661_0670	R_0669	脳化社会	のうかしゃかい	xã hội não hóa (khái niệm của Yoro Takeshi: xã hội đặt não/ý thức lên trên cơ thể)	Não Hóa Xã Hội
native_basic_drafts	batch_0661_0670	R_0669	疎外される	そがいされる	bị xa cách, bị tha hóa	Sơ Ngoại
native_basic_drafts	batch_0661_0670	R_0669	身体感覚	しんたいかんかく	cảm giác thân thể, nhận thức cơ thể	Thân Thể Cảm Giác
native_basic_drafts	batch_0661_0670	R_0669	メス	メス	dao mổ (phẫu thuật)	
native_basic_drafts	batch_0661_0670	R_0669	怠慢	たいまん	sự lười biếng, thiếu trách nhiệm	Đãi Mạn
native_basic_drafts	batch_0661_0670	R_0669	矛盾	むじゅん	mâu thuẫn	Mâu Thuẫn
native_basic_drafts	batch_0661_0670	R_0669	訴え	うったえ	lời than phiền, tiếng kêu ca (của bệnh nhân)	Tố
native_basic_drafts	batch_0661_0670	R_0669	資質	ししつ	phẩm chất, tư chất, năng lực bẩm sinh	Tư Chất
native_basic_drafts	batch_0661_0670	R_0669	有限	ゆうげん	hữu hạn, có giới hạn	Hữu Hạn
native_basic_drafts	batch_0661_0670	R_0670	変曲点	へんきょくてん	điểm uốn, inflection point — điểm thay đổi căn bản trong một xu hướng	Biến Khúc Điểm
native_basic_drafts	batch_0661_0670	R_0670	汎用人工知能	はんようじんこうちのう	trí tuệ nhân tạo tổng quát (AGI — Artificial General Intelligence)	Phàm Dụng Nhân Công Tri Năng
native_basic_drafts	batch_0661_0670	R_0670	シンギュラリティ	シンギュラリティ	điểm kỳ dị công nghệ (technological singularity) — thời điểm AI vượt trí tuệ người	
native_basic_drafts	batch_0661_0670	R_0670	複層性	ふくそうせい	tính đa tầng, tính nhiều lớp — cấu trúc phức hợp nhiều chiều	Phức Tằng Tính
native_basic_drafts	batch_0661_0670	R_0670	もののあわれ	もののあわれ	mono no aware — cảm thức về sự phù du, vẻ đẹp buồn của sự vật (mỹ học Nhật)	
native_basic_drafts	batch_0661_0670	R_0670	間	ま	ma — khoảng trống / khoảng lặng có ý nghĩa trong mỹ học Nhật Bản	Gian
native_basic_drafts	batch_0661_0670	R_0670	沈殿物	ちんでんぶつ	trầm tích — chất lắng đọng tích tụ theo thời gian (dùng theo nghĩa ẩn dụ ở đây)	Trầm Điện Vật
native_basic_drafts	batch_0661_0670	R_0670	超知性	ちょうちせい	siêu trí tuệ — trí tuệ vượt mức con người (superintelligence)	Siêu Tri Tính
native_basic_drafts	batch_0661_0670	R_0670	デジタルリテラシー	デジタルリテラシー	năng lực số, digital literacy — khả năng sử dụng và hiểu công nghệ số	
native_basic_drafts	batch_0661_0670	R_0670	言語資源	げんごしげん	tài nguyên ngôn ngữ — dữ liệu, corpus, từ điển phục vụ xử lý ngôn ngữ	Ngôn Ngữ Tư Nguyên
native_basic_drafts	batch_0661_0670	R_0670	非対称	ひたいしょう	bất đối xứng, asymmetric — không cân bằng về điều kiện	Phi Đối Xưng
native_basic_drafts	batch_0661_0670	R_0670	文化的主権	ぶんかてきしゅけん	chủ quyền văn hoá — quyền tự quyết về bản sắc và giá trị văn hoá	Văn Hóa Đích Chủ Quyền
native_basic_drafts	batch_0661_0670	R_0670	ポストヒューマニズム	ポストヒューマニズム	chủ nghĩa hậu nhân văn (posthumanism) — tư tưởng tái định nghĩa ranh giới con người-công nghệ	
native_basic_drafts	batch_0661_0670	R_0670	陶冶	とうや	sự rèn giũa, hình thành nhân cách và tinh thần (từ Hán-Nhật trang trọng)	Đào Dã
native_basic_drafts	batch_0661_0670	R_0670	杞憂	きゆう	lo hão, lo ngại vô căn cứ (tứ tự thành ngữ Hán-Nhật)	Kỷ Ưu
native_basic_drafts	batch_0661_0670	R_0670	思想潮流	しそうちょうりゅう	trào lưu tư tưởng — xu hướng chính trong lĩnh vực triết học / tư tưởng	Tư Tưởng Triều Lưu
native_basic_drafts	batch_0661_0670	R_0670	自画像	じがぞう	chân dung tự hoạ — hình ảnh tự mô tả của một cá nhân hay quốc gia	Tự Họa Tượng
native_advanced_drafts	batch_0671_0680	R_0671	つれづれ	つれづれ	buồn bã trống vắng, thẫn thờ cô đơn (Heian: trạng thái lòng không có điểm tựa)	
native_advanced_drafts	batch_0671_0680	R_0671	小柴垣	こしばがき	hàng rào nhỏ đan bằng cành sậy — thường thấy trong dinh thự quý tộc Heian	Tiểu Sài Viên
native_advanced_drafts	batch_0671_0680	R_0671	惟光朝臣	これみつあそん	Koremitsu Ason — người hầu thân tín của Genji, con của bà vú nuôi	Duy Quang Triêu Thần
native_advanced_drafts	batch_0671_0680	R_0671	持仏	じぶつ	tượng Phật thờ riêng cá nhân, thờ tại nhà hoặc phòng	Trì Phật
native_advanced_drafts	batch_0671_0680	R_0671	念珠	ねんじゅ	tràng hạt — chuỗi hạt dùng trong Phật giáo để đếm số lần tụng kinh	Niệm Châu
native_advanced_drafts	batch_0671_0680	R_0671	花供養	はなくよう	dâng hoa lên cúng Phật, nghi lễ phổ biến trong Phật giáo Heian	Hoa Cung Dưỡng
native_advanced_drafts	batch_0671_0680	R_0671	夕顔	ゆうがお	hoa dạ nhan, hoa bầu trắng nở về chiều tối (cũng là tên nhân vật trong Genji)	Tịch Nhan
native_advanced_drafts	batch_0671_0680	R_0671	苔色	こけいろ	màu rêu, xanh đậm pha nâu — màu thường dùng trong trang phục Heian	Thải Sắc
native_advanced_drafts	batch_0671_0680	R_0671	まみ	まみ	đôi mắt, ánh mắt (cổ văn — chỉ vẻ nhìn, biểu cảm qua đôi mắt)	
native_advanced_drafts	batch_0671_0680	R_0671	少納言の乳母	しょうなごんのめのと	vú nuôi Shonagon — người chăm sóc cô bé Murasaki	Thiểu Nạp Ngôn Nhũ Mẫu
native_advanced_drafts	batch_0671_0680	R_0671	みそかに	みそかに	lặng lẽ, bí mật, không để ai hay (cổ văn)	
native_advanced_drafts	batch_0671_0680	R_0671	こまやか	こまやか	tao nhã, tinh tế, dịu dàng đáng yêu (Heian: khen vẻ đẹp tinh tế)	
native_advanced_drafts	batch_0671_0680	R_0671	もの思ひ	ものおもひ	mối sầu lan man, suy tư mơ hồ — khái niệm thẩm mỹ Heian về nỗi buồn không rõ nguyên cớ	Tư
native_advanced_drafts	batch_0671_0680	R_0671	あはれ	あはれ	cảm thức xúc động trước sự vật (aware) — tương đương mono no aware, nỗi buồn đẹp về vô thường	
native_advanced_drafts	batch_0671_0680	R_0671	かなし	かなし	buồn, thương cảm (cổ văn: bao gồm cả 'yêu thương' + 'thương xót' — rộng hơn 悲しい hiện đại)	
native_advanced_drafts	batch_0671_0680	R_0671	のどか	のどか	yên ả, thư thái, bình lặng (cổ văn + hiện đại)	
native_advanced_drafts	batch_0671_0680	R_0671	係り結び	かかりむすび	luật ràng buộc cú pháp cổ văn: 係助詞 (ぞ/なむ/や/か → 連体形, こそ → 已然形) quyết định hình thức vị ngữ cuối câu	Hệ Kết
native_advanced_drafts	batch_0671_0680	R_0671	詠嘆	えいたん	thán phục, cảm thán — chức năng thứ hai của けり bên cạnh quá khứ hồi tưởng	Vịnh Thán
native_advanced_drafts	batch_0671_0680	R_0671	若草	わかくさ	cỏ non — ẩn dụ chỉ cô bé Murasaki (thiếu nữ chưa trưởng thành)	Nhược Thảo
native_advanced_drafts	batch_0671_0680	R_0671	荻の葉	おぎのは	lá lau, nhành lau — biểu tượng mùa thu và nỗi nhớ trong thơ ca Heian	Địch Diệp
native_advanced_drafts	batch_0671_0680	R_0671	おぼろ	おぼろ	mờ nhạt, mơ hồ, không rõ nét — thường dùng về trăng, sao trong văn học Heian	
native_advanced_drafts	batch_0671_0680	R_0671	千代	ちよ	ngàn năm, trường thọ — cụm chúc tụng trong thơ ca Heian	Thiên Đại
native_advanced_drafts	batch_0671_0680	R_0672	純粋経験	じゅんすいけいけん	thuần túy kinh nghiệm — khái niệm trung tâm của Nishida: kinh nghiệm trực tiếp trước khi có sự phân chia chủ-khách	Thuần Túy Kinh Nghiệm
native_advanced_drafts	batch_0671_0680	R_0672	場所	ばしょ	basho, trường sở — khái niệm triết học của Nishida: nền tảng tuyệt đối bao hàm tất cả sự đối lập	Tràng Sở
native_advanced_drafts	batch_0671_0680	R_0672	把握	はあく	nắm bắt, nắm giữ (tri thức học: chủ thể nắm bắt đối tượng)	Bả Ác
native_advanced_drafts	batch_0671_0680	R_0672	反省	はんせい	phản tư, sự nhìn lại (triết học: hành vi tư duy nhìn lại chính nó)	Phản Tỉnh
native_advanced_drafts	batch_0671_0680	R_0672	合一	ごういつ	hợp nhất, trở thành một (sự hợp nhất hoàn toàn — từ Hán-Nhật cổ điển)	Hợp Nhất
native_advanced_drafts	batch_0671_0680	R_0672	包摂	ほうせつ	bao hàm, bao gộp vào (logic và triết học: một khái niệm rộng hơn bao hàm khái niệm hẹp hơn)	Bao Nhiếp
native_advanced_drafts	batch_0671_0680	R_0672	弁証法	べんしょうほう	phép biện chứng — phương pháp triết học Hegel: đề luận → phản luận → tổng hợp	Biện Chứng Pháp
native_advanced_drafts	batch_0671_0680	R_0672	主観的精神	しゅかんてきせいしん	tinh thần chủ quan — tinh thần còn gắn với chủ thể cá nhân, chưa đạt tới tuyệt đối tinh thần (thuật ngữ Hegel)	Chủ Quan Đích Tinh Thần
native_advanced_drafts	batch_0671_0680	R_0672	道徳法則	どうとくほうそく	quy luật đạo đức — thuật ngữ Kant: quy luật đạo đức phổ quát không phụ thuộc kinh nghiệm	Đạo Đức Pháp Tắc
native_advanced_drafts	batch_0671_0680	R_0672	湧き出る	わきでる	tuôn chảy ra, phun ra (ẩn dụ: chân lý/ý thức trào ra từ chiều sâu)	Dũng Xuất
native_advanced_drafts	batch_0671_0680	R_0672	根底	こんてい	tầng sâu nhất, nền tảng căn bản (文語 — khác với 基礎: nhấn mạnh chiều sâu hơn chiều rộng)	Căn Để
native_advanced_drafts	batch_0671_0680	R_0672	接点	せってん	điểm giao tiếp, điểm tiếp xúc (hình học → triết học: nơi hai hệ thống tư tưởng gặp nhau)	Tiếp Điểm
native_advanced_drafts	batch_0671_0680	R_0672	強制	きょうせい	cưỡng chế, ép buộc từ bên ngoài	Cường Chế
native_advanced_drafts	batch_0671_0680	R_0672	源泉	げんせん	nguồn gốc, suối nguồn (ẩn dụ: nguồn gốc sâu xa nhất của mọi sự)	Nguyên Tuyền
native_advanced_drafts	batch_0671_0680	R_0672	可能ならしめる	かのうならしめる	làm cho trở nên khả thi (文語 hình thức nhân quả cổ điển: ならしめる = làm cho trở thành)	Khả Năng
native_advanced_drafts	batch_0671_0680	R_0672	かかる	かかる	như vậy, đó (文語 chỉ thị từ cổ: tương đương với このような trong văn hiện đại)	
native_advanced_drafts	batch_0671_0680	R_0673	奸計	かんけい	mưu mô, âm mưu xảo quyết	Gian Kế
native_advanced_drafts	batch_0671_0680	R_0673	苛責	かしゃく	sự cắn rứt, trách cứ gay gắt (thường dùng trong: 良心の苛責 = lương tâm cắn rứt)	Hà Trách
native_advanced_drafts	batch_0671_0680	R_0673	横取り	よこどり	cướp đoạt, chiếm đoạt của người khác	Hoành Thủ
native_advanced_drafts	batch_0671_0680	R_0673	遺書	いしょ	di thư, thư tuyệt mệnh	Di Thư
native_advanced_drafts	batch_0671_0680	R_0673	懺悔	ざんげ	sám hối, thú tội (gốc Phật giáo)	Sám Hối
native_advanced_drafts	batch_0671_0680	R_0673	殉死	じゅんし	tuẫn tiết, chết theo chủ/quân vương (truyền thống võ sĩ đạo)	Tuẫn Tử
native_advanced_drafts	batch_0671_0680	R_0673	乃木大将	のぎたいしょう	Tướng Nogi (Nogi Maresuke — tuẫn tiết khi Thiên hoàng Minh Trị băng hà năm 1912)	Nãi Mộc Đại Tương
native_advanced_drafts	batch_0671_0680	R_0673	義理	ぎり	nghĩa vụ, ân nghĩa, đạo lý (khái niệm trung tâm văn hóa Nhật)	Nghĩa Lí
native_advanced_drafts	batch_0671_0680	R_0673	疲れ果てる	つかれはてる	kiệt sức hoàn toàn, mệt mỏi đến cùng cực	Bì Quả
native_advanced_drafts	batch_0671_0680	R_0673	締め付けられる	しめつけられる	bị siết chặt, bị bóp nghẹt (cảm giác vật lý diễn tả đau đớn tâm lý)	Đế Phó
native_advanced_drafts	batch_0671_0680	R_0673	宿る	やどる	trú ngụ, ẩn chứa bên trong	Túc
native_advanced_drafts	batch_0671_0680	R_0673	信ずる	しんずる	tin tưởng (dạng cổ của 信じる — văn học Meiji)	Tín
native_advanced_drafts	batch_0671_0680	R_0673	明治の精神	めいじのせいしん	tinh thần Minh Trị — tinh thần của thời đại Meiji, gắn liền với hình ảnh Thiên hoàng Minh Trị và các giá trị trung-trách-danh dự	Minh Trì Tinh Thần
native_advanced_drafts	batch_0671_0680	R_0673	失意	しつい	thất vọng, vỡ mộng, thất tình (文語)	Thất Ý
native_advanced_drafts	batch_0671_0680	R_0673	中間に立つ	ちゅうかんにたつ	đứng ở giữa (hai thế lực, hai giá trị, hai thời đại)	Trung Gian Lập
native_advanced_drafts	batch_0671_0680	R_0673	暗闇	くらやみ	bóng tối, bóng đêm (cả nghĩa đen lẫn ẩn dụ tâm lý)	Ám Ám
native_advanced_drafts	batch_0671_0680	R_0673	もはや	もはや	không còn nữa, đã hết rồi (văn học, formal)	
native_advanced_drafts	batch_0671_0680	R_0673	かかる	かかる	như vậy, kiểu đó (văn ngữ cổ điển, tương đương 'このような')	
native_advanced_drafts	batch_0671_0680	R_0673	御一人	おひとり	ám chỉ một bậc tôn quý duy nhất; trong văn cảnh Kokoro = Thiên hoàng Minh Trị (cái chết của Ngài 1912 mở đầu chuỗi 殉死)	Ngự Nhất Nhân
native_advanced_drafts	batch_0671_0680	R_0674	またぞろ	またぞろ	lại một lần nữa (từ ngữ báo chí có sắc thái chán ngán, quen thuộc với tình trạng lặp lại)	
native_advanced_drafts	batch_0671_0680	R_0674	表舞台	おもてぶたい	vũ đài chính, sân khấu công khai — đối lập với hậu trường	Biểu Vũ Thai
native_advanced_drafts	batch_0671_0680	R_0674	発議要件	はつぎようけん	yêu cầu để đề xuất (sửa đổi hiến pháp) — cần 2/3 tổng số nghị sĩ mỗi viện	Phát Nghị Yếu Kiện
native_advanced_drafts	batch_0671_0680	R_0674	立憲主義	りっけんしゅぎ	chủ nghĩa lập hiến — nguyên tắc quyền lực nhà nước bị ràng buộc bởi hiến pháp	Lập Hiến Chủ Nghĩa
native_advanced_drafts	batch_0671_0680	R_0674	最高規範	さいこうきはん	quy phạm tối cao, tiêu chuẩn pháp lý cao nhất	Tối Cao Quy Phạm
native_advanced_drafts	batch_0671_0680	R_0674	熟議	じゅくぎ	thảo luận chín chắn, cân nhắc kỹ lưỡng (khác: bàn qua loa)	Thục Nghị
native_advanced_drafts	batch_0671_0680	R_0674	拙速	せっそく	vội vàng cẩu thả, làm nhanh mà ẩu (thành ngữ Hán-Nhật: 拙速 = vụng + nhanh)	Chuyết Tốc
native_advanced_drafts	batch_0671_0680	R_0674	枚挙にいとまがない	まいきょにいとまがない	vô số kể, không đếm xuể (thành ngữ: không có thời gian để liệt kê hết)	Mai Cử
native_advanced_drafts	batch_0671_0680	R_0674	他山の石	たざんのいし	bài học cảnh tỉnh từ người khác (thành ngữ: đá núi người — lấy gương xấu của người làm răn mình)	Tha San Thạch
native_advanced_drafts	batch_0671_0680	R_0674	平和主義	へいわしゅぎ	chủ nghĩa hòa bình — lý tưởng hiến pháp Nhật từ sau 1945	Bình Hòa Chủ Nghĩa
native_advanced_drafts	batch_0671_0680	R_0674	戦争放棄条項	せんそうほうきじょうこう	điều khoản từ bỏ chiến tranh — cụ thể là Điều 9 Hiến pháp Nhật	Chiến Tranh Phóng Khí Điều Hạng
native_advanced_drafts	batch_0671_0680	R_0674	護憲	ごけん	bảo vệ hiến pháp (không sửa đổi) — đối lập với 改憲	Hộ Hiến
native_advanced_drafts	batch_0671_0680	R_0674	二項対立	にこうたいりつ	đối lập nhị phân, lưỡng phân — cách tư duy hoặc cái này hoặc cái kia	Nhị Hạng Đối Lập
native_advanced_drafts	batch_0671_0680	R_0674	憲法秩序	けんぽうちつじょ	trật tự hiến pháp — hệ thống pháp lý và giá trị được hiến pháp xác lập	Hiến Pháp Trật Tự
native_advanced_drafts	batch_0671_0680	R_0674	求心力	きゅうしんりょく	lực hướng tâm, lực thu hút (chính trị: sức lôi cuốn, sức đoàn kết quanh lãnh đạo)	Cầu Tâm Lực
native_advanced_drafts	batch_0671_0680	R_0674	思惑	おもわく	toan tính, ý đồ ngầm (thường có sắc thái không trong sáng)	Tư Hoặc
native_advanced_drafts	batch_0671_0680	R_0674	透けて見える	すけてみえる	thấy rõ xuyên qua, nhìn thấu (ý đồ bị lộ rõ dù cố che đậy)	Thấu Kiến
native_advanced_drafts	batch_0671_0680	R_0674	主権者	しゅけんしゃ	chủ thể quyền lực tối cao — trong dân chủ: chính là nhân dân	Chủ Quyền Giả
native_advanced_drafts	batch_0671_0680	R_0674	根幹	こんかん	nền tảng, cốt lõi (root + trunk — hình ảnh cây: rễ và thân)	Căn Cán
native_advanced_drafts	batch_0671_0680	R_0674	一石を投じる	いっせきをとうじる	ném một viên đá vào (thành ngữ: khơi dậy suy nghĩ, khơi mào tranh luận)	Nhất Thạch Đầu
native_advanced_drafts	batch_0671_0680	R_0675	哲学的人間学	てつがくてきにんげんがく	nhân học triết học (philosophical anthropology)	Triết Học Đích Nhân Gian Học
native_advanced_drafts	batch_0671_0680	R_0675	統合的に把握する	とうごうてきにはあくする	nắm bắt một cách tổng hợp, nhìn nhận toàn diện	Thống Hợp Đích Bả Ác
native_advanced_drafts	batch_0671_0680	R_0675	体系化する	たいけいかする	hệ thống hóa, xây dựng thành hệ thống	Thể Hệ Hóa
native_advanced_drafts	batch_0671_0680	R_0675	間柄	あいだがら	quan hệ-giữa, mối liên hệ giữa người với người (khái niệm triết học của Watsuji)	Gian Bính
native_advanced_drafts	batch_0671_0680	R_0675	内在する	ないざいする	nội tại, ẩn chứa bên trong	Nội Tại
native_advanced_drafts	batch_0671_0680	R_0675	両極性	りょうきょくせい	tính lưỡng cực, hai cực đối lập	Lưỡng Cực Tính
native_advanced_drafts	batch_0671_0680	R_0675	洞察	どうさつ	cái nhìn sâu sắc, sự thấu hiểu sâu	Động Sát
native_advanced_drafts	batch_0671_0680	R_0675	現存在	げんそんざい	Dasein — tồn tại hiện tại (thuật ngữ Heidegger)	Hiện Tồn Tại
native_advanced_drafts	batch_0671_0680	R_0675	批判的に受容する	ひはんてきにじゅようする	tiếp nhận có phê phán, không tiếp thu mù quáng	Phê Phán Đích Thụ Dung
native_advanced_drafts	batch_0671_0680	R_0675	存在様式	そんざいようしき	phương thức tồn tại, cách thức tồn tại	Tồn Tại Dạng Thức
native_advanced_drafts	batch_0671_0680	R_0675	現象学的記述	げんしょうがくてききじゅつ	mô tả hiện tượng học (phương pháp của Husserl)	Hiện Tượng Học Đích Kí Thuật
native_advanced_drafts	batch_0671_0680	R_0675	存在論的	そんざいろんてき	thuộc bản thể luận (ontological)	Tồn Tại Luận Đích
native_advanced_drafts	batch_0671_0680	R_0675	間主観性	かんしゅかんせい	liên chủ thể tính, intersubjectivity	Gian Chủ Quan Tính
native_advanced_drafts	batch_0671_0680	R_0675	等閑視する	とうかんしする	coi nhẹ, bỏ qua, không chú trọng đúng mức	Đẳng Nhàn Thị
native_advanced_drafts	batch_0671_0680	R_0675	語り方	かたりかた	cách kể chuyện, cách diễn ngôn	Ngữ Phương
native_advanced_drafts	batch_0671_0680	R_0675	二重の責務	にじゅうのせきむ	trách nhiệm kép, nghĩa vụ gồm hai mặt	Nhị Trọng Trách Vụ
native_advanced_drafts	batch_0671_0680	R_0675	再評価する	さいひょうかする	tái đánh giá, đánh giá lại	Tái Bình Giá
native_advanced_drafts	batch_0671_0680	R_0675	多元化	たげんか	đa nguyên hóa, trở nên đa dạng nhiều chiều	Đa Nguyên Hóa
native_advanced_drafts	batch_0671_0680	R_0675	楽観的な想定	らっかんてきなそうてい	giả định lạc quan, dự đoán tích cực quá mức	Lạc Quan Đích Tưởng Định
native_advanced_drafts	batch_0671_0680	R_0675	概念の移動	がいねんのいどう	sự di chuyển khái niệm, chuyển dịch khái niệm sang ngữ cảnh khác	Khái Niệm Di Động
native_advanced_drafts	batch_0671_0680	R_0676	猛暑	もうしょ	nắng nóng khốc liệt, nắng hầm hập (trên 35 độ C theo tiêu chuẩn khí tượng Nhật)	Mãnh Thử
native_advanced_drafts	batch_0671_0680	R_0676	温室効果ガス	おんしつこうかガス	khí nhà kính — khí làm tăng nhiệt độ Trái Đất (CO2, CH4 v.v.)	Ôn Thất Hiệu Quả
native_advanced_drafts	batch_0671_0680	R_0676	据え置かれる	すえおかれる	bị giữ nguyên, bị để yên không thay đổi (thường chỉ chính sách hoặc mức lãi suất)	Cư Trí
native_advanced_drafts	batch_0671_0680	R_0676	パリ協定	パリきょうてい	Hiệp định Paris — thỏa thuận quốc tế về khí hậu ký năm 2015	Hiệp Định
native_advanced_drafts	batch_0671_0680	R_0676	排出削減	はいしゅつさくげん	cắt giảm phát thải — giảm lượng khí thải ra môi trường	Bài Xuất Tước Giảm
native_advanced_drafts	batch_0671_0680	R_0676	石炭火力発電	せきたんかりょくはつでん	nhiệt điện than — phát điện bằng cách đốt than đá	Thạch Thán Hỏa Lực Phát Điện
native_advanced_drafts	batch_0671_0680	R_0676	転嫁	てんか	chuyển gánh, đổ trách nhiệm hoặc chi phí lên người khác	Chuyển Giá
native_advanced_drafts	batch_0671_0680	R_0676	カーボンニュートラル	カーボンニュートラル	trung hòa carbon — đạt mức phát thải ròng bằng 0	
native_advanced_drafts	batch_0671_0680	R_0676	炭素国境調整メカニズム	たんそこっきょうちょうせいメカニズム	cơ chế điều chỉnh carbon biên giới — đánh thuế hàng nhập khẩu từ nước có quy định carbon lỏng lẻo hơn	Thán Tố Quốc Cảnh Điều Chỉnh
native_advanced_drafts	batch_0671_0680	R_0676	脱炭素化	だつたんそか	phi carbon hóa — quá trình loại bỏ sự phụ thuộc vào nhiên liệu carbon	Thoát Thán Tố Hóa
native_advanced_drafts	batch_0671_0680	R_0676	法的拘束力	ほうてきこうそくりょく	lực ràng buộc pháp lý — tính cưỡng chế bắt buộc bởi luật pháp	Pháp Đích Câu Thúc Lực
native_advanced_drafts	batch_0671_0680	R_0676	棚上げ	たなあげ	để ngỏ, gác lại, hoãn giải quyết vô thời hạn	Bằng Thượng
native_advanced_drafts	batch_0671_0680	R_0676	海面上昇	かいめんじょうしょう	mực nước biển dâng — hậu quả của biến đổi khí hậu	Hải Diện Thượng Thăng
native_advanced_drafts	batch_0671_0680	R_0676	激甚化	げきじんか	sự gia tăng cường độ, trở nên khốc liệt hơn (thường nói về thiên tai)	Kích Thậm Hóa
native_advanced_drafts	batch_0671_0680	R_0676	等閑視	とうかんし	coi nhẹ, bỏ qua, không xem trọng đúng mức	Đẳng Nhàn Thị
native_advanced_drafts	batch_0671_0680	R_0676	小手先	こてさき	vá víu bề ngoài, mẹo vặt tạm thời, không đi vào gốc rễ	Tiểu Thủ Tiên
native_advanced_drafts	batch_0671_0680	R_0676	構造転換	こうぞうてんかん	chuyển đổi cơ cấu — thay đổi nền tảng, không chỉ sửa chữa bề mặt	Cấu Tạo Chuyển Hoán
native_advanced_drafts	batch_0671_0680	R_0676	実効	じっこう	hiệu lực thực sự, tác dụng thực tế (phân biệt với chỉ hình thức)	Thực Hiệu
native_advanced_drafts	batch_0671_0680	R_0677	廃墟	はいきょ	phế tích, đổ nát — nơi bị tàn phá và bị bỏ hoang	Phế Khư
native_advanced_drafts	batch_0671_0680	R_0677	もの派	ものは	phái Mono-ha — phong trào nghệ thuật Nhật Bản thập niên 1960-70 tập trung vào vật chất và không gian	Phái
native_advanced_drafts	batch_0671_0680	R_0677	時間性	じかんせい	tính thời gian — khái niệm triết học về cách thức con người trải nghiệm thời gian	Thì Gian Tính
native_advanced_drafts	batch_0671_0680	R_0677	形而上学	けいじじょうがく	siêu hình học — ngành triết học nghiên cứu bản chất tồn tại, vượt ngoài giới giác quan	Hình Nhi Thượng Học
native_advanced_drafts	batch_0671_0680	R_0677	実存主義	じつぞんしゅぎ	chủ nghĩa hiện sinh — triết học nhấn mạnh sự tồn tại cá nhân và tự do lựa chọn	Thực Tồn Chủ Nghĩa
native_advanced_drafts	batch_0671_0680	R_0677	崇高さ	すうこうさ	cái cao cả, sự trang nghiêm vĩ đại — khái niệm mỹ học về vẻ đẹp gây kinh sợ và kính phục	Sùng Cao
native_advanced_drafts	batch_0671_0680	R_0677	罪責	ざいせき	tội lỗi và trách nhiệm, cảm giác có tội	Tội Trách
native_advanced_drafts	batch_0671_0680	R_0677	喪失	そうしつ	sự mất mát — mất đi thứ quan trọng không thể lấy lại	Tang Thất
native_advanced_drafts	batch_0671_0680	R_0677	存在論	そんざいろん	bản thể luận — ngành triết học nghiên cứu bản chất của sự tồn tại	Tồn Tại Luận
native_advanced_drafts	batch_0671_0680	R_0677	虚無	きょむ	hư vô, cái không — cảm giác trống rỗng tuyệt đối, nihilism	Hư Vô
native_advanced_drafts	batch_0671_0680	R_0677	葛藤	かっとう	xung đột nội tâm, mâu thuẫn không giải quyết được	Cát Đằng
native_advanced_drafts	batch_0671_0680	R_0677	忘却	ぼうきゃく	sự lãng quên, quên đi (có chủ ý hoặc không)	Vong Khước
native_advanced_drafts	batch_0671_0680	R_0677	昇華	しょうか	thăng hoa — chuyển hóa điều gì đó lên tầng bậc cao hơn về tinh thần hoặc nghệ thuật	Thăng Hoa
native_advanced_drafts	batch_0671_0680	R_0677	有限性	ゆうげんせい	tính hữu hạn — đặc tính bị giới hạn, đặc biệt là sự hữu hạn của đời người	Hữu Hạn Tính
native_advanced_drafts	batch_0671_0680	R_0677	精緻	せいち	tinh tế, tỉ mỉ, chính xác và chi tiết	Tinh Trí
native_advanced_drafts	batch_0671_0680	R_0677	形象	けいしょう	hình tượng — hình ảnh có ý nghĩa biểu tượng trong nghệ thuật/văn học	Hình Tượng
native_advanced_drafts	batch_0671_0680	R_0677	倫理的要請	りんりてきようせい	yêu cầu đạo đức — điều đạo đức đòi hỏi phải làm	Luân Lí Đích Yếu Thỉnh
native_advanced_drafts	batch_0671_0680	R_0677	援用	えんよう	vận dụng, dẫn chiếu — sử dụng lý thuyết/tư tưởng của người khác để phân tích	Viên Dụng
native_advanced_drafts	batch_0671_0680	R_0678	前代未聞	ぜんだいみもん	chưa từng có tiền lệ, chưa từng nghe thấy bao giờ	Tiền Đại Vị Văn
native_advanced_drafts	batch_0671_0680	R_0678	矛盾	むじゅん	mâu thuẫn, nghịch lý	Mâu Thuẫn
native_advanced_drafts	batch_0671_0680	R_0678	一貫性	いっかんせい	tính nhất quán, sự liên tục logic	Nhất Quán Tính
native_advanced_drafts	batch_0671_0680	R_0678	多声的テクスト	たせいてきテクスト	văn bản đa thanh, polyphonic text (thuật ngữ phê bình văn học)	Đa Thanh Đích
native_advanced_drafts	batch_0671_0680	R_0678	不確定性	ふかくていせい	tính bất định, sự không chắc chắn	Bất Xác Định Tính
native_advanced_drafts	batch_0671_0680	R_0678	覆す	くつがえす	lật đổ, đảo ngược hoàn toàn	Phúc
native_advanced_drafts	batch_0671_0680	R_0678	約束事	やくそくごと	quy ước, điều đã được thỏa thuận ngầm	Ước Thúc Sự
native_advanced_drafts	batch_0671_0680	R_0678	倒錯	とうさく	lệch lạc, đảo ngược (tâm lý, đạo đức)	Đảo Thác
native_advanced_drafts	batch_0671_0680	R_0678	精緻	せいち	tinh tế, tỉ mỉ và sâu sắc	Tinh Trí
native_advanced_drafts	batch_0671_0680	R_0678	媒介	ばいかい	trung gian, môi giới (truyền dẫn thông tin)	Môi Giới
native_advanced_drafts	batch_0671_0680	R_0678	自己保存本能	じこほぞんほんのう	bản năng tự bảo vệ bản thân	Tự Kỉ Bảo Tồn Bản Năng
native_advanced_drafts	batch_0671_0680	R_0678	自己欺瞞	じこぎまん	sự tự lừa dối bản thân, self-deception	Tự Kỉ Khi Man
native_advanced_drafts	batch_0671_0680	R_0678	翻案	ほんあん	phóng tác, chuyển thể (từ tác phẩm gốc)	Phiên Án
native_advanced_drafts	batch_0671_0680	R_0678	慣用句	かんようく	thành ngữ, cụm từ cố định trong ngôn ngữ	Quán Dụng Cú
native_advanced_drafts	batch_0671_0680	R_0678	留保する	りゅうほする	bảo lưu, tạm đình, không đưa ra kết luận	Lưu Bảo
native_advanced_drafts	batch_0671_0680	R_0678	構築物	こうちくぶつ	cấu trúc được xây dựng, something constructed	Cấu Trúc Vật
native_advanced_drafts	batch_0671_0680	R_0678	重層的	じゅうそうてき	nhiều tầng lớp, có chiều sâu nhiều lớp	Trọng Tằng Đích
native_advanced_drafts	batch_0671_0680	R_0678	巫女	みこ	miko/itako — nữ pháp sư truyền thống vùng Tōhoku có khả năng gọi hồn người chết để truyền lời (KHÔNG dịch là 'bà đồng' — có sắc thái mê tín tiêu cực ở Việt Nam)	Phù Nữ
native_advanced_drafts	batch_0671_0680	R_0678	説話	せつわ	câu chuyện dân gian, truyện kể dân gian cổ	Thuyết Thoại
native_advanced_drafts	batch_0671_0680	R_0678	達成	たっせい	thành tựu, sự đạt được (trong nghệ thuật, học thuật)	Đạt Thành
native_advanced_drafts	batch_0671_0680	R_0679	あけぼの	あけぼの	bình minh, lúc trời vừa hé sáng trước khi mặt trời mọc — thời điểm đẹp nhất mùa xuân theo Sei Shonagon	
native_advanced_drafts	batch_0671_0680	R_0679	山ぎは	やまぎわ	đường chân núi, nơi núi tiếp giáp bầu trời — điểm quan sát ánh sáng rạng đông	San
native_advanced_drafts	batch_0671_0680	R_0679	つとめて	つとめて	sáng sớm tinh mơ, ngay từ đầu buổi sáng (cổ văn — khác với 早朝 trang trọng hơn)	
native_advanced_drafts	batch_0671_0680	R_0679	をかし	をかし	thú vị, có duyên, đáng khen — khái niệm thẩm mỹ trung tâm của Sei Shonagon, đối lập với あはれ	
native_advanced_drafts	batch_0671_0680	R_0679	あはれ	あはれ	xúc động, cảm thương trước vẻ đẹp vô thường (aware) — cảm thức thẩm mỹ Heian về sự mỏng manh	
native_advanced_drafts	batch_0671_0680	R_0679	蛍	ほたる	đom đóm — biểu tượng đêm hè trong thơ ca và văn học Heian	Huỳnh
native_advanced_drafts	batch_0671_0680	R_0679	烏	からす	con quạ — trong văn học Heian, quạ bay về tổ lúc chiều tà là hình ảnh gợi buồn	Ô
native_advanced_drafts	batch_0671_0680	R_0679	雁	かり/がん	ngỗng trời, nhạn — loài chim di cư, xuất hiện mùa thu, biểu tượng của nỗi nhớ và sự xa cách	Nhạn
native_advanced_drafts	batch_0671_0680	R_0679	霜	しも	sương muối, băng giá phủ trên mặt đất vào buổi sáng mùa đông	Sương
native_advanced_drafts	batch_0671_0680	R_0679	火桶	ひおけ	lò sưởi dạng thùng tròn — dụng cụ sưởi ấm trong nhà quý tộc Heian	Hỏa Dũng
native_advanced_drafts	batch_0671_0680	R_0679	つきづきし	つきづきし	hợp cảnh, phù hợp, thích hợp với bối cảnh (cổ văn — phán xét thẩm mỹ của Sei Shonagon)	
native_advanced_drafts	batch_0671_0680	R_0679	うつくし	うつくし	đáng yêu, dễ thương, ngây thơ dễ thương (cổ văn — KHÁC với 美しい hiện đại là 'đẹp')	
native_advanced_drafts	batch_0671_0680	R_0679	にくし	にくし	đáng ghét, khó chịu, làm phiền (cổ văn — cảm thức phán xét tiêu cực của Sei Shonagon)	
native_advanced_drafts	batch_0671_0680	R_0679	くちをし	くちをし	buồn bực, tiếc nuối, bực bội khó chịu (cổ văn — diễn tả cảm xúc thất vọng)	
native_advanced_drafts	batch_0671_0680	R_0679	わびし	わびし	khổ tâm, cô đơn buồn bã, tâm trạng chật chội bí bách (cổ văn — liên quan khái niệm wabi)	
native_advanced_drafts	batch_0671_0680	R_0679	そしる	そしる	nói xấu, chê bai, phê phán người khác (cổ văn và hiện đại)	
native_advanced_drafts	batch_0671_0680	R_0679	随筆	ずいひつ	thể loại tùy bút, ghi chép tự do theo cảm hứng — Makura no Soshi là tùy bút đầu tiên của văn học Nhật	Tùy Bút
native_advanced_drafts	batch_0671_0680	R_0679	係り結び	かかりむすび	quy tắc cú pháp cổ văn: 係助詞 (ぞ/なむ/や/か → 連体形; こそ → 已然形) bắt buộc hình thức vị ngữ cuối câu	Hệ Kết
native_advanced_drafts	batch_0671_0680	R_0679	審美眼	しんびがん	con mắt thẩm mỹ, nhãn quan thẩm mỹ — khả năng nhận ra và đánh giá vẻ đẹp	Thẩm Mĩ Nhãn
native_advanced_drafts	batch_0671_0680	R_0679	仮名文字	かなもじ	chữ Kana (hiragana/katakana) — chữ viết tiếng Nhật thuần túy, nữ giới Heian dùng để viết văn học	Giả Danh Văn Tự
native_advanced_drafts	batch_0671_0680	R_0680	下人	げにん	hạ nhân, người phục vụ địa vị thấp — tầng lớp dưới đáy xã hội phong kiến Nhật	Hạ Nhân
native_advanced_drafts	batch_0671_0680	R_0680	羅生門	らしょうもん	cổng Rashomon — cổng thành phía nam Kinh Đô Heian, biểu tượng của sự suy tàn và ranh giới đạo đức	La Sanh Môn
native_advanced_drafts	batch_0671_0680	R_0680	丹塗	にぬり	sơn màu đỏ son (丹 = chu sa đỏ) — sơn truyền thống trang trí công trình kiến trúc quan trọng	Đan Đồ
native_advanced_drafts	batch_0671_0680	R_0680	蟋蟀	こおろぎ	con dế — biểu tượng mùa thu và sự cô đơn trong văn học Nhật	Tất Xuất
native_advanced_drafts	batch_0671_0680	R_0680	朱雀大路	すじゃくおおじ	đại lộ Suzaku — trục đường trung tâm Kinh Đô Heian, nơi đặt những công trình quan trọng nhất	Chu Tước Đại Lộ
native_advanced_drafts	batch_0671_0680	R_0680	市女笠	いちめがさ	nón thị nữ — loại nón rộng vành phụ nữ thường đội thời Heian-Kamakura	Thị Nữ Lạp
native_advanced_drafts	batch_0671_0680	R_0680	揉烏帽子	もみえぼし	mũ momi — mũ đen mềm dành cho nam giới thời Heian-Kamakura	Nhào Ô Mạo Tử
native_advanced_drafts	batch_0671_0680	R_0680	辻風	つじかぜ	lốc xoáy, gió lốc tại ngã tư đường — thiên tai thường xảy ra ở Kinh Đô	Đột Phong
native_advanced_drafts	batch_0671_0680	R_0680	飢饉	ききん	nạn đói, mất mùa nghiêm trọng	Cơ Cẩn
native_advanced_drafts	batch_0671_0680	R_0680	旧記	きゅうき	ghi chép cũ, sử liệu cổ — Akutagawa thường trích dẫn nguồn tư liệu lịch sử tạo cảm giác chân thực	Cựu Kí
native_advanced_drafts	batch_0671_0680	R_0680	狐狸	こり	cáo và chồn — biểu tượng của kẻ lén lút, tinh quái trong văn hóa dân gian Nhật	Hồ Lí
native_advanced_drafts	batch_0671_0680	R_0680	鴟尾	しび	đuôi nóc (đầu đao) — trang trí hình cá trên đỉnh mái ngói kiến trúc cổ điển Nhật	Si Vĩ
native_advanced_drafts	batch_0671_0680	R_0680	胡麻	ごま	hạt vừng — ẩn dụ so sánh hình ảnh đàn quạ trên nền trời đỏ	Hồ Ma
native_advanced_drafts	batch_0671_0680	R_0680	啄む	ついばむ	mổ, rỉa bằng mỏ — hành động của chim ăn xác chết	Trác
native_advanced_drafts	batch_0671_0680	R_0680	紺の襖	こんのふすま	áo bông chàm xanh đậm — trang phục hạ nhân thời Heian-Kamakura	Cám Áo
native_advanced_drafts	batch_0671_0680	R_0680	山吹色	やまぶきいろ	màu vàng hoa núc nác (hoa yamabuki) — sắc vàng cam đặc trưng trong trang phục truyền thống	San Xuy Sắc
native_advanced_drafts	batch_0671_0680	R_0680	にきび	にきび	mụn trứng cá — chi tiết tả thực nhỏ nhặt Akutagawa đưa vào để khắc họa sự tầm thường của nhân vật	
native_advanced_drafts	batch_0681_0690	R_0681	リスク社会	リスクしゃかい	xã hội rủi ro (khái niệm của Beck — xã hội hiện đại đặc trưng bởi việc phân phối rủi ro thay vì phân phối của cải)	Xã Hội
native_advanced_drafts	batch_0681_0690	R_0681	照射する	しょうしゃする	chiếu vào, chiếu sáng (dùng theo nghĩa bóng: áp dụng lý luận để phân tích)	Chiếu Xạ
native_advanced_drafts	batch_0681_0690	R_0681	顕在化する	けんざいかする	hiện rõ, trở nên rõ ràng (từ tiềm ẩn thành hiện thực)	Hiển Tại Hóa
native_advanced_drafts	batch_0681_0690	R_0681	帰結	きけつ	hệ quả, kết luận cuối cùng (sau một quá trình lý luận hoặc sự kiện)	Quy Kết
native_advanced_drafts	batch_0681_0690	R_0681	可視化する	かしかする	làm hiện rõ, trực quan hóa (làm cho điều vô hình trở nên nhìn thấy được)	Khả Thị Hóa
native_advanced_drafts	batch_0681_0690	R_0681	世代間不均衡	せだいかんふきんこう	bất cân bằng giữa các thế hệ (trong gánh nặng tài chính bảo hiểm xã hội)	Thế Đại Gian Bất Quân Hành
native_advanced_drafts	batch_0681_0690	R_0681	脆弱性	ぜいじゃくせい	tính dễ tổn thương, sự mong manh (vulnerability)	Thúy Nhược Tính
native_advanced_drafts	batch_0681_0690	R_0681	引受限界	ひきうけげんかい	giới hạn chịu bảo lãnh (mức tối đa mà bảo hiểm có thể chấp nhận rủi ro)	Dẫn Thụ Hạn Giới
native_advanced_drafts	batch_0681_0690	R_0681	損害率	そんがいりつ	tỷ lệ tổn thất (loss ratio — tỷ lệ bồi thường so với phí thu được)	Tổn Hại Suất
native_advanced_drafts	batch_0681_0690	R_0681	大数の法則	たいすうのほうそく	quy luật số lớn (law of large numbers — nền tảng toán học của bảo hiểm)	Đại Sổ Pháp Tắc
native_advanced_drafts	batch_0681_0690	R_0681	保険数理	ほけんすうり	tính toán bảo hiểm, khoa học bảo hiểm (actuarial science)	Bảo Hiểm Sổ Lí
native_advanced_drafts	batch_0681_0690	R_0681	人口動態	じんこうどうたい	nhân khẩu học động (demographics — sự biến đổi về cấu trúc dân số theo thời gian)	Nhân Khẩu Động Thái
native_advanced_drafts	batch_0681_0690	R_0681	罹患率	りかんりつ	tỷ lệ mắc bệnh (morbidity rate)	Li Hoạn Suất
native_advanced_drafts	batch_0681_0690	R_0681	再保険	さいほけん	tái bảo hiểm (reinsurance — bảo hiểm của bảo hiểm)	Tái Bảo Hiểm
native_advanced_drafts	batch_0681_0690	R_0681	リスクの私化	リスクのしか	tư hữu hóa rủi ro (privatization of risk — chuyển giao gánh chịu rủi ro cho cá nhân)	Tư Hóa
native_advanced_drafts	batch_0681_0690	R_0681	社会化	しゃかいか	xã hội hóa (socialization — chuyển giao gánh chịu rủi ro cho tập thể/nhà nước)	Xã Hội Hóa
native_advanced_drafts	batch_0681_0690	R_0681	止揚する	しようする	vượt lên (Aufheben trong triết học Hegel — giải quyết mâu thuẫn ở tầm cao hơn)	Chỉ Dương
native_advanced_drafts	batch_0681_0690	R_0681	規範的価値	きはんてきかち	giá trị chuẩn tắc (normative value — giá trị định hướng về điều nên là)	Quy Phạm Đích Giá Trị
native_advanced_drafts	batch_0681_0690	R_0681	公正配分	こうせいはいぶん	phân phối công bằng (equitable distribution)	Công Chánh Phối Phân
native_advanced_drafts	batch_0681_0690	R_0681	政策パラダイム	せいさくパラダイム	mô hình chính sách, khuôn khổ chính sách (policy paradigm)	Chánh Sách
native_advanced_drafts	batch_0681_0690	R_0682	風土	ふうど	phong thổ — khí hậu và địa lý cùng ảnh hưởng văn hóa (khái niệm triết học Watsuji, khác với 気候 đơn thuần)	Phong Thổ
native_advanced_drafts	batch_0681_0690	R_0682	風土性	ふうどせい	tính phong thổ — đặc tính của phong thổ như phương thức quy định sự tồn tại người (thuật ngữ Watsuji)	Phong Thổ Tính
native_advanced_drafts	batch_0681_0690	R_0682	自己了解	じこりょうかい	tự nhận thức, tự hiểu mình — con người hiểu bản thân đang ở trong tình huống nào (triết học hiện tượng học)	Tự Kỉ Liễu Giải
native_advanced_drafts	batch_0681_0690	R_0682	たらしめる	たらしめる	làm cho trở thành, khiến là như vậy — cấu trúc văn ngữ triết học = にする (nhấn mạnh tính nhân quả bản chất)	
native_advanced_drafts	batch_0681_0690	R_0682	間柄	あいだがら	quan hệ liên chủ thể — khái niệm độc đáo Watsuji: con người vốn tồn tại trong khoảng giữa người với người	Gian Bính
native_advanced_drafts	batch_0681_0690	R_0682	モンスーン型	モンスーンがた	kiểu gió mùa — một trong ba loại phong thổ Watsuji: gió mùa (châu Á), sa mạc (Trung Đông), đồng cỏ (châu Âu)	Hình
native_advanced_drafts	batch_0681_0690	R_0682	把握	はあく	nắm bắt, nắm giữ, hiểu rõ (văn ngữ — dùng trong văn triết học và học thuật)	Bả Ác
native_advanced_drafts	batch_0681_0690	R_0682	時間性	じかんせい	tính thời gian — khái niệm triết học Heidegger (Zeitlichkeit): bản chất tồn tại người là thời gian tính	Thì Gian Tính
native_advanced_drafts	batch_0681_0690	R_0682	空間性	くうかんせい	tính không gian — Watsuji bổ sung vào Heidegger: tồn tại người cũng được quy định bởi không gian/phong thổ	Không Gian Tính
native_advanced_drafts	batch_0681_0690	R_0682	批判的に継承する	ひはんてきにけいしょうする	kế thừa có phê phán — tiếp nhận tư tưởng người khác nhưng đồng thời chỉ ra giới hạn và bổ sung	Phê Phán Đích Kế Thừa
native_advanced_drafts	batch_0681_0690	R_0682	湿潤さ	しつじゅんさ	độ ẩm ướt, tính ẩm — đặc trưng khí hậu châu Á gió mùa theo Watsuji	Thấp Nhuận
native_advanced_drafts	batch_0681_0690	R_0682	受容性	じゅようせい	tính tiếp nhận, sự chấp nhận thụ động — thái độ của con người gió mùa trước tự nhiên áp đảo	Thụ Dung Tính
native_advanced_drafts	batch_0681_0690	R_0682	存在様式	そんざいようしき	phương thức tồn tại — cách thức con người tồn tại (Seinsweise trong triết học Đức)	Tồn Tại Dạng Thức
native_advanced_drafts	batch_0681_0690	R_0682	文化相対主義	ぶんかそうたいしゅぎ	chủ nghĩa tương đối văn hóa — quan điểm cho rằng mọi văn hóa đều có giá trị ngang nhau, không thể phán xét	Văn Hóa Tương Đối Chủ Nghĩa
native_advanced_drafts	batch_0681_0690	R_0682	本質主義	ほんしつしゅぎ	chủ nghĩa bản chất — quan điểm cho rằng dân tộc/văn hóa có bản chất cố định, bất biến	Bản Chất Chủ Nghĩa
native_advanced_drafts	batch_0681_0690	R_0682	哲学的企図	てつがくてききと	ý định triết học, dự án triết học — mục đích và kế hoạch của công trình triết học	Triết Học Đích Xí Đồ
native_advanced_drafts	batch_0681_0690	R_0682	共同性	きょうどうせい	tính cộng đồng, bản chất chung sống tập thể — con người vốn sống trong cộng đồng, không phải cá nhân cô lập	Cộng Đồng Tính
native_advanced_drafts	batch_0681_0690	R_0683	陰翳	いんえい	bóng tối, bóng-mờ — khái niệm thẩm mỹ trung tâm của tùy bút Tanizaki: vẻ đẹp ẩn trong bóng tối	Âm Ế
native_advanced_drafts	batch_0681_0690	R_0683	玄妙	げんみょう	huyền diệu, thâm sâu vi diệu — vẻ đẹp không thể dễ dàng nắm bắt hay giải thích	Huyền Diệu
native_advanced_drafts	batch_0681_0690	R_0683	朧	おぼろ	mờ ảo, lờ mờ — dùng cho trăng mờ, sương mờ; khái niệm thẩm mỹ Nhật ưa vẻ đẹp không rõ nét	Lông
native_advanced_drafts	batch_0681_0690	R_0683	蒔絵	まきえ	mạ vàng lên sơn mài — kỹ thuật rắc vàng bạc lên đồ sơn mài truyền thống Nhật	Thì Hội
native_advanced_drafts	batch_0681_0690	R_0683	漆器	しっき	đồ sơn mài — đồ vật được phủ bằng sơn urushi, đặc sản thủ công mỹ nghệ Nhật	Tất Khí
native_advanced_drafts	batch_0681_0690	R_0683	行燈	あんどん	đèn giấy kiểu truyền thống Nhật — khung gỗ bọc giấy trắng, đốt nến bên trong	Hành Đăng
native_advanced_drafts	batch_0681_0690	R_0683	床の間	とこのま	Tokonoma — góc trang trí thiêng liêng trong phòng truyền thống Nhật, trưng tranh và hoa	Sàng Gian
native_advanced_drafts	batch_0681_0690	R_0683	掛け軸	かけじく	tranh cuộn — tranh hoặc thư pháp cuộn treo trong Tokonoma	Quải Trục
native_advanced_drafts	batch_0681_0690	R_0683	香炉	こうろ	lư hương — bình đốt hương, thường đặt trong Tokonoma hoặc bàn thờ	Hương Lô
native_advanced_drafts	batch_0681_0690	R_0683	奥ゆかしさ	おくゆかしさ	sự kín đáo, e ấp, thâm trầm — phẩm chất thẩm mỹ Nhật: đẹp ở chỗ không phô trương	Áo
native_advanced_drafts	batch_0681_0690	R_0683	荘厳	そうごん	trang nghiêm, uy nghi — vẻ đẹp có tính thần thánh, đáng kính sợ	Trang Nghiêm
native_advanced_drafts	batch_0681_0690	R_0683	余白	よはく	khoảng trống — trong thư pháp/hội họa Nhật: khoảng trống có chủ ý mang giá trị thẩm mỹ	Dư Bạch
native_advanced_drafts	batch_0681_0690	R_0683	氾濫	はんらん	tràn ngập, lũ lụt — ở đây dùng ẩn dụ: ánh sáng tràn ngập quá mức	Phiếm Lạm
native_advanced_drafts	batch_0681_0690	R_0683	金箔	きんぱく	vàng lá — vàng được dát mỏng thành lá dùng trang trí	Kim Bạc
native_advanced_drafts	batch_0681_0690	R_0683	白日	はくじつ	ánh ban ngày, ánh sáng rực rỡ — thành ngữ: bơi trong ánh sáng hoàn toàn lộ rõ	Bạch Nhật
native_advanced_drafts	batch_0681_0690	R_0684	祇園精舎	ぎおんしょうじゃ	Chùa Kỳ Viên — nơi Đức Phật thuyết pháp ở Ấn Độ, mở đầu biểu tượng của Bình Gia Vật Ngữ	Chi Viên Tinh Xá
native_advanced_drafts	batch_0681_0690	R_0684	諸行無常	しょぎょうむじょう	chư hành vô thường — chân lý Phật giáo: mọi sự vật đều không ngừng biến đổi, không có gì thường hằng	Chư Hành Vô Thường
native_advanced_drafts	batch_0681_0690	R_0684	盛者必衰	じょうしゃひっすい	thịnh giả tất suy — kẻ đang thịnh vượng ắt sẽ suy tàn, quy luật nhân quả Phật giáo	Thịnh Giả Tất Suy
native_advanced_drafts	batch_0681_0690	R_0684	沙羅双樹	さらそうじゅ	cây Song Thụ Sa La — loại cây nở hoa trắng khi Đức Phật nhập Niết Bàn, biểu tượng vô thường	Sa La Song Thụ
native_advanced_drafts	batch_0681_0690	R_0684	おごる	おごる	kiêu ngạo, hợm hĩnh, ngạo mạn (cổ văn: おごれる người = kẻ kiêu ngạo)	
native_advanced_drafts	batch_0681_0690	R_0684	塵	ちり	bụi bặm — ẩn dụ cho sự nhỏ bé, phù du, không đáng kể trước sức mạnh tự nhiên	Trần
native_advanced_drafts	batch_0681_0690	R_0684	禄山	ろくざん	An Lộc Sơn — tướng nhà Đường nổi loạn, ví dụ kẻ kiêu ngạo bị diệt vong trong lịch sử Trung Quốc	Lộc San
native_advanced_drafts	batch_0681_0690	R_0684	六波羅	ろくはら	Lục Ba La — địa danh Kyoto, nơi đặt cứ điểm dòng họ Taira, biểu tượng quyền lực	Lục Ba La
native_advanced_drafts	batch_0681_0690	R_0684	入道前太政大臣	にゅうどうさきのだいじょうだいじん	cựu Thái chính đại thần đã xuất gia — danh hiệu của Taira no Kiyomori sau khi cạo đầu theo đạo Phật	Nhập Đạo Tiền Thái Chánh Đại Thần
native_advanced_drafts	batch_0681_0690	R_0684	桓武天皇	かんむてんのう	Hoàng đế Kammu — tổ tiên hoàng tộc mà Taira no Kiyomori tự nhận là hậu duệ	Hoàn Vũ Thiên Hoàng
native_advanced_drafts	batch_0681_0690	R_0684	後胤	こういん	hậu duệ, dòng dõi con cháu đời sau	Hậu Dận
native_advanced_drafts	batch_0681_0690	R_0684	栄花	えいが	vinh hoa, phồn hoa — sự phú quý tột đỉnh (cổ văn: thường chỉ sự thịnh vượng của quý tộc)	Vinh Hoa
native_advanced_drafts	batch_0681_0690	R_0684	はかなし	はかなし	mong manh, phù du, vô thường (cổ văn: sự vật không bền vững, dễ tan biến)	
native_advanced_drafts	batch_0681_0690	R_0684	無常	むじょう	vô thường — khái niệm Phật giáo: không có gì tồn tại mãi mãi, mọi thứ đều thay đổi	Vô Thường
native_advanced_drafts	batch_0681_0690	R_0684	係り結び	かかりむすび	luật ràng buộc cú pháp cổ văn: 係助詞 (ぞ/なむ/や/か → 連体形, こそ → 已然形) quyết định hình thức vị ngữ cuối câu	Hệ Kết
native_advanced_drafts	batch_0681_0690	R_0684	詠嘆	えいたん	thán phục, cảm thán — chức năng thứ hai của けり bên cạnh quá khứ hồi tưởng	Vịnh Thán
native_advanced_drafts	batch_0681_0690	R_0684	朝臣	あそん	tước hiệu quý tộc cao cấp thời Heian-Kamakura, đứng sau tên dòng họ	Triêu Thần
native_advanced_drafts	batch_0681_0690	R_0684	繁栄	はんえい	phồn thịnh, hưng thịnh — trạng thái đỉnh cao của quyền lực và của cải	Phồn Vinh
native_advanced_drafts	batch_0681_0690	R_0685	存在論的	そんざいろんてき	mang tính tồn tại luận, liên quan đến ontology — triết học về bản chất tồn tại	Tồn Tại Luận Đích
native_advanced_drafts	batch_0681_0690	R_0685	契機	けいき	cơ hội, thời cơ, điểm khởi đầu — đặc biệt dùng trong văn học thuật	Khế Ki
native_advanced_drafts	batch_0681_0690	R_0685	焦土	しょうど	đất cháy thành than, đất hoang tàn sau bom đạn — biểu tượng hậu chiến Nhật Bản	Tiêu Thổ
native_advanced_drafts	batch_0681_0690	R_0685	瓦礫	がれき	đống gạch vụn, đổ nát — nghĩa vật lý và ẩn dụ cho sự sụp đổ giá trị	Ngõa Lịch
native_advanced_drafts	batch_0681_0690	R_0685	逆説的	ぎゃくせつてき	mang tính nghịch lý, paradoxical — kỹ thuật lập luận phổ biến trong văn phê bình Nhật	Nghịch Thuyết Đích
native_advanced_drafts	batch_0681_0690	R_0685	堕落	だらく	sa đọa, suy đồi — trong Ango dùng theo nghĩa tích cực: trở về trạng thái tự nhiên của người	Đọa Lạc
native_advanced_drafts	batch_0681_0690	R_0685	実存的	じつぞんてき	mang tính hiện sinh, existential — triết học hiện sinh Sartre ảnh hưởng mạnh văn học hậu chiến Nhật	Thực Tồn Đích
native_advanced_drafts	batch_0681_0690	R_0685	自己疎外	じこそがい	tự tha hóa bản thân, self-alienation — khái niệm triết học Marx và tâm lý học	Tự Kỉ Sơ Ngoại
native_advanced_drafts	batch_0681_0690	R_0685	表象	ひょうしょう	biểu trưng, representation — khái niệm lý luận văn học: cách tác phẩm hình dung hóa ý nghĩa	Biểu Tượng
native_advanced_drafts	batch_0681_0690	R_0685	閉鎖的権力装置	へいさてきけんりょくそうち	bộ máy quyền lực khép kín — thuật ngữ xã hội học dùng trong phê bình văn học	Bế Tỏa Đích Quyền Lực Trang Trí
native_advanced_drafts	batch_0681_0690	R_0685	通底する	つうていする	liên thông ngầm ở tầng sâu, có điểm chung ở cơ tầng — từ đặc trưng văn phê bình cao cấp	Thông Để
native_advanced_drafts	batch_0681_0690	R_0685	身体性	しんたいせい	tính thân xác, corporeality — khái niệm lý luận: tầm quan trọng của thân xác trong ý nghĩa	Thân Thể Tính
native_advanced_drafts	batch_0681_0690	R_0685	彫琢する	ちょうたくする	chạm khắc, gọt giũa tinh tế — ẩn dụ chỉ công phu nghệ thuật của nhà văn	Điêu Trác
native_advanced_drafts	batch_0681_0690	R_0685	知的誠実さ	ちてきせいじつさ	sự trung thực trí tuệ, intellectual honesty — phẩm chất phê bình quan trọng	Tri Đích Thành Thực
native_advanced_drafts	batch_0681_0690	R_0685	権威的回答	けんいてきかいとう	câu trả lời quyền uy, authoritative answer — cái mà văn học phế tích từ chối	Quyền Uy Đích Hồi Đáp
native_advanced_drafts	batch_0681_0690	R_0685	拒否	きょひ	từ chối, phủ nhận — trong văn phê bình thường đi cùng với 権威	Cự Phủ
native_advanced_drafts	batch_0681_0690	R_0685	妥当	だとう	hợp lý, phù hợp, xác đáng — từ đánh giá học thuật	Thỏa Đương
native_advanced_drafts	batch_0681_0690	R_0685	解体	かいたい	phân rã, tháo dỡ, giải thể — dùng cho quá trình bị phá vỡ từ bên trong	Giải Thể
native_advanced_drafts	batch_0681_0690	R_0685	様式	ようしき	khuôn mẫu, hình thức — trong văn học chỉ convention nghệ thuật hoặc đạo đức	Dạng Thức
native_advanced_drafts	batch_0681_0690	R_0685	テクスト	テクスト	văn bản, text — từ lý luận văn học hiện đại (khác với 文章: nhấn mạnh chiều cấu trúc)	
native_advanced_drafts	batch_0681_0690	R_0686	朱子学	しゅしがく	Tống Nho, học phái Chu Tử — hệ thống tư tưởng Nho giáo do Chu Hy (1130-1200) sáng lập, thống trị Nhật Bản thời Edo	Chu Tử Học
native_advanced_drafts	batch_0681_0690	R_0686	天理	てんり	thiên lý — nguyên lý vũ trụ tối cao trong Tống Nho, quy luật của trời đất chi phối cả tự nhiên lẫn đạo đức xã hội	Thiên Lí
native_advanced_drafts	batch_0681_0690	R_0686	作為	さくい	tác vi — hành động chủ ý, sự tạo dựng có mục đích của con người; đối lập với 自然 (tự nhiên tự phát)	Tác Vi
native_advanced_drafts	batch_0681_0690	R_0686	荻生徂徠	おぎゅうそらい	Ogyuu Sorai (1666-1728) — học giả Nho học Nhật Bản thời Edo, người phát triển Cổ văn từ phái, đặt nền móng cho triết học chính trị tự luật	Địch Sanh Tồ Lai
native_advanced_drafts	batch_0681_0690	R_0686	礼楽刑政	れいがくけいせい	lễ nhạc hình chính — bốn lĩnh vực chế độ xã hội trong Nho học: lễ nghi, âm nhạc, hình phạt, chính sự	Lễ Lạc Hình Chánh
native_advanced_drafts	batch_0681_0690	R_0686	正統性	せいとうせい	tính chính thống, tính hợp pháp — legitimacy trong triết học chính trị	Chánh Thống Tính
native_advanced_drafts	batch_0681_0690	R_0686	伊藤仁斎	いとうじんさい	Itoo Jinsai (1627-1705) — học giả Nho học Nhật Bản, người sáng lập Cổ nghĩa học phái, chú trọng giải thích trực tiếp kinh điển Khổng Mạnh	Y Đằng Nhân Trai
native_advanced_drafts	batch_0681_0690	R_0686	人倫	じんりん	nhân luân — quan hệ đạo đức giữa người với người theo Nho học: quân thần, phụ tử, phu phụ, huynh đệ, bằng hữu	Nhân Luân
native_advanced_drafts	batch_0681_0690	R_0686	析出	せきしゅつ	tách chiết, phân ly ra — thuật ngữ khoa học (vật lý/hóa học) được Maruyama dùng ẩn dụ chỉ quá trình chính trị tách rời khỏi tôn giáo/đạo đức	Tích Xuất
native_advanced_drafts	batch_0681_0690	R_0686	萌芽	ほうが	mầm mống, phôi thai — hình ảnh ẩn dụ chỉ giai đoạn sơ khai của một tư tưởng hay phong trào	Manh Nha
native_advanced_drafts	batch_0681_0690	R_0686	先王之道	せんのうのみち	tiên vương chi đạo — đạo của các vương triều xưa, tiền lệ lịch sử được dùng làm chuẩn mực trong học phái Sorai	Tiên Vương Chi Đạo
native_advanced_drafts	batch_0681_0690	R_0686	残滓	ざんし	tàn dư, cặn bã còn sót lại — residue trong văn học thuật, chỉ yếu tố cũ còn lại trong tư tưởng mới	Tàn Chỉ
native_advanced_drafts	batch_0681_0690	R_0686	宇宙論	うちゅうろん	vũ trụ luận, cosmology — học thuyết về cấu trúc và trật tự của vũ trụ, nền tảng siêu hình cho trật tự xã hội Tống Nho	Vũ Trụ Luận
native_advanced_drafts	batch_0681_0690	R_0686	内在的	ないざいてき	nội tại, immanent — tính chất nằm bên trong, từ bên trong phát sinh (đối lập với ngoại tại 外在的)	Nội Tại Đích
native_advanced_drafts	batch_0681_0690	R_0686	看取	かんしゅ	nhận thấy, đọc ra, nhận ra — thuật ngữ học thuật chỉ hành động nhận thức qua phân tích tư liệu	Khán Thủ
native_advanced_drafts	batch_0681_0690	R_0686	画期的	かっきてき	đột phá, mang tính bước ngoặt — epoch-making, đánh dấu giai đoạn mới trong lịch sử tư tưởng	Họa Kì Đích
native_advanced_drafts	batch_0681_0690	R_0686	早計	そうけい	kết luận vội vã, nhận định hấp tấp — premature conclusion trong lập luận học thuật	Tảo Kế
native_advanced_drafts	batch_0681_0690	R_0687	燦然	さんぜん	rực rỡ, lấp lánh huy hoàng — từ Hán Việt, thường dùng trong văn học cao cấp để tả ánh sáng mạnh mẽ	Xán Nhiên
native_advanced_drafts	batch_0681_0690	R_0687	際立つ	きわだつ	nổi bật, trở nên nổi trội so với xung quanh	Tế Lập
native_advanced_drafts	batch_0681_0690	R_0687	吃音	きつおん	tật nói lắp — trong 金閣寺, đây là biểu tượng cho sự cô lập của nhân vật 'tôi' với thế giới	Cật Âm
native_advanced_drafts	batch_0681_0690	R_0687	縁側	えんがわ	hiên nhà (Nhật truyền thống) — hành lang gỗ dọc mặt ngoài nhà, nơi ngồi ngắm vườn	Duyên Trắc
native_advanced_drafts	batch_0681_0690	R_0687	逆説的	ぎゃくせつてき	mang tính nghịch lý, paradox	Nghịch Thuyết Đích
native_advanced_drafts	batch_0681_0690	R_0687	確信	かくしん	niềm xác tín, sự tin tưởng chắc chắn hoàn toàn	Xác Tín
native_advanced_drafts	batch_0681_0690	R_0687	拷問	ごうもん	tra tấn, cực hình — dùng nghĩa bóng: điều hành hạ cực độ về tinh thần	Kháo Vấn
native_advanced_drafts	batch_0681_0690	R_0687	執着	しゅうちゃく	chấp trước, sự bám víu vào điều gì không buông — khái niệm Phật giáo	Chấp Trứ
native_advanced_drafts	batch_0681_0690	R_0687	焼却	しょうきゃく	thiêu hủy, đốt cháy hoàn toàn	Thiêu Khước
native_advanced_drafts	batch_0681_0690	R_0687	洞察	どうさつ	sự thấu hiểu sâu sắc, insight — nhìn thấu bản chất bên trong	Động Sát
native_advanced_drafts	batch_0681_0690	R_0687	宿る	やどる	trú ngụ, ẩn chứa — thường dùng khi nói bản chất/tinh thần ẩn trong vật	Túc
native_advanced_drafts	batch_0681_0690	R_0687	老師	ろうし	vị hòa thượng lớn tuổi, sư phụ — trong 金閣寺 chỉ trụ trì kim các tự	Lão Sư
native_advanced_drafts	batch_0681_0690	R_0687	本質	ほんしつ	bản chất, cốt lõi — điều tạo nên một sự vật đúng như nó là	Bản Chất
native_advanced_drafts	batch_0681_0690	R_0687	象徴	しょうちょう	biểu tượng — vật/hình ảnh mang ý nghĩa vượt ra ngoài bản thân nó	Tượng Trưng
native_advanced_drafts	batch_0681_0690	R_0687	炎	ほのお	ngọn lửa — trong 金閣寺, lửa là hành động tuyệt đỉnh của nhân vật chính	Viêm
native_advanced_drafts	batch_0681_0690	R_0687	揺らぎ	ゆらぎ	sự lung lay, dao động — biểu tượng Cái Đẹp sống động đối lập với tĩnh lặng chết	Dao
native_advanced_drafts	batch_0681_0690	R_0687	醜さ	みにくさ	sự xấu xa, vẻ xấu xí — trong bài dùng theo nghĩa nội tâm: cảm giác tự ti, thiếu sót	Xú,
native_advanced_drafts	batch_0681_0690	R_0687	刻まれる	きざまれる	được khắc vào, in sâu — hình ảnh ký ức/lời nói đóng dấu không thể xóa vào tâm trí	Khắc
native_advanced_drafts	batch_0681_0690	R_0688	超高齢社会	ちょうこうれいしゃかい	xã hội siêu già hóa — thuật ngữ chỉ xã hội có tỷ lệ người từ 65 tuổi trở lên vượt 21%	Siêu Cao Linh Xã Hội
native_advanced_drafts	batch_0681_0690	R_0688	持続可能性	じぞくかのうせい	tính bền vững, khả năng duy trì lâu dài	Trì Tục Khả Năng Tính
native_advanced_drafts	batch_0681_0690	R_0688	現役世代	げんえきせだい	thế hệ đang làm việc, thế hệ đang hoạt động (ngược với người về hưu)	Hiện Dịch Thế Đại
native_advanced_drafts	batch_0681_0690	R_0688	財源	ざいげん	nguồn tài chính, nguồn kinh phí	Tài Nguyên
native_advanced_drafts	batch_0681_0690	R_0688	逼迫	ひっぱく	căng thẳng, ở tình trạng cấp bách, bị dồn vào thế bí	Bức Bách
native_advanced_drafts	batch_0681_0690	R_0688	抜本的	ばっぽんてき	triệt để, căn bản, nhổ tận gốc rễ (改革 = cải cách triệt để)	Bạt Bản Đích
native_advanced_drafts	batch_0681_0690	R_0688	対症療法	たいしょうりょうほう	điều trị triệu chứng (không chữa gốc bệnh) — ẩn dụ chỉ chính sách chắp vá	Đối Chứng Liệu Pháp
native_advanced_drafts	batch_0681_0690	R_0688	小手先	こてさき	mang tính chắp vá, giải pháp vụn vặt bề ngoài (phê phán chính sách thiếu căn cơ)	Tiểu Thủ Tiên
native_advanced_drafts	batch_0681_0690	R_0688	高年齢者雇用安定法	こうねんれいしゃこようあんていほう	Luật Ổn định việc làm người cao tuổi — luật quy định doanh nghiệp phải có biện pháp đảm bảo việc làm đến 70 tuổi	Cao Niên Linh Giả Cố Dụng An Định Pháp
native_advanced_drafts	batch_0681_0690	R_0688	絵に描いた餅	えにかいたもち	bánh vẽ — thành ngữ chỉ kế hoạch/luật pháp đẹp trên giấy nhưng không thực thi được	Hội Miêu Bính
native_advanced_drafts	batch_0681_0690	R_0688	担い手	にないて	người đảm nhận, nhân lực chịu trách nhiệm (担い手不足 = thiếu nhân lực)	Đam Thủ
native_advanced_drafts	batch_0681_0690	R_0688	定着率	ていちゃくりつ	tỷ lệ gắn bó lâu dài, tỷ lệ ở lại (dùng cho lao động, nhân viên)	Định Trứ Suất
native_advanced_drafts	batch_0681_0690	R_0688	産業構造	さんぎょうこうぞう	cơ cấu công nghiệp, cấu trúc nền công nghiệp	Sản Nghiệp Cấu Tạo
native_advanced_drafts	batch_0681_0690	R_0688	終末期医療	しゅうまつきいりょう	y tế cuối đời, chăm sóc giai đoạn cuối (liên quan đến quyết định ngừng điều trị)	Chung Mạt Kì Y Liệu
native_advanced_drafts	batch_0681_0690	R_0688	轍	てつ	vết xe, dấu bánh xe — thành ngữ 轍を踏む = lặp lại sai lầm của người đi trước	Triệt
native_advanced_drafts	batch_0681_0690	R_0688	票田	ひょうでん	ruộng phiếu — ẩn dụ chỉ nhóm cử tri mà đảng phái khai thác để lấy phiếu bầu	Phiếu Điền
native_advanced_drafts	batch_0681_0690	R_0688	覚悟	かくご	sự sẵn sàng, quyết tâm chấp nhận khó khăn	Giác Ngộ
native_advanced_drafts	batch_0681_0690	R_0688	説明責任	せつめいせきにん	trách nhiệm giải trình (accountability — thuật ngữ hành chính công)	Thuyết Minh Trách Nhâm
native_advanced_drafts	batch_0681_0690	R_0688	余儀なくされる	よぎなくされる	bị buộc phải, không có lựa chọn nào khác (受け身 + áp lực ngoại cảnh)	Dư Nghi
native_advanced_drafts	batch_0681_0690	R_0688	腰を据える	こしをすえる	nghiêm túc ngồi xuống giải quyết, kiên trì đối mặt không vội vàng	Yêu Cư
native_advanced_drafts	batch_0681_0690	R_0689	弥生時代	やよいじだい	thời đại Yayoi — theo định tuổi C14 mới (国立歴史民俗博物館 2003) khoảng 1000-900 TCN đến 300 SCN; thời kỳ canh tác lúa nước du nhập vào Nhật Bản	Di Sanh Thì Đại
native_advanced_drafts	batch_0681_0690	R_0689	水田稲作	すいでんいなさく	canh tác lúa nước — trồng lúa trên ruộng ngập nước, phân biệt với lúa cạn	Thủy Điền Đạo Tác
native_advanced_drafts	batch_0681_0690	R_0689	伝播経路	でんぱけいろ	con đường truyền bá, lộ trình lan truyền (của văn hóa, kỹ thuật)	Truyền Bá Kinh Lộ
native_advanced_drafts	batch_0681_0690	R_0689	炭化米	たんかまい	gạo than hóa — hạt gạo đã cháy thành than, bảo tồn trong di chỉ khảo cổ	Thán Hóa Mễ
native_advanced_drafts	batch_0681_0690	R_0689	蓋然性	がいぜんせい	độ xác thực, xác suất hợp lý — khả năng một mệnh đề là đúng	Cái Nhiên Tính
native_advanced_drafts	batch_0681_0690	R_0689	無文土器	むもんどき	gốm không văn — loại gốm đặc trưng thời đồ đồng bán đảo Triều Tiên, bề mặt nhẵn không hoa văn	Vô Văn Thổ Khí
native_advanced_drafts	batch_0681_0690	R_0689	板付遺跡	いたづけいせき	di chỉ Itazuke — di chỉ khảo cổ quan trọng ở Fukuoka, có dấu vết ruộng lúa sớm nhất Nhật Bản	Bản Phó Di Tích
native_advanced_drafts	batch_0681_0690	R_0689	石包丁	いしぼうちょう	dao gặt đá / lưỡi cắt lúa bằng đá (stone reaping knife) — công cụ thu hoạch lúa bằng đá mài, đặc trưng của văn hóa lúa nước Yayoi (KHÁC với 鎌 = liềm)	Thạch Bao Đinh
native_advanced_drafts	batch_0681_0690	R_0689	磨製石器	ませいせっき	đồ đá mài — công cụ đá được mài nhẵn (phân biệt với đồ đá đẽo thời Paleolithic)	Ma Chế Thạch Khí
native_advanced_drafts	batch_0681_0690	R_0689	温帯ジャポニカ種	おんたいじゃぽにかしゅ	giống lúa Japonica ôn đới — thích nghi khí hậu mùa vụ, phân biệt với Japonica nhiệt đới	Ôn Đới Chủng
native_advanced_drafts	batch_0681_0690	R_0689	渡来集団	とらいしゅうだん	nhóm di cư đến — những người từ bán đảo Triều Tiên hoặc đại lục di cư sang Nhật Bản	Độ Lai Tập Đoàn
native_advanced_drafts	batch_0681_0690	R_0689	縄文系	じょうもんけい	dòng Jomon — cư dân bản địa Nhật Bản trước khi người Yayoi di cư đến	Thằng Văn Hệ
native_advanced_drafts	batch_0681_0690	R_0689	ゲノムワイド解析	げのむわいどかいせき	phân tích genome-wide — phân tích toàn bộ bộ gen, phương pháp di truyền học hiện đại	Giải Tích
native_advanced_drafts	batch_0681_0690	R_0689	形態的特徴	けいたいてきとくちょう	đặc điểm hình thái — đặc trưng về hình dạng, cấu trúc có thể quan sát trực tiếp	Hình Thái Đích Đặc Trưng
native_advanced_drafts	batch_0681_0690	R_0689	混血過程	こんけつかてい	quá trình hòa huyết — sự pha trộn gen giữa hai nhóm dân cư khác nhau	Hỗn Huyết Quá Trình
native_advanced_drafts	batch_0681_0690	R_0689	一元説	いちげんせつ	thuyết một nguồn — học thuyết cho rằng hiện tượng có một nguồn gốc duy nhất	Nhất Nguyên Thuyết
native_advanced_drafts	batch_0681_0690	R_0689	懐疑論	かいぎろん	thuyết hoài nghi — lập trường nghi ngờ, không tin chắc vào điều gì	Hoài Nghi Luận
native_advanced_drafts	batch_0681_0690	R_0690	比類なき	ひるいなき	không ai sánh kịp, vô song — 比類 (vật để so sánh) + なき (không có)	Bỉ Loại
native_advanced_drafts	batch_0681_0690	R_0690	到達点	とうたつてん	đỉnh cao đạt tới, điểm đến sau quá trình nỗ lực	Đáo Đạt Điểm
native_advanced_drafts	batch_0681_0690	R_0690	マルチカメラ方式	まるちかめらほうしき	phương pháp quay đa camera — kỹ thuật đặc trưng Kurosawa	Phương Thức
native_advanced_drafts	batch_0681_0690	R_0690	漲る	みなぎる	tràn đầy, đầy ắp (dùng cho cảm giác, năng lượng, sức sống)	Trướng
native_advanced_drafts	batch_0681_0690	R_0690	被写体	ひしゃたい	vật thể được chụp/quay — đối tượng của máy ảnh hoặc camera	Bị Tả Thể
native_advanced_drafts	batch_0681_0690	R_0690	斜光	しゃこう	ánh sáng xiên — chiếu từ góc nghiêng để tạo bóng đổ, làm nổi bật kết cấu	Tà Quang
native_advanced_drafts	batch_0681_0690	R_0690	逆光	ぎゃっこう	ánh sáng ngược — nguồn sáng phía sau đối tượng, tạo hiệu ứng silhouette	Nghịch Quang
native_advanced_drafts	batch_0681_0690	R_0690	モンタージュ	もんたーじゅ	montage — kỹ thuật cắt ghép cảnh quay tạo nghĩa mới từ sự kết hợp	
native_advanced_drafts	batch_0681_0690	R_0690	長回し	ながまわし	cảnh quay liên tục dài không cắt — kỹ thuật tạo cảm giác thời gian thực	Trường Hồi
native_advanced_drafts	batch_0681_0690	R_0690	緩急	かんきゅう	nhanh chậm — sự thay đổi tốc độ nhịp điệu trong âm nhạc, phim, văn chương	Hoãn Cấp
native_advanced_drafts	batch_0681_0690	R_0690	相克	そうこく	mâu thuẫn, xung đột giữa hai lực tương phản — mạnh hơn 対立, hàm ý đấu tranh liên tục	Tương Khắc
native_advanced_drafts	batch_0681_0690	R_0690	証左	しょうさ	bằng chứng, chứng cứ (văn nghị luận, trang trọng hơn 証拠)	Chứng Tả
native_advanced_drafts	batch_0681_0690	R_0690	連帯	れんたい	sự đoàn kết, liên đới — cùng nhau chia sẻ trách nhiệm và số phận	Liên Đới
native_advanced_drafts	batch_0681_0690	R_0690	不可分	ふかぶん	bất khả phân, không thể tách rời	Bất Khả Phân
native_advanced_drafts	batch_0681_0690	R_0690	稀有	けう / きゆう	hiếm có, hiếm thấy — rất ít tồn tại trong thực tế	Hi Hữu
native_advanced_drafts	batch_0681_0690	R_0690	階級の流動性	かいきゅうのりゅうどうせい	tính lưu động của giai cấp — khả năng dịch chuyển giữa các tầng lớp xã hội	Giai Cấp Lưu Động Tính
native_advanced_drafts	batch_0681_0690	R_0690	視覚言語	しかくげんご	ngôn ngữ thị giác — hệ thống biểu đạt ý nghĩa bằng hình ảnh thay vì ngôn từ	Thị Giác Ngôn Ngữ
native_advanced_drafts	batch_0681_0690	R_0690	翻訳する	ほんやくする	dịch (ở đây nghĩa mở rộng: chuyển đổi từ phương tiện này sang phương tiện khác)	Phiên Dịch
native_advanced_drafts	batch_0691_0700	R_0691	京都学派	きょうとがくは	Trường phái Kyoto — trường phái triết học Nhật Bản thế kỷ 20 gắn với Nishida Kitaro, Nishitani Keiji, đặc trưng bởi đối thoại Đông-Tây	Kinh Đô Học Phái
native_advanced_drafts	batch_0691_0700	R_0691	虚無	きょむ	hư vô — trạng thái vắng bặt ý nghĩa và nền tảng; khái niệm trung tâm trong tư tưởng Nishitani	Hư Vô
native_advanced_drafts	batch_0691_0700	R_0691	宗教性	しゅうきょうせい	tính tôn giáo — tư chất hoặc chiều kích tôn giáo của con người, phân biệt với tôn giáo thể chế	Tông Giáo Tính
native_advanced_drafts	batch_0691_0700	R_0691	根源的	こんげんてき	mang tính căn nguyên, thuộc về nguồn gốc sâu xa nhất	Căn Nguyên Đích
native_advanced_drafts	batch_0691_0700	R_0691	転化	てんか	chuyển hóa, biến đổi sang dạng khác về chất	Chuyển Hóa
native_advanced_drafts	batch_0691_0700	R_0691	深淵	しんえん	vực thẳm sâu — ẩn dụ triết học chỉ chiều sâu không đáy của vấn đề	Thâm Duyên
native_advanced_drafts	batch_0691_0700	R_0691	自明性	じめいせい	tính hiển nhiên tự thân — trạng thái không cần giải thích, được mọi người mặc nhiên thừa nhận	Tự Minh Tính
native_advanced_drafts	batch_0691_0700	R_0691	契機	けいき	cơ duyên, nhân tố kích hoạt — yếu tố mang tính quyết định cho sự chuyển biến	Khế Ki
native_advanced_drafts	batch_0691_0700	R_0691	ニヒリズム	ニヒリズム	chủ nghĩa hư vô (nihilism) — học thuyết phủ nhận mọi giá trị, ý nghĩa và chân lý tuyệt đối	
native_advanced_drafts	batch_0691_0700	R_0691	空の立場	くうのたちば	lập trường của không — khái niệm trung tâm của Nishitani: tiếp cận thực tại từ không tính (sunyata)	Không Lập Tràng
native_advanced_drafts	batch_0691_0700	R_0691	空性	くうしょう	không tính (sunyata) — khái niệm Phật giáo: mọi sự vật đều vắng bặt tự ngã cố định, tồn tại trong quan hệ tương duyên	Không Tính
native_advanced_drafts	batch_0691_0700	R_0691	存在論	そんざいろん	bản thể luận (ontology) — nhánh triết học nghiên cứu bản chất của sự tồn tại	Tồn Tại Luận
native_advanced_drafts	batch_0691_0700	R_0691	啓示	けいじ	sự mặc khải (revelation) — trong thần học: sự Thần linh tự bày tỏ với con người	Khải Kì
native_advanced_drafts	batch_0691_0700	R_0691	産婆役	さんばやく	vai trò người đỡ đẻ — ẩn dụ chỉ tác nhân giúp điều gì đó ra đời (maieutics của Socrates)	Sản Bà Dịch
native_advanced_drafts	batch_0691_0700	R_0691	逆説	ぎゃくせつ	nghịch lý (paradox) — mệnh đề trông như mâu thuẫn nhưng chứa đựng chân lý sâu hơn	Nghịch Thuyết
native_advanced_drafts	batch_0691_0700	R_0691	根拠づける	こんきょづける	căn cứ hóa, thiết lập nền tảng luận chứng cho	Căn Cứ
native_advanced_drafts	batch_0691_0700	R_0691	特筆すべき	とくひつすべき	đáng ghi chú đặc biệt, đáng chú ý nổi bật	Đặc Bút
native_advanced_drafts	batch_0691_0700	R_0691	シューニャター	シューニャター	sunyata — từ Sanskrit, hệ niệm không tính trong triết học Phật giáo Đại thừa	
native_advanced_drafts	batch_0691_0700	R_0692	国境	くにざかい	ranh giới tỉnh, ranh giới vùng (ở đây: ranh giới giữa hai tỉnh Niigata và Gunma)	Quốc Cảnh
native_advanced_drafts	batch_0691_0700	R_0692	信号所	しんごうじょ	trạm tín hiệu đường sắt nhỏ, điểm dừng tạm không phải ga chính	Tín Hào Sở
native_advanced_drafts	batch_0691_0700	R_0692	客車	きゃくしゃ	toa tàu hành khách (phân biệt với toa hàng hoá)	Khách Xa
native_advanced_drafts	batch_0691_0700	R_0692	瞼の裏	まぶたのうら	sau mí mắt, mặt trong của mí mắt — không gian hình ảnh tồn tại sau khi nhắm mắt	Kiện Lí
native_advanced_drafts	batch_0691_0700	R_0692	ひっそり	ひっそり	vắng lặng, yên tĩnh tuyệt đối, không một tiếng động (trạng thái vắng vẻ hoàn toàn)	
native_advanced_drafts	batch_0691_0700	R_0692	芸者	げいしゃ	geisha — nghệ nhân tiếp đãi được đào tạo về âm nhạc, khiêu vũ, trà đạo	Vân Giả
native_advanced_drafts	batch_0691_0700	R_0692	幻	まぼろし	ảo ảnh, hình ảnh hư ảo không có thực, ảo giác	Huyễn
native_advanced_drafts	batch_0691_0700	R_0692	遠ざかる	とおざかる	dần xa đi, lùi ra xa, trở nên xa hơn (vừa nghĩa không gian vừa nghĩa tâm lý)	Viễn
native_advanced_drafts	batch_0691_0700	R_0692	闇	やみ	bóng tối, màn đêm tăm tối — trong văn Kawabata: biểu tượng vô thức và cái chưa biết	Ám
native_advanced_drafts	batch_0691_0700	R_0692	夜の底	よのそこ	đáy đêm — hình ảnh ẩn dụ của Kawabata: đêm như một chiều sâu có đáy	Dạ Để
native_advanced_drafts	batch_0691_0700	R_0692	重なる	かさなる	chồng lên nhau, trùng lên nhau (hình ảnh: hai khuôn mặt hiện lên chồng nhau)	Trọng
native_advanced_drafts	batch_0691_0700	R_0692	体言止め	たいげんどめ	kỹ thuật kết câu bằng danh từ không có vị ngữ — tạo dư âm và khoảng trống cảm xúc	Thể Ngôn Chỉ
native_advanced_drafts	batch_0691_0700	R_0692	省略	しょうりゃく	lược bỏ, tỉnh lược — trong văn học: cố tình bỏ thông tin để người đọc tự suy luận	Tỉnh Lược
native_advanced_drafts	batch_0691_0700	R_0692	象徴	しょうちょう	biểu tượng — vật/hình ảnh mang ý nghĩa ẩn dụ sâu hơn nghĩa đen	Tượng Trưng
native_advanced_drafts	batch_0691_0700	R_0692	暗示	あんじ	ám chỉ, ngụ ý — nói gián tiếp, để người đọc tự suy ra ý nghĩa	Ám Kì
native_advanced_drafts	batch_0691_0700	R_0692	感覚的	かんかくてき	thuộc về cảm giác, mang tính cảm quan — văn Kawabata đặc biệt nhấn mạnh trải nghiệm giác quan	Cảm Giác Đích
native_advanced_drafts	batch_0691_0700	R_0692	駒子	こまこ	Komako — nhân vật nữ chính trong Tuyết Quốc, geisha tại vùng tuyết Niigata	Câu Tử
native_advanced_drafts	batch_0691_0700	R_0693	精緻	せいち	tinh tế, tỉ mỉ, công phu (về hệ thống, kỹ thuật)	Tinh Trí
native_advanced_drafts	batch_0691_0700	R_0693	骨格	こっかく	bộ khung, cốt lõi, cấu trúc nền tảng	Cốt Cách
native_advanced_drafts	batch_0691_0700	R_0693	尊敬語	そんけいご	kính ngữ tôn xưng — dùng khi nói về hành động của người địa vị cao	Tôn Kính Ngữ
native_advanced_drafts	batch_0691_0700	R_0693	謙譲語	けんじょうご	khiêm tốn ngữ — dùng khi nói về hành động của bản thân để hạ thấp mình	Khiêm Nhượng Ngữ
native_advanced_drafts	batch_0691_0700	R_0693	丁寧語	ていねいご	lịch sự ngữ — dùng để nói lịch sự với người nghe (ます/です)	Đinh Ninh Ngữ
native_advanced_drafts	batch_0691_0700	R_0693	可視化	かしか	hiện thị hóa, làm cho thấy được, trực quan hóa	Khả Thị Hóa
native_advanced_drafts	batch_0691_0700	R_0693	台頭	たいとう	sự trỗi dậy, nổi lên có thế lực (thường dùng cho giai cấp, thế lực)	Thai Đầu
native_advanced_drafts	batch_0691_0700	R_0693	結束	けっそく	sự đoàn kết, gắn kết (trong nhóm, tổ chức)	Kết Thúc
native_advanced_drafts	batch_0691_0700	R_0693	町人文化	ちょうにんぶんか	văn hóa thị dân thời Edo — văn hóa do thương nhân, thợ thủ công sáng tạo	Đinh Nhân Văn Hóa
native_advanced_drafts	batch_0691_0700	R_0693	存在意義	そんざいいぎ	ý nghĩa tồn tại, lý do tồn tại, raison d'être	Tồn Tại Ý Nghĩa
native_advanced_drafts	batch_0691_0700	R_0693	親疎関係	しんそかんけい	mức độ thân thiết hay xa cách trong mối quan hệ (thân — sơ)	Thân Sơ Quan Hệ
native_advanced_drafts	batch_0691_0700	R_0693	文化審議会	ぶんかしんぎかい	Hội đồng Thẩm định Văn hóa — cơ quan tư vấn của Bộ Giáo dục Nhật Bản	Văn Hóa Thẩm Nghị Hội
native_advanced_drafts	batch_0691_0700	R_0693	丁重語	ていちょうご	lịch sự trọng thể ngữ — khiêm tốn ngữ loại II, dùng để nói trang trọng với người nghe	Đinh Trọng Ngữ
native_advanced_drafts	batch_0691_0700	R_0693	美化語	びかご	mỹ hóa ngữ — thêm お/ご để nói đẹp hơn, trang nhã hơn (vd お菓子, おビール)	Mĩ Hóa Ngữ
native_advanced_drafts	batch_0691_0700	R_0693	バイト敬語	バイトけいご	kính ngữ thời vụ — cách nói kính ngữ xuất hiện ở nhân viên bán thời gian, đôi khi bị chỉ trích là sai chuẩn	Kính Ngữ
native_advanced_drafts	batch_0691_0700	R_0693	過剰敬語	かじょうけいご	kính ngữ thái quá — dùng kính ngữ quá mức cần thiết, gây cảm giác cứng nhắc	Quá Thặng Kính Ngữ
native_advanced_drafts	batch_0691_0700	R_0693	適応過程	てきおうかてい	quá trình thích ứng, quá trình điều chỉnh phù hợp với hoàn cảnh	Thích Ứng Quá Trình
native_advanced_drafts	batch_0691_0700	R_0693	動的	どうてき	động, có tính thay đổi, không cố định (đối lập với 静的 — tĩnh)	Động Đích
native_advanced_drafts	batch_0691_0700	R_0694	踏絵	ふみえ	tấm ảnh đạp — tranh thánh hoặc thánh giá bằng đồng dùng để thử người Nhật có theo đạo Ki-tô không (Nhật Bản thế kỷ 17)	Đạp Hội
native_advanced_drafts	batch_0691_0700	R_0694	棄教	ききょう	bỏ đạo, từ bỏ tôn giáo — hành động tuyên bố từ chối đức tin dưới áp lực	Khí Giáo
native_advanced_drafts	batch_0691_0700	R_0694	殉教	じゅんきょう	tử đạo — chấp nhận cái chết để bảo vệ đức tin tôn giáo	Tuẫn Giáo
native_advanced_drafts	batch_0691_0700	R_0694	切支丹	きりしたん	Ki-tô hữu (từ thời Edo, phiên âm từ Cristão tiếng Bồ Đào Nha) — người theo đạo Ki-tô ở Nhật Bản thời bị cấm	Thiết Chi Đan
native_advanced_drafts	batch_0691_0700	R_0694	司祭	しさい	linh mục, tư tế — chức vụ tôn giáo trong Công giáo	Ti Tế
native_advanced_drafts	batch_0691_0700	R_0694	変質	へんしつ	biến chất, thay đổi bản chất — mất đi tính nguyên gốc	Biến Chất
native_advanced_drafts	batch_0691_0700	R_0694	沼地	ぬまち	đầm lầy — vùng đất lầy lội, ẩm ướt; ở đây là ẩn dụ cho văn hoá Nhật Bản không tiếp nhận được Ki-tô giáo nguyên gốc	Chiểu Địa
native_advanced_drafts	batch_0691_0700	R_0694	刹那	せつな	khoảnh khắc, tích tắc — đơn vị thời gian cực ngắn (gốc Phật giáo Sanskrit: ksana)	Sát Na
native_advanced_drafts	batch_0691_0700	R_0694	感触	かんしょく	cảm giác xúc giác, cảm xúc tiếp xúc — cảm nhận qua da thịt	Cảm Xúc
native_advanced_drafts	batch_0691_0700	R_0694	耐えがたい	たえがたい	khó chịu đựng, không thể chịu nổi — がたい = khó có thể (từ 難い)	Nại
native_advanced_drafts	batch_0691_0700	R_0694	試練	しれん	thử thách, gian khổ rèn luyện — đặc biệt trong bối cảnh tôn giáo: thử thách của Chúa	Thí Luyện
native_advanced_drafts	batch_0691_0700	R_0694	純粋	じゅんすい	thuần khiết, trong sáng không pha tạp	Thuần Túy
native_advanced_drafts	batch_0691_0700	R_0694	腐らせる	くさらせる	làm thối rữa, làm hư hỏng — thể sai khiến của 腐る (thối rữa)	Hủ
native_advanced_drafts	batch_0691_0700	R_0694	即座に	そくざに	lập tức, ngay tức thì — phó từ chỉ tốc độ phản ứng	Tức Tọa
native_advanced_drafts	batch_0691_0700	R_0694	目撃	もくげき	chứng kiến tận mắt — quan sát trực tiếp sự kiện	Mục Kích
native_advanced_drafts	batch_0691_0700	R_0694	語りかける	かたりかける	thì thầm với, nói chuyện trực tiếp với — hàm ý giao tiếp thân mật, hướng về đối tượng cụ thể	Ngữ
native_advanced_drafts	batch_0691_0700	R_0694	十字架	じゅうじか	thập giá — biểu tượng Ki-tô giáo; ở đây còn là ẩn dụ cho gánh nặng đau khổ	Thập Tự Giá
native_advanced_drafts	batch_0691_0700	R_0694	分かつ	わかつ	chia sẻ, phân chia — mang nghĩa chia gánh nặng hoặc niềm vui cùng người khác	Phân
native_advanced_drafts	batch_0691_0700	R_0695	錯覚	さっかく	ảo giác, nhận thức sai lầm về thực tại	Thác Giác
native_advanced_drafts	batch_0691_0700	R_0695	実感	じっかん	cảm nhận thực sự, thực sự cảm thấy (phân biệt với chỉ biết bằng lý trí)	Thực Cảm
native_advanced_drafts	batch_0691_0700	R_0695	障害	しょうがい	khiếm khuyết, tật nguyền (ở đây: khiếm khuyết bẩm sinh)	Chướng Hại
native_advanced_drafts	batch_0691_0700	R_0695	奥底	おくそこ	đáy sâu, chiều sâu nhất (奥 = sâu bên trong + 底 = đáy)	Áo Để
native_advanced_drafts	batch_0691_0700	R_0695	色褪せる	いろあせる	phai màu, trở nên nhợt nhạt (ẩn dụ: mất đi sức hút, vẻ hấp dẫn)	Sắc Thốn
native_advanced_drafts	batch_0691_0700	R_0695	確信	かくしん	tin chắc, niềm tin vững chắc không nghi ngờ	Xác Tín
native_advanced_drafts	batch_0691_0700	R_0695	明白	めいはく	rõ ràng, hiển nhiên, không thể nhầm lẫn	Minh Bạch
native_advanced_drafts	batch_0691_0700	R_0695	遮断	しゃだん	chặn đứng, cắt đứt, ngăn cách hoàn toàn	Già Đoạn
native_advanced_drafts	batch_0691_0700	R_0695	迫られる	せまられる	bị buộc phải, bị áp lực dồn đến (bị động — không có lựa chọn khác)	Bách
native_advanced_drafts	batch_0691_0700	R_0695	折りたたむ	おりたたむ	gấp lại, gấp nhỏ (bản đồ, quần áo, giấy tờ)	Chiết
native_advanced_drafts	batch_0691_0700	R_0695	引き出し	ひきだし	ngăn kéo (đồ vật) / cũng nghĩa bóng: khả năng tiềm ẩn	Dẫn Xuất
native_advanced_drafts	batch_0691_0700	R_0695	果たす	はたす	hoàn thành, thực hiện đến cùng (nghĩa vụ, trách nhiệm)	Quả
native_advanced_drafts	batch_0691_0700	R_0695	ぼんやりと	ぼんやりと	lờ đờ, thẫn thờ, không tập trung (trạng thái tâm trí phân tán)	
native_advanced_drafts	batch_0691_0700	R_0695	廊下	ろうか	hành lang (trong tòa nhà, bệnh viện)	Lang Hạ
native_advanced_drafts	batch_0691_0700	R_0695	向き合う	むきあう	đối mặt, đứng đối diện (nghĩa bóng: không trốn tránh)	Hướng Hợp
native_advanced_drafts	batch_0691_0700	R_0695	ヒミコ	ヒミコ	Himiko — nhân vật nữ trong tiểu thuyết, người bạn kỳ lạ của Bird	
native_advanced_drafts	batch_0691_0700	R_0695	バード	バード	Bird — tên biệt hiệu của nhân vật chính, có nghĩa là chim — biểu tượng khao khát tự do	
native_advanced_drafts	batch_0691_0700	R_0695	個人的な体験	こじんてきなたいけん	trải nghiệm cá nhân — nhan đề tác phẩm, đối lập với 'trải nghiệm tập thể' hay 'lịch sử'	Cá Nhân Đích Thể Nghiệm
native_advanced_drafts	batch_0691_0700	R_0696	枕詞	まくらことば	gối từ — từ cố định dẫn vào từ khoá cụ thể trong thơ ca cổ Nhật, có số âm tiết cố định thường là 5 âm	Chẩm Từ
native_advanced_drafts	batch_0691_0700	R_0696	序詞	じょことば	nhập đề mở rộng — đoạn nhiều câu dẫn vào từ khoá bằng sự liên tưởng âm thanh hoặc hình ảnh	Tự Từ
native_advanced_drafts	batch_0691_0700	R_0696	長歌	ちょうか	trường ca — thể thơ Man'yoshu: nhiều câu 5-7 xen kẽ, kết bằng 5-7-7	Trường Ca
native_advanced_drafts	batch_0691_0700	R_0696	反歌	はんか	phản ca — bài thơ ngắn (短歌) đi kèm sau trường ca, tóm tắt hoặc bổ sung cảm xúc	Phản Ca
native_advanced_drafts	batch_0691_0700	R_0696	万葉仮名	まんようがな	Man'yogana — hệ thống ghi âm Nhật Bản bằng chữ Hán dùng như ký hiệu ngữ âm, tiền thân của kana	Vạn Diệp Giả Danh
native_advanced_drafts	batch_0691_0700	R_0696	ひさかたの	ひさかたの	makura-kotoba dẫn vào: trời, bầu không, trăng, ánh sáng, mưa — gợi không gian cao xa thiêng liêng	
native_advanced_drafts	batch_0691_0700	R_0696	あしひきの	あしひきの	makura-kotoba dẫn vào: núi, đỉnh núi, dãy núi — gợi vẻ hiểm trở kéo dài của núi non	
native_advanced_drafts	batch_0691_0700	R_0696	ぬばたまの	ぬばたまの	makura-kotoba dẫn vào: đêm, đen, tối — ぬばたま là hạt đen của cây hiôgi, màu đen tuyền	
native_advanced_drafts	batch_0691_0700	R_0696	係り結び	かかりむすび	luật ràng buộc cú pháp cổ văn: 係助詞 (ぞ/なむ/や/か → 連体形, こそ → 已然形) bắt buộc hình thức vị ngữ cuối	Hệ Kết
native_advanced_drafts	batch_0691_0700	R_0696	〜らし	らし	suy đoán dựa trên bằng chứng giác quan (cổ văn): có lẽ, hình như — khác với む (suy đoán thuần túy)	
native_advanced_drafts	batch_0691_0700	R_0696	体言止め	たいげんどめ	kết câu thơ bằng danh từ — thủ pháp để cảm xúc lơ lửng, không đóng lại hoàn toàn, tạo dư âm	Thể Ngôn Chỉ
native_advanced_drafts	batch_0691_0700	R_0696	かも	かも	thán từ nghi vấn cổ văn: tự hỏi mình + cảm thán — cô đơn, bất lực, băn khoăn không có lời giải	
native_advanced_drafts	batch_0691_0700	R_0696	ますらおぶり	ますらおぶり	phong cách thơ hùng mạnh, trực tiếp, nam tính — đặc trưng Man'yoshu, đối lập với たをやめぶり	
native_advanced_drafts	batch_0691_0700	R_0696	たをやめぶり	たをやめぶり	phong cách thơ thanh lịch, tinh tế, nữ tính — đặc trưng Kokinwakashu, đối lập với ますらおぶり	
native_advanced_drafts	batch_0691_0700	R_0696	真白にそ	ましろにそ	trắng tinh — そ là 係助詞 trong kakari-musubi, hiện đại仮名遣いでは「ぞ」, nhấn mạnh màu trắng thuần khiết của tuyết Phú Sĩ; 万葉仮名 chưa có dakuten	Chân Bạch
native_advanced_drafts	batch_0691_0700	R_0696	しだり尾	しだりお	đuôi rủ xuống, đuôi thõng dài — hình ảnh đặc trưng của chim sơn kê (山鳥) trong thơ cổ Nhật	Vĩ
native_advanced_drafts	batch_0691_0700	R_0696	雄渾	ゆうこん	hùng hồn, tráng lệ, mạnh mẽ và uyển chuyển — thuật ngữ phê bình văn học khen phong cách thơ Man'yoshu	Hùng Hồn
native_advanced_drafts	batch_0691_0700	R_0697	デジタルトランスフォーメーション	でじたるとらんすふぉーめーしょん	chuyển đổi số (DX) — tái cấu trúc toàn bộ hoạt động kinh doanh bằng công nghệ số	
native_advanced_drafts	batch_0691_0700	R_0697	レガシーシステム	れがしーしすてむ	hệ thống cũ lỗi thời (legacy system) — hệ thống IT đã cũ, khó nâng cấp, cản trở DX	
native_advanced_drafts	batch_0691_0700	R_0697	サイロ化	さいろか	silo hóa — tình trạng các phòng ban hoạt động cô lập, không chia sẻ thông tin với nhau	Hóa
native_advanced_drafts	batch_0691_0700	R_0697	刷新	さっしん	cải tạo triệt để, canh tân — thay thế hoàn toàn cái cũ bằng cái mới	Xoát Tân
native_advanced_drafts	batch_0691_0700	R_0697	侵食	しんしょく	xâm lấn, ăn mòn dần — (thị trường bị) xâm chiếm từng bước	Xâm Thực
native_advanced_drafts	batch_0691_0700	R_0697	スマートファクトリー	すまーとふぁくとりー	nhà máy thông minh — nhà máy ứng dụng IoT/AI để tự động hóa và tối ưu hóa sản xuất	
native_advanced_drafts	batch_0691_0700	R_0697	フィンテック	ふぃんてっく	fintech (financial technology) — công ty ứng dụng công nghệ vào dịch vụ tài chính	
native_advanced_drafts	batch_0691_0700	R_0697	不可逆的	ふかぎゃくてき	không thể đảo ngược — thiệt hại hoặc thay đổi một khi xảy ra không thể khôi phục lại	Bất Khả Nghịch Đích
native_advanced_drafts	batch_0691_0700	R_0697	牽引	けんいん	kéo dắt, dẫn dắt — lãnh đạo hoặc động lực thúc đẩy phía trước	Khiên Dẫn
native_advanced_drafts	batch_0691_0700	R_0697	喫緊	きっきん	cấp bách, cấp thiết — vấn đề không thể chờ đợi, cần giải quyết ngay	Khiết Khẩn
native_advanced_drafts	batch_0691_0700	R_0697	醸成	じょうせい	nuôi dưỡng, tạo ra dần dần — hình thành bầu không khí, văn hóa qua thời gian	Nhưỡng Thành
native_advanced_drafts	batch_0691_0700	R_0697	試行錯誤	しこうさくご	thử nghiệm và sai lầm (trial and error) — quá trình học hỏi qua thử nghiệm nhiều lần	Thí Hành Thác Ngộ
native_advanced_drafts	batch_0691_0700	R_0697	足かせ	あしかせ	xiềng xích, rào cản — thứ cản trở sự tiến bộ hoặc tự do hành động	Túc
native_advanced_drafts	batch_0691_0700	R_0697	縦割り行政	たてわりぎょうせい	hành chính cát cứ — tình trạng các cơ quan hành chính hoạt động riêng rẽ, không phối hợp	Túng Cát Hành Chánh
native_advanced_drafts	batch_0691_0700	R_0697	過言	かごん	lời nói quá, phóng đại — dùng trong 〜と言っても過言ではない: có thể nói không ngoa rằng	Quá Ngôn
native_advanced_drafts	batch_0691_0700	R_0697	果断	かだん	quyết đoán, dứt khoát — hành động nhanh và kiên quyết không do dự	Quả Đoạn
native_advanced_drafts	batch_0691_0700	R_0697	厳然たる	げんぜんたる	hiển nhiên, rõ ràng không thể phủ nhận — sự thật tuyệt đối không có ngoại lệ	Nghiêm Nhiên
native_advanced_drafts	batch_0691_0700	R_0697	実効性	じっこうせい	hiệu quả thực tế — khả năng phát huy tác dụng thực sự trong thực tiễn	Thực Hiệu Tính
native_advanced_drafts	batch_0691_0700	R_0697	エコシステム	えこしすてむ	hệ sinh thái (ecosystem) — mạng lưới các chủ thể liên kết và hỗ trợ nhau	
native_advanced_drafts	batch_0691_0700	R_0697	データ駆動型	データくどうがた	kiểu dựa trên dữ liệu (data-driven) — ra quyết định và vận hành dựa vào phân tích dữ liệu	Khu Động Hình
native_advanced_drafts	batch_0691_0700	R_0698	間柄	あいだがら	mối quan hệ, khoảng giữa người với người — khái niệm trung tâm của Watsuji Tetsuro: con người chỉ tồn tại thông qua và trong aidagara	Gian Bính
native_advanced_drafts	batch_0691_0700	R_0698	人倫	じんりん	nhân luân — trật tự đạo đức giữa người với người, nền tảng của đạo đức học Watsuji	Nhân Luân
native_advanced_drafts	batch_0691_0700	R_0698	洞察	どうさつ	trí tuệ sâu sắc, sự nhìn thấu, insight triết học	Động Sát
native_advanced_drafts	batch_0691_0700	R_0698	命題	めいだい	mệnh đề, luận điểm — thuật ngữ triết học: khẳng định có thể kiểm chứng đúng/sai	Mệnh Đề
native_advanced_drafts	batch_0691_0700	R_0698	思惟	しい	tư duy, hành động suy nghĩ — thuật ngữ triết học học thuật (khác tư tưởng thông thường)	Tư Duy
native_advanced_drafts	batch_0691_0700	R_0698	空	くう	ku — trong triết học Watsuji: không phải hư vô mà là sự mở rộng nguồn gốc trước khi có phân biệt tự-tha; khác với sự trống rỗng đơn thuần	Không
native_advanced_drafts	batch_0691_0700	R_0698	分節	ぶんせつ	sự phân mảnh, phân chia — quá trình phân biệt xẻ ra từ một tổng thể ban đầu thống nhất	Phân Tiết
native_advanced_drafts	batch_0691_0700	R_0698	根底	こんてい	nền tảng, căn rễ, chiều sâu căn bản nhất	Căn Để
native_advanced_drafts	batch_0691_0700	R_0698	地平	ちへい	chân trời — thuật ngữ hiện tượng học: khung cảnh nền tạo khả năng xuất hiện của kinh nghiệm	Địa Bình
native_advanced_drafts	batch_0691_0700	R_0698	人倫の理法	じんりんのりほう	lẽ pháp của nhân luân — quy luật trật tự đạo đức chi phối mối quan hệ người với người	Nhân Luân Lí Pháp
native_advanced_drafts	batch_0691_0700	R_0698	抽象	ちゅうしょう	trừu tượng — thứ tách ra khỏi hiện thực cụ thể, chỉ có trong tư duy	Trừu Tượng
native_advanced_drafts	batch_0691_0700	R_0698	応答	おうとう	phản hồi, hỏi đáp — trong triết học Watsuji: mối quan hệ là quá trình hành động và phản hồi liên tục	Ứng Đáp
native_advanced_drafts	batch_0691_0700	R_0698	更新	こうしん	đổi mới, cập nhật — aidagara được không ngừng tái tạo qua tương tác hàng ngày	Canh Tân
native_advanced_drafts	batch_0691_0700	R_0698	動態	どうたい	động thái (dōtai) — tính chất luôn biến đổi, không cố định; đối lập với seitai (tĩnh thái 静態)	Động Thái
native_advanced_drafts	batch_0691_0700	R_0698	存在様式	そんざいようしき	phương thức tồn tại — cách thức cụ thể mà một tồn tại hiện diện và vận hành trong thế giới	Tồn Tại Dạng Thức
native_advanced_drafts	batch_0691_0700	R_0698	主著	しゅちょ	tác phẩm chính — tác phẩm quan trọng nhất của một học giả, thể hiện tư tưởng trung tâm	Chủ Trứ
native_advanced_drafts	batch_0691_0700	R_0698	孤立した個体	こりつしたこたい	cá thể độc lập — mô hình người đơn lẻ của triết học phương Tây hiện đại mà Watsuji phê phán	Cô Lập Cá Thể
native_advanced_drafts	batch_0691_0700	R_0698	証示	しょうじ	chứng tỏ, biểu thị — cho thấy một điều gì đó là đúng qua bằng chứng hiện thực	Chứng Kì
native_advanced_drafts	batch_0691_0700	R_0698	根本的な問い直し	こんぽんてきなといなおし	sự vấn nạn từ căn bản — đặt lại câu hỏi ở mức nền tảng, không phải chỉ phản phê bề mặt	Căn Bản Đích Vấn Trực
native_advanced_drafts	batch_0691_0700	R_0699	流動	りゅうどう	sự trôi chảy, lưu động — ở đây dùng về cát luôn chuyển dịch, không bao giờ tĩnh	Lưu Động
native_advanced_drafts	batch_0691_0700	R_0699	執拗	しつよう	dai dẳng, bền bỉ không buông — cường độ mạnh hơn しつこい	Chấp Áo
native_advanced_drafts	batch_0691_0700	R_0699	無目的	むもくてき	vô mục đích, không có mục tiêu — đối lập với ý chí có định hướng của sinh vật	Vô Mục Đích
native_advanced_drafts	batch_0691_0700	R_0699	飲み込まれる	のみこまれる	bị nuốt chửng, bị hấp thu hoàn toàn — cả nghĩa đen lẫn nghĩa bóng hiện sinh	Ẩm Nhập
native_advanced_drafts	batch_0691_0700	R_0699	シジフォス	シジフォス	Sisyphus — nhân vật thần thoại Hy Lạp bị phạt đẩy đá lên đỉnh núi vĩnh cửu, biểu tượng lao động vô nghĩa của Camus	
native_advanced_drafts	batch_0691_0700	R_0699	連帯	れんたい	liên đới, đoàn kết — ở đây dùng nghĩa triết học: cát từ chối kết nối với con người hoặc với nhau	Liên Đới
native_advanced_drafts	batch_0691_0700	R_0699	摩擦音	まさつおん	tiếng ma sát — âm thanh khi các hạt cát cọ vào nhau	Ma Sát Âm
native_advanced_drafts	batch_0691_0700	R_0699	同化	どうか	sự đồng hóa, hòa tan vào — trong ngữ cảnh hiện sinh: mất đi bản ngã khi thích nghi với hoàn cảnh	Đồng Hóa
native_advanced_drafts	batch_0691_0700	R_0699	アイデンティティ	アイデンティティ	danh tính, bản sắc cá nhân — từ tiếng Anh identity, trung tâm của triết học hiện sinh	
native_advanced_drafts	batch_0691_0700	R_0699	辛うじて	からうじて	chật vật mà, vừa đủ mà không hơn — hàm ý sức lực gần kiệt	Tân
native_advanced_drafts	batch_0691_0700	R_0699	暴力	ぼうりょく	bạo lực — ở đây dùng ẩn dụ: màu xanh bầu trời quá cường độ, tạo cảm giác tấn công	Bạo Lực
native_advanced_drafts	batch_0691_0700	R_0699	斜面	しゃめん	sườn dốc, mặt nghiêng — sườn cát trong hố không thể leo lên	Tà Diện
native_advanced_drafts	batch_0691_0700	R_0699	不条理	ふじょうり	phi lý, vô lý — thuật ngữ triết học Camus/Sartre chỉ thế giới không có nghĩa lý gì cả	Bất Điều Lí
native_advanced_drafts	batch_0691_0700	R_0699	閉塞	へいそく	bế tắc, bít kín — trạng thái không có lối ra, cả nghĩa vật lý lẫn tâm lý	Bế Tắc
native_advanced_drafts	batch_0691_0700	R_0699	横顔	よこがお	khuôn mặt nhìn nghiêng, profil — thường dùng khi nhân vật nhìn mà không đối diện	Hoành Nhan
native_advanced_drafts	batch_0691_0700	R_0699	梯子	はしご	cái thang — phương tiện duy nhất nối đáy hố với thế giới bên ngoài, biểu tượng quyền lực	Thê Tử
native_advanced_drafts	batch_0691_0700	R_0699	実存	じつぞん	hiện sinh, sự tồn tại thực tế — thuật ngữ triết học: existenz, đối lập với bản chất (本質)	Thực Tồn
native_advanced_drafts	batch_0691_0700	R_0700	角が立つ	かどがたつ	gây phật lòng, làm mất hòa khí, trở nên gay gắt — cạnh sắc nhô lên ẩn dụ cho xung đột xã hội	Giác Lập
native_advanced_drafts	batch_0691_0700	R_0700	棹させば	さおさせば	nếu chèo theo, nếu thuận theo (棹さす = dùng sào đẩy thuyền đi theo dòng → ẩn dụ cho thuận theo tình cảm)	Trác
native_advanced_drafts	batch_0691_0700	R_0700	意地を通す	いじをとおす	cố giữ lấy ý chí, bảo vệ lập trường đến cùng, không nhượng bộ	Ý Địa Thông
native_advanced_drafts	batch_0691_0700	R_0700	兎角に	とかくに	dù thế nào, dù sao đi nữa, luôn luôn (thành ngữ cổ: 兎の角 = sừng thỏ, vốn không có → nghĩa: chuyện khó tránh khỏi)	Thỏ Giác
native_advanced_drafts	batch_0691_0700	R_0700	高じる	こうじる	tăng cao, trở nên trầm trọng hơn, leo thang (cảm xúc hoặc tình trạng)	Cao
native_advanced_drafts	batch_0691_0700	R_0700	向う三軒両隣り	むこうさんげんりょうどなり	ba nhà đối diện và hai nhà hai bên — cách nói dân gian chỉ hàng xóm láng giềng thân cận	Hướng Tam Hiên Lưỡng Lân
native_advanced_drafts	batch_0691_0700	R_0700	束の間	つかのま	thoáng qua, chốc lát, khoảnh khắc ngắn ngủi — khái niệm vô thường trong văn hóa Nhật	Thúc Gian
native_advanced_drafts	batch_0691_0700	R_0700	目睹する	もくとする	nhìn thấy tận mắt, chiêm nghiệm bằng mắt (mục đổ — Hán tự văn ngôn cổ, hiếm trong văn hiện đại)	Mục Đổ
native_advanced_drafts	batch_0691_0700	R_0700	非人情	ひにんじょう	phi nhân tình — khái niệm thẩm mỹ của Soseki: thái độ tách khỏi cảm xúc cá nhân để nhìn sự vật thuần túy, như họa sĩ hay thi nhân	Phi Nhân Tình
native_advanced_drafts	batch_0691_0700	R_0700	鑑賞	かんしょう	thưởng thức, thưởng ngoạn (nghệ thuật, thiên nhiên) — quan chiêm có chiều sâu cảm nhận	Giám Thưởng
native_advanced_drafts	batch_0691_0700	R_0700	鋭敏	えいびん	sắc bén, nhạy cảm, tinh tế (trí tuệ hoặc giác quan)	Duệ Mẫn
native_advanced_drafts	batch_0691_0700	R_0700	執着	しゅうちゃく	chấp niệm, bám víu, sự gắn chặt không buông bỏ được — khái niệm Phật giáo về nguồn gốc khổ đau	Chấp Trứ
native_advanced_drafts	batch_0691_0700	R_0700	摩擦	まさつ	ma sát, xung đột, sự cọ xát (giữa ý chí cá nhân và thế giới)	Ma Sát
native_advanced_drafts	batch_0691_0700	R_0700	俗世	ぞくせ	cõi trần tục, thế gian với những chuyện được mất danh lợi — đối lập với cảnh giới nghệ thuật thuần khiết	Tục Thế
native_advanced_drafts	batch_0691_0700	R_0700	損得	そんとく	được mất, lời lỗ, tính toán lợi hại — quan niệm tục thế mà nghệ thuật cần thoát ra khỏi	Tổn Đắc
native_advanced_drafts	batch_0691_0700	R_0700	喜怒哀楽	きどあいらく	hỉ nộ ái lạc — bốn cảm xúc căn bản của con người: vui, giận, buồn, vui thích	Hỉ Nộ Ai Lạc
native_advanced_drafts	batch_0691_0700	R_0700	波濤	はとう	sóng gió, sóng to gió lớn — ẩn dụ cho cảm xúc mãnh liệt cuốn trôi con người	Ba Đào
native_advanced_drafts	batch_0691_0700	R_0700	対峙する	たいじする	đối diện, đối mặt trực tiếp (giữa hai thực thể ngang nhau về tư thế)	Đối Trĩ
native_advanced_drafts	batch_0691_0700	R_0700	穿つ	うがつ	xuyên qua, đâm thủng, phá vỡ — dùng cho âm thanh xuyên qua tĩnh lặng	Xuyên
native_advanced_drafts	batch_0691_0700	R_0700	邂逅	かいこう	cuộc gặp gỡ tình cờ, hội ngộ không hẹn trước — thường mang sắc thái định mệnh	Giải Cấu
native_advanced_drafts	batch_0691_0700	R_0700	悲哀	ひあい	bi ai, nỗi buồn thương sâu sắc — khác với 悲しみ ở chỗ mang tính triết lý, phổ quát hơn	Bi Ai