level	batch	reading_id	word	reading	meaning	han_viet
n1_advanced_drafts	batch_0581_0590	R_0581	暗影	あんえい	bóng tối, bóng u ám (nghĩa bóng — nỗi đau tiềm ẩn)	Ám Ảnh
n1_advanced_drafts	batch_0581_0590	R_0581	蚕食	さんしょく	xói mòn từ từ, nuốt dần (như tằm ăn lá)	Tằm Thực
n1_advanced_drafts	batch_0581_0590	R_0581	殉死	じゅんし	tuẫn tiết, chết theo chủ nhân hoặc lý tưởng	Tuẫn Tử
n1_advanced_drafts	batch_0581_0590	R_0581	神経衰弱	しんけいすいじゃく	thần kinh suy nhược, neurasthenia	Thần Kinh Suy Nhược
n1_advanced_drafts	batch_0581_0590	R_0581	利己心	りこしん	lòng ích kỷ, tính vị kỷ	Lợi Kỉ Tâm
n1_advanced_drafts	batch_0581_0590	R_0581	罪悪感	ざいあくかん	mặc cảm tội lỗi, cảm giác tội lỗi	Tội Ác Cảm
n1_advanced_drafts	batch_0581_0590	R_0581	内省的	ないせいてき	mang tính nội tâm, hướng vào bên trong	Nội Tỉnh Đích
n1_advanced_drafts	batch_0581_0590	R_0581	崩御	ほうぎょ	băng hà (từ chỉ cái chết của Thiên hoàng)	Băng Ngự
n1_advanced_drafts	batch_0581_0590	R_0581	亀裂	きれつ	vết nứt, sự rạn nứt	Quy Liệt
n1_advanced_drafts	batch_0581_0590	R_0581	過渡期	かとき	thời kỳ quá độ, giai đoạn chuyển tiếp	Quá Độ Kì
n1_advanced_drafts	batch_0581_0590	R_0581	根源的	こんげんてき	tận gốc rễ, mang tính căn nguyên	Căn Nguyên Đích
n1_advanced_drafts	batch_0581_0590	R_0581	昇華	しょうか	thăng hoa, chuyển hóa lên tầng cao hơn	Thăng Hoa
n1_advanced_drafts	batch_0581_0590	R_0581	実存的	じつぞんてき	thuộc về hiện sinh, existential	Thực Tồn Đích
n1_advanced_drafts	batch_0581_0590	R_0581	共同体倫理	きょうどうたいりんり	đạo đức cộng đồng, community ethics	Cộng Đồng Thể Luân Lí
n1_advanced_drafts	batch_0581_0590	R_0581	エゴイズム	エゴイズム	chủ nghĩa vị kỷ, egoism	
n1_advanced_drafts	batch_0581_0590	R_0581	遺書	いしょ	di thư, thư tuyệt mệnh	Di Thư
n1_advanced_drafts	batch_0581_0590	R_0582	悪魔性	あくませい	tính chất quỷ dữ, bản chất ác ma	Ác Ma Tính
n1_advanced_drafts	batch_0581_0590	R_0582	地獄変相図	じごくへんそうず	bức tranh mô tả địa ngục biến	Địa Ngục Biến Tương Đồ
n1_advanced_drafts	batch_0581_0590	R_0582	人倫	じんりん	đạo đức con người, luân lý	Nhân Luân
n1_advanced_drafts	batch_0581_0590	R_0582	踏み躙る	ふみにじる	dẫm lên, chà đạp	Đạp Rin
n1_advanced_drafts	batch_0581_0590	R_0582	執念	しゅうねん	sự ám ảnh, quyết tâm không thể cưỡng lại	Chấp Niệm
n1_advanced_drafts	batch_0581_0590	R_0582	恍惚	こうこつ	trạng thái say sưa, ngất ngây	Hoảng Hốt
n1_advanced_drafts	batch_0581_0590	R_0582	顕現	けんげん	sự hiện thân, biểu hiện rõ ràng	Hiển Hiện
n1_advanced_drafts	batch_0581_0590	R_0582	昇華	しょうか	thăng hoa, nâng cấp lên cấp độ cao hơn	Thăng Hoa
n1_advanced_drafts	batch_0581_0590	R_0582	触媒	しょくばい	chất xúc tác	Xúc Môi
n1_advanced_drafts	batch_0581_0590	R_0582	相克	そうこく	sự xung đột, mâu thuẫn không thể giải quyết	Tương Khắc
n1_advanced_drafts	batch_0581_0590	R_0582	無辜	むこ	vô tội, trong sạch (văn cổ điển)	Vô Cô
n1_advanced_drafts	batch_0581_0590	R_0582	極北	きょくほく	đỉnh cao cực đoan, biên giới xa nhất	Cực Bắc
n1_advanced_drafts	batch_0581_0590	R_0582	共犯関係	きょうはんかんけい	mối quan hệ đồng lõa, đồng phạm	Cộng Phạm Quan Hệ
n1_advanced_drafts	batch_0581_0590	R_0582	芸術至上主義	げいじゅつしじょうしゅぎ	chủ nghĩa nghệ thuật tối thượng	Vân Thuật Chí Thượng Chủ Nghĩa
n1_advanced_drafts	batch_0581_0590	R_0582	死生観	しせいかん	quan niệm về sống và chết	Tử Sanh Quan
n1_advanced_drafts	batch_0581_0590	R_0582	震撼	しんかん	bàng hoàng, chấn động sâu sắc	Chấn Hám
n1_advanced_drafts	batch_0581_0590	R_0582	所以	ゆえん	lý do, nguyên nhân (văn cổ)	Sở Dĩ
n1_advanced_drafts	batch_0581_0590	R_0583	純粋経験	じゅんすいけいけん	kinh nghiệm thuần túy — khái niệm trung tâm của Nishida: trạng thái ý thức trước khi phân chia chủ-khách	Thuần Túy Kinh Nghiệm
n1_advanced_drafts	batch_0581_0590	R_0583	形而上学	けいじじょうがく	siêu hình học (metaphysics)	Hình Nhi Thượng Học
n1_advanced_drafts	batch_0581_0590	R_0583	主客未分	しゅかくみぶん	chưa phân chia chủ thể và khách thể — trạng thái thống nhất nguyên sơ	Chủ Khách Vị Phân
n1_advanced_drafts	batch_0581_0590	R_0583	二元論	にげんろん	nhị nguyên luận (dualism)	Nhị Nguyên Luận
n1_advanced_drafts	batch_0581_0590	R_0583	場所の論理	ばしょのろんり	lý luận về Basho (lý luận về nơi chốn) — tư tưởng hậu kỳ của Nishida về cái nền/trường của tồn tại	Tràng Sở Luận Lí
n1_advanced_drafts	batch_0581_0590	R_0583	存在論	そんざいろん	bản thể luận (ontology)	Tồn Tại Luận
n1_advanced_drafts	batch_0581_0590	R_0583	共鳴	きょうめい	cộng hưởng, đồng điệu	Cộng Minh
n1_advanced_drafts	batch_0581_0590	R_0583	相互浸透	そうごしんとう	sự thẩm thấu tương hỗ, xâm nhập lẫn nhau	Tương Hỗ Tẩm Thấu
n1_advanced_drafts	batch_0581_0590	R_0583	絶対矛盾的自己同一	ぜったいむじゅんてきじこどういつ	mâu thuẫn tuyệt đối tự đồng nhất — khái niệm triết học hậu kỳ của Nishida về sự thống nhất qua mâu thuẫn	Tuyệt Đối Mâu Thuẫn Đích Tự Kỉ Đồng Nhất
n1_advanced_drafts	batch_0581_0590	R_0583	援用	えんよう	vận dụng, trích dẫn để phục vụ mục đích khác	Viên Dụng
n1_advanced_drafts	batch_0581_0590	R_0583	拙速	せっそく	vội vàng cẩu thả, hấp tấp thiếu cân nhắc	Chuyết Tốc
n1_advanced_drafts	batch_0581_0590	R_0583	認識論	にんしきろん	nhận thức luận (epistemology)	Nhận Thức Luận
n1_advanced_drafts	batch_0581_0590	R_0583	現象学	げんしょうがく	hiện tượng học (phenomenology)	Hiện Tượng Học
n1_advanced_drafts	batch_0581_0590	R_0583	射程	しゃてい	tầm với, phạm vi ảnh hưởng (nghĩa gốc: tầm bắn)	Xạ Trình
n1_advanced_drafts	batch_0581_0590	R_0583	空前絶後	くうぜんぜつご	chưa từng có và sẽ không có sau — tuyệt vô tiền khoáng hậu	Không Tiền Tuyệt Hậu
n1_advanced_drafts	batch_0581_0590	R_0584	霊的宇宙観	れいてきうちゅうかん	vũ trụ quan tâm linh, quan niệm vũ trụ về thế giới linh hồn	Linh Đích Vũ Trụ Quan
n1_advanced_drafts	batch_0581_0590	R_0584	怨念	おんねん	mối hận sâu, oán niệm chất chứa	Oán Niệm
n1_advanced_drafts	batch_0581_0590	R_0584	形象	けいしょう	hình tượng, hình tướng được tạo ra	Hình Tượng
n1_advanced_drafts	batch_0581_0590	R_0584	怨霊	おんりょう	oan hồn, linh hồn báo oán	Oán Linh
n1_advanced_drafts	batch_0581_0590	R_0584	怪異	かいい	điều quái đản, sự kiện kỳ lạ đáng sợ	Quái Dị
n1_advanced_drafts	batch_0581_0590	R_0584	梨園	りえん	giới Kabuki (giới Kabuki — từ Hán chỉ giới nghệ sĩ sân khấu truyền thống)	Lê Viên
n1_advanced_drafts	batch_0581_0590	R_0584	名跡	みょうせき	danh hiệu nghệ danh được kế thừa, tên gia truyền	Danh Tích
n1_advanced_drafts	batch_0581_0590	R_0584	憑依	ひょうい	sự nhập hồn, sự ám nhập của linh hồn vào thân xác	Bằng Y
n1_advanced_drafts	batch_0581_0590	R_0584	理不尽	りふじん	phi lý, vô lý không có lý do chính đáng	Lí Bất Tẫn
n1_advanced_drafts	batch_0581_0590	R_0584	脆弱性	ぜいじゃくせい	tính dễ tổn thương, sự mong manh yếu đuối	Thúy Nhược Tính
n1_advanced_drafts	batch_0581_0590	R_0584	鶴屋南北	つるやなんぼく	Tsuruya Namboku — nhà soạn kịch Kabuki lừng danh thời Edo (1755-1829)	Hạc Ốc Nam Bắc
n1_advanced_drafts	batch_0581_0590	R_0584	呪われた	のろわれた	bị nguyền rủa, bị trù ẻo	Chú
n1_advanced_drafts	batch_0581_0590	R_0584	滲み出す	にじみだす	thấm ra, rỉ ra ngoài từ bên trong	Sấm Xuất
n1_advanced_drafts	batch_0581_0590	R_0584	迫力	はくりょく	sức mạnh áp đảo, sức cuốn hút mãnh liệt	Bách Lực
n1_advanced_drafts	batch_0581_0590	R_0584	証言者	しょうげんしゃ	nhân chứng, người làm chứng	Chứng Ngôn Giả
n1_advanced_drafts	batch_0581_0590	R_0584	不可分性	ふかぶんせい	tính bất khả phân ly, không thể tách rời	Bất Khả Phân Tính
n1_advanced_drafts	batch_0581_0590	R_0585	侘び	わび	wabi — vẻ đẹp giản dị, cô tịch, đơn sơ có chiều sâu tinh thần	Sá
n1_advanced_drafts	batch_0581_0590	R_0585	寂び	さび	sabi — vẻ đẹp của sự cũ kỹ, han rỉ, mang dấu ấn thời gian	Tịch
n1_advanced_drafts	batch_0581_0590	R_0585	幽玄	ゆうげん	yugen — vẻ đẹp huyền bí, ẩn sâu, gợi cảm xúc qua ẩn dụ và khoảng trống	U Huyền
n1_advanced_drafts	batch_0581_0590	R_0585	無常	むじょう	vô thường, sự không trường tồn của vạn vật	Vô Thường
n1_advanced_drafts	batch_0581_0590	R_0585	余白	よはく	khoảng trống trong biểu đạt nghệ thuật, phần để ngỏ	Dư Bạch
n1_advanced_drafts	batch_0581_0590	R_0585	枠組み	わくぐみ	khung, khuôn khổ, framework	Khung Tổ
n1_advanced_drafts	batch_0581_0590	R_0585	大成	たいせい	hoàn thiện, đạt đến đỉnh cao hoàn chỉnh	Đại Thành
n1_advanced_drafts	batch_0581_0590	R_0585	峻別	しゅんべつ	phân biệt nghiêm ngặt, phân định rõ ràng	Tuấn Biệt
n1_advanced_drafts	batch_0581_0590	R_0585	形而上	けいじじょう	siêu hình, thuộc về lĩnh vực metaphysics	Hình Nhi Thượng
n1_advanced_drafts	batch_0581_0590	R_0585	定式化	ていしきか	lý thuyết hóa, định hình thành công thức có hệ thống	Định Thức Hóa
n1_advanced_drafts	batch_0581_0590	R_0585	暗示	あんじ	ẩn dụ, gợi ý ngầm, suggestion	Ám Kì
n1_advanced_drafts	batch_0581_0590	R_0585	深化	しんか	sự thăng hoa, làm sâu sắc thêm	Thâm Hóa
n1_advanced_drafts	batch_0581_0590	R_0585	共鳴	きょうめい	cộng hưởng, đồng cảm sâu sắc	Cộng Minh
n1_advanced_drafts	batch_0581_0590	R_0585	抑制	よくせい	kìm chế, kiềm chế, suppression	Ức Chế
n1_advanced_drafts	batch_0581_0590	R_0585	有限性	ゆうげんせい	tính hữu hạn, finiteness	Hữu Hạn Tính
n1_advanced_drafts	batch_0581_0590	R_0585	存在論的	そんざいろんてき	thuộc về bản thể luận, ontological	Tồn Tại Luận Đích
n1_advanced_drafts	batch_0581_0590	R_0586	秘伝書	ひでんしょ	bí truyền thư, sách bí truyền chỉ trao cho người kế thừa	Bí Truyền Thư
n1_advanced_drafts	batch_0581_0590	R_0586	芸道	げいどう	nghệ đạo, con đường nghệ thuật (Noh, trà đạo, hoa đạo...)	Vân Đạo
n1_advanced_drafts	batch_0581_0590	R_0586	身心一如	しんしんいちにょ	thân tâm nhất như, thân xác và tâm trí là một	Thân Tâm Nhất Như
n1_advanced_drafts	batch_0581_0590	R_0586	稀有	けう	hiếm có, kỳ lạ đặc biệt	Hi Hữu
n1_advanced_drafts	batch_0581_0590	R_0586	流動的	りゅうどうてき	lưu động, linh hoạt không cố định	Lưu Động Đích
n1_advanced_drafts	batch_0581_0590	R_0586	精神の深化	せいしんのしんか	sự thâm sâu tinh thần, chiều sâu tâm linh	Tinh Thần Thâm Hóa
n1_advanced_drafts	batch_0581_0590	R_0586	序破急	じょはきゅう	jo-ha-kyu: ba giai đoạn thời gian trong Noh (mở — triển khai — kết)	Tự Phá Cấp
n1_advanced_drafts	batch_0581_0590	R_0586	凝縮	ぎょうしゅく	cô đọng, nén chặt tinh hoa	Ngưng Súc
n1_advanced_drafts	batch_0581_0590	R_0586	螺旋的	らせんてき	theo chiều xoáy ốc, xoắn ốc — không tuyến tính	Loa Toàn Đích
n1_advanced_drafts	batch_0581_0590	R_0586	離見の見	りけんのけん	riken no ken: cái nhìn ly khai — quan sát bản thân từ góc nhìn khán giả	Li Kiến Kiến
n1_advanced_drafts	batch_0581_0590	R_0586	自見の見	じけんのけん	jiken no ken: cái nhìn của chính mình — điểm nhìn nội tâm chủ quan	Tự Kiến Kiến
n1_advanced_drafts	batch_0581_0590	R_0586	幽玄	ゆうげん	yugen: cái đẹp huyền vi sâu xa, vẻ đẹp không thể ngôn ngữ hóa hoàn toàn	U Huyền
n1_advanced_drafts	batch_0581_0590	R_0586	余情	よじょう	dư tình, cảm xúc còn vang vọng sau khi biểu đạt kết thúc	Dư Tình
n1_advanced_drafts	batch_0581_0590	R_0586	余白	よはく	khoảng trắng, khoảng lặng trong nghệ thuật (hội họa, thơ, âm nhạc)	Dư Bạch
n1_advanced_drafts	batch_0581_0590	R_0586	反省的主体性	はんせいてきしゅたいせい	chủ thể phản tư, chủ thể có khả năng tự quan sát chính mình	Phản Tỉnh Đích Chủ Thể Tính
n1_advanced_drafts	batch_0581_0590	R_0586	認知科学	にんちかがく	khoa học nhận thức, cognitive science	Nhận Tri Khoa Học
n1_advanced_drafts	batch_0581_0590	R_0586	伝播	でんぱ	lan tỏa, truyền bá (văn hóa, tư tưởng)	Truyền Bá
n1_advanced_drafts	batch_0581_0590	R_0587	無常観	むじょうかん	quan niệm vô thường, nhận thức về tính vô thường	Vô Thường Quan
n1_advanced_drafts	batch_0581_0590	R_0587	隠棲	いんせい	ẩn cư, lui về sống ẩn dật thoát khỏi thế tục	Ẩn Thê
n1_advanced_drafts	batch_0581_0590	R_0587	随筆	ずいひつ	bút ký, tùy bút (thể loại văn học)	Tùy Bút
n1_advanced_drafts	batch_0581_0590	R_0587	深甚	しんじん	sâu sắc, thâm sâu (mức độ ảnh hưởng)	Thâm Thậm
n1_advanced_drafts	batch_0581_0590	R_0587	流転	るてん	luân chuyển, biến đổi liên tục không ngừng	Lưu Chuyển
n1_advanced_drafts	batch_0581_0590	R_0587	惨禍	さんか	thảm họa, tai họa kinh khủng	Thảm Họa
n1_advanced_drafts	batch_0581_0590	R_0587	脆さ	もろさ	sự mong manh, tính dễ vỡ	Thúy
n1_advanced_drafts	batch_0581_0590	R_0587	懐疑	かいぎ	nghi ngờ, sự hoài nghi	Hoài Nghi
n1_advanced_drafts	batch_0581_0590	R_0587	帰依	きえ	quy y, sự sùng bái tôn giáo sâu sắc	Quy Y
n1_advanced_drafts	batch_0581_0590	R_0587	肉体化	にくたいか	hiện thân hóa, cụ thể hóa vào thể xác	Nhục Thể Hóa
n1_advanced_drafts	batch_0581_0590	R_0587	仮設	かせつ	tạm trú, làm tạm thời	Giả Thiết
n1_advanced_drafts	batch_0581_0590	R_0587	観照	かんしょう	quan chiếu, quan sát tinh thần sâu lắng	Quan Chiếu
n1_advanced_drafts	batch_0581_0590	R_0587	隠遁	いんとん	ẩn dật, lui ẩn thoát khỏi thế gian	Ẩn Tuần
n1_advanced_drafts	batch_0581_0590	R_0587	自省	じせい	tự tỉnh, tự xem xét bản thân	Tự Tỉnh
n1_advanced_drafts	batch_0581_0590	R_0587	所著	しょじゃく	sự chấp chặt, tính chứa vật (thuật ngữ Phật giáo — tâm lý bám víu)	Sở Trứ
n1_advanced_drafts	batch_0581_0590	R_0587	煩悩	ぼんのう	phiền não (Phật giáo — những dục vọng gây khổ đau)	Phiền Não
n1_advanced_drafts	batch_0581_0590	R_0587	うたかた	うたかた	bọt nước (biệt ngữ cổ — biểu tượng sự mong manh, từ ngữ nhỏ của Hojoki)	
n1_advanced_drafts	batch_0581_0590	R_0588	朱子学	しゅしがく	Chu Tử học, một trường phái Nho giáo do Chu Hi (Trung Quốc thế kỷ 12) sáng lập	Chu Tử Học
n1_advanced_drafts	batch_0581_0590	R_0588	侍講	じこう	giảng sư dạy học cho lãnh chúa hoặc quý tộc	Thị Giảng
n1_advanced_drafts	batch_0581_0590	R_0588	形而上学	けいじじょうがく	siêu hình học, nghiên cứu về bản chất tồn tại và thực tại	Hình Nhi Thượng Học
n1_advanced_drafts	batch_0581_0590	R_0588	存在論	そんざいろん	bản thể luận, ontology — nghiên cứu về bản chất của sự tồn tại	Tồn Tại Luận
n1_advanced_drafts	batch_0581_0590	R_0588	古義学派	こぎがくは	Cổ nghĩa học phái, trường phái do Ito Jinsai lãnh đạo, chủ trương đọc kinh điển Nho giáo theo nghĩa gốc	Cổ Nghĩa Học Phái
n1_advanced_drafts	batch_0581_0590	R_0588	人倫	じんりん	đạo người, luân lý trong các mối quan hệ giữa người với người	Nhân Luân
n1_advanced_drafts	batch_0581_0590	R_0588	教育勅語	きょういくちょくご	Chiếu thư Giáo dục (1890), văn kiện đạo đức quốc gia thời Meiji nhấn mạnh trung quân ái quốc	Giáo Dục Sắc Ngữ
n1_advanced_drafts	batch_0581_0590	R_0588	忠孝	ちゅうこう	trung và hiếu — lòng trung thành với vua và hiếu thuận với cha mẹ	Trung Hiếu
n1_advanced_drafts	batch_0581_0590	R_0588	鼎立	ていりつ	ba cực đối lập nhau như ba chân vạc, thế ba phe song song	Đỉnh Lập
n1_advanced_drafts	batch_0581_0590	R_0588	伏流	ふくりゅう	dòng chảy ngầm dưới đất, ý nghĩa ẩn dụ: ảnh hưởng âm thầm vẫn tiếp diễn	Phục Lưu
n1_advanced_drafts	batch_0581_0590	R_0588	収斂	しゅうれん	hội tụ, thu hẹp về một điểm	Thu Liễm
n1_advanced_drafts	batch_0581_0590	R_0588	相容れない	あいいれない	không thể dung hòa, không thể cùng tồn tại	Tương Dung
n1_advanced_drafts	batch_0581_0590	R_0588	卓越性	たくえつせい	tính ưu việt, sự xuất sắc vượt trội	Trác Việt Tính
n1_advanced_drafts	batch_0581_0590	R_0588	知る由もない	しるよしもない	không có cách nào biết được, hoàn toàn không thể biết	Tri Do
n1_advanced_drafts	batch_0581_0590	R_0588	思弁	しべん	tư biện, suy lý thuần túy trừu tượng không dựa vào kinh nghiệm	Tư Biện
n1_advanced_drafts	batch_0581_0590	R_0589	吃音	きつおん	tật nói lắp, chứng nói vấp	Cật Âm
n1_advanced_drafts	batch_0581_0590	R_0589	刻み込まれる	きざみこまれる	được khắc sâu vào, được ghi khắc	Khắc Nhập
n1_advanced_drafts	batch_0581_0590	R_0589	遮断	しゃだん	sự ngăn chặn, sự cắt đứt, sự chặn lại	Già Đoạn
n1_advanced_drafts	batch_0581_0590	R_0589	絶対性	ぜったいせい	tính tuyệt đối, tính vô điều kiện	Tuyệt Đối Tính
n1_advanced_drafts	batch_0581_0590	R_0589	孤絶	こぜつ	sự cô lập hoàn toàn, sự tách rời tuyệt đối	Cô Tuyệt
n1_advanced_drafts	batch_0581_0590	R_0589	両義性	りょうぎせい	tính lưỡng nghĩa, tính hai mặt	Lưỡng Nghĩa Tính
n1_advanced_drafts	batch_0581_0590	R_0589	両価感情	りょうかかんじょう	cảm xúc lưỡng giá, ambivalence (vừa yêu vừa ghét)	Lưỡng Giá Cảm Tình
n1_advanced_drafts	batch_0581_0590	R_0589	呪縛	じゅばく	lời nguyền trói buộc, sự ràng buộc thần bí	Chú Phược
n1_advanced_drafts	batch_0581_0590	R_0589	割腹自決	かっぷくじけつ	tự mổ bụng tuẫn tiết, seppuku	Cát Phúc Tự Quyết
n1_advanced_drafts	batch_0581_0590	R_0589	自伝的	じでんてき	mang tính tiểu sử, mang tính tự truyện	Tự Truyền Đích
n1_advanced_drafts	batch_0581_0590	R_0589	純粋性	じゅんすいせい	tính thuần khiết, sự trong sáng tuyệt đối	Thuần Túy Tính
n1_advanced_drafts	batch_0581_0590	R_0589	凝縮	ぎょうしゅく	sự cô đọng, sự nén chặt tinh chất	Ngưng Súc
n1_advanced_drafts	batch_0581_0590	R_0589	断絶	だんぜつ	sự đứt gãy hoàn toàn, sự cắt đứt	Đoạn Tuyệt
n1_advanced_drafts	batch_0581_0590	R_0589	添え物	そえもの	phụ kiện, vật kèm theo, đồ trang trí phụ	Thiêm Vật
n1_advanced_drafts	batch_0581_0590	R_0589	崇拝	すうはい	sự tôn thờ, sự sùng bái	Sùng Bái
n1_advanced_drafts	batch_0581_0590	R_0589	空虚さ	くうきょさ	sự rỗng tuếch, sự trống rỗng vô nghĩa	Không Hư
n1_advanced_drafts	batch_0581_0590	R_0589	余地	よち	khoảng trống, dư địa, chỗ để cân nhắc	Dư Địa
n1_advanced_drafts	batch_0581_0590	R_0590	只管打坐	しかんたざ	shikantaza — chỉ thuần tọa thiền, toàn tâm toàn ý vào việc ngồi thiền	Chích Quản Đả Tọa
n1_advanced_drafts	batch_0581_0590	R_0590	正法眼蔵	しょうぼうげんぞう	Shobogenzo — tác phẩm triết học chính của Dogen, kho tàng con mắt Chanh Phap	Chánh Pháp Nhãn Tàng
n1_advanced_drafts	batch_0581_0590	R_0590	修証一等	しゅしょういっとう	tu chứng nhất đẳng — tu hành và giác ngộ là một, không tách biệt	Tu Chứng Nhất Đẳng
n1_advanced_drafts	batch_0581_0590	R_0590	有時	うじ	hữu thời — sự bất khả phân giữa tồn tại và thời gian trong triết học Dogen	Hữu Thì
n1_advanced_drafts	batch_0581_0590	R_0590	形而上学	けいじじょうがく	siêu hình học, metaphysics	Hình Nhi Thượng Học
n1_advanced_drafts	batch_0581_0590	R_0590	黙照禅	もくしょうぜん	mokushow zen — thiền im lặng chiếu soi, phương pháp của Soto Zen	Mặc Chiếu Thiền
n1_advanced_drafts	batch_0581_0590	R_0590	公案	こうあん	koan — câu đố thiền, phương tiện giác ngộ trong Rinzai Zen	Công Án
n1_advanced_drafts	batch_0581_0590	R_0590	不二	ふに	bất nhị — không hai, không tách biệt (khái niệm Phật giáo)	Bất Nhị
n1_advanced_drafts	batch_0581_0590	R_0590	開示	かいじ	khai mở, tiết lộ, mở ra chân lý	Khai Kì
n1_advanced_drafts	batch_0581_0590	R_0590	菩薩行	ぼさつぎょう	hành động bồ tát, tu tập vì lợi ích chúng sinh	Bồ Tát Hành
n1_advanced_drafts	batch_0581_0590	R_0590	画期的	かっきてき	mang tính bước ngoặt, đột phá, epoch-making	Họa Kì Đích
n1_advanced_drafts	batch_0581_0590	R_0590	鉄眼道光	てつげんどうこう	Tetsugen Doko (1630-1682) — thiền tăng thời Edo, nổi tiếng in kinh Dai Tang	Thiết Nhãn Đạo Quang
n1_advanced_drafts	batch_0581_0590	R_0590	曹洞宗	そうとうしゅう	Soto Zen — tông Tao Dong, một trong hai tong thien lớn ở Nhật	Tào Động Tông
n1_advanced_drafts	batch_0581_0590	R_0590	比叡山	ひえいざん	núi Hiei — trung tâm Phật giáo Thiên Thai ở Kyoto	Bỉ Duệ San
n1_advanced_drafts	batch_0581_0590	R_0590	神学的	しんがくてき	mang tính thần học, theological	Thần Học Đích
n1_advanced_drafts	batch_0581_0590	R_0590	射程	しゃてい	tầm với, phạm vi ảnh hưởng	Xạ Trình
n1_advanced_drafts	batch_0581_0590	R_0590	普遍性	ふへんせい	tính phổ quát, universality	Phổ Biến Tính
n1_advanced_drafts	batch_0591_0600	R_0591	女房文学	にょうぼうぶんがく	văn học nữ quan, thể loại văn học do các nữ quan cung đình thời Heian sáng tác	Nữ Phòng Văn Học
n1_advanced_drafts	batch_0591_0600	R_0591	連帯	れんたい	liên kết, đoàn kết (giữa những người cùng hoàn cảnh)	Liên Đới
n1_advanced_drafts	batch_0591_0600	R_0591	相互扶助	そうごふじょ	tương trợ lẫn nhau, giúp đỡ qua lại	Tương Hỗ Phù Trợ
n1_advanced_drafts	batch_0591_0600	R_0591	生霊	いきりょう	oan hồn người sống, linh hồn lìa khỏi thể xác khi còn sống (vì ghen tuông/đau khổ)	Sanh Linh
n1_advanced_drafts	batch_0591_0600	R_0591	構造的暴力	こうぞうてきぼうりょく	bạo lực cấu trúc, bạo lực được tạo ra bởi hệ thống xã hội	Cấu Tạo Đích Bạo Lực
n1_advanced_drafts	batch_0591_0600	R_0591	告発	こくはつ	tố cáo, lên án (công khai)	Cáo Phát
n1_advanced_drafts	batch_0591_0600	R_0591	怨念	おんねん	oán hận, oán thù sâu sắc	Oán Niệm
n1_advanced_drafts	batch_0591_0600	R_0591	迂回路	うかいろ	con đường vòng, lối đi vòng	Ù Hồi Lộ
n1_advanced_drafts	batch_0591_0600	R_0591	非対称	ひたいしょう	bất đối xứng, không cân bằng	Phi Đối Xưng
n1_advanced_drafts	batch_0591_0600	R_0591	再生産	さいせいさん	tái sản xuất, tái tạo (trong xã hội học: duy trì/lặp lại cấu trúc xã hội)	Tái Sanh Sản
n1_advanced_drafts	batch_0591_0600	R_0591	精緻	せいち	tinh tế, tỉ mỉ, chi tiết	Tinh Trí
n1_advanced_drafts	batch_0591_0600	R_0591	文学的記念碑	ぶんがくてききねんひ	đài tưởng niệm văn học, di sản văn học vĩnh cửu	Văn Học Đích Kí Niệm Bi
n1_advanced_drafts	batch_0591_0600	R_0591	クィア理論	クィアりろん	lý thuyết queer, lý thuyết nghiên cứu về bản dạng giới và xu hướng tính dục	Lí Luận
n1_advanced_drafts	batch_0591_0600	R_0591	ポストコロニアル批評	ポストコロニアルひひょう	phê bình hậu thực dân, trường phái lý luận phân tích di sản chủ nghĩa thực dân	Phê Bình
n1_advanced_drafts	batch_0591_0600	R_0591	底知れぬ	そこしれぬ	thăm thẳm, không thể dò đáy, vô cùng sâu	Để Tri
n1_advanced_drafts	batch_0591_0600	R_0591	複眼的視点	ふくがんてきしてん	nhãn quan kép, cái nhìn đa chiều như mắt côn trùng	Phức Nhãn Đích Thị Điểm
n1_advanced_drafts	batch_0591_0600	R_0592	先駆的	せんくてき	tiên phong, mang tính khai mở	Tiên Khu Đích
n1_advanced_drafts	batch_0591_0600	R_0592	複眼的	ふくがんてき	đa chiều, nhìn từ nhiều góc (như mắt côn trùng có nhiều mặt)	Phức Nhãn Đích
n1_advanced_drafts	batch_0591_0600	R_0592	仲介	ちゅうかい	trung gian, môi giới (giữa hai bên)	Trọng Giới
n1_advanced_drafts	batch_0591_0600	R_0592	文明開化	ぶんめいかいか	văn minh khai hóa — chính sách Tây hóa thời Meiji	Văn Minh Khai Hóa
n1_advanced_drafts	batch_0591_0600	R_0592	徳目	とくもく	hạng mục đức hạnh, các phẩm chất đạo đức được liệt kê	Đức Mục
n1_advanced_drafts	batch_0591_0600	R_0592	騎士道	きしどう	tinh thần kỵ sĩ đạo (chivalry phương Tây)	Kị Sĩ Đạo
n1_advanced_drafts	batch_0591_0600	R_0592	恥の文化	はじのぶんか	văn hóa xấu hổ — khái niệm nhân học so sánh với văn hóa tội lỗi	Sỉ Văn Hóa
n1_advanced_drafts	batch_0591_0600	R_0592	逆輸入	ぎゃくゆにゅう	nhập khẩu ngược — sản phẩm xuất khẩu được nhập về lại đất nước xuất xứ	Nghịch Thâu Nhập
n1_advanced_drafts	batch_0591_0600	R_0592	権威	けんい	quyền uy, uy quyền	Quyền Uy
n1_advanced_drafts	batch_0591_0600	R_0592	末裔	まつえい	hậu duệ, con cháu đời sau	Mạt Duệ
n1_advanced_drafts	batch_0591_0600	R_0592	正典	せいてん	chính điển, tác phẩm kinh điển được công nhận	Chánh Điển
n1_advanced_drafts	batch_0591_0600	R_0592	融合	ゆうごう	dung hợp, hòa trộn thành một	Dung Hợp
n1_advanced_drafts	batch_0591_0600	R_0592	再構築	さいこうちく	tái cấu trúc, xây dựng lại	Tái Cấu Trúc
n1_advanced_drafts	batch_0591_0600	R_0592	架け橋	かけはし	cầu nối (比喩 — nghĩa bóng: kết nối hai phía)	Giá Kiều
n1_advanced_drafts	batch_0591_0600	R_0592	クエーカー教徒	クエーカーきょうと	tín đồ Quaker — dòng Tin Lành nhấn mạnh hoà bình và phổ quát	Giáo Đồ
n1_advanced_drafts	batch_0591_0600	R_0592	普遍主義	ふへんしゅぎ	chủ nghĩa phổ quát, universalism	Phổ Biến Chủ Nghĩa
n1_advanced_drafts	batch_0591_0600	R_0593	夢幻能	むげんのう	mộng huyễn Noh — thể loại Noh kết cấu theo giấc mơ, hồn người chết gặp người sống	Mộng Huyễn Năng
n1_advanced_drafts	batch_0591_0600	R_0593	生霊	いきりょう	sinh linh — linh hồn của người còn sống phóng ra ngoài thân xác vì cảm xúc cực đoan	Sanh Linh
n1_advanced_drafts	batch_0591_0600	R_0593	執着	しゅうちゃく	chấp trước, bám víu	Chấp Trứ
n1_advanced_drafts	batch_0591_0600	R_0593	般若の面	はんにゃのめん	mặt nạ hannya — mặt nạ Noh biểu đạt người phụ nữ biến thành quỷ vì ghen tuông	Bàn Nhược Diện
n1_advanced_drafts	batch_0591_0600	R_0593	幽玄	ゆうげん	yugen — vẻ đẹp huyền ảo sâu xa, khái niệm thẩm mỹ cốt lõi của Noh	U Huyền
n1_advanced_drafts	batch_0591_0600	R_0593	技倆	ぎりょう	kỹ năng, tài năng kỹ thuật	Kĩ Lưỡng
n1_advanced_drafts	batch_0591_0600	R_0593	白拍子	しらびょうし	shirabyoshi — nữ vũ công biểu diễn vũ điệu truyền thống Nhật Bản	Bạch Phách Tử
n1_advanced_drafts	batch_0591_0600	R_0593	融解	ゆうかい	tan biến, hòa lẫn vào nhau	Dung Giải
n1_advanced_drafts	batch_0591_0600	R_0593	花伝書	かでんしょ	Fushi Kaden — tác phẩm lý luận Noh quan trọng nhất của Zeami	Hoa Truyền Thư
n1_advanced_drafts	batch_0591_0600	R_0593	移入	いにゅう	truyền vào, đưa vào (cảm xúc từ diễn viên sang khán giả)	Di Nhập
n1_advanced_drafts	batch_0591_0600	R_0593	存在論	そんざいろん	bản thể luận, ontology	Tồn Tại Luận
n1_advanced_drafts	batch_0591_0600	R_0593	情動	じょうどう	cảm xúc, xúc động (nhấn mạnh tính bản năng)	Tình Động
n1_advanced_drafts	batch_0591_0600	R_0593	位置づける	いちづける	định vị, xác định vị trí	Vị Trí
n1_advanced_drafts	batch_0591_0600	R_0593	雄弁に語る	ゆうべんにかたる	nói lên một cách hùng hồn, diễn đạt một cách thuyết phục	Hùng Biện Ngữ
n1_advanced_drafts	batch_0591_0600	R_0593	性別横断	せいべつおうだん	vượt giới tính, cross-gender	Tính Biệt Hoành Đoạn
n1_advanced_drafts	batch_0591_0600	R_0593	重層的	じゅうそうてき	đa tầng, nhiều lớp chồng lên nhau	Trọng Tằng Đích
n1_advanced_drafts	batch_0591_0600	R_0594	没落	ぼつらく	suy tàn, sa sút, xuống dốc	Một Lạc
n1_advanced_drafts	batch_0591_0600	R_0594	旧華族	きゅうかぞく	gia đình quý tộc cũ (trước khi chế độ quý tộc bị xóa bỏ sau Thế chiến II)	Cựu Hoa Tộc
n1_advanced_drafts	batch_0591_0600	R_0594	矜持	きょうじ	lòng kiêu hãnh, tự trọng (văn trang trọng)	Căng Trì
n1_advanced_drafts	batch_0591_0600	R_0594	貧窮	ひんきゅう	sự túng thiếu, bần cùng	Bần Cùng
n1_advanced_drafts	batch_0591_0600	R_0594	終焉	しゅうえん	sự kết thúc, tàn cuộc (文語的)	Chung Diên
n1_advanced_drafts	batch_0591_0600	R_0594	実存的	じつぞんてき	mang tính hiện sinh, thuộc chủ nghĩa hiện sinh	Thực Tồn Đích
n1_advanced_drafts	batch_0591_0600	R_0594	遺書	いしょ	di thư, thư tuyệt mệnh	Di Thư
n1_advanced_drafts	batch_0591_0600	R_0594	並置	へいち	đặt cạnh nhau, song đặt	Tịnh Trí
n1_advanced_drafts	batch_0591_0600	R_0594	日記体	にっきたい	thể nhật ký, hình thức viết nhật ký	Nhật Kí Thể
n1_advanced_drafts	batch_0591_0600	R_0594	昇華	しょうか	thăng hoa, nâng lên tầm cao hơn	Thăng Hoa
n1_advanced_drafts	batch_0591_0600	R_0594	倫理	りんり	đạo đức, luân lý	Luân Lí
n1_advanced_drafts	batch_0591_0600	R_0594	入水自殺	じゅすいじさつ	tự sát bằng cách nhảy xuống nước	Nhập Thủy Tự Sát
n1_advanced_drafts	batch_0591_0600	R_0594	介入	かいにゅう	sự can thiệp, can dự vào	Giới Nhập
n1_advanced_drafts	batch_0591_0600	R_0594	解釈空間	かいしゃくくうかん	không gian diễn giải, phạm vi có thể hiểu/phân tích	Giải Thích Không Gian
n1_advanced_drafts	batch_0591_0600	R_0594	物の哀れ	もののあわれ	cảm thức về sự tàn la của vạn vật, mỹ học buồn đẹp đặc thù Nhật Bản	Vật Ai
n1_advanced_drafts	batch_0591_0600	R_0594	実存的断絶	じつぞんてきだんぜつ	sự đứt gãy hiện sinh, sự phân đoạn từ góc độ tồn tại	Thực Tồn Đích Đoạn Tuyệt
n1_advanced_drafts	batch_0591_0600	R_0594	重層的	じゅうそうてき	đa tầng, có nhiều lớp ý nghĩa	Trọng Tằng Đích
n1_advanced_drafts	batch_0591_0600	R_0594	喪失	そうしつ	sự mất mát, mất đi	Tang Thất
n1_advanced_drafts	batch_0591_0600	R_0594	結晶	けっしょう	sự kết tinh, kết tụ thành dạng thuần khiết	Kết Tinh
n1_advanced_drafts	batch_0591_0600	R_0594	先見性	せんけんせい	tính tiên phong, khả năng nhìn trước thời đại	Tiên Kiến Tính
n1_advanced_drafts	batch_0591_0600	R_0595	編纂	へんさん	biên soạn, sưu tập và chỉnh lý	Biên Toản
n1_advanced_drafts	batch_0591_0600	R_0595	言霊	ことだま	linh lực ngôn ngữ, tín ngưỡng rằng lời nói có sức mạnh thần bí	Ngôn Linh
n1_advanced_drafts	batch_0591_0600	R_0595	防人	さきもり	lính phòng thủ, binh lính được điều đến biên cương bảo vệ đất nước thời cổ đại	Phòng Nhân
n1_advanced_drafts	batch_0591_0600	R_0595	望郷	ぼうきょう	nỗi nhớ nhà, nhớ quê hương	Vọng Hương
n1_advanced_drafts	batch_0591_0600	R_0595	大宰帥	だざいのそち	Dazai no Sochi, chức quan đứng đầu phủ Dazaifu — cấp bậc cao trong chính quyền địa phương thời Nara	Đại Tể Soái
n1_advanced_drafts	batch_0591_0600	R_0595	典拠	てんきょ	căn cứ, nguồn gốc, chú thích	Điển Cứ
n1_advanced_drafts	batch_0591_0600	R_0595	証左	しょうさ	bằng chứng, chứng cớ, sự chứng thực	Chứng Tả
n1_advanced_drafts	batch_0591_0600	R_0595	迸り	ほとばしり	sự phun trào, sự trào dâng (cảm xúc mạnh mẽ vượt ra)	Bình
n1_advanced_drafts	batch_0591_0600	R_0595	万葉仮名	まんようがな	Man'yogana, hệ thống chữ viết cổ dùng âm và nghĩa Hán tự để biểu hiện tiếng Nhật	Vạn Diệp Giả Danh
n1_advanced_drafts	batch_0591_0600	R_0595	もののあわれ	もののあわれ	mono no aware, cảm xúc tiếc thương trước sự vô thường của vạn vật — khái niệm thẩm mỹ Nhật Bản	
n1_advanced_drafts	batch_0591_0600	R_0595	萌芽	ほうが	mầm non, mầm mống, sự bắt đầu hình thành	Manh Nha
n1_advanced_drafts	batch_0591_0600	R_0595	愛惜	あいせき	sự tiếc thương, lòng quý trọng và tiếc nuối	Ái Tích
n1_advanced_drafts	batch_0591_0600	R_0595	礎	いしずえ	nền tảng, cơ sở, đặt móng	Sở
n1_advanced_drafts	batch_0591_0600	R_0595	余すところなく	あますところなく	đầy đủ toàn bộ, không bỏ sót bất cứ điều gì	Dư
n1_advanced_drafts	batch_0591_0600	R_0595	如実に	にょじつに	một cách rõ ràng, trung thực, đúng như thực tế	Như Thực
n1_advanced_drafts	batch_0591_0600	R_0595	ともすれば	ともすれば	thường có xu hướng, dễ có khuynh hướng (âm tính)	
n1_advanced_drafts	batch_0591_0600	R_0596	屹立する	きつりつする	sừng sững, đứng vững vãi (nhân vật lịch sử vĩ đại)	Ngật Lập
n1_advanced_drafts	batch_0591_0600	R_0596	他力本願	たりきほんがん	tha lực bản nguyện — nương tựa vào sức mạnh của Phật, không phải tự lực	Tha Lực Bản Nguyện
n1_advanced_drafts	batch_0591_0600	R_0596	非僧非俗	ひそうひぞく	phi tăng phi tục — không phải tăng sĩ cũng không phải người thế tục	Phi Tăng Phi Tục
n1_advanced_drafts	batch_0591_0600	R_0596	悪人正機説	あくにんしょうきせつ	thuyết ác nhân chính cơ — người ác mới chính là đối tượng được cứu rỗi	Ác Nhân Chánh Ki Thuyết
n1_advanced_drafts	batch_0591_0600	R_0596	歎異抄	たんにしょう	Tannisho — văn bản ghi lại lời dạy của Shinran, do đệ tử Yuien biên soạn	Thán Dị Sao
n1_advanced_drafts	batch_0591_0600	R_0596	本願	ほんがん	bản nguyện — lời thề nguyện của Phật A Di Đà để cứu độ chúng sinh	Bản Nguyện
n1_advanced_drafts	batch_0591_0600	R_0596	称念	しょうねん	xưng niệm — đọc niệm danh hiệu Phật bằng miệng	Xưng Niệm
n1_advanced_drafts	batch_0591_0600	R_0596	衆生	しゅじょう	chúng sinh — tất cả sinh vật chưa được giải thoát	Chúng Sanh
n1_advanced_drafts	batch_0591_0600	R_0596	義絶	ぎぜつ	nghĩa tuyệt — tuyên bố cắt đứt quan hệ cha con hoặc thầy trò	Nghĩa Tuyệt
n1_advanced_drafts	batch_0591_0600	R_0596	業	ごう	nghiệp — hành động tích lũy từ quá khứ, quyết định vận mệnh	Nghiệp
n1_advanced_drafts	batch_0591_0600	R_0596	愚禿	ぐとく	ngẫu độc — kẻ ngốc đầu trọc (Shinran tự gọi mình, thể hiện sự khiêm tốn sâu sắc)	Ngu Ngốc
n1_advanced_drafts	batch_0591_0600	R_0596	石山合戦	いしやまかっせん	Thạch Sơn Hợp Chiến — cuộc chiến 10 năm giữa Oda Nobunaga và Honganji (1570-1580)	Thạch San Hợp Chiến
n1_advanced_drafts	batch_0591_0600	R_0596	秘本	ひほん	sách bí mật — sách chỉ được lưu truyền trong nội bộ hạn chế	Bí Bản
n1_advanced_drafts	batch_0591_0600	R_0596	精緻	せいち	tinh tế, tỉ mỉ, chi tiết hoàn hảo	Tinh Trí
n1_advanced_drafts	batch_0591_0600	R_0596	刷新者	さっしんしゃ	người cách tân, người đổi mới	Xoát Tân Giả
n1_advanced_drafts	batch_0591_0600	R_0596	過激	かげき	quá khích, cực đoan, triệt để	Quá Kích
n1_advanced_drafts	batch_0591_0600	R_0597	船場	せんば	Semba — khu thương nhân cổ truyền ở Osaka, biểu tượng văn hóa thương gia Kansai	Thuyền Tràng
n1_advanced_drafts	batch_0591_0600	R_0597	黄昏	たそがれ	hoàng hôn, buổi chiều tà — ẩn dụ cho sự suy tàn dần dần	Hoàng Hôn
n1_advanced_drafts	batch_0591_0600	R_0597	奢侈	しゃし	xa xỉ, lãng phí — đặc biệt bị cấm thời chiến	Xa Xỉ
n1_advanced_drafts	batch_0591_0600	R_0597	大本営	だいほんえい	Đại bản doanh — Bộ chỉ huy tối cao quân đội Nhật thời Thế chiến II	Đại Bản Doanh
n1_advanced_drafts	batch_0591_0600	R_0597	丹念に	たんねんに	tỉ mỉ, chăm chú, cẩn thận từng chi tiết	Đan Niệm
n1_advanced_drafts	batch_0591_0600	R_0597	帯の結び方	おびのむすびかた	cách thắt dây đai obi của kimono	Đới Kết Phương
n1_advanced_drafts	batch_0591_0600	R_0597	軋轢	あつれき	sự va chạm, bất đồng, ma sát giữa hai lực	Nghát Lịch
n1_advanced_drafts	batch_0591_0600	R_0597	縁談	えんだん	cuộc đàm phán hôn nhân, mối mai kết hôn	Duyên Đàm
n1_advanced_drafts	batch_0591_0600	R_0597	破談	はだん	vỡ kèo, thương lượng bị hủy, đặc biệt là hôn nhân đổ vỡ	Phá Đàm
n1_advanced_drafts	batch_0591_0600	R_0597	立ち竦む	たちすくむ	dừng lại bất động vì lo sợ hoặc lưỡng lự	Lập Tủng
n1_advanced_drafts	batch_0591_0600	R_0597	耽美主義	たんびしゅぎ	chủ nghĩa duy mỹ — trào lưu văn học đề cao cái đẹp như giá trị tối cao	Đam Mĩ Chủ Nghĩa
n1_advanced_drafts	batch_0591_0600	R_0597	対抗言説	たいこうげんせつ	diễn ngôn đối kháng, counter-discourse	Đối Kháng Ngôn Thuyết
n1_advanced_drafts	batch_0591_0600	R_0597	方言文学	ほうげんぶんがく	văn học phương ngữ, văn học dùng tiếng địa phương	Phương Ngôn Văn Học
n1_advanced_drafts	batch_0591_0600	R_0597	主体性	しゅたいせい	tính chủ thể, chủ thể tính — khả năng tự quyết định	Chủ Thể Tính
n1_advanced_drafts	batch_0591_0600	R_0597	静謐	せいひつ	yên tĩnh, lặng lẽ thanh thản — tĩnh mịch sâu xa	Tĩnh Mật
n1_advanced_drafts	batch_0591_0600	R_0597	反戦	はんせん	phản chiến, chống chiến tranh	Phản Chiến
n1_advanced_drafts	batch_0591_0600	R_0597	擁護者	ようごしゃ	người bảo hộ, người bênh vực, người bảo vệ	Ủng Hộ Giả
n1_advanced_drafts	batch_0591_0600	R_0597	容器	ようき	chiếc bình, vật chứa, container	Dung Khí
n1_advanced_drafts	batch_0591_0600	R_0598	精神史	せいしんし	lịch sử tinh thần, lịch sử tư tưởng	Tinh Thần Sử
n1_advanced_drafts	batch_0591_0600	R_0598	超国家主義	ちょうこっかしゅぎ	chủ nghĩa siêu dân tộc, ultra-nationalism	Siêu Quốc Gia Chủ Nghĩa
n1_advanced_drafts	batch_0591_0600	R_0598	言論空間	げんろんくうかん	không gian ngôn luận, diễn đàn công khai	Ngôn Luận Không Gian
n1_advanced_drafts	batch_0591_0600	R_0598	未曾有	みぞう	chưa từng có, chưa từng xảy ra	Vị Tằng Hữu
n1_advanced_drafts	batch_0591_0600	R_0598	先駆的	せんくてき	đi tiên phong, đi trước thời đại	Tiên Khu Đích
n1_advanced_drafts	batch_0591_0600	R_0598	全体主義	ぜんたいしゅぎ	chủ nghĩa toàn trị, totalitarianism	Toàn Thể Chủ Nghĩa
n1_advanced_drafts	batch_0591_0600	R_0598	無責任の体系	むせきにんのたいけい	hệ thống vô trách nhiệm (khái niệm cốt lõi của Maruyama)	Vô Trách Nhâm Thể Hệ
n1_advanced_drafts	batch_0591_0600	R_0598	霧散	むさん	tan biến như sương, tiêu tan	Vụ Tán
n1_advanced_drafts	batch_0591_0600	R_0598	滑落	かつらく	trượt xuống, trơn trượt xuống	Hoạt Lạc
n1_advanced_drafts	batch_0591_0600	R_0598	概念装置	がいねんそうち	bộ máy khái niệm, conceptual apparatus	Khái Niệm Trang Trí
n1_advanced_drafts	batch_0591_0600	R_0598	自律的主体	じりつてきしゅたい	chủ thể tự chủ, autonomous subject	Tự Luật Đích Chủ Thể
n1_advanced_drafts	batch_0591_0600	R_0598	永久革命	えいきゅうかくめい	cách mạng vĩnh cửu, permanent revolution	Vĩnh Cửu Cách Mệnh
n1_advanced_drafts	batch_0591_0600	R_0598	通底音	つうていおん	âm thanh xuyên suốt (basso ostinato, chủ đề nền dai dẳng)	Thông Để Âm
n1_advanced_drafts	batch_0591_0600	R_0598	執拗低音	しつようていおん	âm trội nền dai dẳng (khái niệm Maruyama về cấu trúc văn hóa Nhật Bản)	Chấp Áo Đê Âm
n1_advanced_drafts	batch_0591_0600	R_0598	古層	こそう	cổ tầng, tầng văn hóa cổ xưa	Cổ Tằng
n1_advanced_drafts	batch_0591_0600	R_0598	内在的	ないざいてき	nội tại, từ bên trong	Nội Tại Đích
n1_advanced_drafts	batch_0591_0600	R_0598	観念論	かんねんろん	chủ nghĩa duy tâm, idealism (triết học)	Quan Niệm Luận
n1_advanced_drafts	batch_0591_0600	R_0598	比較文明論	ひかくぶんめいろん	lý luận so sánh văn minh, comparative civilizational studies	Bỉ Giác Văn Minh Luận
n1_advanced_drafts	batch_0591_0600	R_0599	アレ・ブレ・ボケ	アレ・ブレ・ボケ	are-bure-boke: thô-rung-mờ, thẩm mỹ nhiếp ảnh tiền phong của Provoke	
n1_advanced_drafts	batch_0591_0600	R_0599	粒子	りゅうし	hạt, độ hạt (trong phim ảnh)	Lạp Tử
n1_advanced_drafts	batch_0591_0600	R_0599	知覚	ちかく	nhận thức, tri giác	Tri Giác
n1_advanced_drafts	batch_0591_0600	R_0599	前衛	ぜんえい	tiền phong, avant-garde	Tiền Vệ
n1_advanced_drafts	batch_0591_0600	R_0599	挑発的	ちょうはつてき	mang tính khiêu khích, provoke	Khiêu Phát Đích
n1_advanced_drafts	batch_0591_0600	R_0599	摩擦	まさつ	ma sát, sự cọ xát	Ma Sát
n1_advanced_drafts	batch_0591_0600	R_0599	盛り場	さかりば	khu ăn chơi, phố vui nhộn	Thịnh Tràng
n1_advanced_drafts	batch_0591_0600	R_0599	執拗	しつよう	kiên trì đến mức bướng bỉnh, không ngừng nghỉ	Chấp Áo
n1_advanced_drafts	batch_0591_0600	R_0599	隠蔽	いんぺい	che giấu, che đậy	Ẩn Tất
n1_advanced_drafts	batch_0591_0600	R_0599	溶解	ようかい	tan chảy, hòa tan	Dong Giải
n1_advanced_drafts	batch_0591_0600	R_0599	徘徊	はいかい	lang thang, đi vẩn vơ	Bồi Hoài
n1_advanced_drafts	batch_0591_0600	R_0599	感受性	かんじゅせい	cảm thụ, tính nhạy cảm	Cảm Thụ Tính
n1_advanced_drafts	batch_0591_0600	R_0599	傷跡	きずあと	vết thương, vết sẹo	Thương Tích
n1_advanced_drafts	batch_0591_0600	R_0599	銀塩写真	ぎんえんしゃしん	ảnh ngân muối, ảnh phim nhựa truyền thống	Ngân Diêm Tả Chân
n1_advanced_drafts	batch_0591_0600	R_0599	固執	こしつ	cố chấp, kiên trì giữ lấy	Cố Chấp
n1_advanced_drafts	batch_0591_0600	R_0599	収蔵	しゅうぞう	trưng bày và lưu giữ, thu vào bộ sưu tập	Thu Tàng
n1_advanced_drafts	batch_0591_0600	R_0599	矛盾	むじゅん	mâu thuẫn	Mâu Thuẫn
n1_advanced_drafts	batch_0591_0600	R_0600	俳諧	はいかい	haikai — thể tho hài hước-trữ tình tiền thân haiku	Bài Hãi
n1_advanced_drafts	batch_0591_0600	R_0600	蕉風	しょうふう	Shofuu — phong cách tho đặc trưng của Basho	Tiêu Phong
n1_advanced_drafts	batch_0591_0600	R_0600	連歌	れんが	renga — tho liên ngâm chuỗi, tiền thân haikai	Liên Ca
n1_advanced_drafts	batch_0591_0600	R_0600	発句	ほっく	hokku — câu mở đầu renga, gốc của haiku độc lập	Phát Cú
n1_advanced_drafts	batch_0591_0600	R_0600	切れ字	きれじ	kireji — từ cắt tao đứt gãy ý nghĩa trong haiku (ya, kana, keri)	Thiết Tự
n1_advanced_drafts	batch_0591_0600	R_0600	不立文字	ふりゅうもんじ	Bất Lập Văn Tự — giáo lý Thiền: chân lý không thể dùng chữ viết truyền đạt	Bất Lập Văn Tự
n1_advanced_drafts	batch_0591_0600	R_0600	閑寂	かんじゃく	tĩnh tịch, yên lặng vắng vẻ	Nhàn Tịch
n1_advanced_drafts	batch_0591_0600	R_0600	変貌	へんぼう	biến hình, sự biến đổi hoàn toàn	Biến Bạo
n1_advanced_drafts	batch_0591_0600	R_0600	凝縮	ぎょうしゅく	cô đọng, nén chặt	Ngưng Súc
n1_advanced_drafts	batch_0591_0600	R_0600	余韻	よいん	dư âm, âm hưởng còn vang lai	Dư Vận
n1_advanced_drafts	batch_0591_0600	R_0600	削ぎ落とす	そぎおとす	tia gọt, cắt bỏ đến cực han	Tước Lạc
n1_advanced_drafts	batch_0591_0600	R_0600	執着	しゅうちゃく	chấp trước, sự bám víu	Chấp Trứ
n1_advanced_drafts	batch_0591_0600	R_0600	喚起	かんき	khơi dây, kích thích (trí tưởng tượng)	Hoán Khởi
n1_advanced_drafts	batch_0591_0600	R_0600	客観写生	きゃっかんしゃせい	tả thực khách quan — phương pháp haiku của Kyoshi	Khách Quan Tả Sanh
n1_advanced_drafts	batch_0591_0600	R_0600	無常	むじょう	vô thường — bản chất nhất thời không bền của vạn vât	Vô Thường
n1_advanced_drafts	batch_0601_0610	R_0601	嚆矢	こうし	nguồn gốc, điểm khai đầu, tiền lệ (biểu tượng mũi tên bắt đầu)	Hao Thỉ
n1_advanced_drafts	batch_0601_0610	R_0601	随筆	ずいひつ	tuỳ bút, thể loại văn học viết theo ý nghĩ tự nhiên	Tùy Bút
n1_advanced_drafts	batch_0601_0610	R_0601	鋭敏	えいびん	nhạy bén, tinh tế, nhanh nhạy	Duệ Mẫn
n1_advanced_drafts	batch_0601_0610	R_0601	美意識	びいしき	ý thức thẩm mỹ, cảm quan về cái đẹp	Mĩ Ý Thức
n1_advanced_drafts	batch_0601_0610	R_0601	をかし	をかし	okashi — khái niệm thẩm mỹ Heian: sự kết hợp của ngạc nhiên trí tuệ và khoái cảm thẩm mỹ	
n1_advanced_drafts	batch_0601_0610	R_0601	もののあわれ	もののあわれ	mono no aware — cảm nhận về vô thường và sự buồn man mác của sự vật	
n1_advanced_drafts	batch_0601_0610	R_0601	明敏	めいびん	minh mẫn, thông minh sáng suốt	Minh Mẫn
n1_advanced_drafts	batch_0601_0610	R_0601	機知	きち	trí tuệ nhanh nhạy, sự wit, sự hành động thông minh	Ki Tri
n1_advanced_drafts	batch_0601_0610	R_0601	昇華	しょうか	sự thăng hoa, nâng lên một tầm cao mới	Thăng Hoa
n1_advanced_drafts	batch_0601_0610	R_0601	叙景	じょけい	việc phác hoạ cảnh vật, miêu tả phong cảnh	Tự Cảnh
n1_advanced_drafts	batch_0601_0610	R_0601	才媛	さいえん	tài nữ, phụ nữ có tài năng xuất sắc	Tài Viện
n1_advanced_drafts	batch_0601_0610	R_0601	下賜	かし	ban tặng từ cấp trên xuống cấp dưới, đặc biệt từ hoàng gia	Hạ Tứ
n1_advanced_drafts	batch_0601_0610	R_0601	崩御	ほうぎょ	băng hà — từ dùng để chỉ cái chết của hoàng đế hoàng hậu hoàng phi	Băng Ngự
n1_advanced_drafts	batch_0601_0610	R_0601	挽歌	ばんか	khúc ai ca, bài thơ hay bài hát dành cho người đã mất	Ban Ca
n1_advanced_drafts	batch_0601_0610	R_0601	彫琢	ちょうたく	sự mài giũa, chăm sức hoàn thiện đến mức tuyệt mỹ	Điêu Trác
n1_advanced_drafts	batch_0601_0610	R_0601	哀惜	あいせき	ái tiếc thương, lòng buồn tiếc khi mất đi điều gì quý giá	Ai Tích
n1_advanced_drafts	batch_0601_0610	R_0601	所以	ゆえん	lý do, nguyên nhân sâu xa (văn phong cổ điển)	Sở Dĩ
n1_advanced_drafts	batch_0601_0610	R_0602	結晶化	けっしょうか	kết tinh hóa, hình thành thành tinh thể	Kết Tinh Hóa
n1_advanced_drafts	batch_0601_0610	R_0602	形而上学	けいじじょうがく	siêu hình học, triết học về bản thể	Hình Nhi Thượng Học
n1_advanced_drafts	batch_0601_0610	R_0602	余白	よはく	khoảng trắng, khoảng trống (trong bố cục)	Dư Bạch
n1_advanced_drafts	batch_0601_0610	R_0602	枯山水	かれさんすい	khu vườn đá khô kiểu Nhật (không có nước)	Khô San Thủy
n1_advanced_drafts	batch_0601_0610	R_0602	侘び	わび	wabi — vẻ đẹp giản dị, u tịch, không hoàn hảo theo thẩm mỹ Nhật Bản	Sá
n1_advanced_drafts	batch_0601_0610	R_0602	無為自然	むいしぜん	vô vi tự nhiên — hành động không gượng ép theo tự nhiên (Đạo giáo, Thiền)	Vô Vi Tự Nhiên
n1_advanced_drafts	batch_0601_0610	R_0602	通底する	つうていする	xuyên suốt bên dưới, chia sẻ cùng nền tảng	Thông Để
n1_advanced_drafts	batch_0601_0610	R_0602	照応する	しょうおうする	tương ứng, đối chiếu, cộng hưởng nhau	Chiếu Ứng
n1_advanced_drafts	batch_0601_0610	R_0602	般若心経	はんにゃしんぎょう	Bát Nhã Tâm Kinh — kinh điển trung tâm của Phật giáo Thiền	Bàn Nhược Tâm Kinh
n1_advanced_drafts	batch_0601_0610	R_0602	矮小化	わいしょうか	tầm thường hóa, thu nhỏ tầm vóc, lùn hóa ý nghĩa	Nụy Tiểu Hóa
n1_advanced_drafts	batch_0601_0610	R_0602	不立文字	ふりゅうもんじ	furyumoji — giáo lý Thiền: không dựa vào văn tự, trực tiếp thể nghiệm	Bất Lập Văn Tự
n1_advanced_drafts	batch_0601_0610	R_0602	認識論的	にんしきろんてき	mang tính nhận thức luận (epistemological)	Nhận Thức Luận Đích
n1_advanced_drafts	batch_0601_0610	R_0602	用の美	ようのび	vẻ đẹp của công dụng, vẻ đẹp ẩn trong đồ vật thực dụng hàng ngày	Dụng Mĩ
n1_advanced_drafts	batch_0601_0610	R_0602	変奏	へんそう	biến tấu (âm nhạc/văn học: biến thể giữ tinh thần gốc)	Biến Tấu
n1_advanced_drafts	batch_0601_0610	R_0602	地平	ちへい	chân trời, địa hạt (ẩn dụ: phạm vi tư duy, không gian khái niệm)	Địa Bình
n1_advanced_drafts	batch_0601_0610	R_0603	治安警察法	ちあんけいさつほう	Luật Cảnh sát An ninh (luật thời Minh Trị kiểm soát hoạt động chính trị)	Trì An Cảnh Sát Pháp
n1_advanced_drafts	batch_0601_0610	R_0603	抑圧的	よくあつてき	mang tính áp bức, đàn áp	Ức Áp Đích
n1_advanced_drafts	batch_0601_0610	R_0603	良妻賢母	りょうさいけんぼ	vợ hiền mẹ giỏi (hệ tư tưởng phụ nữ thời Minh Trị)	Lương Thê Hiền Mẫu
n1_advanced_drafts	batch_0601_0610	R_0603	精神的自立	せいしんてきじりつ	sự độc lập về tinh thần	Tinh Thần Đích Tự Lập
n1_advanced_drafts	batch_0601_0610	R_0603	知的気運	ちてききうん	bầu không khí tri thức, khí thế trí tuệ	Tri Đích Khí Vận
n1_advanced_drafts	batch_0601_0610	R_0603	自我覚醒	じがかくせい	sự thức tỉnh ý thức bản ngã	Tự Ngã Giác Tỉnh
n1_advanced_drafts	batch_0601_0610	R_0603	触媒	しょくばい	chất xúc tác	Xúc Môi
n1_advanced_drafts	batch_0601_0610	R_0603	婦人参政権	ふじんさんせいけん	quyền bầu cử của phụ nữ	Phụ Nhân Tham Chánh Quyền
n1_advanced_drafts	batch_0601_0610	R_0603	乖離	かいり	sự chênh lệch, sự cách biệt	Quai Li
n1_advanced_drafts	batch_0601_0610	R_0603	全的な解放	ぜんてきなかいほう	sự giải phóng toàn diện, toàn vẹn	Toàn Đích Giải Phóng
n1_advanced_drafts	batch_0601_0610	R_0603	言説	げんせつ	diễn ngôn (discourse — thuật ngữ học thuật)	Ngôn Thuyết
n1_advanced_drafts	batch_0601_0610	R_0603	先駆者	せんくしゃ	người tiên phong, người đi đầu	Tiên Khu Giả
n1_advanced_drafts	batch_0601_0610	R_0603	礎	いしずえ	nền tảng, viên đá đầu tiên	Sở
n1_advanced_drafts	batch_0601_0610	R_0603	結集する	けっしゅうする	tập hợp lại, quy tụ	Kết Tập
n1_advanced_drafts	batch_0601_0610	R_0603	大正デモクラシー	たいしょうデモクラシー	Dân chủ Taisho (phong trào tự do dân chủ 1910-1920s)	Đại Chánh
n1_advanced_drafts	batch_0601_0610	R_0603	天tính làm mẹ / 母性	ぼせい	thiên tính làm mẹ, bản năng mẫu tử	Thiên Mẫu Tính
n1_advanced_drafts	batch_0601_0610	R_0604	被差別部落	ひさべつぶらく	burakumin, làng bị phân biệt đối xử (cộng đồng lịch sử bị kỳ thị tại Nhật)	Bị Soa Biệt Bộ Lạc
n1_advanced_drafts	batch_0601_0610	R_0604	早逝	そうせい	mất sớm, chết yểu	Tảo Thệ
n1_advanced_drafts	batch_0601_0610	R_0604	比類のない	ひるいのない	vô song, không có gì sánh bằng	Bỉ Loại
n1_advanced_drafts	batch_0601_0610	R_0604	路地	ろじ	hẻm phố, ngõ hẻm (trong văn học Nakagami: không gian burakumin)	Lộ Địa
n1_advanced_drafts	batch_0601_0610	R_0604	刻印	こくいん	dấu ấn, vết khắc (biểu tượng)	Khắc Ấn
n1_advanced_drafts	batch_0601_0610	R_0604	混淆	こんこう	hòa trộn, lẫn lộn	Hỗn Hào
n1_advanced_drafts	batch_0601_0610	R_0604	磁場	じば	từ trường (nghĩa rộng: trường lực, không gian hút kéo)	Từ Tràng
n1_advanced_drafts	batch_0601_0610	R_0604	スティグマ	スティグマ	vết nhục, kỳ thị xã hội (từ tiếng Anh stigma)	
n1_advanced_drafts	batch_0601_0610	R_0604	紀州	きしゅう	Kishu, tên cũ của vùng Wakayama (nơi bối cảnh của Nakagami)	Kỉ Châu
n1_advanced_drafts	batch_0601_0610	R_0604	山岳修験	さんがくしゅげん	tu hành khổ hạnh ở núi rừng (truyền thống tôn giáo Nhật)	San Nhạc Tu Nghiệm
n1_advanced_drafts	batch_0601_0610	R_0604	まれびと	まれびと	khách lạ từ thế giới kia, kẻ từ xa đến (khái niệm thần thoại học Nhật)	
n1_advanced_drafts	batch_0601_0610	R_0604	高揚	こうよう	dâng cao, hưng khởi, lên cao trào	Cao Dương
n1_advanced_drafts	batch_0601_0610	R_0604	掬い取る	すくいとる	múc lên, hớt lấy, nắm bắt được	Cúc Thủ
n1_advanced_drafts	batch_0601_0610	R_0604	周縁	しゅうえん	vùng ngoại vi, ngoại biên (thuật ngữ lý luận văn hóa)	Chu Duyên
n1_advanced_drafts	batch_0601_0610	R_0604	排除	はいじょ	loại trừ, gạt ra ngoài	Bài Trừ
n1_advanced_drafts	batch_0601_0610	R_0604	帰属	きぞく	quy thuộc, sự thuộc về	Quy Chúc
n1_advanced_drafts	batch_0601_0610	R_0604	聖性	せいせい	tính thiêng liêng, tính thánh	Thánh Tính
n1_advanced_drafts	batch_0601_0610	R_0605	邪馬台国	やまたいこく	Yamatai-koku, quốc gia cổ đại Nhật Bản thế kỷ 3	Tà Mã Thai Quốc
n1_advanced_drafts	batch_0601_0610	R_0605	魏志倭人伝	ぎしわじんでん	Gishi Wajinden, bộ phận ghi chép về người Wa trong Tam Quốc Chí của Trung Quốc	Ngụy Chí Uy Nhân Truyền
n1_advanced_drafts	batch_0601_0610	R_0605	卑弥呼	ひみこ	Himiko, nữ vương cai trị Yamatai-koku thế kỷ 3	Ti Di Hô
n1_advanced_drafts	batch_0601_0610	R_0605	所在	しょざい	vị trí, nơi tọa lạc	Sở Tại
n1_advanced_drafts	batch_0601_0610	R_0605	比定	ひてい	xác định, định vị (thuật ngữ sử học)	Bỉ Định
n1_advanced_drafts	batch_0601_0610	R_0605	纏向遺跡	まきむくいせき	di chỉ Makimuku, di tích khảo cổ quan trọng ở Nara	Thiện Hướng Di Tích
n1_advanced_drafts	batch_0601_0610	R_0605	畿内説	きないせつ	thuyết Kinki, cho rằng Yamatai-koku ở vùng Kinki (Nara/Osaka)	Kỳ Nội Thuyết
n1_advanced_drafts	batch_0601_0610	R_0605	九州説	きゅうしゅうせつ	thuyết Kyushu, cho rằng Yamatai-koku ở Kyushu	Cửu Châu Thuyết
n1_advanced_drafts	batch_0601_0610	R_0605	行程記事	こうていきじ	ghi chép về lộ trình, mô tả đường đi	Hành Trình Kí Sự
n1_advanced_drafts	batch_0601_0610	R_0605	一義的	いちぎてき	theo một nghĩa duy nhất, không mơ hồ	Nhất Nghĩa Đích
n1_advanced_drafts	batch_0601_0610	R_0605	壹与	いよ	Iyo (hoặc Toyo), nữ vương kế vị Himiko	Nhất Dữ
n1_advanced_drafts	batch_0601_0610	R_0605	搬入	はんにゅう	vận chuyển vào, đưa vào	Bàn Nhập
n1_advanced_drafts	batch_0601_0610	R_0605	安定同位体分析	あんていどういたいぶんせき	phân tích đồng vị bền, phương pháp khoa học xác định nguồn gốc	An Định Đồng Vị Thể Phân Tích
n1_advanced_drafts	batch_0601_0610	R_0605	史料批判	しりょうひはん	phê bình sử liệu, đánh giá độ tin cậy của tư liệu lịch sử	Sử Liêu Phê Phán
n1_advanced_drafts	batch_0601_0610	R_0605	大和政権	やまとせいけん	chính quyền Yamato, nhà nước cổ đại Nhật Bản kế tiếp	Đại Hòa Chánh Quyền
n1_advanced_drafts	batch_0601_0610	R_0605	鬼道	きどう	quỷ đạo, thuật pháp hay shaman giáo (cách Trung Quốc gọi tín ngưỡng của Himiko)	Quỷ Đạo
n1_advanced_drafts	batch_0601_0610	R_0606	前衛美術	ぜんえいびじゅつ	nghệ thuật tiền vệ, avant-garde	Tiền Vệ Mĩ Thuật
n1_advanced_drafts	batch_0601_0610	R_0606	既成概念	きせいがいねん	khái niệm đã có sẵn, quan niệm định hình	Kí Thành Khái Niệm
n1_advanced_drafts	batch_0601_0610	R_0606	刷新	さっしん	canh tân, đổi mới triệt để	Xoát Tân
n1_advanced_drafts	batch_0601_0610	R_0606	アンフォルメル	アンフォルメル	Informel — phong trào nghệ thuật Pháp thập niên 1950, nhấn mạnh tính vô hình thức	
n1_advanced_drafts	batch_0601_0610	R_0606	身体性	しんたいせい	tính thân thể, bodily quality	Thân Thể Tính
n1_advanced_drafts	batch_0601_0610	R_0606	即興性	そっきょうせい	tính ngẫu hứng, tính ứng tấu	Tức Hưng Tính
n1_advanced_drafts	batch_0601_0610	R_0606	共鳴	きょうめい	cộng hưởng, sự đồng điệu	Cộng Minh
n1_advanced_drafts	batch_0601_0610	R_0606	廃墟	はいきょ	hoang tàn, đống đổ nát	Phế Khư
n1_advanced_drafts	batch_0601_0610	R_0606	インスタレーション	インスタレーション	installation art — nghệ thuật sắp đặt	
n1_advanced_drafts	batch_0601_0610	R_0606	溶解	ようかい	hòa tan, làm tan biến ranh giới	Dong Giải
n1_advanced_drafts	batch_0601_0610	R_0606	一回性	いっかいせい	tính nhất thời, tính không lặp lại — xảy ra duy nhất một lần	Nhất Hồi Tính
n1_advanced_drafts	batch_0601_0610	R_0606	共同体意識	きょうどうたいいしき	ý thức cộng đồng, tinh thần tập thể	Cộng Đồng Thể Ý Thức
n1_advanced_drafts	batch_0601_0610	R_0606	天才崇拝	てんさいすうはい	sự sùng bái thiên tài	Thiên Tài Sùng Bái
n1_advanced_drafts	batch_0601_0610	R_0606	回顧展	かいこてん	triển lãm hồi cố, retrospective exhibition	Hồi Cố Triển
n1_advanced_drafts	batch_0601_0610	R_0606	参照	さんしょう	tham chiếu, tham khảo	Tham Chiếu
n1_advanced_drafts	batch_0601_0610	R_0606	根底から覆す	こんていからくつがえす	lật đổ từ nền tảng, đảo ngược triệt để	Căn Để Phúc
n1_advanced_drafts	batch_0601_0610	R_0606	内包する	ないほうする	hàm chứa, bao gồm bên trong	Nội Bao
n1_advanced_drafts	batch_0601_0610	R_0607	仮名日記	かなにっき	nhật ký chữ kana, thể loại nhật ký viết bằng chữ kana	Giả Danh Nhật Kí
n1_advanced_drafts	batch_0601_0610	R_0607	仮託	かたく	giả danh, mượn danh nghĩa người khác để thể hiện	Giả Thác
n1_advanced_drafts	batch_0601_0610	R_0607	女手	おんなで	chữ viết của phụ nữ, tên gọi chữ kana thời Heian	Nữ Thủ
n1_advanced_drafts	batch_0601_0610	R_0607	官人	かんじん	quan chức, người làm việc cho triều đình	Quan Nhân
n1_advanced_drafts	batch_0601_0610	R_0607	歌人	かじん	ca nhân, người sáng tác thơ waka	Ca Nhân
n1_advanced_drafts	batch_0601_0610	R_0607	哀惜	あいせき	tiếc thương, luyến tiếc kẻ đã khuất	Ai Tích
n1_advanced_drafts	batch_0601_0610	R_0607	帰途	きと	đường trở về, chặng về	Quy Đồ
n1_advanced_drafts	batch_0601_0610	R_0607	哀愁	あいしゅう	nỗi sầu, buồn man mác	Ai Sầu
n1_advanced_drafts	batch_0601_0610	R_0607	性別越境	せいべつえっきょう	vượt qua ranh giới giới tính, cross-gender	Tính Biệt Việt Cảnh
n1_advanced_drafts	batch_0601_0610	R_0607	軽妙	けいみょう	nhẹ nhàng duyên dáng, hóm hỉnh khéo léo	Khinh Diệu
n1_advanced_drafts	batch_0601_0610	R_0607	開花	かいか	nở rộ, phát triển rực rỡ	Khai Hoa
n1_advanced_drafts	batch_0601_0610	R_0607	紀行文学	きこうぶんがく	văn học ký sự hành trình, travel literature	Kỉ Hành Văn Học
n1_advanced_drafts	batch_0601_0610	R_0607	停泊	ていはく	neo đậu, dừng lại tại bến	Đình Bạc
n1_advanced_drafts	batch_0601_0610	R_0607	内省的	ないせいてき	mang tính nội tâm, tự xét	Nội Tỉnh Đích
n1_advanced_drafts	batch_0601_0610	R_0607	辺境	へんきょう	vùng biên giới, nơi hẻo lánh xa xôi	Biên Cảnh
n1_advanced_drafts	batch_0601_0610	R_0607	疎外感	そがいかん	cảm giác bị xa lánh, cô lập	Sơ Ngoại Cảm
n1_advanced_drafts	batch_0601_0610	R_0607	望郷	ぼうきょう	nỗi nhớ quê hương	Vọng Hương
n1_advanced_drafts	batch_0601_0610	R_0607	悲嘆	ひたん	bi thán, nỗi đau thương sâu sắc	Bi Thán
n1_advanced_drafts	batch_0601_0610	R_0608	実存主義	じつぞんしゅぎ	chủ nghĩa hiện sinh, existentialism	Thực Tồn Chủ Nghĩa
n1_advanced_drafts	batch_0601_0610	R_0608	視座	しざ	góc nhìn, điểm nhìn phân tích	Thị Tọa
n1_advanced_drafts	batch_0601_0610	R_0608	内務班	ないむはん	ban nội vụ (tổ đội quản lý nội bộ trong đơn vị quân đội Nhat co)	Nội Vụ Ban
n1_advanced_drafts	batch_0601_0610	R_0608	金字塔	きんじとう	dấu mốc vĩ đại, thành tựu đỉnh cao (bút: thành kim tự tháp)	Kim Tự Tháp
n1_advanced_drafts	batch_0601_0610	R_0608	侵食	しんしょく	xâm thực, an mon dần dần	Xâm Thực
n1_advanced_drafts	batch_0601_0610	R_0608	官僚制的	かんりょうせいてき	mang tính quan liêu, bureaucratic	Quan Liêu Chế Đích
n1_advanced_drafts	batch_0601_0610	R_0608	疎外	そがい	tha hóa, sự xa cách (khái niệm hiện sinh — alienation)	Sơ Ngoại
n1_advanced_drafts	batch_0601_0610	R_0608	物化	ぶっか	vật hóa, biến con người thành vật thể hoặc công cụ	Vật Hóa
n1_advanced_drafts	batch_0601_0610	R_0608	冗漫	じょうまん	dài dòng, lan man (phong cách viết kéo dài)	Nhũng Mạn
n1_advanced_drafts	batch_0601_0610	R_0608	独白	どくはく	độc thoại, tự nói chuyện một mình (monologue)	Độc Bạch
n1_advanced_drafts	batch_0601_0610	R_0608	宙吊り	ちゅうづり	treo lửa, trạng thái lơ lửng không giải quyết được	Trụ Điếu
n1_advanced_drafts	batch_0601_0610	R_0608	昇華	しょうか	thăng hoa, biến chuyển lên trạng thái cao hon	Thăng Hoa
n1_advanced_drafts	batch_0601_0610	R_0608	解剖	かいぼう	giải phẫu, phân tích chi tiết tận cùng (cả nghĩa đen lẫn nghĩa bóng)	Giải Phẫu
n1_advanced_drafts	batch_0601_0610	R_0608	廃墟	はいきょ	đống đổ, tàn tích; ở đây dùng theo nghĩa bóng: hủy hoại tinh thần	Phế Khư
n1_advanced_drafts	batch_0601_0610	R_0608	貫通	かんつう	xuyên qua, xuyên suốt hoàn toàn	Quán Thông
n1_advanced_drafts	batch_0601_0610	R_0608	テーゼ	テーゼ	luận đề, thesis (từ tiếng Đức These)	
n1_advanced_drafts	batch_0601_0610	R_0609	シュルレアリスム	シュルレアリスム	chủ nghĩa siêu thực, Surrealism (tiếng Pháp: surréalisme)	
n1_advanced_drafts	batch_0601_0610	R_0609	前衛芸術	ぜんえいげいじゅつ	nghệ thuật tiên vệ, avant-garde art	Tiền Vệ Vân Thuật
n1_advanced_drafts	batch_0601_0610	R_0609	文通	ぶんつう	thư từ, trao đổi thư	Văn Thông
n1_advanced_drafts	batch_0601_0610	R_0609	先駆者	せんくしゃ	người tiên phong, người đi trước	Tiên Khu Giả
n1_advanced_drafts	batch_0601_0610	R_0609	美意識	びいしき	ý thức mỹ học, cảm thức về cái đẹp	Mĩ Ý Thức
n1_advanced_drafts	batch_0601_0610	R_0609	余白	よはく	khoảng trắng, khoảng trống (trong nghệ thuật và thơ)	Dư Bạch
n1_advanced_drafts	batch_0601_0610	R_0609	弾圧	だんあつ	đàn áp, áp chế	Đàn Áp
n1_advanced_drafts	batch_0601_0610	R_0609	拘禁	こうきん	giam cầm, giam giữ	Câu Cấm
n1_advanced_drafts	batch_0601_0610	R_0609	デカルコマニー	デカルコマニー	decalcomania, kỹ thuật in/chuyển hình ảnh trong nghệ thuật siêu thực	
n1_advanced_drafts	batch_0601_0610	R_0609	截然	せつぜん	tuyệt đối, hoàn toàn, dứt khoát (văn ngữ)	Tiệt Nhiên
n1_advanced_drafts	batch_0601_0610	R_0609	レディメイド	レディメイド	ready-made, vật thể thường ngày dùng làm tác phẩm nghệ thuật (khái niệm của Duchamp)	
n1_advanced_drafts	batch_0601_0610	R_0609	共鳴	きょうめい	cộng hưởng, đồng điệu	Cộng Minh
n1_advanced_drafts	batch_0601_0610	R_0609	静謐	せいひつ	tĩnh lặng, yên tĩnh sâu (văn phong cao)	Tĩnh Mật
n1_advanced_drafts	batch_0601_0610	R_0609	架橋する	かきょうする	bắc cầu, kết nối (theo nghĩa bóng)	Giá Kiều
n1_advanced_drafts	batch_0601_0610	R_0609	稀有	けう	hiếm có, kỳ lạ đặc biệt	Hi Hữu
n1_advanced_drafts	batch_0601_0610	R_0609	底流	ていりゅう	âm hưởng chảy ngầm, dòng chảy ngầm bên dưới (nghĩa bóng: tư tưởng ẩn sâu)	Để Lưu
n1_advanced_drafts	batch_0601_0610	R_0609	実験場	じっけんじょう	trường thí nghiệm, không gian thử nghiệm	Thực Nghiệm Tràng
n1_advanced_drafts	batch_0601_0610	R_0609	射程	しゃてい	tầm bắn, tầm ảnh hưởng (nghĩa bóng: phạm vi tác động)	Xạ Trình
n1_advanced_drafts	batch_0601_0610	R_0610	勅撰和歌集	ちょくせんわかしゅう	bộ sưu tập thơ ca soạn theo chính lệnh hoàng đế	Sắc Chuyển Hòa Ca Tập
n1_advanced_drafts	batch_0601_0610	R_0610	仮名序	かなじょ	lời tựa viết bằng chữ kana (của Ki no Tsurayuki trong Cổ Kim tập)	Giả Danh Tự
n1_advanced_drafts	batch_0601_0610	R_0610	六歌仙	ろっかせん	sáu nhà thơ lớn — sáu thi nhân xuất sắc được bình luận trong lời tựa kana	Lục Ca Tiên
n1_advanced_drafts	batch_0601_0610	R_0610	六義	rikki / りくぎ	lục nghĩa — sáu khái niệm thi học thừa kế từ thi kinh Trung Hoa	Lục Nghĩa
n1_advanced_drafts	batch_0601_0610	R_0610	ますらをぶり	masuraoburi	phong cách thơ hùng tráng, biết tài, biểu đạt trực tiếp (đặc trưng Man Yo Shu)	
n1_advanced_drafts	batch_0601_0610	R_0610	たをやめぶり	taoyameburi	phong cách thơ uyển chuyển, tinh tế, uyển nhu (đặc trưng Cổ Kim tập)	
n1_advanced_drafts	batch_0601_0610	R_0610	詩風	しふう	phong cách thơ, phong thú thi ca	Thi Phong
n1_advanced_drafts	batch_0601_0610	R_0610	詩学	しがく	thi học — lý luận về thơ ca, poetics	Thi Học
n1_advanced_drafts	batch_0601_0610	R_0610	移植と変容	いしょくとへんよう	cấy ghép và biến đổi — quá trình tiếp nhận văn hóa nước ngoài và biến đổi thành thứ riêng	Di Thực Biến Dung
n1_advanced_drafts	batch_0601_0610	R_0610	援用する	えんようする	vay dùng, áp dụng (khái niệm, thủ thuật từ nguồn khác)	Viên Dụng
n1_advanced_drafts	batch_0601_0610	R_0610	洞察	どうさつ	sự thấu hiểu sâu, đồng tâm, insight	Động Sát
n1_advanced_drafts	batch_0601_0610	R_0610	哀傷歌	あいしょうか	thơ than thở, thơ biểu lộ sự đau thương	Ai Thương Ca
n1_advanced_drafts	batch_0601_0610	R_0610	礎	いしずえ	nền móng, tảng sát (nghĩa bóng: cơ sở nền tảng)	Sở
n1_advanced_drafts	batch_0601_0610	R_0610	金字塔	きんじとう	công trình đỉnh cao, tượng đài bất hủ (từ Kim Tự Tháp Ai Cập)	Kim Tự Tháp
n1_advanced_drafts	batch_0601_0610	R_0610	歌論	かろん	lý luận về thơ ca Nhật Bản (uta-ron), các văn bản bình luận về thơ ca	Ca Luận
n1_advanced_drafts	batch_0601_0610	R_0610	勅命	ちょくめい	chính lệnh hoàng đế	Sắc Mệnh
n1_advanced_drafts	batch_0601_0610	R_0610	体系的	たいけいてき	có hệ thống, systematic	Thể Hệ Đích
n1_advanced_drafts	batch_0611_0620	R_0611	公案	こうあん	công án — câu hỏi thiền không giải được bằng logic	Công Án
n1_advanced_drafts	batch_0611_0620	R_0611	隻手	せきしゅ	một bàn tay (trong công án nổi tiếng của Hakuin)	Chích Thủ
n1_advanced_drafts	batch_0611_0620	R_0611	遡る	さかのぼる	truy ngược về, truy về nguồn gốc	Tố
n1_advanced_drafts	batch_0611_0620	R_0611	白隠慧鶴	はくいんえかく	Hakuin Ekaku — thiền tăng Edo (1686-1769), hệ thống hóa công án Lâm Tế	Bạch Ẩn Tuệ Hạc
n1_advanced_drafts	batch_0611_0620	R_0611	懐疑	かいぎ	hoài nghi, sự nghi ngờ mang tính phương pháp	Hoài Nghi
n1_advanced_drafts	batch_0611_0620	R_0611	喝	かつ	hét — tiếng quát đột ngột của thiền sư Lâm Tế để phá vỡ tư duy	Hát
n1_advanced_drafts	batch_0611_0620	R_0611	固着	こちゃく	cứng đọng, bám chặt vào (tư duy bị bám chặt vào khuôn mẫu)	Cố Trứ
n1_advanced_drafts	batch_0611_0620	R_0611	矛盾律	むじゅんりつ	luật mâu thuẫn (nguyên lý logic: A không thể vừa là A vừa không là A)	Mâu Thuẫn Luật
n1_advanced_drafts	batch_0611_0620	R_0611	超克	ちょうこく	vượt qua, siêu việt (ý chí vượt lên trên)	Siêu Khắc
n1_advanced_drafts	batch_0611_0620	R_0611	見性	けんしょう	kiến tính — trực tiếp nhận ra Phật tính, thức tỉnh đột ngột trong thiền	Kiến Tính
n1_advanced_drafts	batch_0611_0620	R_0611	鈴木大拙	すずきだいせつ	Suzuki Daisetsu — học giả thiền học (1870-1966) phổ biến Zen ra phương Tây	Linh Mộc Đại Chuyết
n1_advanced_drafts	batch_0611_0620	R_0611	孕む	はらむ	chứa đựng, mang trong mình (nghịch lý, nguy hiểm)	Dựng
n1_advanced_drafts	batch_0611_0620	R_0611	自己言及	じこげんきゅう	tự quy chiếu, self-reference (câu/hệ thống đề cập đến chính nó)	Tự Kỉ Ngôn Cập
n1_advanced_drafts	batch_0611_0620	R_0611	独参	どくさん	dokusan — buổi vấn đáp riêng tư giữa thiền sư và đệ tử	Độc Tham
n1_advanced_drafts	batch_0611_0620	R_0611	雄弁	ゆうべん	hùng hồn, hùng biện, có sức thuyết phục mạnh	Hùng Biện
n1_advanced_drafts	batch_0611_0620	R_0611	凝縮	ぎょうしゅく	cô đọng, nén chặt mọi ý nghĩa vào một điểm	Ngưng Súc
n1_advanced_drafts	batch_0611_0620	R_0612	雅楽	ががく	Nhã nhạc, âm nhạc cung đình Nhật Bản (Gagaku)	Nhã Lạc
n1_advanced_drafts	batch_0611_0620	R_0612	唐楽	とうがく	Đường nhạc, âm nhạc từ Trung Quốc thời nhà Đường	Đường Lạc
n1_advanced_drafts	batch_0611_0620	R_0612	篳篥	ひちりき	hichiriki, sáo lau đôi (nhạc cụ quản trong Nhã nhạc)	Tất Lật
n1_advanced_drafts	batch_0611_0620	R_0612	笙	しょう	sho, nhạc cụ hơi dạng khèn bầu (đặc trưng của Nhã nhạc)	Sanh
n1_advanced_drafts	batch_0611_0620	R_0612	精華	せいか	tinh hoa, tinh túy nhất	Tinh Hoa
n1_advanced_drafts	batch_0611_0620	R_0612	旋法	せんぽう	điệu thức, mode âm nhạc	Toàn Pháp
n1_advanced_drafts	batch_0611_0620	R_0612	十二平均律	じゅうにへいきんりつ	bình quân luật mười hai cung, twelve-tone equal temperament	Thập Nhị Bình Quân Luật
n1_advanced_drafts	batch_0611_0620	R_0612	微分音	びぶんおん	vi phân âm, microtone (âm nhỏ hơn nửa cung)	Vi Phân Âm
n1_advanced_drafts	batch_0611_0620	R_0612	無形文化遺産	むけいぶんかいさん	di sản văn hóa phi vật thể	Vô Hình Văn Hóa Di Sản
n1_advanced_drafts	batch_0611_0620	R_0612	混交性	こんこうせい	tính lai ghép, tính hỗn hợp	Hỗn Giao Tính
n1_advanced_drafts	batch_0611_0620	R_0612	宮内庁楽部	くないちょうがくぶ	Nhạc bộ Cung nội sảnh, bộ phận âm nhạc của Cung nội sảnh	Cung Nội Sảnh Lạc Bộ
n1_advanced_drafts	batch_0611_0620	R_0612	弁証法的	べんしょうほうてき	biện chứng, mang tính biện chứng	Biện Chứng Pháp Đích
n1_advanced_drafts	batch_0611_0620	R_0612	昇華	しょうか	thăng hoa, nâng lên tầm cao hơn	Thăng Hoa
n1_advanced_drafts	batch_0611_0620	R_0612	強靭さ	きょうじんさ	sức mạnh bền bỉ, tính kiên cường	Cường Nhẫn
n1_advanced_drafts	batch_0611_0620	R_0612	四天王寺	してんのうじ	chùa Shitennoji, ngôi chùa cổ nhất Nhật Bản ở Osaka	Tứ Thiên Vương Tự
n1_advanced_drafts	batch_0611_0620	R_0612	師弟関係	していかんけい	quan hệ thầy trò, quan hệ sư đồ	Sư Đệ Quan Hệ
n1_advanced_drafts	batch_0611_0620	R_0613	自伝的	じでんてき	mang tính tự truyện	Tự Truyền Đích
n1_advanced_drafts	batch_0611_0620	R_0613	逃走衝動	とうそうしょうどう	xung động trốn chạy	Đào Tẩu Xung Động
n1_advanced_drafts	batch_0611_0620	R_0613	飛翔	ひしょう	bay lên, sự thăng bay	Phi Tường
n1_advanced_drafts	batch_0611_0620	R_0613	超越	ちょうえつ	siêu việt, vượt qua	Siêu Việt
n1_advanced_drafts	batch_0611_0620	R_0613	対峙	たいじ	đối mặt, đương đầu	Đối Trĩ
n1_advanced_drafts	batch_0611_0620	R_0613	参与	さんよ	tham dự, engagement (triết học Sartre)	Tham Dữ
n1_advanced_drafts	batch_0611_0620	R_0613	アンガジュマン	アンガジュマン	engagement (tiếng Pháp — tham dự chính trị xã hội theo Sartre)	
n1_advanced_drafts	batch_0611_0620	R_0613	造形	ぞうけい	hình tượng, sự xây dựng nhân vật	Tạo Hình
n1_advanced_drafts	batch_0611_0620	R_0613	断罪	だんざい	kết tội, kết án	Đoạn Tội
n1_advanced_drafts	batch_0611_0620	R_0613	掘り起こす	ほりおこす	đào xới lên, khai quật	Quật Khởi
n1_advanced_drafts	batch_0611_0620	R_0613	攪乱	かくらん	khuấy động, làm rối loạn	Giảo Loạn
n1_advanced_drafts	batch_0611_0620	R_0613	距離化	きょりか	khoảng cách hóa, distancing (tâm lý học)	Cự Li Hóa
n1_advanced_drafts	batch_0611_0620	R_0613	心理防衛機制	しんりぼうえいきせい	cơ chế phòng vệ tâm lý (defense mechanism)	Tâm Lí Phòng Vệ Ki Chế
n1_advanced_drafts	batch_0611_0620	R_0613	洞察	どうさつ	thấu suốt, sự nhìn thấu	Động Sát
n1_advanced_drafts	batch_0611_0620	R_0613	実存的	じつぞんてき	mang tính hiện sinh, existential	Thực Tồn Đích
n1_advanced_drafts	batch_0611_0620	R_0613	昇華	しょうか	thăng hoa, sublimation	Thăng Hoa
n1_advanced_drafts	batch_0611_0620	R_0613	裏腹	うらはら	trái ngược, nghịch lý với	Lí Phúc
n1_advanced_drafts	batch_0611_0620	R_0614	絵巻物	えまきもの	tranh cuộn, hình thức nghệ thuật cuộn tranh kể chuyện của Nhật Bản	Hội Quyển Vật
n1_advanced_drafts	batch_0611_0620	R_0614	霊験	れいげん	linh nghiệm, hiệu nghiệm huyền bí của thần Phật	Linh Nghiệm
n1_advanced_drafts	batch_0611_0620	R_0614	奇跡譚	きせきたん	câu chuyện kỳ tích, huyền thoại về phép lạ	Kì Tích Đàm
n1_advanced_drafts	batch_0611_0620	R_0614	活写	かっしゃ	mô tả sống động, khắc họa sinh động	Hoạt Tả
n1_advanced_drafts	batch_0611_0620	R_0614	飛鉢	とびはち	chiếc bát bay — pháp bảo của thánh nhân Myo-ren trong Tín Quý Sơn Duyên Khởi	Phi Bát
n1_advanced_drafts	batch_0611_0620	R_0614	法力	ほうりき	pháp lực, sức mạnh huyền bí của tu hành Phật pháp	Pháp Lực
n1_advanced_drafts	batch_0611_0620	R_0614	極致	きょくち	đỉnh cao tuyệt đối, cực điểm	Cực Trí
n1_advanced_drafts	batch_0611_0620	R_0614	貫徹	かんてつ	thấu suốt, xuyên qua hoàn toàn	Quán Triệt
n1_advanced_drafts	batch_0611_0620	R_0614	引目鉤鼻	ひきめかぎはな	hikime kagibana — phong cách vẽ mặt người Yamato-e: mắt nét ngang, mũi móc câu	Dẫn Mục Câu Tị
n1_advanced_drafts	batch_0611_0620	R_0614	大和絵	やまとえ	Yamato-e — trường phái hội họa thuần Nhật, phân biệt với hội họa kiểu Trung Quốc	Đại Hòa Hội
n1_advanced_drafts	batch_0611_0620	R_0614	もののあはれ	もののあはれ	mono no aware — cảm thức về tính vô thường và vẻ đẹp bi cảm, khái niệm thẩm mỹ cốt lõi Nhật Bản	
n1_advanced_drafts	batch_0611_0620	R_0614	荘厳	そうごん	trang nghiêm, hùng tráng uy linh	Trang Nghiêm
n1_advanced_drafts	batch_0611_0620	R_0614	所以	ゆえん	lý do, nguyên do (văn cổ điển)	Sở Dĩ
n1_advanced_drafts	batch_0611_0620	R_0614	余白	よはく	khoảng trắng, khoảng trống (trong bố cục tranh / văn bản)	Dư Bạch
n1_advanced_drafts	batch_0611_0620	R_0614	霊感	れいかん	cảm hứng thiêng liêng, nguồn cảm hứng huyền diệu	Linh Cảm
n1_advanced_drafts	batch_0611_0620	R_0614	切迫性	せっぱくせい	tính cấp bách, tính khẩn thiết	Thiết Bách Tính
n1_advanced_drafts	batch_0611_0620	R_0614	調度品	ちょうどひん	đồ vật trang trí, vật dụng nội thất cung đình	Điều Độ Phẩm
n1_advanced_drafts	batch_0611_0620	R_0615	家父長制	かふちょうせい	chế độ gia trưởng, patriarchy	Gia Phụ Trường Chế
n1_advanced_drafts	batch_0611_0620	R_0615	資本制	しほんせい	chế độ tư bản, chủ nghĩa tư bản (tên gọi học thuật)	Tư Bản Chế
n1_advanced_drafts	batch_0611_0620	R_0615	交差点	こうさてん	giao điểm, điểm giao nhau	Giao Soa Điểm
n1_advanced_drafts	batch_0611_0620	R_0615	抑圧	よくあつ	sự áp bức, đàn áp	Ức Áp
n1_advanced_drafts	batch_0611_0620	R_0615	先駆的	せんくてき	tiên phong, đi trước	Tiên Khu Đích
n1_advanced_drafts	batch_0611_0620	R_0615	射程	しゃてい	tầm bắn, phạm vi ảnh hưởng	Xạ Trình
n1_advanced_drafts	batch_0611_0620	R_0615	欺瞞	ぎまん	sự dối trá, lừa dối	Khi Man
n1_advanced_drafts	batch_0611_0620	R_0615	矮小化	わいしょうか	thu nhỏ, hạ thấp, tầm thường hóa	Nụy Tiểu Hóa
n1_advanced_drafts	batch_0611_0620	R_0615	再生産	さいせいさん	tái sản xuất (kinh tế chính trị học)	Tái Sanh Sản
n1_advanced_drafts	batch_0611_0620	R_0615	呪縛	じゅばく	vòng ràng buộc, lời nguyền	Chú Phược
n1_advanced_drafts	batch_0611_0620	R_0615	エージェンシー	エージェンシー	năng lực hành động, chủ thể tính (từ tiếng Anh agency)	
n1_advanced_drafts	batch_0611_0620	R_0615	残滓	ざんし	tàn tích, phần còn lại	Tàn Chỉ
n1_advanced_drafts	batch_0611_0620	R_0615	共鳴	きょうめい	cộng hưởng, đồng điệu	Cộng Minh
n1_advanced_drafts	batch_0611_0620	R_0615	触媒	しょくばい	chất xúc tác	Xúc Môi
n1_advanced_drafts	batch_0611_0620	R_0615	ラディカル	ラディカル	cấp tiến, triệt để (radical)	
n1_advanced_drafts	batch_0611_0620	R_0615	新自由主義	しんじゆうしゅぎ	chủ nghĩa tân tự do, neoliberalism	Tân Tự Do Chủ Nghĩa
n1_advanced_drafts	batch_0611_0620	R_0616	軍記物語	ぐんきものがたり	truyện ký quân sự, thể loại văn học ghi chép chiến tranh	Quân Kí Vật Ngữ
n1_advanced_drafts	batch_0611_0620	R_0616	栄枯盛衰	えいこせいすい	thịnh suy, hưng vong — sự hưng thịnh rồi suy tàn	Vinh Khô Thịnh Suy
n1_advanced_drafts	batch_0611_0620	R_0616	諸行無常	しょぎょうむじょう	vô thường — chân lý Phật giáo rằng mọi thứ đều thay đổi	Chư Hành Vô Thường
n1_advanced_drafts	batch_0611_0620	R_0616	文飾	ぶんしょく	trang trí văn chương, bề ngoài ngôn từ	Văn Sức
n1_advanced_drafts	batch_0611_0620	R_0616	盛者必衰	じょうしゃひっすい	kẻ thịnh tất suy — lẽ hưng vong tất yếu	Thịnh Giả Tất Suy
n1_advanced_drafts	batch_0611_0620	R_0616	権勢	けんせい	quyền thế, quyền lực và uy thế	Quyền Thế
n1_advanced_drafts	batch_0611_0620	R_0616	邂逅	かいこう	cuộc gặp gỡ tình cờ, kỳ ngộ	Giải Cấu
n1_advanced_drafts	batch_0611_0620	R_0616	あはれ	あはれ	aware — cảm thức Nhật Bản về cái đẹp u buồn trong sự tàn phai	
n1_advanced_drafts	batch_0611_0620	R_0616	哀惜	あいせき	thương tiếc, luyến tiếc điều đã mất	Ai Tích
n1_advanced_drafts	batch_0611_0620	R_0616	琵琶法師	びわほうし	biwa-houshi — thầy tu mù chơi đàn tỳ bà, người kể chuyện Heike	Tỳ Bà Pháp Sư
n1_advanced_drafts	batch_0611_0620	R_0616	口承	こうしょう	truyền khẩu, truyền miệng — không qua văn bản	Khẩu Thừa
n1_advanced_drafts	batch_0611_0620	R_0616	語り部	かたりべ	người kể chuyện, người truyền tải câu chuyện	Ngữ Bộ
n1_advanced_drafts	batch_0611_0620	R_0616	底流	ていりゅう	dòng chảy ngầm bên dưới, dòng chủ đạo ẩn	Để Lưu
n1_advanced_drafts	batch_0611_0620	R_0616	壇ノ浦	だんのうら	Dannoura — eo biển, địa điểm trận thủy chiến kết thúc nhà Taira (1185)	Đàn Phổ
n1_advanced_drafts	batch_0611_0620	R_0616	宿命	しゅくめい	số phận, thiên mệnh không thể thay đổi	Túc Mệnh
n1_advanced_drafts	batch_0611_0620	R_0616	凝縮	ぎょうしゅく	cô đọng, nén chặt lại	Ngưng Súc
n1_advanced_drafts	batch_0611_0620	R_0617	前衛音楽	ぜんえいおんがく	âm nhạc tiền vệ, avant-garde music	Tiền Vệ Âm Lạc
n1_advanced_drafts	batch_0611_0620	R_0617	廃墟	はいきょ	đống hoang tàn, đổ nát	Phế Khư
n1_advanced_drafts	batch_0611_0620	R_0617	架橋する	かきょうする	bắc cầu, kết nối hai phía	Giá Kiều
n1_advanced_drafts	batch_0611_0620	R_0617	滋養	じよう	sự nuôi dưỡng, nguồn dinh dưỡng tinh thần	Tư Dưỡng
n1_advanced_drafts	batch_0611_0620	R_0617	遭遇	そうぐう	cuộc gặp gỡ (bất ngờ, có tác động mạnh)	Tao Ngộ
n1_advanced_drafts	batch_0611_0620	R_0617	静寂	せいじゃく	sự tĩnh lặng, yên lặng hoàn toàn	Tĩnh Tịch
n1_advanced_drafts	batch_0611_0620	R_0617	対峙させる	たいじさせる	đặt đối diện nhau, khiến đối chất	Đối Trĩ
n1_advanced_drafts	batch_0611_0620	R_0617	並置	へいち	sự đặt song song, juxtaposition	Tịnh Trí
n1_advanced_drafts	batch_0611_0620	R_0617	詩情	しじょう	chất thơ, cảm xúc thơ ca	Thi Tình
n1_advanced_drafts	batch_0611_0620	R_0617	根源的	こんげんてき	mang tính nền tảng, cốt lõi	Căn Nguyên Đích
n1_advanced_drafts	batch_0611_0620	R_0617	削ぎ落とす	そぎおとす	cắt bỏ, giản lược đến tối thiểu	Tước Lạc
n1_advanced_drafts	batch_0611_0620	R_0617	静謐	せいひつ	sự tĩnh mịch, yên bình sâu lắng	Tĩnh Mật
n1_advanced_drafts	batch_0611_0620	R_0617	昇華させる	しょうかさせる	thăng hoa, chuyển hóa lên tầng cao hơn	Thăng Hoa
n1_advanced_drafts	batch_0611_0620	R_0617	裂け目	さけめ	kẽ nứt, khoảng trống giữa hai thứ	Liệt Mục
n1_advanced_drafts	batch_0611_0620	R_0617	如実に	にょじつに	một cách rõ ràng, hiển nhiên, trung thực	Như Thực
n1_advanced_drafts	batch_0611_0620	R_0617	画期的	かっきてき	mang tính đột phá, bước ngoặt lịch sử	Họa Kì Đích
n1_advanced_drafts	batch_0611_0620	R_0618	被写体	ひしゃたい	đối tượng chụp ảnh, chủ thể của hình ảnh	Bị Tả Thể
n1_advanced_drafts	batch_0611_0620	R_0618	露光	ろこう	phơi sáng, exposure (nhiếp ảnh)	Lộ Quang
n1_advanced_drafts	batch_0611_0620	R_0618	凝縮	ぎょうしゅく	cô đọng, nén chặt	Ngưng Súc
n1_advanced_drafts	batch_0611_0620	R_0618	自己参照	じこさんしょう	tự quy chiếu, self-referential	Tự Kỉ Tham Chiếu
n1_advanced_drafts	batch_0611_0620	R_0618	総体	そうたい	toàn thể, toàn bộ như một tổng thể	Tổng Thể
n1_advanced_drafts	batch_0611_0620	R_0618	水平線	すいへいせん	đường chân trời (trên biển)	Thủy Bình Tuyến
n1_advanced_drafts	batch_0611_0620	R_0618	知覚	ちかく	tri giác, nhận thức cảm giác	Tri Giác
n1_advanced_drafts	batch_0611_0620	R_0618	内包	ないほう	chứa đựng bên trong, intension	Nội Bao
n1_advanced_drafts	batch_0611_0620	R_0618	無常観	むじょうかん	quan niệm vô thường (Phật giáo)	Vô Thường Quan
n1_advanced_drafts	batch_0611_0620	R_0618	共鳴	きょうめい	cộng hưởng, đồng điệu	Cộng Minh
n1_advanced_drafts	batch_0611_0620	R_0618	静謐	せいひつ	im lặng thanh tĩnh, tĩnh mịch	Tĩnh Mật
n1_advanced_drafts	batch_0611_0620	R_0618	深淵	しんえん	vực thẳm, chiều sâu vô tận	Thâm Duyên
n1_advanced_drafts	batch_0611_0620	R_0618	根源的	こんげんてき	mang tính căn nguyên, căn bản nhất	Căn Nguyên Đích
n1_advanced_drafts	batch_0611_0620	R_0618	痕跡	こんせき	dấu vết, vết tích	Khôn Tích
n1_advanced_drafts	batch_0611_0620	R_0618	過剰	かじょう	quá mức, dư thừa	Quá Thặng
n1_advanced_drafts	batch_0611_0620	R_0618	拠点	きょてん	cứ điểm, trung tâm hoạt động	Cứ Điểm
n1_advanced_drafts	batch_0611_0620	R_0619	撰録	せんろく	biên soạn và ghi chép	Chuyển Lục
n1_advanced_drafts	batch_0611_0620	R_0619	天地開闢	てんちかいびゃく	khai thiên lập địa, trời đất mở ra	Thiên Địa Khai Tịch
n1_advanced_drafts	batch_0611_0620	R_0619	草創期	そうそうき	thời kỳ khai lập, giai đoạn sơ khai	Thảo Sang Kì
n1_advanced_drafts	batch_0611_0620	R_0619	正統性	せいとうせい	tính chính thống, tính hợp pháp	Chánh Thống Tính
n1_advanced_drafts	batch_0611_0620	R_0619	神婚	しんこん	hôn phối thần thánh (giữa các vị thần)	Thần Hôn
n1_advanced_drafts	batch_0611_0620	R_0619	国生み	くにうみ	quốc sinh, sự ra đời của đất nước	Quốc Sanh
n1_advanced_drafts	batch_0611_0620	R_0619	宇宙論	うちゅうろん	vũ trụ luận, cosmology	Vũ Trụ Luận
n1_advanced_drafts	batch_0611_0620	R_0619	比較神話学	ひかくしんわがく	thần thoại học so sánh, comparative mythology	Bỉ Giác Thần Thoại Học
n1_advanced_drafts	batch_0611_0620	R_0619	禊	みそぎ	nghi lễ tẩy uế bằng nước trong Thần đạo	Hễ
n1_advanced_drafts	batch_0611_0620	R_0619	神格	しんかく	thần cách, địa vị và phẩm chất của thần	Thần Cách
n1_advanced_drafts	batch_0611_0620	R_0619	要諦	ようてい	yếu lĩnh, điểm cốt lõi quan trọng nhất	Yếu Đế
n1_advanced_drafts	batch_0611_0620	R_0619	峻別	しゅんべつ	phân biệt rạch ròi, phân định nghiêm ngặt	Tuấn Biệt
n1_advanced_drafts	batch_0611_0620	R_0619	醍醐味	だいごみ	tinh túy, cái thú vị sâu xa nhất	Đề Cô Vị
n1_advanced_drafts	batch_0611_0620	R_0619	多義性	たぎせい	tính đa nghĩa, polysemy	Đa Nghĩa Tính
n1_advanced_drafts	batch_0611_0620	R_0619	やまとごころ	やまとごころ	Yamato-gokoro, tâm hồn Nhật Bản thuần túy (khái niệm của Motoori Norinaga)	
n1_advanced_drafts	batch_0611_0620	R_0619	国家神道	こっかしんとう	thần đạo quốc gia, State Shinto	Quốc Gia Thần Đạo
n1_advanced_drafts	batch_0611_0620	R_0619	記紀	きき	Kiki — viết tắt của Kojiki và Nihon Shoki, hai bộ sử ký cổ nhất của Nhật Bản	Kí Kỉ
n1_advanced_drafts	batch_0611_0620	R_0620	舞踏	ぶとう	Butoh — vũ đạo Nhật Bản tiền phong, nghệ thuật thân xác bóng tối	Vũ Đạp
n1_advanced_drafts	batch_0611_0620	R_0620	刻印	こくいん	dấu ấn khắc sâu, con dấu không thể xóa	Khắc Ấn
n1_advanced_drafts	batch_0611_0620	R_0620	痙攣	けいれん	co giật, co thắt	Kinh Luyên
n1_advanced_drafts	batch_0611_0620	R_0620	剥ぎ取る	はぎとる	lột trần, tước đoạt, bóc sạch	Bác Thủ
n1_advanced_drafts	batch_0611_0620	R_0620	抗議	こうぎ	phản kháng, phản đối	Kháng Nghị
n1_advanced_drafts	batch_0611_0620	R_0620	邂逅	かいこう	cuộc gặp gỡ tình cờ đặc biệt, hội ngộ	Giải Cấu
n1_advanced_drafts	batch_0611_0620	R_0620	潜行	せんこう	lặn vào, đi ngầm, thâm nhập chiều sâu	Tiềm Hành
n1_advanced_drafts	batch_0611_0620	R_0620	土着的	どちゃくてき	mang tính bản địa, thổ trước	Thổ Trứ Đích
n1_advanced_drafts	batch_0611_0620	R_0620	疱瘡譚	ほうそうたん	Hosotatan — câu chuyện đậu mùa, tác phẩm tiêu biểu của Hijikata	Bão Xương Đàm
n1_advanced_drafts	batch_0611_0620	R_0620	召喚	しょうかん	triệu hồi, gọi về	Triệu Hoán
n1_advanced_drafts	batch_0611_0620	R_0620	堆積	たいせき	tích tụ, chồng chất	Đoài Tích
n1_advanced_drafts	batch_0611_0620	R_0620	エキゾチシズム	エキゾチシズム	chủ nghĩa ngoại lai, exoticism	
n1_advanced_drafts	batch_0611_0620	R_0620	希薄化	きはくか	làm loãng, làm nhạt đi, làm mờ nhạt	Hi Bạc Hóa
n1_advanced_drafts	batch_0611_0620	R_0620	覚悟	かくご	sự quyết tâm, sự chuẩn bị tinh thần chấp nhận hậu quả	Giác Ngộ
n1_advanced_drafts	batch_0611_0620	R_0620	現前	げんぜん	sự hiện diện trực tiếp, hiện ra trước mắt	Hiện Tiền
n1_advanced_drafts	batch_0611_0620	R_0620	解体	かいたい	giải thể, tháo dỡ, phân rã	Giải Thể
n1_advanced_drafts	batch_0621_0630	R_0621	超国家主義	ちょうこっかしゅぎ	chủ nghĩa siêu quốc gia, ultra-nationalism	Siêu Quốc Gia Chủ Nghĩa
n1_advanced_drafts	batch_0621_0630	R_0621	自律的	じりつてき	tự chủ, tự trị (khái niệm triết học)	Tự Luật Đích
n1_advanced_drafts	batch_0621_0630	R_0621	規範	きはん	chuẩn mực, tiêu chuẩn quy phạm	Quy Phạm
n1_advanced_drafts	batch_0621_0630	R_0621	大衆の原像	たいしゅうのげんぞう	hình ảnh nguyên mẫu của đại chúng (khái niệm Yoshimoto)	Đại Chúng Nguyên Tượng
n1_advanced_drafts	batch_0621_0630	R_0621	エリート主義	エリートしゅぎ	chủ nghĩa tinh hoa, elitism	Chủ Nghĩa
n1_advanced_drafts	batch_0621_0630	R_0621	遊離	ゆうり	tách rời, li khai (khỏi thực tế)	Du Li
n1_advanced_drafts	batch_0621_0630	R_0621	異議申し立て	いぎもうしたて	sự phản đối, kháng nghị chính thức	Dị Nghị Thân Lập
n1_advanced_drafts	batch_0621_0630	R_0621	匿名	とくめい	vô danh, ẩn danh	Nặc Danh
n1_advanced_drafts	batch_0621_0630	R_0621	立脚	りっきゃく	đứng vững trên, dựa trên cơ sở	Lập Cước
n1_advanced_drafts	batch_0621_0630	R_0621	路線対立	ろせんたいりつ	tranh chấp đường lối, xung đột lập trường	Lộ Tuyến Đối Lập
n1_advanced_drafts	batch_0621_0630	R_0621	亀裂	きれつ	vết nứt, sự nứt vỡ (metaphor: chia rẽ tư tưởng)	Quy Liệt
n1_advanced_drafts	batch_0621_0630	R_0621	証左	しょうさ	bằng chứng, chứng cứ (văn ngôn)	Chứng Tả
n1_advanced_drafts	batch_0621_0630	R_0621	偏倚	へんい	thiên lệch, lệch khỏi trung tâm (văn ngôn học thuật)	Thiên Ỷ
n1_advanced_drafts	batch_0621_0630	R_0621	射程	しゃてい	tầm xa, tầm bao quát (dùng theo nghĩa metaphor)	Xạ Trình
n1_advanced_drafts	batch_0621_0630	R_0621	萌芽	ほうが	mầm mống, mầm non (theo nghĩa hình thành ban đầu)	Manh Nha
n1_advanced_drafts	batch_0621_0630	R_0621	座標軸	ざひょうじく	trục tọa độ (dùng metaphor: điểm quy chiếu)	Tọa Tiêu Trục
n1_advanced_drafts	batch_0621_0630	R_0621	所以	ゆえん	nguyên do, lý do (văn ngôn — tại sao điều gì đó là vậy)	Sở Dĩ
n1_advanced_drafts	batch_0621_0630	R_0621	公共的言説	こうきょうてきげんせつ	diễn ngôn công cộng, discourse công cộng (thuật ngữ triết học chính trị)	Công Cộng Đích Ngôn Thuyết
n1_advanced_drafts	batch_0621_0630	R_0622	遍歴	へんれき	cuộc phiêu bạc, hành trình phiêu lưu qua nhiều nơi	Biến Lịch
n1_advanced_drafts	batch_0621_0630	R_0622	過客	かかく	lữ khách qua đường, kẻ đi qua (văn ngôn cổ)	Quá Khách
n1_advanced_drafts	batch_0621_0630	R_0622	諦観	たいかん	sự tiêu theo, nhận thức được sự thật và chấp nhận	Đế Quan
n1_advanced_drafts	batch_0621_0630	R_0622	歌枕	うたまくら	địa danh thi ca, nơi nổi tiếng trong thơ ca cổ điển	Ca Chẩm
n1_advanced_drafts	batch_0621_0630	R_0622	俳諧	はいかい	haikai, thể thơ gốc của haiku	Bài Hãi
n1_advanced_drafts	batch_0621_0630	R_0622	俳文	はいぶん	haibun, văn xuôi trong đó có xen haiku	Bài Văn
n1_advanced_drafts	batch_0621_0630	R_0622	無常	むじょう	vô thường, sự biến đổi không ngừng	Vô Thường
n1_advanced_drafts	batch_0621_0630	R_0622	凝縮	ぎょうしゅく	cô đọng, nén chặt	Ngưng Súc
n1_advanced_drafts	batch_0621_0630	R_0622	禅的境地	ぜんてききょうち	cảnh giới thiền, trạng thái nhận thức Thiền tông	Thiền Đích Cảnh Địa
n1_advanced_drafts	batch_0621_0630	R_0622	昇華	しょうか	thăng hoa, nâng lên một cấp độ cao hơn	Thăng Hoa
n1_advanced_drafts	batch_0621_0630	R_0622	逆説	ぎゃくせつ	nghịch lý, paradox	Nghịch Thuyết
n1_advanced_drafts	batch_0621_0630	R_0622	推敲	すいこう	sự chỉnh sửa kỹ lưỡng, quá trình mài giũa văn chương	Thôi Xao
n1_advanced_drafts	batch_0621_0630	R_0622	抑制	よくせい	sự kiềm chế, sự ngăn cản	Ức Chế
n1_advanced_drafts	batch_0621_0630	R_0622	根源的	こんげんてき	mang tính căn nguồn, cơ bản nhất	Căn Nguyên Đích
n1_advanced_drafts	batch_0621_0630	R_0622	廃墟	はいきょ	phế tích, đổ nát	Phế Khư
n1_advanced_drafts	batch_0621_0630	R_0622	道連れ	みちづれ	bạn đồng hành, người cùng đi trên đường	Đạo Liên
n1_advanced_drafts	batch_0621_0630	R_0622	封じ込める	ふうじこめる	phong tỏa, giam chặt bên trong	Phong Nhập
n1_advanced_drafts	batch_0621_0630	R_0623	廃材コラージュ	はいざいコラージュ	collage phế liệu, ghép vật liệu bỏ đi	Phế Tài
n1_advanced_drafts	batch_0621_0630	R_0623	積層	せきそう	chồng lớp, tích tụ theo lớp	Tích Tằng
n1_advanced_drafts	batch_0621_0630	R_0623	廃銭湯	はいせんとう	nhà tắm công cộng bỏ hoang, sentō bỏ không dùng	Phế Tiền Thang
n1_advanced_drafts	batch_0621_0630	R_0623	汚濁	おだく	ô uế, bẩn thỉu, ô nhiễm	Ô Trọc
n1_advanced_drafts	batch_0621_0630	R_0623	概念的明晰さ	がいねんてきめいせきさ	tính minh bạch khái niệm, sự rõ ràng về mặt logic	Khái Niệm Đích Minh Tích
n1_advanced_drafts	batch_0621_0630	R_0623	削ぎ落とす	そぎおとす	cắt bỏ, loại bỏ phần thừa, rút gọn	Tước Lạc
n1_advanced_drafts	batch_0621_0630	R_0623	地政学的	ちせいがくてき	mang tính địa chính trị	Địa Chánh Học Đích
n1_advanced_drafts	batch_0621_0630	R_0623	前衛芸術	ぜんえいげいじゅつ	nghệ thuật tiền vệ, avant-garde	Tiền Vệ Vân Thuật
n1_advanced_drafts	batch_0621_0630	R_0623	漂流物	ひょうりゅうぶつ	vật trôi dạt, đồ vật trôi theo dòng nước	Phiếu Lưu Vật
n1_advanced_drafts	batch_0621_0630	R_0623	過剰さ	かじょうさ	sự thái quá, tính quá mức	Quá Thặng
n1_advanced_drafts	batch_0621_0630	R_0623	アーカイブ	アーカイブ	kho lưu trữ, archive (từ tiếng Anh)	
n1_advanced_drafts	batch_0621_0630	R_0623	越境性	えっきょうせい	tính vượt ranh giới, khả năng xuyên biên giới	Việt Cảnh Tính
n1_advanced_drafts	batch_0621_0630	R_0623	二項対立	にこうたいりつ	sự đối lập nhị phân, binary opposition	Nhị Hạng Đối Lập
n1_advanced_drafts	batch_0621_0630	R_0623	同化	どうか	đồng hóa, hấp thụ vào, hòa nhập vào	Đồng Hóa
n1_advanced_drafts	batch_0621_0630	R_0623	倫理的一貫性	りんりてきいっかんせい	tính nhất quán đạo đức, sự kiên định về mặt đạo đức	Luân Lí Đích Nhất Quán Tính
n1_advanced_drafts	batch_0621_0630	R_0623	堆積	たいせき	tích tụ, chồng chất, lắng đọng	Đoài Tích
n1_advanced_drafts	batch_0621_0630	R_0623	媒介	ばいかい	môi giới, phương tiện trung gian	Môi Giới
n1_advanced_drafts	batch_0621_0630	R_0623	椹木野衣	さわらぎのい	Sawaragi Noi — nhà phê bình nghệ thuật Nhật Bản nổi tiếng	Châm Mộc Dã Y
n1_advanced_drafts	batch_0621_0630	R_0624	元明天皇	げんめいてんのう	Thiên hoàng Genmei (686-721), người ban hành chiếu chỉ tạo Phong Thổ Ký năm 713	Nguyên Minh Thiên Hoàng
n1_advanced_drafts	batch_0621_0630	R_0624	勅命	ちょくめい	chiếu chỉ, mệnh lệnh từ Thiên hoàng	Sắc Mệnh
n1_advanced_drafts	batch_0621_0630	R_0624	国司	こくし	Kokushi, quan cai trị địa phương thời cổ đại Nhật Bản	Quốc Ti
n1_advanced_drafts	batch_0621_0630	R_0624	奉呈	ほうてい	dâng lên, trình lên (kính ngữ cao)	Phụng Trình
n1_advanced_drafts	batch_0621_0630	R_0624	集大成	しゅうたいせい	tổng tập, tập đại thành — sự tổng hợp đầy đủ nhất	Tập Đại Thành
n1_advanced_drafts	batch_0621_0630	R_0624	律令国家	りつりょうこっか	nhà nước luật lệnh — thể chế quốc gia Nhật Bản cổ đại dựa trên bộ luật Ritsuryo	Luật Lệnh Quốc Gia
n1_advanced_drafts	batch_0621_0630	R_0624	散逸	さんいつ	thất tán, mất mát (tài liệu, văn bản bị lưu lạc hết)	Tán Dật
n1_advanced_drafts	batch_0621_0630	R_0624	渾然	こんぜん	hòa quyện trọn vẹn, hòa lẫn không phân biệt được	Hồn Nhiên
n1_advanced_drafts	batch_0621_0630	R_0624	地名説話	ちめいせつわ	truyện giải thích nguồn gốc địa danh, etymology myth	Địa Danh Thuyết Thoại
n1_advanced_drafts	batch_0621_0630	R_0624	結節点	けっせつてん	nút nối, điểm kết nối	Kết Tiết Điểm
n1_advanced_drafts	batch_0621_0630	R_0624	語源神話	ごげんしんわ	thần thoại ngữ nguyên, etiological myth về nguồn gốc từ	Ngữ Nguyên Thần Thoại
n1_advanced_drafts	batch_0621_0630	R_0624	民俗学	みんぞくがく	dân tộc học, folklore studies	Dân Tục Học
n1_advanced_drafts	batch_0621_0630	R_0624	重層的	じゅうそうてき	đa tầng, nhiều lớp (ý nghĩa chồng chất)	Trọng Tằng Đích
n1_advanced_drafts	batch_0621_0630	R_0624	民族誌	みんぞくし	dân tộc chí, ethnography	Dân Tộc Chí
n1_advanced_drafts	batch_0621_0630	R_0624	修辞的誇張	しゅうじてきこちょう	phóng đại tu từ, rhetorical exaggeration	Tu Từ Đích Khoa Trương
n1_advanced_drafts	batch_0621_0630	R_0624	多元性	たげんせい	tính đa nguyên, plurality — sự tồn tại của nhiều hình thức khác nhau	Đa Nguyên Tính
n1_advanced_drafts	batch_0621_0630	R_0624	均質化	きんしつか	đồng nhất hóa, homogenization	Quân Chất Hóa
n1_advanced_drafts	batch_0621_0630	R_0624	学際的	がくさいてき	liên ngành, interdisciplinary	Học Tế Đích
n1_advanced_drafts	batch_0621_0630	R_0624	射程	しゃてい	phạm vi bao quát, tầm tác động (nghĩa metaphor)	Xạ Trình
n1_advanced_drafts	batch_0621_0630	R_0625	白樺派	しらかばは	phái văn học Shirakaba (phong trào văn học đầu thế kỷ 20)	Bạch Hoa Phái
n1_advanced_drafts	batch_0621_0630	R_0625	人道主義	じんどうしゅぎ	chủ nghĩa nhân đạo, humanism	Nhân Đạo Chủ Nghĩa
n1_advanced_drafts	batch_0621_0630	R_0625	閉塞	へいそく	ngột ngạt, tắc nghẽn, bị chặn lại	Bế Tắc
n1_advanced_drafts	batch_0621_0630	R_0625	同人誌	どうじんし	tạp chí đồng nhân, tạp chí tự xuất bản bởi nhóm nhà văn	Đồng Nhân Chí
n1_advanced_drafts	batch_0621_0630	R_0625	自然主義	しぜんしゅぎ	chủ nghĩa tự nhiên, naturalism trong văn học	Tự Nhiên Chủ Nghĩa
n1_advanced_drafts	batch_0621_0630	R_0625	暗澹たる	あんたんたる	ảm đạm, u tối, bi quan	Ám Chiêm
n1_advanced_drafts	batch_0621_0630	R_0625	運命論	うんめいろん	thuyết định mệnh, fatalism	Vận Mệnh Luận
n1_advanced_drafts	batch_0621_0630	R_0625	結晶化	けっしょうか	kết tinh hóa, hiện thân thành hình thức rõ ràng	Kết Tinh Hóa
n1_advanced_drafts	batch_0621_0630	R_0625	相互扶助	そうごふじょ	tương trợ lẫn nhau, mutual aid	Tương Hỗ Phù Trợ
n1_advanced_drafts	batch_0621_0630	R_0625	極致	きょくち	tột đỉnh, điểm cực đại, cường độ cực điểm	Cực Trí
n1_advanced_drafts	batch_0621_0630	R_0625	共鳴	きょうめい	cộng hưởng, đồng điệu, tiếng vang chung	Cộng Minh
n1_advanced_drafts	batch_0621_0630	R_0625	媒介者	ばいかいしゃ	người trung gian, kẻ làm cầu nối	Môi Giới Giả
n1_advanced_drafts	batch_0621_0630	R_0625	善性	ぜんせい	bản tính thiện lương, sự tốt đẹp bản chất	Thiện Tính
n1_advanced_drafts	batch_0621_0630	R_0625	思潮	しちょう	dòng tư tưởng, xu hướng tư tưởng thời đại	Tư Triều
n1_advanced_drafts	batch_0621_0630	R_0625	稀有	けう	hiếm có, đặc biệt đặc biệt	Hi Hữu
n1_advanced_drafts	batch_0621_0630	R_0625	真骨頂	しんこっちょう	điểm thực sự xuất sắc, bản lĩnh thực sự	Chân Cốt Đính
n1_advanced_drafts	batch_0621_0630	R_0626	文明開化	ぶんめいかいか	văn minh khai hóa (phong trào hiện đại hóa thời Minh Trị)	Văn Minh Khai Hóa
n1_advanced_drafts	batch_0621_0630	R_0626	媒介	ばいかい	trung gian, cầu nối	Môi Giới
n1_advanced_drafts	batch_0621_0630	R_0626	真骨頂	しんこっちょう	bản chất thật sự, điểm sáng nhất, tinh hoa thực sự	Chân Cốt Đính
n1_advanced_drafts	batch_0621_0630	R_0626	土俵	どひょう	đấu trường (nghĩa đen: sàn đấu sumo; nghĩa bóng: lĩnh vực tranh luận)	Thổ Biểu
n1_advanced_drafts	batch_0621_0630	R_0626	無分別	むふんべつ	vô phân biệt (trạng thái không phân biệt nhị nguyên — thuật ngữ Thiền)	Vô Phân Biệt
n1_advanced_drafts	batch_0621_0630	R_0626	切り拓く	きりひらく	khai phá, mở đường	Thiết Thác
n1_advanced_drafts	batch_0621_0630	R_0626	直観	ちょっかん	trực giác	Trực Quan
n1_advanced_drafts	batch_0621_0630	R_0626	捨象	しゃしょう	trừu xuất, bỏ qua, loại bỏ khỏi xem xét	Xá Tượng
n1_advanced_drafts	batch_0621_0630	R_0626	両義性	りょうぎせい	tính lưỡng nghĩa, ambiguity	Lưỡng Nghĩa Tính
n1_advanced_drafts	batch_0621_0630	R_0626	見性	けんしょう	kiến tính (giác ngộ trong Thiền — nhìn thấy bản tính thật)	Kiến Tính
n1_advanced_drafts	batch_0621_0630	R_0626	比較思想	ひかくしそう	tư tưởng so sánh, triết học so sánh	Bỉ Giác Tư Tưởng
n1_advanced_drafts	batch_0621_0630	R_0626	脱文脈化	だつぶんみゃくか	phi bối cảnh hóa, decontextualization	Thoát Văn Mạch Hóa
n1_advanced_drafts	batch_0621_0630	R_0626	不立文字	ふりゅうもんじ	bất lập văn tự (nguyên tắc Thiền: giáo lý không thể truyền bằng văn tự)	Bất Lập Văn Tự
n1_advanced_drafts	batch_0621_0630	R_0626	張力	ちょうりょく	sức căng, tension (trong nghĩa triết học/nghệ thuật)	Trương Lực
n1_advanced_drafts	batch_0621_0630	R_0626	不断	ふだん	không ngừng, liên tục, bất đoạn	Bất Đoạn
n1_advanced_drafts	batch_0621_0630	R_0626	京都学派	きょうとがくは	trường phái Kyoto (trường phái triết học Nhật Bản đầu thế kỷ 20)	Kinh Đô Học Phái
n1_advanced_drafts	batch_0621_0630	R_0627	間（ま）	ま	khoảng trống-thời gian, sự im lặng có ý nghĩa (khái niệm thẩm mỹ Nhật Bản)	Gian
n1_advanced_drafts	batch_0621_0630	R_0627	相容れない	あいいれない	không tương thích, không hòa hợp được với nhau	Tương Dung
n1_advanced_drafts	batch_0621_0630	R_0627	映し出す	うつしだす	chiếu rọi, phản chiếu lên	Ánh Xuất
n1_advanced_drafts	batch_0621_0630	R_0627	解体	かいたい	sự tan rã, phân giải, tháo dỡ	Giải Thể
n1_advanced_drafts	batch_0621_0630	R_0627	都市化	としか	đô thị hóa	Đô Thị Hóa
n1_advanced_drafts	batch_0621_0630	R_0627	タタミショット	タタミショット	tatami shot, cách quay ở độ cao sàn chiếu (kỹ thuật đặc trưng của Ozu)	
n1_advanced_drafts	batch_0621_0630	R_0627	低位置	ていいち	vị trí thấp, góc thấp	Đê Vị Trí
n1_advanced_drafts	batch_0621_0630	R_0627	ピロー・ショット	ピロー・ショット	pillow shot, cảnh chèn vật thể vô nhân (kỹ thuật điện ảnh của Ozu)	
n1_advanced_drafts	batch_0621_0630	R_0627	暖簾	のれん	rèm cửa vải truyền thống Nhật Bản	Noãn Liêm
n1_advanced_drafts	batch_0621_0630	R_0627	転写する	てんしゃする	chuyển tải lên, in lên, phóng chiếu lên (vật thể khác)	Chuyển Tả
n1_advanced_drafts	batch_0621_0630	R_0627	余白	よはく	khoảng trắng, không gian trống (trong nghệ thuật = khoảng để người xem tự lấp đầy)	Dư Bạch
n1_advanced_drafts	batch_0621_0630	R_0627	無（む）	む	vô, sự trống rỗng (khái niệm Thiền — không phải thiếu vắng mà là tiềm năng)	Vô
n1_advanced_drafts	batch_0621_0630	R_0627	共鳴する	きょうめいする	cộng hưởng, rung cùng tần số	Cộng Minh
n1_advanced_drafts	batch_0621_0630	R_0627	叙情	じょじょう	trữ tình, diễn đạt cảm xúc qua nghệ thuật	Tự Tình
n1_advanced_drafts	batch_0621_0630	R_0627	揺るぎない	ゆるぎない	vững chắc, không dao động, bất biến	Dao
n1_advanced_drafts	batch_0621_0630	R_0627	称号	しょうごう	danh hiệu, tước vị	Xưng Hào
n1_advanced_drafts	batch_0621_0630	R_0627	正当化される	せいとうかされる	được chính đáng hóa, được biện minh	Chánh Đương Hóa
n1_advanced_drafts	batch_0621_0630	R_0628	建築語彙	けんちくごい	ngôn ngữ/từ vựng kiến trúc, architectural vocabulary	Kiến Trúc Ngữ Vị
n1_advanced_drafts	batch_0621_0630	R_0628	廃墟	はいきょ	phế tích, đống đổ nát	Phế Khư
n1_advanced_drafts	batch_0621_0630	R_0628	思想的媒介	しそうてきばいかい	trung gian tư tưởng, intellectual medium	Tư Tưởng Đích Môi Giới
n1_advanced_drafts	batch_0621_0630	R_0628	相互浸透	そうごしんとう	sự thấm thấu lẫn nhau, mutual interpenetration	Tương Hỗ Tẩm Thấu
n1_advanced_drafts	batch_0621_0630	R_0628	脱構築	だつこうちく	giải cấu trúc, deconstruction (Derrida)	Thoát Cấu Trúc
n1_advanced_drafts	batch_0621_0630	R_0628	記念碑主義	きねんひしゅぎ	chủ nghĩa đài tưởng niệm, monumentalism	Kí Niệm Bi Chủ Nghĩa
n1_advanced_drafts	batch_0621_0630	R_0628	ポストモダン	ポストモダン	hậu hiện đại, postmodernism	
n1_advanced_drafts	batch_0621_0630	R_0628	旗手	きしゅ	người tiên phong, người cầm cờ đầu	Kì Thủ
n1_advanced_drafts	batch_0621_0630	R_0628	打ち放しコンクリート	うちっぱなしコンクリート	bê tông thô để trần, exposed concrete	Đả Phóng
n1_advanced_drafts	batch_0621_0630	R_0628	架け橋	かけはし	cầu nối, nhịp cầu	Giá Kiều
n1_advanced_drafts	batch_0621_0630	R_0628	刻印	こくいん	khắc dấu, in dấu ấn	Khắc Ấn
n1_advanced_drafts	batch_0621_0630	R_0628	あわい	あわい	khoảng giữa, vùng trung gian mơ hồ (文語)	
n1_advanced_drafts	batch_0621_0630	R_0628	権力構造	けんりょくこうぞう	cấu trúc quyền lực, power structure	Quyền Lực Cấu Tạo
n1_advanced_drafts	batch_0621_0630	R_0628	身振り	みぶり	cử chỉ, động tác (nghĩa bóng: hành vi biểu tượng)	Thân Chấn
n1_advanced_drafts	batch_0621_0630	R_0628	内包させる	ないほうさせる	đưa vào bên trong, hàm chứa, nội bao	Nội Bao
n1_advanced_drafts	batch_0621_0630	R_0628	石板	せきばん	tấm đá, phiến đá (dùng nghĩa ẩn dụ)	Thạch Bản
n1_advanced_drafts	batch_0621_0630	R_0629	随筆	ずいひつ	tùy bút, essay viết theo cảm hứng tự do	Tùy Bút
n1_advanced_drafts	batch_0621_0630	R_0629	断章形式	だんしょうけいしき	hình thức đoạn văn, kiểu cấu trúc theo từng mảnh rời rạc	Đoạn Chương Hình Thức
n1_advanced_drafts	batch_0621_0630	R_0629	無常	むじょう	vô thường, sự không trường tồn của vạn vật	Vô Thường
n1_advanced_drafts	batch_0621_0630	R_0629	哲学的基軸	てつがくてききじく	trục triết lý, nền tảng tư tưởng chính	Triết Học Đích Cơ Trục
n1_advanced_drafts	batch_0621_0630	R_0629	閑居	かんきょ	cuộc sống giản dị yếm tĩnh, ẩn cư tĩnh lặng	Nhàn Cư
n1_advanced_drafts	batch_0621_0630	R_0629	あはれ	あはれ	aware, cảm giác bi ai về sự đẹp mong manh của sự vật (mỹ học cổ điển Nhật Bản)	
n1_advanced_drafts	batch_0621_0630	R_0629	をかし	をかし	okashi, thú vị, buồn cười một cách tinh tế (mỹ học cổ điển Nhật Bản)	
n1_advanced_drafts	batch_0621_0630	R_0629	辛辣	しんらつ	sắc bén không tha, gay gắt, châm biếm	Tân Lạt
n1_advanced_drafts	batch_0621_0630	R_0629	栄達	えいたつ	vinh đạt, thành công và vinh hoa thế tục	Vinh Đạt
n1_advanced_drafts	batch_0621_0630	R_0629	隠棲	いんせい	ẩn dật, sống ẩn dật tách khỏi xã hội	Ẩn Thê
n1_advanced_drafts	batch_0621_0630	R_0629	草庵	そうあん	am tranh, nhà nhỏ làm bằng cỏ rơm, biểu tượng của sự đơn giản	Thảo Am
n1_advanced_drafts	batch_0621_0630	R_0629	洞察	どうさつ	nhận thức sâu sắc, sự thấu hiểu bản chất	Động Sát
n1_advanced_drafts	batch_0621_0630	R_0629	社会批評	しゃかいひひょう	phê bình xã hội, sự bình luận phân tích xã hội	Xã Hội Phê Bình
n1_advanced_drafts	batch_0621_0630	R_0629	通底する	つうていする	xuyên suốt bên dưới, chia sẻ nền tảng chung	Thông Để
n1_advanced_drafts	batch_0621_0630	R_0629	思想的証言	しそうてきしょうげん	bằng chứng tư tưởng, sự chứng kiến mang ý nghĩa triết lý	Tư Tưởng Đích Chứng Ngôn
n1_advanced_drafts	batch_0621_0630	R_0629	傲慢	ごうまん	kiêu ngạo, ngạo mạn	Ngạo Mạn
n1_advanced_drafts	batch_0621_0630	R_0629	慢心	まんしん	tự mãn, tình trạng kiêu ngộ vì thành công	Mạn Tâm
n1_advanced_drafts	batch_0621_0630	R_0630	確固たる	かっこたる	vững chắc, kiên định, không lay chuyển	Xác Cố
n1_advanced_drafts	batch_0621_0630	R_0630	閉塞	へいそく	sự bít bờ, u ám, bí tắc, mắc kẹt	Bế Tắc
n1_advanced_drafts	batch_0621_0630	R_0630	接ぎ木	つぎき	ghép cây (nghĩa bóng: tích hợp, ghép vào)	Tiếp Mộc
n1_advanced_drafts	batch_0621_0630	R_0630	射程	しゃてい	phạm vi, tầm tác động (nghĩa metaphor)	Xạ Trình
n1_advanced_drafts	batch_0621_0630	R_0630	形而上学	けいじじょうがく	siêu hình học, metaphysics	Hình Nhi Thượng Học
n1_advanced_drafts	batch_0621_0630	R_0630	実存的	じつぞんてき	mang tính tồn tại luận, existential	Thực Tồn Đích
n1_advanced_drafts	batch_0621_0630	R_0630	逆説的	ぎゃくせつてき	mang tính nghịch lý, paradoxical	Nghịch Thuyết Đích
n1_advanced_drafts	batch_0621_0630	R_0630	洞察	どうさつ	sự thấu hiểu sâu sắc, nhận thức thâm sâu	Động Sát
n1_advanced_drafts	batch_0621_0630	R_0630	思想弾圧	しそうだんあつ	đàn áp tư tưởng	Tư Tưởng Đàn Áp
n1_advanced_drafts	batch_0621_0630	R_0630	投獄	とうごく	bị bỏ tù, bị giam cầm	Đầu Ngục
n1_advanced_drafts	batch_0621_0630	R_0630	殉じた	じゅんじた	đã hi sinh vì, đã chết vì (nguyên nhân cao cả)	Tuẫn
n1_advanced_drafts	batch_0621_0630	R_0630	素地	そじ	nền tảng, mặt nền, điều kiện tiên quyết	Tố Địa
n1_advanced_drafts	batch_0621_0630	R_0630	企図	きと	mưu đồ, kế hoạch, hoài bão	Xí Đồ
n1_advanced_drafts	batch_0621_0630	R_0630	エセー	エセー	essay, tiểu luận (từ tiếng Pháp essai)	
n1_advanced_drafts	batch_0621_0630	R_0630	刊行	かんこう	xuất bản, phát hành	Khan Hành
n1_advanced_drafts	batch_0621_0630	R_0630	術語	じゅつご	thuật ngữ chuyên môn	Thuật Ngữ
n1_advanced_drafts	batch_0631_0640	R_0631	重要無形文化財保持者	じゅうようむけいぶんかざいほじしゃ	Bảo tồn viên Di sản Văn hóa Phi vật thể Quan trọng (tên chính thức của Nhân gian Quốc bảo)	Trọng Yếu Vô Hình Văn Hóa Tài Bảo Trì Giả
n1_advanced_drafts	batch_0631_0640	R_0631	無形	むけい	phi vật thể, vô hình	Vô Hình
n1_advanced_drafts	batch_0631_0640	R_0631	民芸運動	みんげいうんどう	phong trào Mingei — phong trào tôn vinh vẻ đẹp trong đồ dùng thủ công dân gian	Dân Vân Vận Động
n1_advanced_drafts	batch_0631_0640	R_0631	用の美	ようのび	vẻ đẹp của sự hữu dụng — triết lý thẩm mỹ của phong trào Mingei	Dụng Mĩ
n1_advanced_drafts	batch_0631_0640	R_0631	釉薬	ゆうやく	men gốm, glazur	Dứu Dược
n1_advanced_drafts	batch_0631_0640	R_0631	身体知	しんたいち	tri thức thân xác, kiến thức được lưu trữ trong cơ thể qua thực hành	Thân Thể Tri
n1_advanced_drafts	batch_0631_0640	R_0631	昇華	しょうか	thăng hoa, chuyển hóa lên một tầm cao mới	Thăng Hoa
n1_advanced_drafts	batch_0631_0640	R_0631	後継者	こうけいしゃ	người kế thừa, người nối nghiệp	Hậu Kế Giả
n1_advanced_drafts	batch_0631_0640	R_0631	内在的	ないざいてき	nội tại, tồn tại bên trong	Nội Tại Đích
n1_advanced_drafts	batch_0631_0640	R_0631	先駆け	さきがけ	tiên phong, người đi trước	Tiên Khu
n1_advanced_drafts	batch_0631_0640	R_0631	民藝	みんげい	Mingei — thủ công nghệ dân gian, mỹ nghệ của nhân dân	Dân Nghệ
n1_advanced_drafts	batch_0631_0640	R_0631	洞察力	どうさつりょく	khả năng thấu hiểu sâu sắc, năng lực nhận thức sâu	Động Sát Lực
n1_advanced_drafts	batch_0631_0640	R_0631	高齢化	こうれいか	già hóa, sự gia tăng tỷ lệ người cao tuổi	Cao Linh Hóa
n1_advanced_drafts	batch_0631_0640	R_0631	還元しえない	かんげんしえない	không thể quy giản về, không thể rút gọn về	Hoàn Nguyên
n1_advanced_drafts	batch_0631_0640	R_0631	並置する	へいちする	đặt song song, đặt ngang hàng	Tịnh Trí
n1_advanced_drafts	batch_0631_0640	R_0631	固定化	こていか	cố định hóa, trở nên cứng nhắc, không thay đổi	Cố Định Hóa
n1_advanced_drafts	batch_0631_0640	R_0631	均質化	きんしつか	đồng nhất hóa, làm cho đồng đều về chất lượng/tính chất	Quân Chất Hóa
n1_advanced_drafts	batch_0631_0640	R_0631	対抗軸	たいこうじく	trục đối trọng, trục phản kháng (điểm tựa để chống lại xu hướng chính)	Đối Kháng Trục
n1_advanced_drafts	batch_0631_0640	R_0632	黎明期	れいめいき	buổi bình minh, thời kỳ khai sinh	Lê Minh Kì
n1_advanced_drafts	batch_0631_0640	R_0632	断絶	だんぜつ	đứt gãy, sự cắt đứt hoàn toàn	Đoạn Tuyệt
n1_advanced_drafts	batch_0631_0640	R_0632	一頭地を抜く	いっとうちをぬく	vượt lên một bậc so với người cùng trang lứa	Nhất Đầu Địa Bạt
n1_advanced_drafts	batch_0631_0640	R_0632	黙示録的	もくしろくてき	mang tính khải huyền, apocalyptic	Mặc Kì Lục Đích
n1_advanced_drafts	batch_0631_0640	R_0632	地殻変動	ちかくへんどう	biến động địa chất, chuyển dịch vỏ trái đất	Địa Xác Biến Động
n1_advanced_drafts	batch_0631_0640	R_0632	内包する	ないほうする	ẩn chứa bên trong, bao hàm	Nội Bao
n1_advanced_drafts	batch_0631_0640	R_0632	極点	きょくてん	cực điểm, đỉnh cao tuyệt đối	Cực Điểm
n1_advanced_drafts	batch_0631_0640	R_0632	無常感	むじょうかん	cảm thức vô thường, ý thức về sự phù du	Vô Thường Cảm
n1_advanced_drafts	batch_0631_0640	R_0632	畏敬	いけい	sự kính sợ, lòng tôn kính pha sợ hãi	Úy Kính
n1_advanced_drafts	batch_0631_0640	R_0632	底流	ていりゅう	dòng chảy ngầm bên dưới	Để Lưu
n1_advanced_drafts	batch_0631_0640	R_0632	顕現	けんげん	sự hiển lộ, xuất hiện rõ ràng	Hiển Hiện
n1_advanced_drafts	batch_0631_0640	R_0632	共鳴	きょうめい	cộng hưởng, đồng điệu	Cộng Minh
n1_advanced_drafts	batch_0631_0640	R_0632	収斂する	しゅうれんする	hội tụ về, tập trung lại một điểm	Thu Liễm
n1_advanced_drafts	batch_0631_0640	R_0632	巨視的	きょしてき	mang tính vĩ mô, nhìn trên phạm vi rộng lớn	Cự Thị Đích
n1_advanced_drafts	batch_0631_0640	R_0632	媒体	ばいたい	phương tiện truyền tải, medium	Môi Thể
n1_advanced_drafts	batch_0631_0640	R_0632	安住する	あんじゅうする	an trú, bằng lòng ở lại	An Trụ
n1_advanced_drafts	batch_0631_0640	R_0632	認識論的	にんしきろんてき	mang tính nhận thức luận, epistemological	Nhận Thức Luận Đích
n1_advanced_drafts	batch_0631_0640	R_0632	不可分	ふかぶん	không thể tách rời, bất khả phân	Bất Khả Phân
n1_advanced_drafts	batch_0631_0640	R_0633	血肉化	けつにくか	thấm vào máu thịt, nội hóa hoàn toàn	Huyết Nhục Hóa
n1_advanced_drafts	batch_0631_0640	R_0633	帰結	きけつ	hệ quả, kết cục tất yếu	Quy Kết
n1_advanced_drafts	batch_0631_0640	R_0633	通奏低音	つうそうていおん	âm trầm xuyên suốt, basso continuo (ẩn dụ âm nhạc: chủ đề ngầm liên tục)	Thông Tấu Đê Âm
n1_advanced_drafts	batch_0631_0640	R_0633	排除の論理	はいじょのろんり	logic loại trừ, nguyên lý gạt bỏ	Bài Trừ Luận Lí
n1_advanced_drafts	batch_0631_0640	R_0633	被抑圧者	ひよくあつしゃ	người bị áp bức, kẻ bị trấn áp	Bị Ức Áp Giả
n1_advanced_drafts	batch_0631_0640	R_0633	二項対立	にこうたいりつ	sự đối lập nhị phân, binary opposition	Nhị Hạng Đối Lập
n1_advanced_drafts	batch_0631_0640	R_0633	地平	ちへい	chân trời (nghĩa bóng: phạm vi mới, tầm nhìn mới)	Địa Bình
n1_advanced_drafts	batch_0631_0640	R_0633	格調	かくちょう	phong cách cao sang, đẳng cấp nghệ thuật	Cách Điều
n1_advanced_drafts	batch_0631_0640	R_0633	乾いた	かわいた	khô khan, cứng lạnh (về văn phong)	Kiền
n1_advanced_drafts	batch_0631_0640	R_0633	報告体	ほうこくたい	thể báo cáo, văn phong tường thuật trung tính	Báo Cáo Thể
n1_advanced_drafts	batch_0631_0640	R_0633	媒体革命	ばいたいかくめい	cách mạng phương tiện truyền thông	Môi Thể Cách Mệnh
n1_advanced_drafts	batch_0631_0640	R_0633	腐敗した官僚制度	ふはいしたかんりょうせいど	chế độ quan liêu tham nhũng	Hủ Bại Quan Liêu Chế Độ
n1_advanced_drafts	batch_0631_0640	R_0633	発露	はつろ	sự biểu lộ, sự bộc lộ ra ngoài	Phát Lộ
n1_advanced_drafts	batch_0631_0640	R_0633	遺産	いさん	di sản, tài sản thừa kế	Di Sản
n1_advanced_drafts	batch_0631_0640	R_0634	稀有	けう	hiếm có, kỳ lạ đặc biệt	Hi Hữu
n1_advanced_drafts	batch_0631_0640	R_0634	釉薬	ゆうやく	men gốm, men sứ	Dứu Dược
n1_advanced_drafts	batch_0631_0640	R_0634	精緻	せいち	tinh xảo, tỉ mỉ	Tinh Trí
n1_advanced_drafts	batch_0631_0640	R_0634	民芸運動	みんげいうんどう	phong trào Mingei, phong trào Thủ công dân gian	Dân Vân Vận Động
n1_advanced_drafts	batch_0631_0640	R_0634	用の美	ようのび	cái đẹp của sự dụng, vẻ đẹp trong tính thực dụng	Dụng Mĩ
n1_advanced_drafts	batch_0631_0640	R_0634	他力	たりき	tha lực, lực từ bên ngoài (khái niệm Phật giáo — đối lập với tự lực)	Tha Lực
n1_advanced_drafts	batch_0631_0640	R_0634	孤高	ここう	cô độc cao ngạo, sống tách biệt cao quý	Cô Cao
n1_advanced_drafts	batch_0631_0640	R_0634	人間国宝	にんげんこくほう	Nhân gian quốc bảo, danh hiệu Người nắm giữ Tài sản Văn hóa Phi vật thể Quan trọng	Nhân Gian Quốc Bảo
n1_advanced_drafts	batch_0631_0640	R_0634	李朝陶磁器	りちょうとうじき	đồ sứ triều Yi (Joseon), gốm sứ thời Joseon Triều Tiên	Lí Triêu Đào Từ Khí
n1_advanced_drafts	batch_0631_0640	R_0634	焼成	しょうせい	quá trình nung gốm, thiêu kết	Thiêu Thành
n1_advanced_drafts	batch_0631_0640	R_0634	比肩しうる	ひけんしうる	có thể sánh ngang, so sánh được	Bỉ Kiên
n1_advanced_drafts	batch_0631_0640	R_0634	収斂	しゅうれん	hội tụ, quy về một điểm	Thu Liễm
n1_advanced_drafts	batch_0631_0640	R_0634	窯場	かまば	khu vực lò gốm, xưởng lò nung	Diêu Tràng
n1_advanced_drafts	batch_0631_0640	R_0634	打診	だしん	ngỏ ý, thăm dò ý kiến	Đả Chẩn
n1_advanced_drafts	batch_0631_0640	R_0634	根幹	こんかん	gốc rễ, cốt lõi, căn bản	Căn Cán
n1_advanced_drafts	batch_0631_0640	R_0634	体現	たいげん	thể hiện cụ thể, hiện thân	Thể Hiện
n1_advanced_drafts	batch_0631_0640	R_0635	孤高	ここう	cô cao, cô độc và cao thượng, kiêu hãnh trong sự cô đơn	Cô Cao
n1_advanced_drafts	batch_0631_0640	R_0635	反骨	はんこつ	tinh thần bất khuất, tinh thần chống đối, không chịu khuất phục	Phản Cốt
n1_advanced_drafts	batch_0631_0640	R_0635	軍国主義	ぐんこくしゅぎ	chủ nghĩa quân phiệt	Quân Quốc Chủ Nghĩa
n1_advanced_drafts	batch_0631_0640	R_0635	迎合	げいごう	xu nịnh, chiều theo ý người khác, thỏa hiệp	Nghênh Hợp
n1_advanced_drafts	batch_0631_0640	R_0635	孤絶	こぜつ	cô lập hoàn toàn, tách biệt tuyệt đối	Cô Tuyệt
n1_advanced_drafts	batch_0631_0640	R_0635	叙情詩	じょじょうし	thơ trữ tình, thơ lyric	Tự Tình Thi
n1_advanced_drafts	batch_0631_0640	R_0635	讃美	さんび	ca ngợi, tán dương	Tán Mĩ
n1_advanced_drafts	batch_0631_0640	R_0635	抑圧	よくあつ	áp bức, đàn áp	Ức Áp
n1_advanced_drafts	batch_0631_0640	R_0635	全体主義	ぜんたいしゅぎ	chủ nghĩa toàn trị, totalitarianism	Toàn Thể Chủ Nghĩa
n1_advanced_drafts	batch_0631_0640	R_0635	言論統制	げんろんとうせい	kiểm soát ngôn luận, kiểm duyệt báo chí	Ngôn Luận Thống Chế
n1_advanced_drafts	batch_0631_0640	R_0635	砦	とりで	pháo đài, thành lũy	Trại
n1_advanced_drafts	batch_0631_0640	R_0635	難解	なんかい	khó hiểu, bí hiểm	Nan Giải
n1_advanced_drafts	batch_0631_0640	R_0635	回想録	かいそうろく	hồi ký, bản ghi hồi tưởng	Hồi Tưởng Lục
n1_advanced_drafts	batch_0631_0640	R_0635	通観	つうかん	nhìn toàn diện, quan sát tổng thể	Thông Quan
n1_advanced_drafts	batch_0631_0640	R_0635	自律	じりつ	tự chủ, tự điều chỉnh, autonomy	Tự Luật
n1_advanced_drafts	batch_0631_0640	R_0635	持久力	じきゅうりょく	sức bền, khả năng duy trì lâu dài	Trì Cửu Lực
n1_advanced_drafts	batch_0631_0640	R_0635	思惟	しい	tư duy, suy nghĩ (từ triết học, trang trọng hơn 思考)	Tư Duy
n1_advanced_drafts	batch_0631_0640	R_0636	蓄積	ちくせき	tích lũy, dồn tích	Súc Tích
n1_advanced_drafts	batch_0631_0640	R_0636	美意識	びいしき	ý thức thẩm mỹ, cảm quan về cái đẹp	Mĩ Ý Thức
n1_advanced_drafts	batch_0631_0640	R_0636	結晶	けっしょう	kết tinh, tinh thể	Kết Tinh
n1_advanced_drafts	batch_0631_0640	R_0636	奔放	ほんぽう	phóng khoáng, tự do không gò bó	Bôn Phóng
n1_advanced_drafts	batch_0631_0640	R_0636	女形	おんながた	onnagata, nam diễn viên đóng vai nữ trong Kabuki	Nữ Hình
n1_advanced_drafts	batch_0631_0640	R_0636	洗練	せんれん	tinh luyện, tinh tế hóa	Tẩy Luyện
n1_advanced_drafts	batch_0631_0640	R_0636	昇華	しょうか	thăng hoa, nâng lên cấp độ cao hơn	Thăng Hoa
n1_advanced_drafts	batch_0631_0640	R_0636	儚さ	はかなさ	sự mong manh, tính phù du	Mộng
n1_advanced_drafts	batch_0631_0640	R_0636	収斂	しゅうれん	hội tụ, co lại	Thu Liễm
n1_advanced_drafts	batch_0631_0640	R_0636	静謐	せいひつ	tĩnh lặng, yên tĩnh sâu thẳm	Tĩnh Mật
n1_advanced_drafts	batch_0631_0640	R_0636	余白	よはく	khoảng trắng, khoảng không gian để ngỏ	Dư Bạch
n1_advanced_drafts	batch_0631_0640	R_0636	型	かた	hình mẫu, khuôn mẫu cổ điển trong nghệ thuật Nhật Bản	Hình
n1_advanced_drafts	batch_0631_0640	R_0636	見得	みえ	mie, tư thế tĩnh lại ấn tượng trong Kabuki	Kiến Đắc
n1_advanced_drafts	batch_0631_0640	R_0636	大向こう	おおむこう	khán giả ngồi phía sau rạp, tiếng hô cổ vũ truyền thống trong Kabuki	Đại Hướng
n1_advanced_drafts	batch_0631_0640	R_0636	塗り替える	ぬりかえる	thay đổi hoàn toàn, viết lại, xóa bỏ và thay thế	Đồ Thế
n1_advanced_drafts	batch_0631_0640	R_0636	体得	たいとく	thấu đạt bằng thân xác, hiểu sâu qua thực hành	Thể Đắc
n1_advanced_drafts	batch_0631_0640	R_0637	勅撰正史	ちょくせんせいし	chính sử do triều đình đặt biên soạn	Sắc Chuyển Chánh Sử
n1_advanced_drafts	batch_0631_0640	R_0637	神代	かみよ	thần đại, thời đại của các thần	Thần Đại
n1_advanced_drafts	batch_0631_0640	R_0637	一書	いっしょ	nhất thư, dị bản phụ trong Nihon Shoki	Nhất Thư
n1_advanced_drafts	batch_0631_0640	R_0637	並置	へいち	đặt song song, xếp cạnh nhau	Tịnh Trí
n1_advanced_drafts	batch_0631_0640	R_0637	洲壌	しゅうじょう	châu nhưỡng, chất liệu của đại địa	Châu Nhưỡng
n1_advanced_drafts	batch_0631_0640	R_0637	萍	うきくさ	bèo nước, thực vật trôi nổi trên mặt nước	Bình
n1_advanced_drafts	batch_0631_0640	R_0637	渾沌	こんとん	hỗn mang, trạng thái hỗn loạn chưa phân hóa	Hồn Hỗn
n1_advanced_drafts	batch_0631_0640	R_0637	宇宙生成論	うちゅうせいせいろん	vũ trụ sinh thành luận, cosmogony	Vũ Trụ Sanh Thành Luận
n1_advanced_drafts	batch_0631_0640	R_0637	陰陽説	いんようせつ	thuyết âm dương, học thuyết dualisme âm-dương	Âm Dương Thuyết
n1_advanced_drafts	batch_0631_0640	R_0637	攪拌	かくはん	khuấy trộn, khuấy đảo	Giảo Bạn
n1_advanced_drafts	batch_0631_0640	R_0637	人格化	じんかくか	nhân cách hóa, personification	Nhân Cách Hóa
n1_advanced_drafts	batch_0631_0640	R_0637	禊	みそぎ	nghi lễ tẩy uế trong Thần đạo	Hễ
n1_advanced_drafts	batch_0631_0640	R_0637	政治神学	せいじしんがく	thần học chính trị, political theology	Chánh Trì Thần Học
n1_advanced_drafts	batch_0631_0640	R_0637	天命思想	てんめいしそう	tư tưởng Thiên Mệnh, học thuyết mệnh lệnh của Trời	Thiên Mệnh Tư Tưởng
n1_advanced_drafts	batch_0631_0640	R_0637	神聖王権論	しんせいおうけんろん	luận thuyết vương quyền thần thánh, divine right of kings	Thần Thánh Vương Quyền Luận
n1_advanced_drafts	batch_0631_0640	R_0637	正統性	せいとうせい	tính chính thống, legitimacy	Chánh Thống Tính
n1_advanced_drafts	batch_0631_0640	R_0638	独立自尊	どくりつじそん	độc lập tự tôn — tự lập và tự trọng, cốt lõi tư tưởng của Fukuzawa	Độc Lập Tự Tôn
n1_advanced_drafts	batch_0631_0640	R_0638	三位一体	さんみいったい	ba ngôi một thể, thể thống nhất ba yếu tố	Tam Vị Nhất Thể
n1_advanced_drafts	batch_0631_0640	R_0638	未曾有	みぞう	chưa từng có, vô tiền khoáng hậu	Vị Tằng Hữu
n1_advanced_drafts	batch_0631_0640	R_0638	刷新	さっしん	đổi mới, cải tổ	Xoát Tân
n1_advanced_drafts	batch_0631_0640	R_0638	富国強兵	ふこくきょうへい	phú quốc cường binh — chính sách làm giàu đất nước và tăng cường quân sự thời Meiji	Phú Quốc Cường Binh
n1_advanced_drafts	batch_0631_0640	R_0638	自助論	じじょろん	thuyết tự lực, học thuyết tự giúp bản thân	Tự Trợ Luận
n1_advanced_drafts	batch_0631_0640	R_0638	人格陶冶	じんかくとうや	tu dưỡng nhân cách, rèn giũa phẩm cách	Nhân Cách Đào Dã
n1_advanced_drafts	batch_0631_0640	R_0638	士農工商	しのうこうしょう	tứ dân sĩ-nông-công-thương — hệ thống đẳng cấp phong kiến Nhật Bản	Sĩ Nông Công Thương
n1_advanced_drafts	batch_0631_0640	R_0638	私利私欲	しりしよく	lợi ích và dục vọng cá nhân ti tiện	Tư Lợi Tư Dục
n1_advanced_drafts	batch_0631_0640	R_0638	功利主義	こうりしゅぎ	chủ nghĩa công lợi, utilitarianism	Công Lợi Chủ Nghĩa
n1_advanced_drafts	batch_0631_0640	R_0638	従属	じゅうぞく	lệ thuộc, phụ thuộc	Tùng Chúc
n1_advanced_drafts	batch_0631_0640	R_0638	庇護	ひご	sự bảo trợ, che chở	Tí Hộ
n1_advanced_drafts	batch_0631_0640	R_0638	色褪せる	いろあせる	phai nhạt, mất đi sức sống	Sắc Thốn
n1_advanced_drafts	batch_0631_0640	R_0638	変奏	へんそう	biến tấu, biến thể	Biến Tấu
n1_advanced_drafts	batch_0631_0640	R_0638	軌を一にする	きをいつにする	cùng chung đường ray, trùng khớp, đồng nhất hướng đi	Quỹ Nhất
n1_advanced_drafts	batch_0631_0640	R_0638	画期的	かっきてき	mang tính đột phá, đánh dấu một bước ngoặt	Họa Kì Đích
n1_advanced_drafts	batch_0631_0640	R_0639	昇華	しょうか	nâng tầm, thăng hoa — chuyển đổi lên cấp cao hơn	Thăng Hoa
n1_advanced_drafts	batch_0631_0640	R_0639	映画的演出	えいがてきえんしゅつ	kỹ thuật dàn dựng điện ảnh	Ánh Họa Đích Diễn Xuất
n1_advanced_drafts	batch_0631_0640	R_0639	コマ割り	コマわり	chia khung hình manga (bố cục khung theo trình tự)	Cát
n1_advanced_drafts	batch_0631_0640	R_0639	文法	ぶんぽう	ngữ pháp — ở đây chỉ hệ thống quy tắc biểu đạt	Văn Pháp
n1_advanced_drafts	batch_0631_0640	R_0639	倫理的葛藤	りんりてきかっとう	mâu thuẫn đạo đức, xung đột giá trị	Luân Lí Đích Cát Đằng
n1_advanced_drafts	batch_0631_0640	R_0639	二元論	にげんろん	nhị phân luận, dualism — tư duy phân chia hai cực	Nhị Nguyên Luận
n1_advanced_drafts	batch_0631_0640	R_0639	大衆	たいしゅう	đại chúng, quảng đại quần chúng	Đại Chúng
n1_advanced_drafts	batch_0631_0640	R_0639	浸透	しんとう	thấm nhập, ngấm sâu vào	Tẩm Thấu
n1_advanced_drafts	batch_0631_0640	R_0639	識字	しきじ	biết chữ, kỹ năng đọc chữ	Thức Tự
n1_advanced_drafts	batch_0631_0640	R_0639	バンドデシネ	バンドデシネ	bande dessinee — truyện tranh truyền thống Pháp-Bỉ	
n1_advanced_drafts	batch_0631_0640	R_0639	擬似的	ぎじてき	giả lập, mô phỏng	Nghĩ Tự Đích
n1_advanced_drafts	batch_0631_0640	R_0639	紐帯	ちゅうたい	liên kết, sợi dây ràng buộc	Nữu Đới
n1_advanced_drafts	batch_0631_0640	R_0639	先駆	せんく	người tiên phong, kẻ đi trước	Tiên Khu
n1_advanced_drafts	batch_0631_0640	R_0639	廃墟	はいきょ	đổ nát, cảnh tàn phế sau chiến tranh	Phế Khư
n1_advanced_drafts	batch_0631_0640	R_0639	担い手	にないて	người gánh vác, chủ thể tạo ra	Đam Thủ
n1_advanced_drafts	batch_0631_0640	R_0639	無免許	むめんきょ	không có bằng cấp, vô bằng phép	Vô Miễn Hứa
n1_advanced_drafts	batch_0631_0640	R_0640	後継者	こうけいしゃ	người kế thừa, người nối nghiệp	Hậu Kế Giả
n1_advanced_drafts	batch_0631_0640	R_0640	高齢化	こうれいか	già hoá (dân số)	Cao Linh Hóa
n1_advanced_drafts	batch_0631_0640	R_0640	存続	そんぞく	sự tồn tục, tiếp tục tồn tại	Tồn Tục
n1_advanced_drafts	batch_0631_0640	R_0640	旗印	はたじるし	ngọn cờ, khẩu hiệu, biểu tượng	Kì Ấn
n1_advanced_drafts	batch_0631_0640	R_0640	担い手	にないて	người gánh vác, người chịu trách nhiệm	Đam Thủ
n1_advanced_drafts	batch_0631_0640	R_0640	余白	よはく	khoảng trắng, khoảng trống (thẩm mỹ)	Dư Bạch
n1_advanced_drafts	batch_0631_0640	R_0640	侘び	わび	wabi — vẻ đẹp trong sự giản dị, khiêm nhường	Sá
n1_advanced_drafts	batch_0631_0640	R_0640	逆説	ぎゃくせつ	nghịch lý, paradox	Nghịch Thuyết
n1_advanced_drafts	batch_0631_0640	R_0640	生成AI	せいせいエーアイ	AI tạo sinh — hệ thống AI có thể tạo ra văn bản, hình ảnh, âm nhạc	Sanh Thành
n1_advanced_drafts	batch_0631_0640	R_0640	空洞化	くうどうか	sự rỗng hoá, mất đi nội dung thực chất	Không Động Hóa
n1_advanced_drafts	batch_0631_0640	R_0640	伝道者	でんどうしゃ	người truyền đạo, người truyền bá	Truyền Đạo Giả
n1_advanced_drafts	batch_0631_0640	R_0640	蘭学	らんがく	Hà Lan học — tri thức phương Tây du nhập qua Hà Lan thời Edo	Lan Học
n1_advanced_drafts	batch_0631_0640	R_0640	底力	そこぢから	sức mạnh ẩn sâu, nội lực tiềm tàng	Để Lực
n1_advanced_drafts	batch_0631_0640	R_0640	市場原理	しじょうげんり	quy luật thị trường	Thị Tràng Nguyên Lí
n1_advanced_drafts	batch_0631_0640	R_0640	孕む	はらむ	ẩn chứa, mang trong mình (nguy cơ/khả năng)	Dựng
n1_advanced_drafts	batch_0631_0640	R_0640	変容	へんよう	sự biến đổi, biến dạng (theo nghĩa tích cực)	Biến Dung