level	batch	reading_id	word	reading	meaning	han_viet
n2_basic_drafts	batch_0341_0350	R_0341	合計特殊出生率	ごうけいとくしゅしゅっしょうりつ	tổng tỷ suất sinh	Hợp Kế Đặc Thù Xuất Sanh Suất
n2_basic_drafts	batch_0341_0350	R_0341	晩婚化	ばんこんか	xu hướng kết hôn muộn	Vãn Hôn Hóa
n2_basic_drafts	batch_0341_0350	R_0341	未婚率	みこんりつ	tỷ lệ không kết hôn	Vị Hôn Suất
n2_basic_drafts	batch_0341_0350	R_0341	複合的	ふくごうてき	phức hợp, đa nhân tố	Phức Hợp Đích
n2_basic_drafts	batch_0341_0350	R_0341	政策立案者	せいさくりつあんしゃ	người làm chính sách, nhà hoạch định chính sách	Chánh Sách Lập Án Giả
n2_basic_drafts	batch_0341_0350	R_0341	実効性	じっこうせい	tính hiệu lực thực tế	Thực Hiệu Tính
n2_basic_drafts	batch_0341_0350	R_0341	社会保障制度	しゃかいほしょうせいど	hệ thống an sinh xã hội	Xã Hội Bảo Chướng Chế Độ
n2_basic_drafts	batch_0341_0350	R_0341	持続可能性	じぞくかのうせい	tính bền vững	Trì Tục Khả Năng Tính
n2_basic_drafts	batch_0341_0350	R_0341	過疎化	かそか	tình trạng giảm dân số, thưa dân	Quá Sơ Hóa
n2_basic_drafts	batch_0341_0350	R_0341	保育所	ほいくしょ	nhà trẻ, cơ sở chăm sóc trẻ em	Bảo Dục Sở
n2_basic_drafts	batch_0341_0350	R_0341	育児休業	いくじきゅうぎょう	nghỉ chăm sóc con (chế độ nghỉ việc để nuôi con)	Dục Nhi Hưu Nghiệp
n2_basic_drafts	batch_0341_0350	R_0341	一朝一夕	いっちょういっせき	trong một sớm một chiều (thành ngữ: không thể giải quyết nhanh)	Nhất Triêu Nhất Tịch
n2_basic_drafts	batch_0341_0350	R_0341	こども家庭庁	こどもかていちょう	Cơ quan Gia đình và Trẻ em (thành lập 4/2023, phụ trách chính sách trẻ em và gia đình)	Gia Đình Sảnh
n2_basic_drafts	batch_0341_0350	R_0342	古来	こらい	từ thời xa xưa, từ xưa đến nay	Cổ Lai
n2_basic_drafts	batch_0341_0350	R_0342	一様	いちよう	đồng nhất, như nhau	Nhất Dạng
n2_basic_drafts	batch_0341_0350	R_0342	欲求段階説	よっきゅうだんかいせつ	thuyết bậc thang nhu cầu (Maslow)	Dục Cầu Đoạn Giai Thuyết
n2_basic_drafts	batch_0341_0350	R_0342	高次化	こうじか	tiến lên bậc cao hơn, nâng cao cấp độ	Cao Thứ Hóa
n2_basic_drafts	batch_0341_0350	R_0342	自己表現	じこひょうげん	tự biểu đạt bản thân	Tự Kỉ Biểu Hiện
n2_basic_drafts	batch_0341_0350	R_0342	ワーク・エンゲージメント	ワーク・エンゲージメント	sự gắn kết công việc (work engagement)	
n2_basic_drafts	batch_0341_0350	R_0342	やりがい搾取	やりがいさくしゅ	bóc lột niềm vui công việc (dùng niềm vui làm lý do trả lương thấp)	Trá Thủ
n2_basic_drafts	batch_0341_0350	R_0342	低賃金	ていちんぎん	mức lương thấp	Đê Nhẫm Kim
n2_basic_drafts	batch_0341_0350	R_0342	対価	たいか	đối giá, thù lao tương xứng	Đối Giá
n2_basic_drafts	batch_0341_0350	R_0342	充実感	じゅうじつかん	cảm giác sung mãn, cảm giác đầy đủ	Sung Thực Cảm
n2_basic_drafts	batch_0341_0350	R_0342	粘り強く	ねばりづよく	kiên trì, bền bỉ	Niêm Cường
n2_basic_drafts	batch_0341_0350	R_0342	インフラ	インフラ	cơ sở hạ tầng	
n2_basic_drafts	batch_0341_0350	R_0342	春闘	しゅんとう	mùa đàm phán tiền lương mùa xuân (đàm phán tập thể hàng năm giữa nghiệp đoàn và doanh nghiệp)	Xuân Đấu
n2_basic_drafts	batch_0341_0350	R_0343	生成AI	せいせいエーアイ	AI tạo sinh (AI có thể tạo ra nội dung mới)	Sanh Thành
n2_basic_drafts	batch_0341_0350	R_0343	契機	けいき	cơ hội, dịp, bước ngoặt	Khế Ki
n2_basic_drafts	batch_0341_0350	R_0343	人間固有	にんげんこゆう	đặc hữu của con người, chỉ con người mới có	Nhân Gian Cố Hữu
n2_basic_drafts	batch_0341_0350	R_0343	代替	だいたい	thay thế	Đại Thế
n2_basic_drafts	batch_0341_0350	R_0343	驚異的	きょういてき	đáng kinh ngạc, phi thường	Kinh Dị Đích
n2_basic_drafts	batch_0341_0350	R_0343	著作権	ちょさくけん	bản quyền, quyền tác giả	Trứ Tác Quyền
n2_basic_drafts	batch_0341_0350	R_0343	偏見	へんけん	định kiến, thành kiến	Thiên Kiến
n2_basic_drafts	batch_0341_0350	R_0343	倫理的	りんりてき	thuộc về đạo đức, mang tính đạo đức	Luân Lí Đích
n2_basic_drafts	batch_0341_0350	R_0343	協働	きょうどう	hợp tác cùng làm, cộng tác	Hiệp Động
n2_basic_drafts	batch_0341_0350	R_0343	花開く	はなひらく	nở rộ, nở hoa (ẩn dụ: phát triển rực rỡ)	Hoa Khai
n2_basic_drafts	batch_0341_0350	R_0343	根本的	こんぽんてき	căn bản, cơ bản	Căn Bản Đích
n2_basic_drafts	batch_0341_0350	R_0343	表現	ひょうげん	biểu đạt, cách thể hiện	Biểu Hiện
n2_basic_drafts	batch_0341_0350	R_0343	AI事業者ガイドライン	エーアイじぎょうしゃガイドライン	Hướng dẫn cho nhà kinh doanh AI (do Bộ METI và MIC Nhật Bản ban hành 4/2024)	Sự Nghiệp Giả
n2_basic_drafts	batch_0341_0350	R_0344	義務教育	ぎむきょういく	giáo dục bắt buộc	Nghĩa Vụ Giáo Dục
n2_basic_drafts	batch_0341_0350	R_0344	格差	かくさ	khoảng cách, bất bình đẳng	Cách Soa
n2_basic_drafts	batch_0341_0350	R_0344	過疎地域	かそちいき	vùng thưa dân, vùng hẻo lánh	Quá Sơ Địa Vực
n2_basic_drafts	batch_0341_0350	R_0344	統廃合	とうはいごう	sáp nhập và bãi bỏ (trường học)	Thống Phế Hợp
n2_basic_drafts	batch_0341_0350	R_0344	乖離	かいり	sự tách rời, khoảng cách (giữa lý tưởng và thực tế)	Quai Li
n2_basic_drafts	batch_0341_0350	R_0344	就学援助	しゅうがくえんじょ	hỗ trợ đi học (về mặt tài chính)	Tựu Học Viên Trợ
n2_basic_drafts	batch_0341_0350	R_0344	給付型奨学金	きゅうふがたしょうがくきん	học bổng cấp phát (không hoàn trả)	Cấp Phó Hình Tưởng Học Kim
n2_basic_drafts	batch_0341_0350	R_0344	貧困の連鎖	ひんこんのれんさ	vòng lặp nghèo đói (nghèo di truyền qua thế hệ)	Bần Khốn Liên Tỏa
n2_basic_drafts	batch_0341_0350	R_0344	公的投資	こうてきとうし	đầu tư công	Công Đích Đầu Tư
n2_basic_drafts	batch_0341_0350	R_0344	根強い	ねづよい	bền vững, ăn sâu, khó lay chuyển	Căn Cường
n2_basic_drafts	batch_0341_0350	R_0344	財政的	ざいせいてき	về mặt tài chính, tài khóa	Tài Chánh Đích
n2_basic_drafts	batch_0341_0350	R_0344	急務	きゅうむ	việc cấp bách, nhiệm vụ khẩn cấp	Cấp Vụ
n2_basic_drafts	batch_0341_0350	R_0345	線形経済	せんけいけいざい	kinh tế tuyến tính	Tuyến Hình Kinh Tế
n2_basic_drafts	batch_0341_0350	R_0345	循環型経済	じゅんかんがたけいざい	kinh tế tuần hoàn	Tuần Hoàn Hình Kinh Tế
n2_basic_drafts	batch_0341_0350	R_0345	枯渇	こかつ	cạn kiệt	Khô Khát
n2_basic_drafts	batch_0341_0350	R_0345	廃棄物	はいきぶつ	chất thải, rác thải	Phế Khí Vật
n2_basic_drafts	batch_0341_0350	R_0345	再製造	さいせいぞう	tái sản xuất, sản xuất lại	Tái Chế Tạo
n2_basic_drafts	batch_0341_0350	R_0345	法的枠組み	ほうてきわくぐみ	khung pháp lý	Pháp Đích Khung Tổ
n2_basic_drafts	batch_0341_0350	R_0345	採算	さいさん	tính sinh lời, khả năng có lãi	Thải Toán
n2_basic_drafts	batch_0341_0350	R_0345	サプライチェーン	サプライチェーン	chuỗi cung ứng	
n2_basic_drafts	batch_0341_0350	R_0345	可視化	かしか	hiển thị hóa, trực quan hóa	Khả Thị Hóa
n2_basic_drafts	batch_0341_0350	R_0345	インセンティブ	インセンティブ	ưu đãi, khuyến khích	
n2_basic_drafts	batch_0341_0350	R_0345	イノベーション	イノベーション	đổi mới sáng tạo	
n2_basic_drafts	batch_0341_0350	R_0345	障壁	しょうへき	rào cản, vật cản	Chướng Bích
n2_basic_drafts	batch_0341_0350	R_0345	移行	いこう	chuyển đổi, chuyển tiếp	Di Hành
n2_basic_drafts	batch_0341_0350	R_0345	プラスチック資源循環促進法	プラスチックしげんじゅんかんそくしんほう	Luật xúc tiến tuần hoàn tài nguyên nhựa (thi hành 4/2022)	Tư Nguyên Tuần Hoàn Xúc Tiến Pháp
n2_basic_drafts	batch_0341_0350	R_0346	精神疾患	せいしんしっかん	bệnh tâm thần	Tinh Thần Tật Hoạn
n2_basic_drafts	batch_0341_0350	R_0346	不安障害	ふあんしょうがい	rối loạn lo âu	Bất An Chướng Hại
n2_basic_drafts	batch_0341_0350	R_0346	偏見	へんけん	thành kiến, sự kỳ thị	Thiên Kiến
n2_basic_drafts	batch_0341_0350	R_0346	スティグマ	スティグマ	sự kỳ thị xã hội (stigma), vết nhơ/nhãn xấu	
n2_basic_drafts	batch_0341_0350	R_0346	受療行動	じゅりょうこうどう	hành vi tìm kiếm/tiếp cận điều trị y tế	Thụ Liệu Hành Động
n2_basic_drafts	batch_0341_0350	R_0346	認知行動療法	にんちこうどうりょうほう	liệu pháp nhận thức hành vi (CBT)	Nhận Tri Hành Động Liệu Pháp
n2_basic_drafts	batch_0341_0350	R_0346	マインドフルネス	マインドフルネス	chánh niệm (mindfulness)	
n2_basic_drafts	batch_0341_0350	R_0346	テレメディシン	テレメディシン	y tế từ xa (telemedicine)	
n2_basic_drafts	batch_0341_0350	R_0346	原因帰属	げんいんきぞく	sự quy kết nguyên nhân	Nguyên Nhân Quy Chúc
n2_basic_drafts	batch_0341_0350	R_0346	ウェルビーイング	ウェルビーイング	phúc lợi, sự thịnh vượng toàn diện (wellbeing)	
n2_basic_drafts	batch_0341_0350	R_0346	烙印	らくいん	vết nhơ, nhãn hiệu xấu (dùng giải thích スティグマ)	Lạc Ấn
n2_basic_drafts	batch_0341_0350	R_0346	包括的	ほうかつてき	toàn diện, bao quát	Bao Quát Đích
n2_basic_drafts	batch_0341_0350	R_0346	精神保健	せいしんほけん	chăm sóc sức khỏe tâm thần	Tinh Thần Bảo Kiện
n2_basic_drafts	batch_0341_0350	R_0347	侘び寂び	わびさび	wabi-sabi (mỹ học vẻ đẹp giản dị, không hoàn hảo của Nhật Bản)	Sá Tịch
n2_basic_drafts	batch_0341_0350	R_0347	儚さ	はかなさ	sự phù du, thoáng qua	Mộng
n2_basic_drafts	batch_0341_0350	R_0347	質素さ	しっそさ	sự giản dị, đơn sơ	Chất Tố
n2_basic_drafts	batch_0341_0350	R_0347	体現する	たいげんする	thể hiện, thể hiện cụ thể	Thể Hiện
n2_basic_drafts	batch_0341_0350	R_0347	相容れない	あいいれない	không dung hòa được, không tương thích	Tương Dung
n2_basic_drafts	batch_0341_0350	R_0347	無常観	むじょうかん	quan niệm vô thường	Vô Thường Quan
n2_basic_drafts	batch_0341_0350	R_0347	対称性	たいしょうせい	tính đối xứng	Đối Xưng Tính
n2_basic_drafts	batch_0341_0350	R_0347	趣	おもむき	vẻ thú vị, phong vị	Thú
n2_basic_drafts	batch_0341_0350	R_0347	希薄化	きはくか	sự loãng hóa, làm nhạt đi	Hi Bạc Hóa
n2_basic_drafts	batch_0341_0350	R_0347	美意識	びいしき	ý thức thẩm mỹ	Mĩ Ý Thức
n2_basic_drafts	batch_0341_0350	R_0347	風化	ふうか	sự phong hóa, mòn dần theo thời gian	Phong Hóa
n2_basic_drafts	batch_0341_0350	R_0347	随所	ずいしょ	khắp nơi, nhiều chỗ	Tùy Sở
n2_basic_drafts	batch_0341_0350	R_0347	金継ぎ	きんつぎ	kintsugi (mỹ học hàn gốm vỡ bằng vàng)	Kim Kế
n2_basic_drafts	batch_0341_0350	R_0348	生物多様性	せいぶつたようせい	đa dạng sinh học	Sanh Vật Đa Dạng Tính
n2_basic_drafts	batch_0341_0350	R_0348	生態系サービス	せいたいけいサービス	dịch vụ hệ sinh thái	Sanh Thái Hệ
n2_basic_drafts	batch_0341_0350	R_0348	絶滅速度	ぜつめつそくど	tốc độ tuyệt chủng	Tuyệt Diệt Tốc Độ
n2_basic_drafts	batch_0341_0350	R_0348	外来種	がいらいしゅ	loài ngoại lai, loài xâm lấn	Ngoại Lai Chủng
n2_basic_drafts	batch_0341_0350	R_0348	遺伝資源	いでんしげん	tài nguyên di truyền	Di Truyền Tư Nguyên
n2_basic_drafts	batch_0341_0350	R_0348	予防原則	よぼうげんそく	nguyên tắc phòng ngừa	Dư Phòng Nguyên Tắc
n2_basic_drafts	batch_0341_0350	R_0348	違法伐採	いほうばっさい	khai thác gỗ trái phép	Vi Pháp Phạt Thải
n2_basic_drafts	batch_0341_0350	R_0348	熱帯雨林	ねったいうりん	rừng nhiệt đới ẩm	Nhiệt Đới Vũ Lâm
n2_basic_drafts	batch_0341_0350	R_0348	利益配分	りえきはいぶん	phân chia lợi ích	Lợi Ích Phối Phân
n2_basic_drafts	batch_0341_0350	R_0348	インセンティブ	インセンティブ	ưu đãi, động lực khuyến khích	
n2_basic_drafts	batch_0341_0350	R_0348	批准	ひじゅん	phê chuẩn (điều ước quốc tế)	Phê Chuẩn
n2_basic_drafts	batch_0341_0350	R_0348	持続可能性	じぞくかのうせい	tính bền vững	Trì Tục Khả Năng Tính
n2_basic_drafts	batch_0341_0350	R_0348	生物多様性枠組	せいぶつたようせいわくぐみ	khung đa dạng sinh học (framework quốc tế về bảo tồn)	Sanh Vật Đa Dạng Tính Khung Tổ
n2_basic_drafts	batch_0341_0350	R_0349	Z世代	ゼットせだい	thế hệ Z	Thế Đại
n2_basic_drafts	batch_0341_0350	R_0349	終身雇用	しゅうしんこよう	biên chế trọn đời, tuyển dụng suốt đời	Chung Thân Cố Dụng
n2_basic_drafts	batch_0341_0350	R_0349	年功序列	ねんこうじょれつ	chế độ thăng tiến theo thâm niên	Niên Công Tự Liệt
n2_basic_drafts	batch_0341_0350	R_0349	承認欲求	しょうにんよっきゅう	nhu cầu được công nhận, thừa nhận	Thừa Nhận Dục Cầu
n2_basic_drafts	batch_0341_0350	R_0349	齟齬	そご	sự bất đồng, không khớp	Trở Ngữ
n2_basic_drafts	batch_0341_0350	R_0349	心理的安全性	しんりてきあんぜんせい	an toàn tâm lý (psychological safety)	Tâm Lí Đích An Toàn Tính
n2_basic_drafts	batch_0341_0350	R_0349	包括性	ほうかつせい	tính hòa nhập, tính bao trùm	Bao Quát Tính
n2_basic_drafts	batch_0341_0350	R_0349	台頭	たいとう	sự nổi lên, trỗi dậy	Thai Đầu
n2_basic_drafts	batch_0341_0350	R_0349	雇用慣行	こようかんこう	tập quán tuyển dụng	Cố Dụng Quán Hành
n2_basic_drafts	batch_0341_0350	R_0349	多様性	たようせい	tính đa dạng	Đa Dạng Tính
n2_basic_drafts	batch_0341_0350	R_0349	契機	けいき	cơ hội, dịp, nhân tố khởi động	Khế Ki
n2_basic_drafts	batch_0341_0350	R_0349	二十歳のつどい	はたちのつどい	lễ Hatachi no Tsudoi (lễ 20 tuổi sau khi tuổi thành niên hạ xuống 18 từ 2022)	Nhị Thập Tuế
n2_basic_drafts	batch_0341_0350	R_0350	第四の権力	だいしのけんりょく	quyền lực thứ tư (ám chỉ truyền thông)	Đệ Tứ Quyền Lực
n2_basic_drafts	batch_0341_0350	R_0350	三権	さんけん	ba quyền (lập pháp, hành pháp, tư pháp)	Tam Quyền
n2_basic_drafts	batch_0341_0350	R_0350	中立性	ちゅうりつせい	tính trung lập	Trung Lập Tính
n2_basic_drafts	batch_0341_0350	R_0350	歪める	ゆがめる	làm méo mó, bóp méo	Oai
n2_basic_drafts	batch_0341_0350	R_0350	有権者	ゆうけんしゃ	cử tri, người có quyền bầu cử	Hữu Quyền Giả
n2_basic_drafts	batch_0341_0350	R_0350	メディアリテラシー	メディアリテラシー	năng lực truyền thông, khả năng đọc hiểu và đánh giá truyền thông	
n2_basic_drafts	batch_0341_0350	R_0350	言論統制	げんろんとうせい	kiểm soát ngôn luận	Ngôn Luận Thống Chế
n2_basic_drafts	batch_0341_0350	R_0350	編集権	へんしゅうけん	quyền biên tập	Biên Tập Quyền
n2_basic_drafts	batch_0341_0350	R_0350	濫用	らんよう	lạm dụng	Lạm Dụng
n2_basic_drafts	batch_0341_0350	R_0350	分断	ぶんだん	sự phân rẽ, chia cắt	Phân Đoạn
n2_basic_drafts	batch_0341_0350	R_0350	封じ込める	ふうじこめる	bịt miệng, phong tỏa, ngăn chặn	Phong Nhập
n2_basic_drafts	batch_0341_0350	R_0350	守護者	しゅごしゃ	người bảo vệ, người canh giữ	Thủ Hộ Giả
n2_basic_drafts	batch_0351_0360	R_0351	世代ギャップ	せだいギャップ	khoảng cách thế hệ	Thế Đại
n2_basic_drafts	batch_0351_0360	R_0351	摩擦	まさつ	ma sát, mâu thuẫn	Ma Sát
n2_basic_drafts	batch_0351_0360	R_0351	干渉	かんしょう	sự can thiệp	Kiền Thiệp
n2_basic_drafts	batch_0351_0360	R_0351	自己決定	じこけってい	tự quyết, tự quyết định	Tự Kỉ Quyết Định
n2_basic_drafts	batch_0351_0360	R_0351	老後	ろうご	cuộc sống sau khi về hưu, tuổi già	Lão Hậu
n2_basic_drafts	batch_0351_0360	R_0351	孤立	こりつ	sự cô lập	Cô Lập
n2_basic_drafts	batch_0351_0360	R_0351	絆	きずな	sợi dây gắn kết, tình cảm	Bán
n2_basic_drafts	batch_0351_0360	R_0351	折り合いをつける	おりあいをつける	tìm điểm chung, thỏa hiệp	Chiết Hợp
n2_basic_drafts	batch_0351_0360	R_0351	不可欠	ふかけつ	không thể thiếu	Bất Khả Khiếm
n2_basic_drafts	batch_0351_0360	R_0351	融合	ゆうごう	hợp nhất, kết hợp	Dung Hợp
n2_basic_drafts	batch_0351_0360	R_0351	イノベーション	イノベーション	đổi mới, sáng tạo (innovation)	
n2_basic_drafts	batch_0351_0360	R_0351	促す	うながす	thúc đẩy, khuyến khích	Xúc
n2_basic_drafts	batch_0351_0360	R_0352	メタバース	メタバース	metaverse, không gian ảo ba chiều trên internet	
n2_basic_drafts	batch_0351_0360	R_0352	アバター	アバター	avatar, hình đại diện ảo	
n2_basic_drafts	batch_0351_0360	R_0352	三次元	さんじげん	ba chiều (3D)	Tam Thứ Nguyên
n2_basic_drafts	batch_0351_0360	R_0352	乖離	かいり	sự xa cách, tách biệt	Quai Li
n2_basic_drafts	batch_0351_0360	R_0352	没頭する	ぼっとうする	đắm chìm vào, say mê hoàn toàn	Một Đầu
n2_basic_drafts	batch_0351_0360	R_0352	デジタルデバイド	デジタルデバイド	khoảng cách số, bất bình đẳng tiếp cận công nghệ	
n2_basic_drafts	batch_0351_0360	R_0352	インフラ整備	インフラせいび	xây dựng cơ sở hạ tầng	Chỉnh Bị
n2_basic_drafts	batch_0351_0360	R_0352	包括的	ほうかつてき	toàn diện, bao quát	Bao Quát Đích
n2_basic_drafts	batch_0351_0360	R_0352	倫理規範	りんりきはん	chuẩn mực đạo đức	Luân Lí Quy Phạm
n2_basic_drafts	batch_0351_0360	R_0352	山積する	さんせきする	chồng chất, tích lũy nhiều	San Tích
n2_basic_drafts	batch_0351_0360	R_0352	没入感	ぼつにゅうかん	cảm giác đắm chìm, độ immersive	Một Nhập Cảm
n2_basic_drafts	batch_0351_0360	R_0352	契機	けいき	dịp, cơ hội, nhân tố kích hoạt	Khế Ki
n2_basic_drafts	batch_0351_0360	R_0352	生成AI	せいせいエーアイ	AI tạo sinh (generative AI)	Sanh Thành
n2_basic_drafts	batch_0351_0360	R_0353	越境EC	えっきょうイーシー	thương mại điện tử xuyên biên giới (cross-border e-commerce)	Việt Cảnh
n2_basic_drafts	batch_0351_0360	R_0353	関税制度	かんぜいせいど	chế độ thuế quan	Quan Thuế Chế Độ
n2_basic_drafts	batch_0351_0360	R_0353	障壁	しょうへき	rào cản, chướng ngại	Chướng Bích
n2_basic_drafts	batch_0351_0360	R_0353	市場特性	しじょうとくせい	đặc tính thị trường	Thị Tràng Đặc Tính
n2_basic_drafts	batch_0351_0360	R_0353	物流	ぶつりゅう	logistics, luồng hàng hóa	Vật Lưu
n2_basic_drafts	batch_0351_0360	R_0353	偽造品	ぎぞうひん	hàng giả, hàng nhái	Ngụy Tạo Phẩm
n2_basic_drafts	batch_0351_0360	R_0353	越境移転	えっきょういてん	chuyển giao xuyên biên giới	Việt Cảnh Di Chuyển
n2_basic_drafts	batch_0351_0360	R_0353	法規制	ほうきせい	quy định pháp lý	Pháp Quy Chế
n2_basic_drafts	batch_0351_0360	R_0353	標準化	ひょうじゅんか	chuẩn hóa, tiêu chuẩn hóa	Tiêu Chuẩn Hóa
n2_basic_drafts	batch_0351_0360	R_0353	調和	ちょうわ	hài hòa, điều phối	Điều Hòa
n2_basic_drafts	batch_0351_0360	R_0353	身元確認	みもとかくにん	xác minh danh tính	Thân Nguyên Xác Nhận
n2_basic_drafts	batch_0351_0360	R_0353	持続可能	じぞくかのう	bền vững (sustainable)	Trì Tục Khả Năng
n2_basic_drafts	batch_0351_0360	R_0354	祭典	さいてん	lễ hội, lễ điển (trang trọng)	Tế Điển
n2_basic_drafts	batch_0351_0360	R_0354	雪像	せつぞう	tượng tuyết	Tuyết Tượng
n2_basic_drafts	batch_0351_0360	R_0354	催し	もよおし	sự kiện, buổi tổ chức	Thôi
n2_basic_drafts	batch_0351_0360	R_0354	来場者	らいじょうしゃ	người đến tham dự	Lai Tràng Giả
n2_basic_drafts	batch_0351_0360	R_0354	目玉	めだま	điểm nhấn, điểm hút khách	Mục Ngọc
n2_basic_drafts	batch_0351_0360	R_0354	自衛隊員	じえいたいいん	quân nhân lực lượng phòng vệ	Tự Vệ Đội Viên
n2_basic_drafts	batch_0351_0360	R_0354	費やされる	ついやされる	bị tiêu tốn, bị dùng hết (thụ động)	Phí
n2_basic_drafts	batch_0351_0360	R_0354	多岐にわたる	たきにわたる	trải rộng trên nhiều lĩnh vực, rất đa dạng	Đa Kì
n2_basic_drafts	batch_0351_0360	R_0354	恩恵	おんけい	ân huệ, lợi ích, phúc lợi	Ân Huệ
n2_basic_drafts	batch_0351_0360	R_0354	軒を連ねる	のきをつらねる	san sát nhau (nói về hàng quán)	Hiên Liên
n2_basic_drafts	batch_0351_0360	R_0354	多文化共生	たぶんかきょうせい	giao lưu đa văn hóa, sống chung đa văn hóa	Đa Văn Hóa Cộng Sanh
n2_basic_drafts	batch_0351_0360	R_0354	人工雪	じんこうゆき	tuyết nhân tạo	Nhân Công Tuyết
n2_basic_drafts	batch_0351_0360	R_0354	連帯	れんたい	sự đoàn kết, liên đới	Liên Đới
n2_basic_drafts	batch_0351_0360	R_0354	創造力	そうぞうりょく	sức sáng tạo	Sang Tạo Lực
n2_basic_drafts	batch_0351_0360	R_0355	一大関門	いちだいかんもん	cửa ải lớn, thử thách quan trọng	Nhất Đại Quan Môn
n2_basic_drafts	batch_0351_0360	R_0355	厳しい	きびしい	gian khổ, nghiêm khắc	Nghiêm
n2_basic_drafts	batch_0351_0360	R_0355	過度な	かどな	quá mức, thái quá	Quá Độ
n2_basic_drafts	batch_0351_0360	R_0355	学歴社会	がくれきしゃかい	xã hội coi trọng bằng cấp	Học Lịch Xã Hội
n2_basic_drafts	batch_0351_0360	R_0355	自己否定	じこひてい	phủ nhận bản thân	Tự Kỉ Phủ Định
n2_basic_drafts	batch_0351_0360	R_0355	画一的	かくいつてき	đồng nhất, một chiều, rập khuôn	Họa Nhất Đích
n2_basic_drafts	batch_0351_0360	R_0355	合否の判定	ごうひのはんてい	xét kết quả đỗ trượt	Hợp Phủ Phán Định
n2_basic_drafts	batch_0351_0360	R_0355	進路	しんろ	con đường tương lai, định hướng	Tiến Lộ
n2_basic_drafts	batch_0351_0360	R_0355	整備	せいび	xây dựng, chuẩn bị, tổ chức	Chỉnh Bị
n2_basic_drafts	batch_0351_0360	R_0355	推薦入試	すいせんにゅうし	tuyển sinh theo hình thức giới thiệu/tuyển thẳng	Thôi Tiến Nhập Thí
n2_basic_drafts	batch_0351_0360	R_0355	相いれない	あいいれない	không tương thích, không hòa hợp	Tương
n2_basic_drafts	batch_0351_0360	R_0355	計り知れない	はかりしれない	không thể đo lường được, vô cùng lớn	Kế Tri
n2_basic_drafts	batch_0351_0360	R_0356	急増	きゅうぞう	tăng nhanh, tăng đột biến	Cấp Tăng
n2_basic_drafts	batch_0351_0360	R_0356	達成感	たっせいかん	cảm giác thành tựu	Đạt Thành Cảm
n2_basic_drafts	batch_0351_0360	R_0356	エンドルフィン	エンドルフィン	endorphin (chất dẫn truyền thần kinh)	
n2_basic_drafts	batch_0351_0360	R_0356	分泌	ぶんぴつ	sự tiết ra (hormone, chất)	Phân Bí
n2_basic_drafts	batch_0351_0360	R_0356	高揚	こうよう	nâng cao, hưng phấn	Cao Dương
n2_basic_drafts	batch_0351_0360	R_0356	思い込み	おもいこみ	suy nghĩ cố chấp, định kiến	Tư Nhập
n2_basic_drafts	batch_0351_0360	R_0356	障壁	しょうへき	rào cản	Chướng Bích
n2_basic_drafts	batch_0351_0360	R_0356	一石二鳥	いっせきにちょう	nhất cử lưỡng tiện	Nhất Thạch Nhị Điểu
n2_basic_drafts	batch_0351_0360	R_0356	忍耐力	にんたいりょく	sức chịu đựng, lòng kiên nhẫn	Nhẫn Nại Lực
n2_basic_drafts	batch_0351_0360	R_0356	多忙	たぼう	bận rộn	Đa Mang
n2_basic_drafts	batch_0351_0360	R_0356	恩恵	おんけい	ân huệ, lợi ích	Ân Huệ
n2_basic_drafts	batch_0351_0360	R_0356	対処能力	たいしょのうりょく	khả năng đối phó, xử lý	Đối Xứ Năng Lực
n2_basic_drafts	batch_0351_0360	R_0357	燃え尽き症候群	もえつきしょうこうぐん	hội chứng kiệt sức (burnout)	Nhiên Tẫn Chứng Hậu Quần
n2_basic_drafts	batch_0351_0360	R_0357	過労	かろう	làm việc quá sức, lao động quá mức	Quá Lao
n2_basic_drafts	batch_0351_0360	R_0357	消耗	しょうもう	tiêu hao, cạn kiệt	Tiêu Háo
n2_basic_drafts	batch_0351_0360	R_0357	教壇	きょうだん	bục giảng	Giáo Đàn
n2_basic_drafts	batch_0351_0360	R_0357	使命感	しめいかん	cảm giác sứ mệnh, ý thức trách nhiệm	Sử Mệnh Cảm
n2_basic_drafts	batch_0351_0360	R_0357	投げやり	なげやり	buông xuôi, thiếu trách nhiệm	Đầu
n2_basic_drafts	batch_0351_0360	R_0357	蓄積	ちくせき	tích lũy, tích tụ	Súc Tích
n2_basic_drafts	batch_0351_0360	R_0357	アイデンティティ	アイデンティティ	bản sắc, danh tính	
n2_basic_drafts	batch_0351_0360	R_0357	ピア・サポート	ピア・サポート	hỗ trợ đồng đẳng (peer support)	
n2_basic_drafts	batch_0351_0360	R_0357	ストレス耐性	ストレスたいせい	khả năng chịu đựng căng thẳng	Nại Tính
n2_basic_drafts	batch_0351_0360	R_0357	持続可能性	じぞくかのうせい	tính bền vững, khả năng duy trì	Trì Tục Khả Năng Tính
n2_basic_drafts	batch_0351_0360	R_0357	認識変革	にんしきへんかく	thay đổi nhận thức, cách mạng nhận thức	Nhận Thức Biến Cách
n2_basic_drafts	batch_0351_0360	R_0358	ヒートアイランド現象	ヒートアイランドげんしょう	hiện tượng đảo nhiệt đô thị	Hiện Tượng
n2_basic_drafts	batch_0351_0360	R_0358	蓄積	ちくせき	tích lũy, tích trữ	Súc Tích
n2_basic_drafts	batch_0351_0360	R_0358	放熱	ほうねつ	tỏa nhiệt, phát tán nhiệt	Phóng Nhiệt
n2_basic_drafts	batch_0351_0360	R_0358	排熱	はいねつ	nhiệt thải	Bài Nhiệt
n2_basic_drafts	batch_0351_0360	R_0358	複合的	ふくごうてき	phức hợp, đan xen nhiều yếu tố	Phức Hợp Đích
n2_basic_drafts	batch_0351_0360	R_0358	熱中症	ねっちゅうしょう	say nắng, sốc nhiệt	Nhiệt Trung Chứng
n2_basic_drafts	batch_0351_0360	R_0358	睡眠障害	すいみんしょうがい	rối loạn giấc ngủ	Thụy Miên Chướng Hại
n2_basic_drafts	batch_0351_0360	R_0358	緑化	りょっか	phủ xanh, trồng cây xanh	Lục Hóa
n2_basic_drafts	batch_0351_0360	R_0358	舗装材	ほそうざい	vật liệu lát đường	Phố Trang Tài
n2_basic_drafts	batch_0351_0360	R_0358	抜本的	ばっぽんてき	căn cơ, triệt để (giải quyết từ gốc rễ)	Bạt Bản Đích
n2_basic_drafts	batch_0351_0360	R_0358	透水性	とうすいせい	tính thấm nước	Thấu Thủy Tính
n2_basic_drafts	batch_0351_0360	R_0358	矮小化	わいしょうか	thu nhỏ tầm quan trọng, xem thường	Nụy Tiểu Hóa
n2_basic_drafts	batch_0351_0360	R_0358	喫緊	きっきん	cấp bách, khẩn cấp	Khiết Khẩn
n2_basic_drafts	batch_0351_0360	R_0358	実効性	じっこうせい	tính hiệu quả thực tế	Thực Hiệu Tính
n2_basic_drafts	batch_0351_0360	R_0359	波及する	はきゅうする	lan rộng, lan đến	Ba Cập
n2_basic_drafts	batch_0351_0360	R_0359	告発	こくはつ	tố cáo, cáo giác	Cáo Phát
n2_basic_drafts	batch_0351_0360	R_0359	事務次官	じむじかん	Thứ trưởng (chức vụ hành chính cấp cao)	Sự Vụ Thứ Quan
n2_basic_drafts	batch_0351_0360	R_0359	二次加害	にじかがい	thiệt hại thứ cấp, gây hại thêm cho nạn nhân	Nhị Thứ Gia Hại
n2_basic_drafts	batch_0351_0360	R_0359	バッシング	バッシング	công kích, chỉ trích dữ dội	
n2_basic_drafts	batch_0351_0360	R_0359	信憑性	しんぴょうせい	độ tin cậy, tính đáng tin	Tín Bằng Tính
n2_basic_drafts	batch_0351_0360	R_0359	権力構造	けんりょくこうぞう	cơ cấu quyền lực	Quyền Lực Cấu Tạo
n2_basic_drafts	batch_0351_0360	R_0359	社会規範	しゃかいきはん	chuẩn mực xã hội	Xã Hội Quy Phạm
n2_basic_drafts	batch_0351_0360	R_0359	法的救済	ほうてききゅうさい	cứu trợ pháp lý	Pháp Đích Cứu Tế
n2_basic_drafts	batch_0351_0360	R_0359	可視化	かしか	hiển thị hóa, làm cho thấy được	Khả Thị Hóa
n2_basic_drafts	batch_0351_0360	R_0359	一枚岩	いちまいいわ	đồng nhất, đoàn kết tuyệt đối (nghĩa bóng)	Nhất Mai Nham
n2_basic_drafts	batch_0351_0360	R_0359	虚偽告発	きょぎこくはつ	tố cáo giả, tố cáo sai sự thật	Hư Ngụy Cáo Phát
n2_basic_drafts	batch_0351_0360	R_0359	不同意性交等罪	ふどういせいこうとうざい	tội hiếp dâm phi đồng thuận (luật mới 2023)	Bất Đồng Ý Tính Giao Đẳng Tội
n2_basic_drafts	batch_0351_0360	R_0360	津波	つなみ	sóng thần	Tân Ba
n2_basic_drafts	batch_0351_0360	R_0360	甚大	じんだい	rất lớn, cực kỳ nghiêm trọng	Thậm Đại
n2_basic_drafts	batch_0351_0360	R_0360	壊滅的	かいめつてき	mang tính hủy diệt, tàn phá hoàn toàn	Hoại Diệt Đích
n2_basic_drafts	batch_0351_0360	R_0360	警報	けいほう	cảnh báo (khẩn cấp)	Cảnh Báo
n2_basic_drafts	batch_0351_0360	R_0360	発令	はつれい	ban hành, phát lệnh	Phát Lệnh
n2_basic_drafts	batch_0351_0360	R_0360	防災無線	ぼうさいむせん	hệ thống phát thanh không dây phòng chống thiên tai	Phòng Tai Vô Tuyến
n2_basic_drafts	batch_0351_0360	R_0360	警報慣れ	けいほうなれ	thói quen quen với cảnh báo (không còn phản ứng)	Cảnh Báo Quán
n2_basic_drafts	batch_0351_0360	R_0360	堤防	ていぼう	đê điều	Đê Phòng
n2_basic_drafts	batch_0351_0360	R_0360	要配慮者	ようはいりょしゃ	người cần quan tâm đặc biệt (người yếu thế)	Yếu Phối Lự Giả
n2_basic_drafts	batch_0351_0360	R_0360	油断	ゆだん	sự chủ quan, bất cẩn	Du Đoạn
n2_basic_drafts	batch_0351_0360	R_0360	広域的	こういきてき	trên diện rộng, quy mô rộng lớn	Quảng Vực Đích
n2_basic_drafts	batch_0351_0360	R_0360	両輪	りょうりん	hai bánh xe (ẩn dụ: hai yếu tố cần thiết song song)	Lưỡng Luân
n2_basic_drafts	batch_0351_0360	R_0360	南海トラフ地震臨時情報	なんかいトラフじしんりんじじょうほう	Thông tin Lâm thời về Động đất Rãnh Nankai (lần đầu phát 8/2024)	Nam Hải Địa Chấn Lâm Thì Tình Báo
n2_basic_drafts	batch_0361_0370	R_0361	無謀	むぼう	liều lĩnh, thiếu suy xét	Vô Mưu
n2_basic_drafts	batch_0361_0370	R_0361	転換を図る	てんかんをはかる	tìm cách chuyển đổi, mưu cầu sự chuyển hướng	Chuyển Hoán Đồ
n2_basic_drafts	batch_0361_0370	R_0361	修行を積む	しゅぎょうをつむ	tích lũy kinh nghiệm tu nghề, rèn luyện kỹ năng	Tu Hành Tích
n2_basic_drafts	batch_0361_0370	R_0361	やりがい	やりがい	sự thỏa mãn, ý nghĩa trong công việc	
n2_basic_drafts	batch_0361_0370	R_0361	覚悟	かくご	quyết tâm, sự chuẩn bị tâm lý	Giác Ngộ
n2_basic_drafts	batch_0361_0370	R_0361	試行錯誤	しこうさくご	thử nghiệm và sai sót, mò mẫm thử	Thí Hành Thác Ngộ
n2_basic_drafts	batch_0361_0370	R_0361	天職	てんしょく	thiên chức, công việc phù hợp với thiên phú	Thiên Chức
n2_basic_drafts	batch_0361_0370	R_0361	謙虚さ	けんきょさ	sự khiêm tốn	Khiêm Hư
n2_basic_drafts	batch_0361_0370	R_0361	マネジメント	マネジメント	quản lý (management)	
n2_basic_drafts	batch_0361_0370	R_0361	成否	せいひ	sự thành bại, thành công hay thất bại	Thành Phủ
n2_basic_drafts	batch_0361_0370	R_0361	通用する	つうようする	được áp dụng, được chấp nhận, có giá trị	Thông Dụng
n2_basic_drafts	batch_0361_0370	R_0361	比べ物にならない	くらべものにならない	không thể so sánh được, vượt trội hoàn toàn	Bỉ Vật
n2_basic_drafts	batch_0361_0370	R_0362	起源	きげん	nguồn gốc, khởi nguyên	Khởi Nguyên
n2_basic_drafts	batch_0361_0370	R_0362	古来	こらい	từ xưa, cổ xưa	Cổ Lai
n2_basic_drafts	batch_0361_0370	R_0362	融合	ゆうごう	hòa quyện, hợp nhất	Dung Hợp
n2_basic_drafts	batch_0361_0370	R_0362	建築的構造物	けんちくてきこうぞうぶつ	công trình kiến trúc	Kiến Trúc Đích Cấu Tạo Vật
n2_basic_drafts	batch_0361_0370	R_0362	抽象的	ちゅうしょうてき	trừu tượng	Trừu Tượng Đích
n2_basic_drafts	batch_0361_0370	R_0362	精密さ	せいみつさ	độ chính xác, tính tinh vi	Tinh Mật
n2_basic_drafts	batch_0361_0370	R_0362	曖昧	あいまい	mơ hồ, không rõ ràng	Ái Muội
n2_basic_drafts	batch_0361_0370	R_0362	不完全さ	ふかんぜんさ	sự không hoàn hảo	Bất Hoàn Toàn
n2_basic_drafts	batch_0361_0370	R_0362	工芸品	こうげいひん	đồ thủ công mỹ nghệ	Công Vân Phẩm
n2_basic_drafts	batch_0361_0370	R_0362	体現する	たいげんする	thể hiện, thể hiện bằng hành động	Thể Hiện
n2_basic_drafts	batch_0361_0370	R_0362	変容	へんよう	sự biến đổi, biến hóa	Biến Dung
n2_basic_drafts	batch_0361_0370	R_0362	制約	せいやく	sự ràng buộc, giới hạn	Chế Ước
n2_basic_drafts	batch_0361_0370	R_0362	革新	かくしん	cách tân, đổi mới	Cách Tân
n2_basic_drafts	batch_0361_0370	R_0362	再確認	さいかくにん	tái xác nhận, xác nhận lại	Tái Xác Nhận
n2_basic_drafts	batch_0361_0370	R_0363	禅定	ぜんじょう	thiền định (trạng thái tập trung thiền sâu)	Thiền Định
n2_basic_drafts	batch_0361_0370	R_0363	坐禅	ざぜん	tọa thiền (ngồi thiền theo phong cách Zen)	Tọa Thiền
n2_basic_drafts	batch_0361_0370	R_0363	悟り	さとり	giác ngộ	Ngộ
n2_basic_drafts	batch_0361_0370	R_0363	解脱	げだつ	giải thoát (thoát khỏi vòng luân hồi)	Giải Thoát
n2_basic_drafts	batch_0361_0370	R_0363	世俗的	せぞくてき	thế tục, trần thế	Thế Tục Đích
n2_basic_drafts	batch_0361_0370	R_0363	逸話	いつわ	giai thoại, câu chuyện nổi tiếng	Dật Thoại
n2_basic_drafts	batch_0361_0370	R_0363	散漫	さんまん	phân tán, không tập trung	Tán Mạn
n2_basic_drafts	batch_0361_0370	R_0363	内省	ないせい	tự soi xét, phản tư	Nội Tỉnh
n2_basic_drafts	batch_0361_0370	R_0363	共鳴	きょうめい	cộng hưởng, đồng cảm	Cộng Minh
n2_basic_drafts	batch_0361_0370	R_0363	修行	しゅぎょう	tu hành, rèn luyện tâm linh	Tu Hành
n2_basic_drafts	batch_0361_0370	R_0363	瞑想	めいそう	thiền định, suy tư sâu	Minh Tưởng
n2_basic_drafts	batch_0361_0370	R_0363	文脈	ぶんみゃく	bối cảnh, văn mạch	Văn Mạch
n2_basic_drafts	batch_0361_0370	R_0364	高齢化	こうれいか	lão hóa dân số	Cao Linh Hóa
n2_basic_drafts	batch_0361_0370	R_0364	介護現場	かいごげんば	hiện trường / môi trường chăm sóc	Giới Hộ Hiện Tràng
n2_basic_drafts	batch_0361_0370	R_0364	慢性的	まんせいてき	mãn tính, kéo dài	Mạn Tính Đích
n2_basic_drafts	batch_0361_0370	R_0364	移乗	いじょう	chuyển tư thế (từ giường sang xe lăn, v.v.)	Di Thừa
n2_basic_drafts	batch_0361_0370	R_0364	搭載する	とうさいする	trang bị, lắp đặt (thiết bị)	Đáp Tái
n2_basic_drafts	batch_0361_0370	R_0364	孤独感	こどくかん	cảm giác cô đơn	Cô Độc Cảm
n2_basic_drafts	batch_0361_0370	R_0364	共感	きょうかん	sự đồng cảm	Cộng Cảm
n2_basic_drafts	batch_0361_0370	R_0364	ハイブリッド介護	ハイブリッドかいご	chăm sóc lai (kết hợp robot + con người)	Giới Hộ
n2_basic_drafts	batch_0361_0370	R_0364	腰痛	ようつう	đau lưng, đau thắt lưng	Yêu Thống
n2_basic_drafts	batch_0361_0370	R_0364	補助金	ほじょきん	tiền trợ cấp, tiền hỗ trợ	Bổ Trợ Kim
n2_basic_drafts	batch_0361_0370	R_0364	超高齢社会	ちょうこうれいしゃかい	xã hội siêu già hóa (>21% dân số trên 65 tuổi)	Siêu Cao Linh Xã Hội
n2_basic_drafts	batch_0361_0370	R_0364	位置づける	いちづける	định vị, xác định vị trí vai trò	Vị Trí
n2_basic_drafts	batch_0361_0370	R_0364	模索する	もさくする	mò mẫm, tìm kiếm (giải pháp trong bóng tối)	Mô Tác
n2_basic_drafts	batch_0361_0370	R_0365	核家族化	かくかぞくか	xu hướng thu nhỏ gia đình (chỉ cha mẹ và con cái)	Hạch Gia Tộc Hóa
n2_basic_drafts	batch_0361_0370	R_0365	少子化	しょうしか	tình trạng tỷ lệ sinh giảm, ít trẻ em	Thiểu Tử Hóa
n2_basic_drafts	batch_0361_0370	R_0365	駆けつける	かけつける	chạy đến, vội đến	Khu
n2_basic_drafts	batch_0361_0370	R_0365	罪悪感	ざいあくかん	cảm giác tội lỗi	Tội Ác Cảm
n2_basic_drafts	batch_0361_0370	R_0365	把握する	はあくする	nắm bắt, nắm rõ	Bả Ác
n2_basic_drafts	batch_0361_0370	R_0365	帰省	きせい	về thăm quê, về nhà	Quy Tỉnh
n2_basic_drafts	batch_0361_0370	R_0365	介護保険	かいごほけん	bảo hiểm chăm sóc (người cao tuổi)	Giới Hộ Bảo Hiểm
n2_basic_drafts	batch_0361_0370	R_0365	自立心	じりつしん	tinh thần tự lập	Tự Lập Tâm
n2_basic_drafts	batch_0361_0370	R_0365	遠慮	えんりょ	sự e ngại, khách khí	Viễn Lự
n2_basic_drafts	batch_0361_0370	R_0365	自尊心	じそんしん	lòng tự trọng	Tự Tôn Tâm
n2_basic_drafts	batch_0361_0370	R_0365	尊重する	そんちょうする	tôn trọng	Tôn Trọng
n2_basic_drafts	batch_0361_0370	R_0365	絆	きずな	sợi dây gắn kết, tình thân	Bán
n2_basic_drafts	batch_0361_0370	R_0365	尊厳	そんげん	phẩm giá, nhân phẩm	Tôn Nghiêm
n2_basic_drafts	batch_0361_0370	R_0366	根付く	ねづく	ăn sâu bén rễ, trở nên phổ biến	Căn Phó
n2_basic_drafts	batch_0361_0370	R_0366	定時	ていじ	giờ quy định, đúng giờ	Định Thì
n2_basic_drafts	batch_0361_0370	R_0366	退社	たいしゃ	rời công ty, về nhà sau giờ làm	Thối Xã
n2_basic_drafts	batch_0361_0370	R_0366	暗黙のルール	あんもくのルール	quy tắc ngầm, luật bất thành văn	Ám Mặc
n2_basic_drafts	batch_0361_0370	R_0366	疲弊	ひへい	kiệt sức, suy kiệt	Bì Tệ
n2_basic_drafts	batch_0361_0370	R_0366	余儀なくされる	よぎなくされる	bị buộc phải, không còn lựa chọn nào khác	Dư Nghi
n2_basic_drafts	batch_0361_0370	R_0366	常態化	じょうたいか	trở thành thường lệ, bình thường hóa	Thường Thái Hóa
n2_basic_drafts	batch_0361_0370	R_0366	離職率	りしょくりつ	tỷ lệ nghỉ việc	Li Chức Suất
n2_basic_drafts	batch_0361_0370	R_0366	根性論	こんじょうろん	thuyết ý chí, tinh thần cố gắng kiểu cũ	Căn Tính Luận
n2_basic_drafts	batch_0361_0370	R_0366	忌避感	きひかん	sự e ngại, cảm giác muốn né tránh	Kị Tị Cảm
n2_basic_drafts	batch_0361_0370	R_0366	率先	そっせん	tiên phong, đi đầu	Suất Tiên
n2_basic_drafts	batch_0361_0370	R_0366	そぐわない	そぐわない	không phù hợp, không tương thích	
n2_basic_drafts	batch_0361_0370	R_0367	ジェンダーギャップ指数	ジェンダーギャップしすう	chỉ số khoảng cách giới	Chỉ Sổ
n2_basic_drafts	batch_0361_0370	R_0367	夫婦同姓	ふうふどうせい	quy định vợ chồng dùng cùng một họ	Phu Phụ Đồng Tính
n2_basic_drafts	batch_0361_0370	R_0367	改姓	かいせい	đổi họ	Cải Tính
n2_basic_drafts	batch_0361_0370	R_0367	選択的夫婦別姓	せんたくてきふうふべっせい	hệ thống cho phép vợ chồng tùy chọn giữ họ riêng	Tuyển Trạch Đích Phu Phụ Biệt Tính
n2_basic_drafts	batch_0361_0370	R_0367	クオータ制	クオータせい	chế độ hạn ngạch (quy định tỷ lệ tối thiểu nữ giới)	Chế
n2_basic_drafts	batch_0361_0370	R_0367	育児休業	いくじきゅうぎょう	nghỉ thai sản / nghỉ chăm sóc con	Dục Nhi Hưu Nghiệp
n2_basic_drafts	batch_0361_0370	R_0367	残存する	ざんそんする	tồn tại, còn sót lại	Tàn Tồn
n2_basic_drafts	batch_0361_0370	R_0367	批准	ひじゅん	phê chuẩn (điều ước quốc tế)	Phê Chuẩn
n2_basic_drafts	batch_0361_0370	R_0367	履行	りこう	thực hiện (nghĩa vụ)	Lí Hành
n2_basic_drafts	batch_0361_0370	R_0367	障壁	しょうへき	rào cản, chướng ngại	Chướng Bích
n2_basic_drafts	batch_0361_0370	R_0367	代表性	だいひょうせい	tính đại diện	Đại Biểu Tính
n2_basic_drafts	batch_0361_0370	R_0367	包括的	ほうかつてき	toàn diện, bao quát	Bao Quát Đích
n2_basic_drafts	batch_0361_0370	R_0368	円安	えんやす	đồng yên yếu (tỷ giá thấp)	Viên An
n2_basic_drafts	batch_0361_0370	R_0368	購買力	こうばいりょく	sức mua	Cấu Mãi Lực
n2_basic_drafts	batch_0361_0370	R_0368	訪日客	ほうにちきゃく	khách đến thăm Nhật Bản	Phóng Nhật Khách
n2_basic_drafts	batch_0361_0370	R_0368	価格転嫁	かかくてんか	chuyển chi phí lên giá bán	Giá Cách Chuyển Giá
n2_basic_drafts	batch_0361_0370	R_0368	余儀なくされる	よぎなくされる	bị buộc phải (không còn lựa chọn)	Dư Nghi
n2_basic_drafts	batch_0361_0370	R_0368	オーバーツーリズム	オーバーツーリズム	tình trạng quá tải du lịch	
n2_basic_drafts	batch_0361_0370	R_0368	分散化	ぶんさんか	sự phân tán, phân tán hóa	Phân Tán Hóa
n2_basic_drafts	batch_0361_0370	R_0368	脆弱性	ぜいじゃくせい	sự dễ tổn thương, tính yếu kém	Thúy Nhược Tính
n2_basic_drafts	batch_0361_0370	R_0368	為替相場	かわせそうば	tỷ giá hối đoái	Vi Thế Tương Tràng
n2_basic_drafts	batch_0361_0370	R_0368	インバウンド	インバウンド	nhu cầu/khách du lịch đến từ nước ngoài	
n2_basic_drafts	batch_0361_0370	R_0368	自治体	じちたい	chính quyền địa phương	Tự Trì Thể
n2_basic_drafts	batch_0361_0370	R_0368	持続可能	じぞくかのう	bền vững, có thể duy trì	Trì Tục Khả Năng
n2_basic_drafts	batch_0361_0370	R_0369	知名度	ちめいど	độ nổi tiếng, mức độ được biết đến	Tri Danh Độ
n2_basic_drafts	batch_0361_0370	R_0369	帰属意識	きぞくいしき	ý thức gắn bó, ý thức thuộc về	Quy Chúc Ý Thức
n2_basic_drafts	batch_0361_0370	R_0369	再評価	さいひょうか	đánh giá lại	Tái Bình Giá
n2_basic_drafts	batch_0361_0370	R_0369	固定化	こていか	sự cố định hóa	Cố Định Hóa
n2_basic_drafts	batch_0361_0370	R_0369	継承	けいしょう	sự kế thừa, tiếp nối	Kế Thừa
n2_basic_drafts	batch_0361_0370	R_0369	媒介	ばいかい	cầu nối, trung gian	Môi Giới
n2_basic_drafts	batch_0361_0370	R_0369	優劣	ゆうれつ	hơn kém, thứ bậc tốt xấu	Ưu Liệt
n2_basic_drafts	batch_0361_0370	R_0369	地層	ちそう	tầng địa chất, lớp nền	Địa Tằng
n2_basic_drafts	batch_0361_0370	R_0369	共同体	きょうどうたい	cộng đồng	Cộng Đồng Thể
n2_basic_drafts	batch_0361_0370	R_0369	語彙	ごい	từ vựng	Ngữ Vị
n2_basic_drafts	batch_0361_0370	R_0369	イントネーション	イントネーション	ngữ điệu	
n2_basic_drafts	batch_0361_0370	R_0369	文脈	ぶんみゃく	bối cảnh, văn cảnh	Văn Mạch
n2_basic_drafts	batch_0361_0370	R_0370	仲居	なかい	người hầu phòng nữ trong ryokan	Trọng Cư
n2_basic_drafts	batch_0361_0370	R_0370	献立	こんだて	thực đơn	Hiến Lập
n2_basic_drafts	batch_0361_0370	R_0370	板前	いたまえ	đầu bếp Nhật truyền thống	Bản Tiền
n2_basic_drafts	batch_0361_0370	R_0370	調度品	ちょうどひん	đồ vật trang trí, nội thất	Điều Độ Phẩm
n2_basic_drafts	batch_0361_0370	R_0370	床の間	とこのま	tokonoma — khoảng lõm trang trí trên tường trong phòng Nhật	Sàng Gian
n2_basic_drafts	batch_0361_0370	R_0370	障子	しょうじ	cửa kéo giấy truyền thống Nhật	Chướng Tử
n2_basic_drafts	batch_0361_0370	R_0370	設える	しつらえる	sắp xếp, bày trí (có chủ ý)	Thiết
n2_basic_drafts	batch_0361_0370	R_0370	泉質	せんしつ	chất lượng nước khoáng (suối nóng)	Tuyền Chất
n2_basic_drafts	batch_0361_0370	R_0370	担い手	にないて	người đảm nhận, người kế thừa	Đam Thủ
n2_basic_drafts	batch_0361_0370	R_0370	後継者	こうけいしゃ	người kế thừa, người kế nhiệm	Hậu Kế Giả
n2_basic_drafts	batch_0361_0370	R_0370	継承	けいしょう	sự kế thừa, truyền lại	Kế Thừa
n2_basic_drafts	batch_0361_0370	R_0370	格上げ	かくあげ	nâng tầm, nâng cấp	Cách Thượng
n2_basic_drafts	batch_0371_0380	R_0371	沿線	えんせん	dọc tuyến (đường sắt, đường bộ)	Duyên Tuyến
n2_basic_drafts	batch_0371_0380	R_0371	往来	おうらい	sự đi lại, qua lại	Vãng Lai
n2_basic_drafts	batch_0371_0380	R_0371	業務効率	ぎょうむこうりつ	hiệu quả công việc	Nghiệp Vụ Hiệu Suất
n2_basic_drafts	batch_0371_0380	R_0371	格段に	かくだんに	rõ rệt, đáng kể	Cách Đoạn
n2_basic_drafts	batch_0371_0380	R_0371	活性化	かっせいか	sự sôi động, hoạt hóa	Hoạt Tính Hóa
n2_basic_drafts	batch_0371_0380	R_0371	交通弱者	こうつうじゃくしゃ	người dễ bị thiệt thòi về giao thông (người già, khuyết tật)	Giao Thông Nhược Giả
n2_basic_drafts	batch_0371_0380	R_0371	費用対効果	ひようたいこうか	hiệu quả chi phí, cost-benefit	Phí Dụng Đối Hiệu Quả
n2_basic_drafts	batch_0371_0380	R_0371	整備新幹線	せいびしんかんせん	kế hoạch mở rộng tuyến Shinkansen	Chỉnh Bị Tân Cán Tuyến
n2_basic_drafts	batch_0371_0380	R_0371	起爆剤	きばくざい	đòn bẩy, chất xúc tác (ví như thuốc nổ kích hoạt)	Khởi Bạo Tễ
n2_basic_drafts	batch_0371_0380	R_0371	まちづくり	まちづくり	xây dựng đô thị, phát triển cộng đồng địa phương	
n2_basic_drafts	batch_0371_0380	R_0371	格差の是正	かくさのぜせい	thu hẹp chênh lệch, khắc phục bất bình đẳng	Cách Soa Thị Chánh
n2_basic_drafts	batch_0371_0380	R_0371	契機	けいき	cơ hội, bước ngoặt, dịp	Khế Ki
n2_basic_drafts	batch_0371_0380	R_0372	心臓血管疾患	しんぞうけっかんしっかん	bệnh tim mạch	Tâm Tạng Huyết Quản Tật Hoạn
n2_basic_drafts	batch_0371_0380	R_0372	副腎皮質	ふくじんひしつ	vỏ tuyến thượng thận	Phó Thận Bì Chất
n2_basic_drafts	batch_0371_0380	R_0372	コルチゾール	コルチゾール	cortisol (hormone căng thẳng)	
n2_basic_drafts	batch_0371_0380	R_0372	炎症反応	えんしょうはんのう	phản ứng viêm	Viêm Chứng Phản Ứng
n2_basic_drafts	batch_0371_0380	R_0372	心筋梗塞	しんきんこうそく	nhồi máu cơ tim	Tâm Cân Cương Tắc
n2_basic_drafts	batch_0371_0380	R_0372	自律神経	じりつしんけい	thần kinh tự chủ	Tự Luật Thần Kinh
n2_basic_drafts	batch_0371_0380	R_0372	認知行動療法	にんちこうどうりょうほう	liệu pháp nhận thức hành vi	Nhận Tri Hành Động Liệu Pháp
n2_basic_drafts	batch_0371_0380	R_0372	副交感神経系	ふくこうかんしんけいけい	hệ thần kinh phó giao cảm	Phó Giao Cảm Thần Kinh Hệ
n2_basic_drafts	batch_0371_0380	R_0372	血小板凝集	けっしょうばんぎょうしゅう	kết tập tiểu cầu	Huyết Tiểu Bản Ngưng Tập
n2_basic_drafts	batch_0371_0380	R_0372	動脈硬化	どうみゃくこうか	xơ vữa động mạch	Động Mạch Ngạnh Hóa
n2_basic_drafts	batch_0371_0380	R_0372	遺伝的素因	いでんてきそいん	khuynh hướng di truyền	Di Truyền Đích Tố Nhân
n2_basic_drafts	batch_0371_0380	R_0372	摩擦	まさつ	mâu thuẫn, xung đột (trong quan hệ)	Ma Sát
n2_basic_drafts	batch_0371_0380	R_0373	婚活	こんかつ	hoạt động tìm kiếm bạn đời để kết hôn	Hôn Hoạt
n2_basic_drafts	batch_0371_0380	R_0373	少子化	しょうしか	tình trạng sinh ít con, tỷ lệ sinh giảm	Thiểu Tử Hóa
n2_basic_drafts	batch_0371_0380	R_0373	非正規雇用	ひせいきこよう	việc làm phi chính thức, bán thời gian	Phi Chánh Quy Cố Dụng
n2_basic_drafts	batch_0371_0380	R_0373	成婚率	せいこんりつ	tỷ lệ kết hôn thành công	Thành Hôn Suất
n2_basic_drafts	batch_0371_0380	R_0373	結婚相談所	けっこんそうだんじょ	trung tâm mai mối, tư vấn hôn nhân	Kết Hôn Tương Đàm Sở
n2_basic_drafts	batch_0371_0380	R_0373	街コン	まちコン	tiệc gặp gỡ tập thể tổ chức ở khu vực nhất định	Nhai
n2_basic_drafts	batch_0371_0380	R_0373	葛藤	かっとう	sự giằng co nội tâm, mâu thuẫn tâm lý	Cát Đằng
n2_basic_drafts	batch_0371_0380	R_0373	焦り	あせり	sự lo lắng, sự sốt ruột	Tiêu
n2_basic_drafts	batch_0371_0380	R_0373	当事者	とうじしゃ	đương sự, người liên quan trực tiếp	Đương Sự Giả
n2_basic_drafts	batch_0371_0380	R_0373	自ずと	おのずと	tự nhiên, một cách tự nhiên	Tự
n2_basic_drafts	batch_0371_0380	R_0373	構造的	こうぞうてき	mang tính cấu trúc	Cấu Tạo Đích
n2_basic_drafts	batch_0371_0380	R_0373	矛盾	むじゅん	mâu thuẫn	Mâu Thuẫn
n2_basic_drafts	batch_0371_0380	R_0373	スペック	スペック	thông số kỹ thuật; điều kiện (ngoại hình, học vấn, thu nhập) khi chọn bạn đời	
n2_basic_drafts	batch_0371_0380	R_0374	文化輸出	ぶんかゆしゅつ	xuất khẩu văn hoá	Văn Hóa Thâu Xuất
n2_basic_drafts	batch_0371_0380	R_0374	計り知れない	はかりしれない	không thể đo lường hết, vô cùng lớn	Kế Tri
n2_basic_drafts	batch_0371_0380	R_0374	コマ割り	コマわり	cách phân trang/phân ô trong manga	Cát
n2_basic_drafts	batch_0371_0380	R_0374	擬音語	ぎおんご	từ tượng thanh	Nghĩ Âm Ngữ
n2_basic_drafts	batch_0371_0380	R_0374	感情移入	かんじょういにゅう	sự đồng cảm, đặt mình vào hoàn cảnh nhân vật	Cảm Tình Di Nhập
n2_basic_drafts	batch_0371_0380	R_0374	芸術形式	げいじゅつけいしき	hình thức nghệ thuật	Vân Thuật Hình Thức
n2_basic_drafts	batch_0371_0380	R_0374	クールジャパン	クールジャパン	Cool Japan (chiến lược xúc tiến văn hoá Nhật Bản ra nước ngoài)	
n2_basic_drafts	batch_0371_0380	R_0374	行政主導	ぎょうせいしゅどう	do chính quyền dẫn dắt/chủ trì	Hành Chánh Chủ Đạo
n2_basic_drafts	batch_0371_0380	R_0374	文化振興	ぶんかしんこう	xúc tiến/phát triển văn hoá	Văn Hóa Chấn Hưng
n2_basic_drafts	batch_0371_0380	R_0374	民間のクリエイター	みんかんのクリエイター	nhà sáng tạo tư nhân	Dân Gian
n2_basic_drafts	batch_0371_0380	R_0374	紙媒体	かみばいたい	phương tiện in giấy	Chỉ Môi Thể
n2_basic_drafts	batch_0371_0380	R_0374	後押し	あとおし	thúc đẩy, hỗ trợ từ phía sau	Hậu Áp
n2_basic_drafts	batch_0371_0380	R_0375	懐石料理	かいせきりょうり	ẩm thực kaiseki (ẩm thực truyền thống Nhật Bản phục vụ trong trà đạo)	Hoài Thạch Liêu Lí
n2_basic_drafts	batch_0371_0380	R_0375	料亭	りょうてい	nhà hàng Nhật Bản cao cấp truyền thống	Liêu Đình
n2_basic_drafts	batch_0371_0380	R_0375	醍醐味	だいごみ	tinh hoa, thú vị thực sự, điều tinh túy nhất	Đề Cô Vị
n2_basic_drafts	batch_0371_0380	R_0375	盛り付け	もりつけ	cách trang trí, bày biện món ăn	Thịnh Phó
n2_basic_drafts	batch_0371_0380	R_0375	飾り切り	かざりきり	kỹ thuật cắt tỉa trang trí thực phẩm	Sức Thiết
n2_basic_drafts	batch_0371_0380	R_0375	一汁三菜	いちじゅうさんさい	cấu trúc bữa ăn truyền thống: một súp ba món	Nhất Trấp Tam Thái
n2_basic_drafts	batch_0371_0380	R_0375	一期一会	いちごいちえ	nhất kỳ nhất hội (trân trọng từng cuộc gặp gỡ như duy nhất trong đời)	Nhất Kì Nhất Hội
n2_basic_drafts	batch_0371_0380	R_0375	無形文化遺産	むけいぶんかいさん	di sản văn hóa phi vật thể	Vô Hình Văn Hóa Di Sản
n2_basic_drafts	batch_0371_0380	R_0375	和食	わしょく	ẩm thực truyền thống Nhật Bản	Hòa Thực
n2_basic_drafts	batch_0371_0380	R_0375	松茸	まつたけ	nấm matsutake (nấm thông cao cấp Nhật Bản)	Tùng Nhung
n2_basic_drafts	batch_0371_0380	R_0375	鱧	はも	cá hamo (loài cá lươn biển, đặc sản mùa hè Kyoto)	Lễ
n2_basic_drafts	batch_0371_0380	R_0375	間合い	まあい	khoảng cách, nhịp điệu không gian trong nghệ thuật	Gian Hợp
n2_basic_drafts	batch_0371_0380	R_0376	人口移動	じんこういどう	di dân, di chuyển dân số	Nhân Khẩu Di Động
n2_basic_drafts	batch_0371_0380	R_0376	柔軟性	じゅうなんせい	tính linh hoạt, mềm dẻo	Nhu Nhuyễn Tính
n2_basic_drafts	batch_0371_0380	R_0376	乖離	かいり	sự chênh lệch, khoảng cách, tách biệt	Quai Li
n2_basic_drafts	batch_0371_0380	R_0376	セミリンガル	セミリンガル	bán song ngữ (thành thạo nửa vời ở cả hai ngôn ngữ)	
n2_basic_drafts	batch_0371_0380	R_0376	母語保持教室	ぼごほじきょうしつ	lớp học giữ gìn tiếng mẹ đẻ (dành cho trẻ em đa văn hóa)	Mẫu Ngữ Bảo Trì Giáo Thất
n2_basic_drafts	batch_0371_0380	R_0376	アイデンティティ	アイデンティティ	bản sắc, danh tính	
n2_basic_drafts	batch_0371_0380	R_0376	肯定する	こうていする	khẳng định, công nhận	Khẳng Định
n2_basic_drafts	batch_0371_0380	R_0376	操る	あやつる	sử dụng thành thạo, điều khiển	Thao
n2_basic_drafts	batch_0371_0380	R_0376	情緒的	じょうちょてき	thuộc về cảm xúc, tình cảm	Tình Tự Đích
n2_basic_drafts	batch_0371_0380	R_0376	体制	たいせい	hệ thống, cơ chế, thể chế	Thể Chế
n2_basic_drafts	batch_0371_0380	R_0376	橋渡し	はしわたし	làm cầu nối, trung gian	Kiều Độ
n2_basic_drafts	batch_0371_0380	R_0376	習熟度	しゅうじゅくど	mức độ thành thạo, trình độ thực hành	Tập Thục Độ
n2_basic_drafts	batch_0371_0380	R_0377	ひとり親世帯	ひとりおやせたい	hộ gia đình đơn thân	Thân Thế Đới
n2_basic_drafts	batch_0371_0380	R_0377	相対的貧困率	そうたいてきひんこんりつ	tỷ lệ nghèo tương đối	Tương Đối Đích Bần Khốn Suất
n2_basic_drafts	batch_0371_0380	R_0377	非正規雇用	ひせいきこよう	lao động phi chính thức, hợp đồng không ổn định	Phi Chánh Quy Cố Dụng
n2_basic_drafts	batch_0371_0380	R_0377	賃金格差	ちんぎんかくさ	khoảng cách lương	Nhẫm Kim Cách Soa
n2_basic_drafts	batch_0371_0380	R_0377	保育施設	ほいくしせつ	cơ sở giữ trẻ, nhà trẻ	Bảo Dục Thi Thiết
n2_basic_drafts	batch_0371_0380	R_0377	貧困の連鎖	ひんこんのれんさ	vòng xoáy nghèo đói, chuỗi nghèo liên thế hệ	Bần Khốn Liên Tỏa
n2_basic_drafts	batch_0371_0380	R_0377	就労制度	しゅうろうせいど	chế độ lao động, chính sách làm việc	Tựu Lao Chế Độ
n2_basic_drafts	batch_0371_0380	R_0377	孤立	こりつ	sự cô lập, đơn độc	Cô Lập
n2_basic_drafts	batch_0371_0380	R_0377	断絶	だんぜつ	sự đứt gãy, cắt đứt	Đoạn Tuyệt
n2_basic_drafts	batch_0371_0380	R_0377	当事者	とうじしゃ	người trong cuộc, đương sự	Đương Sự Giả
n2_basic_drafts	batch_0371_0380	R_0377	持続可能性	じぞくかのうせい	tính bền vững	Trì Tục Khả Năng Tính
n2_basic_drafts	batch_0371_0380	R_0377	多岐にわたる	たきにわたる	trải rộng, đa dạng, phong phú	Đa Kì
n2_basic_drafts	batch_0371_0380	R_0378	病原体	びょうげんたい	mầm bệnh, tác nhân gây bệnh	Bệnh Nguyên Thể
n2_basic_drafts	batch_0371_0380	R_0378	免疫老化	めんえきろうか	lão hoá miễn dịch	Miễn Dịch Lão Hóa
n2_basic_drafts	batch_0371_0380	R_0378	T細胞	ティーさいぼう	tế bào T (loại tế bào lympho quan trọng)	Tế Bào
n2_basic_drafts	batch_0371_0380	R_0378	リンパ球	リンパきゅう	tế bào lympho	Cầu
n2_basic_drafts	batch_0371_0380	R_0378	炎症老化	えんしょうろうか	viêm lão hoá (inflammaging)	Viêm Chứng Lão Hóa
n2_basic_drafts	batch_0371_0380	R_0378	動脈硬化	どうみゃくこうか	xơ vữa động mạch	Động Mạch Ngạnh Hóa
n2_basic_drafts	batch_0371_0380	R_0378	認知症	にんちしょう	chứng mất trí nhớ, sa sút trí tuệ	Nhận Tri Chứng
n2_basic_drafts	batch_0371_0380	R_0378	肺炎球菌	はいえんきゅうきん	phế cầu khuẩn	Phế Viêm Cầu Khuẩn
n2_basic_drafts	batch_0371_0380	R_0378	慢性的	まんせいてき	mãn tính	Mạn Tính Đích
n2_basic_drafts	batch_0371_0380	R_0378	多様性	たようせい	tính đa dạng	Đa Dạng Tính
n2_basic_drafts	batch_0371_0380	R_0378	排除	はいじょ	loại bỏ, loại trừ	Bài Trừ
n2_basic_drafts	batch_0371_0380	R_0378	健康長寿	けんこうちょうじゅ	sức khoẻ và tuổi thọ, trường thọ khoẻ mạnh	Kiện Khang Trường Thọ
n2_basic_drafts	batch_0371_0380	R_0379	カーボンニュートラル	カーボンニュートラル	trung hòa carbon	
n2_basic_drafts	batch_0371_0380	R_0379	温室効果ガス	おんしつこうかガス	khí nhà kính	Ôn Thất Hiệu Quả
n2_basic_drafts	batch_0371_0380	R_0379	排出量	はいしゅつりょう	lượng phát thải	Bài Xuất Lượng
n2_basic_drafts	batch_0371_0380	R_0379	吸収量	きゅうしゅうりょう	lượng hấp thụ	Hấp Thu Lượng
n2_basic_drafts	batch_0371_0380	R_0379	再生可能エネルギー	さいせいかのうエネルギー	năng lượng tái tạo	Tái Sanh Khả Năng
n2_basic_drafts	batch_0371_0380	R_0379	化石燃料	かせきねんりょう	nhiên liệu hóa thạch	Hóa Thạch Nhiên Liêu
n2_basic_drafts	batch_0371_0380	R_0379	蓄電技術	ちくでんぎじゅつ	công nghệ lưu trữ điện	Súc Điện Kĩ Thuật
n2_basic_drafts	batch_0371_0380	R_0379	DAC技術	ディーエーシーぎじゅつ	công nghệ thu giữ carbon trực tiếp từ khí quyển	Kĩ Thuật
n2_basic_drafts	batch_0371_0380	R_0379	障壁	しょうへき	rào cản, trở ngại	Chướng Bích
n2_basic_drafts	batch_0371_0380	R_0379	構造転換	こうぞうてんかん	tái cơ cấu, chuyển đổi cơ cấu	Cấu Tạo Chuyển Hoán
n2_basic_drafts	batch_0371_0380	R_0379	新興国	しんこうこく	nước đang phát triển, nền kinh tế mới nổi	Tân Hưng Quốc
n2_basic_drafts	batch_0371_0380	R_0379	先進国	せんしんこく	nước phát triển	Tiên Tiến Quốc
n2_basic_drafts	batch_0371_0380	R_0379	複合的	ふくごうてき	phức hợp, đa chiều	Phức Hợp Đích
n2_basic_drafts	batch_0371_0380	R_0380	少子高齢化	しょうしこうれいか	già hóa dân số và tỷ lệ sinh thấp	Thiểu Tử Cao Linh Hóa
n2_basic_drafts	batch_0371_0380	R_0380	生産年齢人口	せいさんねんれいじんこう	dân số trong độ tuổi lao động	Sanh Sản Niên Linh Nhân Khẩu
n2_basic_drafts	batch_0371_0380	R_0380	社会保障制度	しゃかいほしょうせいど	hệ thống an sinh xã hội	Xã Hội Bảo Chướng Chế Độ
n2_basic_drafts	batch_0371_0380	R_0380	持続可能性	じぞくかのうせい	tính bền vững	Trì Tục Khả Năng Tính
n2_basic_drafts	batch_0371_0380	R_0380	労働参加率	ろうどうさんかりつ	tỷ lệ tham gia lao động	Lao Động Tham Gia Suất
n2_basic_drafts	batch_0371_0380	R_0380	表裏一体	ひょうりいったい	gắn liền với nhau như hai mặt của một vấn đề	Biểu Lí Nhất Thể
n2_basic_drafts	batch_0371_0380	R_0380	介護費用	かいごひよう	chi phí chăm sóc điều dưỡng	Giới Hộ Phí Dụng
n2_basic_drafts	batch_0371_0380	R_0380	財政	ざいせい	tài chính nhà nước, ngân sách	Tài Chánh
n2_basic_drafts	batch_0371_0380	R_0380	出生率	しゅっしょうりつ	tỷ lệ sinh	Xuất Sanh Suất
n2_basic_drafts	batch_0371_0380	R_0380	育児休業	いくじきゅうぎょう	nghỉ phép chăm sóc con cái	Dục Nhi Hưu Nghiệp
n2_basic_drafts	batch_0371_0380	R_0380	緩和	かんわ	giảm nhẹ, làm dịu	Hoãn Hòa
n2_basic_drafts	batch_0371_0380	R_0380	模索	もさく	tìm kiếm, dò tìm	Mô Tác
n2_basic_drafts	batch_0381_0390	R_0381	自動運転	じどううんてん	lái xe tự động	Tự Động Vận Chuyển
n2_basic_drafts	batch_0381_0390	R_0381	遂げる	とげる	đạt được, hoàn thành (thường dùng với 発展・進歩)	Toại
n2_basic_drafts	batch_0381_0390	R_0381	介入	かいにゅう	sự can thiệp	Giới Nhập
n2_basic_drafts	batch_0381_0390	R_0381	起因する	きいんする	xuất phát từ, có nguyên nhân từ	Khởi Nhân
n2_basic_drafts	batch_0381_0390	R_0381	緩和	かんわ	sự giảm nhẹ, nới lỏng	Hoãn Hòa
n2_basic_drafts	batch_0381_0390	R_0381	脆弱性	ぜいじゃくせい	tính dễ bị tổn thương, lỗ hổng	Thúy Nhược Tính
n2_basic_drafts	batch_0381_0390	R_0381	遠隔操作	えんかくそうさ	điều khiển từ xa	Viễn Cách Thao Tác
n2_basic_drafts	batch_0381_0390	R_0381	根強い	ねづよい	dai dẳng, ăn sâu, khó xóa bỏ	Căn Cường
n2_basic_drafts	batch_0381_0390	R_0381	少子高齢化	しょうしこうれいか	già hóa dân số kèm giảm tỉ lệ sinh	Thiểu Tử Cao Linh Hóa
n2_basic_drafts	batch_0381_0390	R_0381	物流	ぶつりゅう	hệ thống logistics, luồng vật chất	Vật Lưu
n2_basic_drafts	batch_0381_0390	R_0381	標準化	ひょうじゅんか	chuẩn hóa	Tiêu Chuẩn Hóa
n2_basic_drafts	batch_0381_0390	R_0381	社会実装	しゃかいじっそう	triển khai vào xã hội, áp dụng thực tế vào xã hội	Xã Hội Thực Trang
n2_basic_drafts	batch_0381_0390	R_0382	国技	こくぎ	môn thể thao quốc gia	Quốc Kĩ
n2_basic_drafts	batch_0381_0390	R_0382	神事	しんじ	nghi lễ thần đạo	Thần Sự
n2_basic_drafts	batch_0381_0390	R_0382	豊作	ほうさく	mùa màng bội thu	Phong Tác
n2_basic_drafts	batch_0381_0390	R_0382	所作	しょさ	cử chỉ, động tác	Sở Tác
n2_basic_drafts	batch_0381_0390	R_0382	土俵	どひょう	sàn đấu sumo	Thổ Biểu
n2_basic_drafts	batch_0381_0390	R_0382	清め	きよめ	sự thanh tẩy, làm sạch	Thanh
n2_basic_drafts	batch_0381_0390	R_0382	精神修養	せいしんしゅうよう	tu dưỡng tinh thần	Tinh Thần Tu Dưỡng
n2_basic_drafts	batch_0381_0390	R_0382	番付	ばんづけ	bảng xếp hạng (trong sumo)	Phiên Phó
n2_basic_drafts	batch_0381_0390	R_0382	横綱	よこづな	yokozuna, cấp bậc cao nhất trong sumo	Hoành Cương
n2_basic_drafts	batch_0381_0390	R_0382	品格	ひんかく	phẩm cách, phẩm giá	Phẩm Cách
n2_basic_drafts	batch_0381_0390	R_0382	稽古	けいこ	tập luyện, luyện tập	Kê, khể Cổ
n2_basic_drafts	batch_0381_0390	R_0382	礼節	れいせつ	lễ nghĩa, phép lịch sự	Lễ Tiết
n2_basic_drafts	batch_0381_0390	R_0382	臨場感	りんじょうかん	cảm giác sống động, hiện diện	Lâm Tràng Cảm
n2_basic_drafts	batch_0381_0390	R_0383	少子高齢化	しょうしこうれいか	tình trạng dân số giảm và lão hóa	Thiểu Tử Cao Linh Hóa
n2_basic_drafts	batch_0381_0390	R_0383	衰退	すいたい	suy thoái, suy tàn	Suy Thối
n2_basic_drafts	batch_0381_0390	R_0383	真摯	しんし	chân thành, nghiêm túc	Chân Chí
n2_basic_drafts	batch_0381_0390	R_0383	活性化	かっせいか	thúc đẩy phát triển, kích hoạt	Hoạt Tính Hóa
n2_basic_drafts	batch_0381_0390	R_0383	共生	きょうせい	cộng sinh, sống chung hòa hợp	Cộng Sanh
n2_basic_drafts	batch_0381_0390	R_0383	活力	かつりょく	sức sống, sinh lực	Hoạt Lực
n2_basic_drafts	batch_0381_0390	R_0383	押し付け	おしつけ	áp đặt, ép buộc	Áp Phó
n2_basic_drafts	batch_0381_0390	R_0383	溶け込む	とけこむ	hòa nhập, hòa tan vào	Dong Nhập
n2_basic_drafts	batch_0381_0390	R_0383	忍耐	にんたい	sự kiên nhẫn, chịu đựng	Nhẫn Nại
n2_basic_drafts	batch_0381_0390	R_0383	協働	きょうどう	cộng tác, làm việc cùng nhau	Hiệp Động
n2_basic_drafts	batch_0381_0390	R_0383	慣習	かんしゅう	phong tục, tập quán	Quán Tập
n2_basic_drafts	batch_0381_0390	R_0383	継続的	けいぞくてき	liên tục, bền vững	Kế Tục Đích
n2_basic_drafts	batch_0381_0390	R_0383	関与	かんよ	sự tham gia, dính líu	Quan Dữ
n2_basic_drafts	batch_0381_0390	R_0384	感染拡大	かんせんかくだい	sự lây lan dịch bệnh	Cảm Nhiễm Khuếch Đại
n2_basic_drafts	batch_0381_0390	R_0384	手探り状態	てさぐりじょうたい	trạng thái dò dẫm, lúng túng	Thủ Tham Trạng Thái
n2_basic_drafts	batch_0381_0390	R_0384	移行する	いこうする	chuyển đổi, di chuyển sang	Di Hành
n2_basic_drafts	batch_0381_0390	R_0384	感染収束	かんせんしゅうそく	sự lắng xuống của dịch bệnh	Cảm Nhiễm Thu Thúc
n2_basic_drafts	batch_0381_0390	R_0384	制度化する	せいどかする	thể chế hóa, chính thức hóa thành chế độ	Chế Độ Hóa
n2_basic_drafts	batch_0381_0390	R_0384	ハイブリッド勤務	ハイブリッドきんむ	làm việc kết hợp (vừa từ xa vừa văn phòng)	Cần Vụ
n2_basic_drafts	batch_0381_0390	R_0384	折衷案	せっちゅうあん	phương án dung hòa, giải pháp trung gian	Chiết Trung Án
n2_basic_drafts	batch_0381_0390	R_0384	希薄になる	きはくになる	trở nên thưa thớt, loãng dần	Hi Bạc
n2_basic_drafts	batch_0381_0390	R_0384	固定概念	こていがいねん	quan niệm cố hữu, định kiến	Cố Định Khái Niệm
n2_basic_drafts	batch_0381_0390	R_0384	揺さぶる	ゆさぶる	rung chuyển, làm lung lay	Dao
n2_basic_drafts	batch_0381_0390	R_0384	持続可能	じぞくかのう	bền vững, có thể duy trì	Trì Tục Khả Năng
n2_basic_drafts	batch_0381_0390	R_0384	企業競争力	きぎょうきょうそうりょく	sức cạnh tranh của doanh nghiệp	Xí Nghiệp Cạnh Tranh Lực
n2_basic_drafts	batch_0381_0390	R_0385	摂食障害	せっしょくしょうがい	rối loạn ăn uống	Nhiếp Thực Chướng Hại
n2_basic_drafts	batch_0381_0390	R_0385	神経性やせ症	しんけいせいやせしょう	chứng chán ăn tâm thần (anorexia nervosa)	Thần Kinh Tính Chứng
n2_basic_drafts	batch_0381_0390	R_0385	神経性過食症	しんけいせいかしょくしょう	chứng ăn vô độ tâm thần (bulimia nervosa)	Thần Kinh Tính Quá Thực Chứng
n2_basic_drafts	batch_0381_0390	R_0385	排出行動	はいしゅつこうどう	hành vi tống thức ăn ra ngoài	Bài Xuất Hành Động
n2_basic_drafts	batch_0381_0390	R_0385	歪んだ	ゆがんだ	bị méo mó, bị bóp méo	Oai
n2_basic_drafts	batch_0381_0390	R_0385	早期介入	そうきかいにゅう	can thiệp sớm	Tảo Kì Giới Nhập
n2_basic_drafts	batch_0381_0390	R_0385	認知行動療法	にんちこうどうりょうほう	liệu pháp nhận thức hành vi (CBT)	Nhận Tri Hành Động Liệu Pháp
n2_basic_drafts	batch_0381_0390	R_0385	思春期	ししゅんき	tuổi dậy thì, thanh thiếu niên	Tư Xuân Kì
n2_basic_drafts	batch_0381_0390	R_0385	臨床家	りんしょうか	nhà lâm sàng, chuyên gia lâm sàng	Lâm Sàng Gia
n2_basic_drafts	batch_0381_0390	R_0385	行動変容	こうどうへんよう	thay đổi hành vi	Hành Động Biến Dung
n2_basic_drafts	batch_0381_0390	R_0385	受診	じゅしん	đến khám bệnh	Thụ Chẩn
n2_basic_drafts	batch_0381_0390	R_0385	監督	かんとく	giám sát, quản lý	Giam Đốc
n2_basic_drafts	batch_0381_0390	R_0386	敷設	ふせつ	xây dựng, lắp đặt (đường ray, đường ống)	Phu Thiết
n2_basic_drafts	batch_0381_0390	R_0386	交通手段	こうつうしゅだん	phương tiện giao thông	Giao Thông Thủ Đoạn
n2_basic_drafts	batch_0381_0390	R_0386	観光資源	かんこうしげん	tài nguyên du lịch	Quan Quang Tư Nguyên
n2_basic_drafts	batch_0381_0390	R_0386	懐かしさ	なつかしさ	nỗi nhớ nhung, cảm giác thân quen	Hoài
n2_basic_drafts	batch_0381_0390	R_0386	沿線	えんせん	dọc hai bên đường tàu	Duyên Tuyến
n2_basic_drafts	batch_0381_0390	R_0386	廃線	はいせん	đóng cửa tuyến đường tàu	Phế Tuyến
n2_basic_drafts	batch_0381_0390	R_0386	余儀なくされる	よぎなくされる	bị buộc phải, không còn lựa chọn nào khác	Dư Nghi
n2_basic_drafts	batch_0381_0390	R_0386	地道な	じみちな	bền bỉ, kiên trì, không phô trương	Địa Đạo
n2_basic_drafts	batch_0381_0390	R_0386	活性化	かっせいか	sự kích hoạt, phát triển sôi động	Hoạt Tính Hóa
n2_basic_drafts	batch_0381_0390	R_0386	過疎化	かそか	tình trạng giảm dân số, vùng thưa dân	Quá Sơ Hóa
n2_basic_drafts	batch_0381_0390	R_0386	醍醐味	だいごみ	niềm vui thú sâu sắc, tinh túy	Đề Cô Vị
n2_basic_drafts	batch_0381_0390	R_0386	文化財	ぶんかざい	di sản văn hóa	Văn Hóa Tài
n2_basic_drafts	batch_0381_0390	R_0386	風土	ふうど	phong thổ, khí hậu và đất đai địa phương	Phong Thổ
n2_basic_drafts	batch_0381_0390	R_0387	義務教育	ぎむきょういく	giáo dục bắt buộc	Nghĩa Vụ Giáo Dục
n2_basic_drafts	batch_0381_0390	R_0387	不登校	ふとうこう	không đến trường, từ chối đi học	Bất Đăng Giáo
n2_basic_drafts	batch_0381_0390	R_0387	法的根拠	ほうてきこんきょ	cơ sở pháp lý	Pháp Đích Căn Cứ
n2_basic_drafts	batch_0381_0390	R_0387	就学させる	しゅうがくさせる	cho đến trường (nghĩa vụ của phụ huynh)	Tựu Học
n2_basic_drafts	batch_0381_0390	R_0387	自治体	じちたい	chính quyền địa phương, đơn vị tự trị	Tự Trì Thể
n2_basic_drafts	batch_0381_0390	R_0387	集団生活	しゅうだんせいかつ	cuộc sống tập thể	Tập Đoàn Sanh Hoạt
n2_basic_drafts	batch_0381_0390	R_0387	市販の教材	しはんのきょうざい	giáo trình bán sẵn trên thị trường	Thị Phiến Giáo Tài
n2_basic_drafts	batch_0381_0390	R_0387	社会性	しゃかいせい	tính xã hội, kỹ năng xã hội	Xã Hội Tính
n2_basic_drafts	batch_0381_0390	R_0387	山積み	やまづみ	chồng chất, tích lũy nhiều	San Tích
n2_basic_drafts	batch_0381_0390	R_0387	孤立	こりつ	cô lập, cô đơn	Cô Lập
n2_basic_drafts	batch_0381_0390	R_0387	法制度	ほうせいど	chế độ pháp lý, khung pháp lý	Pháp Chế Độ
n2_basic_drafts	batch_0381_0390	R_0387	励み	はげみ	nguồn cổ vũ, động lực	Lệ
n2_basic_drafts	batch_0381_0390	R_0387	馴染む	なじむ	hòa nhập, quen với	Tuần Nhiễm
n2_basic_drafts	batch_0381_0390	R_0388	創始	そうし	sáng lập, khởi xướng	Sang Thủy
n2_basic_drafts	batch_0381_0390	R_0388	礼節	れいせつ	lễ nghĩa, lễ tiết	Lễ Tiết
n2_basic_drafts	batch_0381_0390	R_0388	自律	じりつ	tự kỷ luật, tự chủ	Tự Luật
n2_basic_drafts	batch_0381_0390	R_0388	必修科目	ひっしゅうかもく	môn học bắt buộc	Tất Tu Khoa Mục
n2_basic_drafts	batch_0381_0390	R_0388	継承	けいしょう	kế thừa	Kế Thừa
n2_basic_drafts	batch_0381_0390	R_0388	乏しい	とぼしい	thiếu, nghèo nàn	Phạp
n2_basic_drafts	batch_0381_0390	R_0388	涵養	かんよう	bồi dưỡng, vun đắp (dần dần)	Hàm Dưỡng
n2_basic_drafts	batch_0381_0390	R_0388	橋渡し	はしわたし	cầu nối, trung gian	Kiều Độ
n2_basic_drafts	batch_0381_0390	R_0388	脱却	だっきゃく	thoát khỏi, vượt ra khỏi	Thoát Khước
n2_basic_drafts	batch_0381_0390	R_0388	意識改革	いしきかいかく	cải cách nhận thức, thay đổi tư duy	Ý Thức Cải Cách
n2_basic_drafts	batch_0381_0390	R_0388	両輪	りょうりん	hai bánh xe (ẩn dụ: hai yếu tố song hành)	Lưỡng Luân
n2_basic_drafts	batch_0381_0390	R_0388	人格形成	じんかくけいせい	hình thành nhân cách	Nhân Cách Hình Thành
n2_basic_drafts	batch_0381_0390	R_0389	遺産相続	いさんそうぞく	thừa kế di sản	Di Sản Tương Tục
n2_basic_drafts	batch_0381_0390	R_0389	被相続人	ひそうぞくにん	người để lại di sản (người mất)	Bị Tương Tục Nhân
n2_basic_drafts	batch_0381_0390	R_0389	法定相続人	ほうていそうぞくにん	người thừa kế hợp pháp	Pháp Định Tương Tục Nhân
n2_basic_drafts	batch_0381_0390	R_0389	遺留分	いりゅうぶん	phần di sản bảo lưu (phần tối thiểu được bảo vệ theo luật)	Di Lưu Phân
n2_basic_drafts	batch_0381_0390	R_0389	遺言書	いごんしょ／ゆいごんしょ	di chúc	Di Ngôn Thư
n2_basic_drafts	batch_0381_0390	R_0389	寄与分	きよぶん	phần đóng góp (thừa kế thêm do đóng góp đặc biệt)	Kí Dữ Phân
n2_basic_drafts	batch_0381_0390	R_0389	遺産分割	いさんぶんかつ	phân chia di sản	Di Sản Phân Cát
n2_basic_drafts	batch_0381_0390	R_0389	調停	ちょうてい	hòa giải (thủ tục pháp lý)	Điều Đình
n2_basic_drafts	batch_0381_0390	R_0389	審判	しんぱん	phán quyết (của tòa gia đình)	Thẩm Phán
n2_basic_drafts	batch_0381_0390	R_0389	調停員	ちょうていいん	hòa giải viên	Điều Đình Viên
n2_basic_drafts	batch_0381_0390	R_0389	介護	かいご	chăm sóc (người già, người bệnh)	Giới Hộ
n2_basic_drafts	batch_0381_0390	R_0389	根深い	ねぶかい	sâu sắc, ăn sâu, có gốc rễ lâu dài	Căn Thâm
n2_basic_drafts	batch_0381_0390	R_0390	人工林	じんこうりん	rừng nhân tạo	Nhân Công Lâm
n2_basic_drafts	batch_0381_0390	R_0390	植栽	しょくさい	trồng cây, trồng rừng	Thực Tài
n2_basic_drafts	batch_0381_0390	R_0390	間伐	かんばつ	tỉa thưa rừng	Gian Phạt
n2_basic_drafts	batch_0381_0390	R_0390	枝打ち	えだうち	cắt tỉa cành	Chi Đả
n2_basic_drafts	batch_0381_0390	R_0390	林床	りんしょう	tán rừng, nền rừng	Lâm Sàng
n2_basic_drafts	batch_0381_0390	R_0390	侵食	しんしょく	xói mòn	Xâm Thực
n2_basic_drafts	batch_0381_0390	R_0390	土砂災害	どしゃさいがい	thiên tai lở đất, thảm họa bùn đất	Thổ Sa Tai Hại
n2_basic_drafts	batch_0381_0390	R_0390	水源涵養	すいげんかんよう	bảo vệ nguồn nước, dưỡng thủy	Thủy Nguyên Hàm Dưỡng
n2_basic_drafts	batch_0381_0390	R_0390	担い手	にないて	người gánh vác, người đảm nhận	Đam Thủ
n2_basic_drafts	batch_0381_0390	R_0390	林道	りんどう	đường lâm nghiệp	Lâm Đạo
n2_basic_drafts	batch_0381_0390	R_0390	省力化	しょうりょくか	tiết kiệm nhân lực, cơ giới hóa	Tỉnh Lực Hóa
n2_basic_drafts	batch_0381_0390	R_0390	単一樹種	たんいつじゅしゅ	đơn loài cây, chỉ gồm một loài cây	Đơn Nhất Thụ Chủng
n2_basic_drafts	batch_0381_0390	R_0390	不振	ふしん	suy thoái, trì trệ	Bất Chấn
n2_basic_drafts	batch_0391_0400	R_0391	研修医	けんしゅうい	bác sĩ nội trú	Nghiên Tu Y
n2_basic_drafts	batch_0391_0400	R_0391	医師免許	いしめんきょ	chứng chỉ hành nghề y	Y Sư Miễn Hứa
n2_basic_drafts	batch_0391_0400	R_0391	かけ離れた	かけはなれた	cách xa, khác biệt hoàn toàn	Li
n2_basic_drafts	batch_0391_0400	R_0391	過酷	かこく	gian khổ, khắc nghiệt	Quá Khốc
n2_basic_drafts	batch_0391_0400	R_0391	はらんでいる	はらんでいる	chứa đựng, ẩn chứa	
n2_basic_drafts	batch_0391_0400	R_0391	当直明け	とうちょくあけ	sau ca trực đêm	Đương Trực Minh
n2_basic_drafts	batch_0391_0400	R_0391	過労死ライン	かろうしライン	ngưỡng chết vì quá tải công việc (80 giờ làm thêm/tháng)	Quá Lao Tử
n2_basic_drafts	batch_0391_0400	R_0391	判断力	はんだんりょく	khả năng phán đoán	Phán Đoạn Lực
n2_basic_drafts	batch_0391_0400	R_0391	縦社会	たてしゃかい	xã hội theo thứ bậc dọc, xã hội thứ bậc	Túng Xã Hội
n2_basic_drafts	batch_0391_0400	R_0391	常態化	じょうたいか	trở nên thường xuyên, bình thường hóa	Thường Thái Hóa
n2_basic_drafts	batch_0391_0400	R_0391	疲弊	ひへい	kiệt sức, suy kiệt	Bì Tệ
n2_basic_drafts	batch_0391_0400	R_0391	追い詰められる	おいつめられる	bị dồn vào đường cùng	Truy Cật
n2_basic_drafts	batch_0391_0400	R_0391	構造的	こうぞうてき	mang tính cơ cấu	Cấu Tạo Đích
n2_basic_drafts	batch_0391_0400	R_0391	急務	きゅうむ	vấn đề cấp bách	Cấp Vụ
n2_basic_drafts	batch_0391_0400	R_0391	一人前	いちにんまえ	thực thụ, đúng nghĩa	Nhất Nhân Tiền
n2_basic_drafts	batch_0391_0400	R_0392	木版画	もくはんが	tranh khắc gỗ	Mộc Bản Họa
n2_basic_drafts	batch_0391_0400	R_0392	構図	こうず	bố cục (trong nghệ thuật)	Cấu Đồ
n2_basic_drafts	batch_0391_0400	R_0392	色彩	しきさい	màu sắc	Sắc Thải
n2_basic_drafts	batch_0391_0400	R_0392	様式化	ようしきか	cách điệu hoá, phong cách hoá	Dạng Thức Hóa
n2_basic_drafts	batch_0391_0400	R_0392	平面的	へいめんてき	mang tính phẳng, hai chiều	Bình Diện Đích
n2_basic_drafts	batch_0391_0400	R_0392	遠近法	えんきんほう	phối cảnh viễn cận, phép phối cảnh	Viễn Cận Pháp
n2_basic_drafts	batch_0391_0400	R_0392	印象派	いんしょうは	trường phái Ấn tượng	Ấn Tượng Phái
n2_basic_drafts	batch_0391_0400	R_0392	ジャポニスム	ジャポニスム	Japonisme — phong trào ảnh hưởng của nghệ thuật Nhật Bản tại châu Âu	
n2_basic_drafts	batch_0391_0400	R_0392	転換点	てんかんてん	bước ngoặt, điểm chuyển đổi	Chuyển Hoán Điểm
n2_basic_drafts	batch_0391_0400	R_0392	受け継がれる	うけつがれる	được kế thừa, được truyền lại	Thụ Kế
n2_basic_drafts	batch_0391_0400	R_0392	モチーフ	モチーフ	họa tiết, motif	
n2_basic_drafts	batch_0391_0400	R_0392	コラボレーション	コラボレーション	hợp tác (sáng tạo)	
n2_basic_drafts	batch_0391_0400	R_0392	視覚言語	しかくげんご	ngôn ngữ thị giác	Thị Giác Ngôn Ngữ
n2_basic_drafts	batch_0391_0400	R_0392	ビジュアルアイデンティティ	ビジュアルアイデンティティ	bản sắc thị giác	
n2_basic_drafts	batch_0391_0400	R_0392	創造性	そうぞうせい	sức sáng tạo, tính sáng tạo	Sang Tạo Tính
n2_basic_drafts	batch_0391_0400	R_0393	生きがい	いきがい	lý do sống, niềm vui sống, ikigai	Sanh
n2_basic_drafts	batch_0391_0400	R_0393	古来	こらい	từ xa xưa, từ cổ đại	Cổ Lai
n2_basic_drafts	batch_0391_0400	R_0393	根本的	こんぽんてき	căn bản, cơ bản nhất	Căn Bản Đích
n2_basic_drafts	batch_0391_0400	R_0393	交わる	まじわる	giao nhau, hòa lẫn	Giao
n2_basic_drafts	batch_0391_0400	R_0393	宿る	やどる	ngự trị, ẩn chứa	Túc
n2_basic_drafts	batch_0391_0400	R_0393	交差点	こうさてん	điểm giao thoa, ngã tư	Giao Soa Điểm
n2_basic_drafts	batch_0391_0400	R_0393	歩みぬく	あゆみぬく	đi đến cùng, kiên trì bước đi	Bộ
n2_basic_drafts	batch_0391_0400	R_0393	ギャップ	ギャップ	khoảng cách, sự chênh lệch	
n2_basic_drafts	batch_0391_0400	R_0393	営み	いとなみ	hoạt động, sinh hoạt	Doanh
n2_basic_drafts	batch_0391_0400	R_0393	思索	しさく	suy tư, chiêm nghiệm	Tư Tác
n2_basic_drafts	batch_0391_0400	R_0393	弟子	でし	đệ tử, học trò	Đệ Tử
n2_basic_drafts	batch_0391_0400	R_0393	警告	けいこく	lời cảnh báo	Cảnh Cáo
n2_basic_drafts	batch_0391_0400	R_0393	切り離せない	きりはなせない	không thể tách rời	Thiết Li
n2_basic_drafts	batch_0391_0400	R_0393	探求	たんきゅう	sự khám phá, sự tìm kiếm	Tham Cầu
n2_basic_drafts	batch_0391_0400	R_0393	深み	ふかみ	chiều sâu, độ sâu	Thâm
n2_basic_drafts	batch_0391_0400	R_0394	超低遅延	ちょうていちえん	độ trễ cực thấp	Siêu Đê Trì Duyên
n2_basic_drafts	batch_0391_0400	R_0394	多数同時接続	たすうどうじせつぞく	kết nối đồng thời nhiều thiết bị	Đa Sổ Đồng Thì Tiếp Tục
n2_basic_drafts	batch_0391_0400	R_0394	稼働状況	かどうじょうきょう	tình trạng hoạt động, vận hành	Giá Động Trạng Huống
n2_basic_drafts	batch_0391_0400	R_0394	灌漑	かんがい	tưới tiêu (nông nghiệp)	Quán Cái
n2_basic_drafts	batch_0391_0400	R_0394	遠隔手術	えんかくしゅじゅつ	phẫu thuật từ xa	Viễn Cách Thủ Thuật
n2_basic_drafts	batch_0391_0400	R_0394	実証実験	じっしょうじっけん	thử nghiệm thực chứng	Thực Chứng Thực Nghiệm
n2_basic_drafts	batch_0391_0400	R_0394	サイバー攻撃	サイバーこうげき	tấn công mạng	Công Kích
n2_basic_drafts	batch_0391_0400	R_0394	莫大	ばくだい	khổng lồ, rất lớn	Mạc Đại
n2_basic_drafts	batch_0391_0400	R_0394	デジタルリテラシー	デジタルリテラシー	năng lực kỹ thuật số	
n2_basic_drafts	batch_0391_0400	R_0394	覇権争い	はけんあらそい	cuộc tranh giành quyền bá chủ	Bá Quyền Tranh
n2_basic_drafts	batch_0391_0400	R_0394	地政学的	ちせいがくてき	thuộc về địa chính trị	Địa Chánh Học Đích
n2_basic_drafts	batch_0391_0400	R_0394	周波数割り当て	しゅうはすうわりあて	phân bổ tần số	Chu Ba Sổ Cát Đương
n2_basic_drafts	batch_0391_0400	R_0394	塗り替える	ぬりかえる	thay đổi căn bản, viết lại	Đồ Thế
n2_basic_drafts	batch_0391_0400	R_0395	ホームレス	ホームレス	người vô gia cư	
n2_basic_drafts	batch_0391_0400	R_0395	派遣切り	はけんぎり	sa thải lao động phái cử (chủ yếu sau khủng hoảng kinh tế/đại dịch)	Phái Khiển Thiết
n2_basic_drafts	batch_0391_0400	R_0395	自立	じりつ	sự tự lập, tự cường	Tự Lập
n2_basic_drafts	batch_0391_0400	R_0395	住所不定者	じゅうしょふていしゃ	người không có địa chỉ cố định	Trụ Sở Bất Định Giả
n2_basic_drafts	batch_0391_0400	R_0395	構造的	こうぞうてき	mang tính cấu trúc	Cấu Tạo Đích
n2_basic_drafts	batch_0391_0400	R_0395	排除	はいじょ	sự loại trừ, gạt ra ngoài	Bài Trừ
n2_basic_drafts	batch_0391_0400	R_0395	緊急避難施設	きんきゅうひなんしせつ	cơ sở lánh nạn khẩn cấp, nhà trú ẩn	Khẩn Cấp Tị Nan Thi Thiết
n2_basic_drafts	batch_0391_0400	R_0395	炊き出し	たきだし	hoạt động phát cơm, nấu ăn phát cho người nghèo	Xuy Xuất
n2_basic_drafts	batch_0391_0400	R_0395	夜回り	よまわり	tuần tra đêm	Dạ Hồi
n2_basic_drafts	batch_0391_0400	R_0395	献身的	けんしんてき	tận tâm, tận tụy	Hiến Thân Đích
n2_basic_drafts	batch_0391_0400	R_0395	自治体	じちたい	chính quyền địa phương	Tự Trì Thể
n2_basic_drafts	batch_0391_0400	R_0395	善意	ぜんい	thiện chí, lòng tốt	Thiện Ý
n2_basic_drafts	batch_0391_0400	R_0396	過労死	かろうし	tử vong do làm việc quá sức	Quá Lao Tử
n2_basic_drafts	batch_0391_0400	R_0396	忖度残業	そんたくざんぎょう	làm thêm giờ vì nể sợ cấp trên (không dám về trước sếp)	Thốn Độ Tàn Nghiệp
n2_basic_drafts	batch_0391_0400	R_0396	慣行	かんこう	thông lệ, tập quán	Quán Hành
n2_basic_drafts	batch_0391_0400	R_0396	サービス残業	サービスざんぎょう	làm thêm giờ không được trả lương	Tàn Nghiệp
n2_basic_drafts	batch_0391_0400	R_0396	常態化	じょうたいか	trở thành thông lệ, bình thường hóa	Thường Thái Hóa
n2_basic_drafts	batch_0391_0400	R_0396	法制化	ほうせいか	luật hóa, quy định bằng pháp luật	Pháp Chế Hóa
n2_basic_drafts	batch_0391_0400	R_0396	根深い	ねぶかい	ăn sâu, có gốc rễ sâu xa	Căn Thâm
n2_basic_drafts	batch_0391_0400	R_0396	ワークライフバランス	ワークライフバランス	cân bằng giữa công việc và cuộc sống	
n2_basic_drafts	batch_0391_0400	R_0396	率先して	そっせんして	tiên phong, đi đầu	Suất Tiên
n2_basic_drafts	batch_0391_0400	R_0396	美徳	びとく	đức tính tốt, đức hạnh	Mĩ Đức
n2_basic_drafts	batch_0391_0400	R_0396	働き方改革	はたらきかたかいかく	cải cách cách làm việc (chương trình của chính phủ Nhật)	Động Phương Cải Cách
n2_basic_drafts	batch_0391_0400	R_0396	上限規制	じょうげんきせい	quy định giới hạn trên	Thượng Hạn Quy Chế
n2_basic_drafts	batch_0391_0400	R_0397	法整備	ほうせいび	việc hoàn thiện luật pháp	Pháp Chỉnh Bị
n2_basic_drafts	batch_0391_0400	R_0397	施行	しこう	thi hành, ban hành (luật)	Thi Hành
n2_basic_drafts	batch_0391_0400	R_0397	位置づける	いちづける	định vị, xác lập vị trí	Vị Trí
n2_basic_drafts	batch_0391_0400	R_0397	明文化	めいぶんか	thể hiện thành văn bản, ghi thành điều khoản	Minh Văn Hóa
n2_basic_drafts	batch_0391_0400	R_0397	密室性	みっしつせい	tính chất kín đáo, khép kín	Mật Thất Tính
n2_basic_drafts	batch_0391_0400	R_0397	介入	かいにゅう	sự can thiệp	Giới Nhập
n2_basic_drafts	batch_0391_0400	R_0397	経済的困窮	けいざいてきこんきゅう	khó khăn, nghèo đói về kinh tế	Kinh Tế Đích Khốn Cùng
n2_basic_drafts	batch_0391_0400	R_0397	策定	さくてい	việc xây dựng, soạn thảo (kế hoạch)	Sách Định
n2_basic_drafts	batch_0391_0400	R_0397	包括的	ほうかつてき	toàn diện, bao quát	Bao Quát Đích
n2_basic_drafts	batch_0391_0400	R_0397	格差	かくさ	sự chênh lệch, khoảng cách	Cách Soa
n2_basic_drafts	batch_0391_0400	R_0397	均等	きんとう	đồng đều, công bằng	Quân Đẳng
n2_basic_drafts	batch_0391_0400	R_0397	充実	じゅうじつ	sự nâng cao, làm phong phú thêm	Sung Thực
n2_basic_drafts	batch_0391_0400	R_0397	意識変革	いしきへんかく	sự thay đổi nhận thức, cách mạng ý thức	Ý Thức Biến Cách
n2_basic_drafts	batch_0391_0400	R_0398	最低賃金	さいていちんぎん	lương tối thiểu	Tối Đê Nhẫm Kim
n2_basic_drafts	batch_0391_0400	R_0398	加重平均	かじゅうへいきん	bình quân gia quyền	Gia Trọng Bình Quân
n2_basic_drafts	batch_0391_0400	R_0398	是正	ぜせい	khắc phục, chỉnh đốn	Thị Chánh
n2_basic_drafts	batch_0391_0400	R_0398	人件費	じんけんひ	chi phí nhân sự	Nhân Kiện Phí
n2_basic_drafts	batch_0391_0400	R_0398	価格転嫁	かかくてんか	chuyển gánh nặng chi phí sang giá bán	Giá Cách Chuyển Giá
n2_basic_drafts	batch_0391_0400	R_0398	生産性	せいさんせい	năng suất lao động	Sanh Sản Tính
n2_basic_drafts	batch_0391_0400	R_0398	補助金	ほじょきん	trợ cấp, tiền trợ cấp	Bổ Trợ Kim
n2_basic_drafts	batch_0391_0400	R_0398	貧困の連鎖	ひんこんのれんさ	vòng xoáy nghèo đói	Bần Khốn Liên Tỏa
n2_basic_drafts	batch_0391_0400	R_0398	社会保障コスト	しゃかいほしょうコスト	chi phí an sinh xã hội	Xã Hội Bảo Chướng
n2_basic_drafts	batch_0391_0400	R_0398	多角的	たかくてき	đa chiều, nhiều góc độ	Đa Giác Đích
n2_basic_drafts	batch_0391_0400	R_0398	整合性	せいごうせい	tính nhất quán, sự phù hợp	Chỉnh Hợp Tính
n2_basic_drafts	batch_0391_0400	R_0398	少子高齢化	しょうしこうれいか	dân số già hóa và tỷ lệ sinh giảm	Thiểu Tử Cao Linh Hóa
n2_basic_drafts	batch_0391_0400	R_0398	持続可能	じぞくかのう	bền vững, có thể duy trì	Trì Tục Khả Năng
n2_basic_drafts	batch_0391_0400	R_0398	競争力	きょうそうりょく	sức cạnh tranh	Cạnh Tranh Lực
n2_basic_drafts	batch_0391_0400	R_0399	外来語	がいらいご	từ ngoại lai	Ngoại Lai Ngữ
n2_basic_drafts	batch_0391_0400	R_0399	語彙	ごい	vốn từ, từ vựng	Ngữ Vị
n2_basic_drafts	batch_0391_0400	R_0399	表記	ひょうき	cách viết, ký hiệu	Biểu Kí
n2_basic_drafts	batch_0391_0400	R_0399	氾濫	はんらん	sự tràn lan, ngập tràn	Phiếm Lạm
n2_basic_drafts	batch_0391_0400	R_0399	定着	ていちゃく	sự ăn sâu, định hình	Định Trứ
n2_basic_drafts	batch_0391_0400	R_0399	提言	ていげん	đề nghị, kiến nghị	Đề Ngôn
n2_basic_drafts	batch_0391_0400	R_0399	的を射る	まとをいる	đúng trọng tâm, xác đáng	Đích Xạ
n2_basic_drafts	batch_0391_0400	R_0399	文化的アイデンティティ	ぶんかてきアイデンティティ	bản sắc văn hóa	Văn Hóa Đích
n2_basic_drafts	batch_0391_0400	R_0399	盲目的	もうもくてき	mù quáng	Manh Mục Đích
n2_basic_drafts	batch_0391_0400	R_0399	共存	きょうぞん	sự cùng tồn tại	Cộng Tồn
n2_basic_drafts	batch_0391_0400	R_0399	多岐にわたる	たきにわたる	trải rộng trên nhiều lĩnh vực	Đa Kì
n2_basic_drafts	batch_0391_0400	R_0399	根強い	ねづよい	bảo thủ, ăn sâu bám rễ	Căn Cường
n2_basic_drafts	batch_0391_0400	R_0400	仲卸業者	なかおろしぎょうしゃ	thương nhân bán buôn trung gian tại chợ	Trọng Tá Nghiệp Giả
n2_basic_drafts	batch_0391_0400	R_0400	目利き	めきき	kỹ năng thẩm định, con mắt tinh tường	Mục Lợi
n2_basic_drafts	batch_0391_0400	R_0400	落札	らくさつ	thắng đấu giá, được chốt giá	Lạc Trát
n2_basic_drafts	batch_0391_0400	R_0400	端を発する	たんをはっする	bắt nguồn từ, khởi đầu từ	Đoan Phát
n2_basic_drafts	batch_0391_0400	R_0400	老舗	しにせ	cửa hàng lâu đời, thương hiệu lâu năm	Lão Phố
n2_basic_drafts	batch_0391_0400	R_0400	場外市場	じょうがいしじょう	chợ ngoài khuôn viên chính (vẫn hoạt động)	Tràng Ngoại Thị Tràng
n2_basic_drafts	batch_0391_0400	R_0400	文化的遺産	ぶんかてきいさん	di sản văn hóa	Văn Hóa Đích Di Sản
n2_basic_drafts	batch_0391_0400	R_0400	保存運動	ほぞんうんどう	phong trào bảo tồn	Bảo Tồn Vận Động
n2_basic_drafts	batch_0391_0400	R_0400	衛生管理	えいせいかんり	quản lý vệ sinh	Vệ Sanh Quản Lí
n2_basic_drafts	batch_0391_0400	R_0400	固有名詞	こゆうめいし	danh từ riêng, tên riêng	Cố Hữu Danh Từ
n2_basic_drafts	batch_0391_0400	R_0400	真髄	しんずい	tinh túy, cốt lõi sâu xa	Chân Tủy
n2_basic_drafts	batch_0391_0400	R_0400	軒を連ねる	のきをつらねる	san sát nhau, nằm liền kề nhau	Hiên Liên
n2_basic_drafts	batch_0401_0410	R_0401	過疎地	かそち	vùng dân số thưa thớt, vùng suy giảm dân số	Quá Sơ Địa
n2_basic_drafts	batch_0401_0410	R_0401	集落	しゅうらく	khu dân cư, làng xóm	Tập Lạc
n2_basic_drafts	batch_0401_0410	R_0401	廃止	はいし	bãi bỏ, huỷ bỏ	Phế Chỉ
n2_basic_drafts	batch_0401_0410	R_0401	通院	つういん	đi khám bệnh, điều trị ngoại trú	Thông Viện
n2_basic_drafts	batch_0401_0410	R_0401	慢性的	まんせいてき	mãn tính, kéo dài	Mạn Tính Đích
n2_basic_drafts	batch_0401_0410	R_0401	赤字	あかじ	thâm hụt, thua lỗ	Xích Tự
n2_basic_drafts	batch_0401_0410	R_0401	乗務員	じょうむいん	nhân viên phục vụ trên phương tiện, lái xe	Thừa Vụ Viên
n2_basic_drafts	batch_0401_0410	R_0401	補助金	ほじょきん	trợ cấp, khoản hỗ trợ từ chính quyền	Bổ Trợ Kim
n2_basic_drafts	batch_0401_0410	R_0401	デマンド交通	デマンドこうつう	giao thông theo nhu cầu, dịch vụ đặt chỗ linh hoạt	Giao Thông
n2_basic_drafts	batch_0401_0410	R_0401	採算	さいさん	tính toán lợi nhuận, khả năng sinh lời	Thải Toán
n2_basic_drafts	batch_0401_0410	R_0401	逼迫	ひっぱく	căng thẳng, eo hẹp (ngân sách, tình hình)	Bức Bách
n2_basic_drafts	batch_0401_0410	R_0401	尊厳	そんげん	nhân phẩm, phẩm giá	Tôn Nghiêm
n2_basic_drafts	batch_0401_0410	R_0401	乗合サービス	のりあいサービス	dịch vụ đi chung xe, hợp thừa	Thừa Hợp
n2_basic_drafts	batch_0401_0410	R_0401	心理的障壁	しんりてきしょうへき	rào cản tâm lý	Tâm Lí Đích Chướng Bích
n2_basic_drafts	batch_0401_0410	R_0402	孤独死	こどくし	kodokushi, chết cô đơn (chết một mình, không ai hay biết)	Cô Độc Tử
n2_basic_drafts	batch_0401_0410	R_0402	核家族化	かくかぞくか	xu hướng hạt nhân hóa gia đình (gia đình chỉ gồm cha mẹ và con cái)	Hạch Gia Tộc Hóa
n2_basic_drafts	batch_0401_0410	R_0402	孤立	こりつ	sự cô lập, bị tách biệt khỏi xã hội	Cô Lập
n2_basic_drafts	batch_0401_0410	R_0402	異変	いへん	dấu hiệu bất thường, sự cố lạ	Dị Biến
n2_basic_drafts	batch_0401_0410	R_0402	民生委員	みんせいいいん	ủy viên dân sinh (tình nguyện viên hỗ trợ phúc lợi xã hội)	Dân Sanh Ủy Viên
n2_basic_drafts	batch_0401_0410	R_0402	安否確認	あんぴかくにん	xác nhận an toàn, kiểm tra tình trạng sức khỏe	An Phủ Xác Nhận
n2_basic_drafts	batch_0401_0410	R_0402	希薄	きはく	lỏng lẻo, mỏng manh (về mối quan hệ)	Hi Bạc
n2_basic_drafts	batch_0401_0410	R_0402	経済的困窮	けいざいてきこんきゅう	khó khăn về kinh tế, nghèo túng	Kinh Tế Đích Khốn Cùng
n2_basic_drafts	batch_0401_0410	R_0402	実効的	じっこうてき	có hiệu quả thực tế, thực chất	Thực Hiệu Đích
n2_basic_drafts	batch_0401_0410	R_0402	繋がり	つながり	mối liên kết, sự kết nối	Hệ
n2_basic_drafts	batch_0401_0410	R_0402	見守り体制	みまもりたいせい	hệ thống giám sát, cơ chế theo dõi và chăm sóc	Kiến Thủ Thể Chế
n2_basic_drafts	batch_0401_0410	R_0402	絡み合う	からみあう	đan xen, chằng chịt, liên quan phức tạp	Lạc Hợp
n2_basic_drafts	batch_0401_0410	R_0403	合計特殊出生率	ごうけいとくしゅしゅっしょうりつ	tỷ lệ sinh tổng hợp	Hợp Kế Đặc Thù Xuất Sanh Suất
n2_basic_drafts	batch_0401_0410	R_0403	労働力不足	ろうどうりょくぶそく	thiếu hụt lực lượng lao động	Lao Động Lực Bất Túc
n2_basic_drafts	batch_0401_0410	R_0403	社会統合	しゃかいとうごう	hội nhập xã hội	Xã Hội Thống Hợp
n2_basic_drafts	batch_0401_0410	R_0403	永住	えいじゅう	định cư lâu dài, thường trú	Vĩnh Trụ
n2_basic_drafts	batch_0401_0410	R_0403	非正規雇用	ひせいきこよう	lao động phi chính thức, bán thời gian	Phi Chánh Quy Cố Dụng
n2_basic_drafts	batch_0401_0410	R_0403	文化的摩擦	ぶんかてきまさつ	xung đột văn hóa	Văn Hóa Đích Ma Sát
n2_basic_drafts	batch_0401_0410	R_0403	社会インフラ	しゃかいインフラ	cơ sở hạ tầng xã hội	Xã Hội
n2_basic_drafts	batch_0401_0410	R_0403	意識改革	いしきかいかく	cải cách ý thức, thay đổi nhận thức	Ý Thức Cải Cách
n2_basic_drafts	batch_0401_0410	R_0403	持続可能性	じぞくかのうせい	tính bền vững	Trì Tục Khả Năng Tính
n2_basic_drafts	batch_0401_0410	R_0403	合意形成	ごういけいせい	hình thành đồng thuận	Hợp Ý Hình Thành
n2_basic_drafts	batch_0401_0410	R_0403	賃金停滞	ちんぎんていたい	trì trệ tiền lương	Nhẫm Kim Đình Trệ
n2_basic_drafts	batch_0401_0410	R_0403	保育所	ほいくじょ	nhà trẻ, cơ sở trông giữ trẻ	Bảo Dục Sở
n2_basic_drafts	batch_0401_0410	R_0403	育児休業	いくじきゅうぎょう	nghỉ phép nuôi con	Dục Nhi Hưu Nghiệp
n2_basic_drafts	batch_0401_0410	R_0404	敷居が高い	しきいがたかい	khó tiếp cận, rào cản cao (thành ngữ)	Phu Cư Cao
n2_basic_drafts	batch_0401_0410	R_0404	渇望	かつぼう	sự khao khát, mong mỏi tha thiết	Khát Vọng
n2_basic_drafts	batch_0401_0410	R_0404	本格的	ほんかくてき	chính thống, nghiêm túc, đúng nghĩa	Bản Cách Đích
n2_basic_drafts	batch_0401_0410	R_0404	模索	もさく	tìm kiếm, dò tìm (cách giải quyết)	Mô Tác
n2_basic_drafts	batch_0401_0410	R_0404	マインドフルネス	マインドフルネス	mindfulness, chánh niệm	
n2_basic_drafts	batch_0401_0410	R_0404	審美眼	しんびがん	con mắt thẩm mỹ, khả năng cảm thụ cái đẹp	Thẩm Mĩ Nhãn
n2_basic_drafts	batch_0401_0410	R_0404	精緻	せいち	tinh tế, tỉ mỉ, chính xác	Tinh Trí
n2_basic_drafts	batch_0401_0410	R_0404	他の追随を許さない	ほかのついずいをゆるさない	không gì sánh kịp, vô đối	Tha Truy Tùy Hứa
n2_basic_drafts	batch_0401_0410	R_0404	月謝	げっしゃ	học phí hàng tháng	Nguyệt Tạ
n2_basic_drafts	batch_0401_0410	R_0404	一期一会	いちごいちえ	nhất kỳ nhất hội - trân trọng mỗi cuộc gặp gỡ như lần duy nhất	Nhất Kì Nhất Hội
n2_basic_drafts	batch_0401_0410	R_0404	継承	けいしょう	sự kế thừa, truyền lại	Kế Thừa
n2_basic_drafts	batch_0401_0410	R_0404	商業化	しょうぎょうか	sự thương mại hóa	Thương Nghiệp Hóa
n2_basic_drafts	batch_0401_0410	R_0405	売店	ばいてん	quầy bán hàng, ki-ốt	Mại Điếm
n2_basic_drafts	batch_0401_0410	R_0405	心遣い	こころづかい	sự chu đáo, quan tâm	Tâm Khiển
n2_basic_drafts	batch_0401_0410	R_0405	根底	こんてい	nền tảng, gốc rễ	Căn Để
n2_basic_drafts	batch_0401_0410	R_0405	実用性	じつようせい	tính thực dụng, tính tiện ích	Thực Dụng Tính
n2_basic_drafts	batch_0401_0410	R_0405	媒体	ばいたい	phương tiện, môi trường truyền tải	Môi Thể
n2_basic_drafts	batch_0401_0410	R_0405	飾り切り	かざりぎり	tỉa rau củ thành hình trang trí	Sức Thiết
n2_basic_drafts	batch_0401_0410	R_0405	健康志向	けんこうしこう	xu hướng chú trọng sức khoẻ	Kiện Khang Chí Hướng
n2_basic_drafts	batch_0401_0410	R_0405	勤勉さ	きんべんさ	sự cần cù, chăm chỉ	Cần Miễn
n2_basic_drafts	batch_0401_0410	R_0405	几帳面さ	きちょうめんさ	sự tỉ mỉ, ngăn nắp	Kỷ Trướng Diện
n2_basic_drafts	batch_0401_0410	R_0405	精緻	せいち	tinh xảo, tỉ mỉ	Tinh Trí
n2_basic_drafts	batch_0401_0410	R_0405	アイデンティティ	アイデンティティ	bản sắc, danh tính	
n2_basic_drafts	batch_0401_0410	R_0405	国民性	こくみんせい	tính cách dân tộc, đặc trưng quốc dân	Quốc Dân Tính
n2_basic_drafts	batch_0401_0410	R_0406	著しく	いちじるしく	đáng kể, rõ rệt	Trứ
n2_basic_drafts	batch_0401_0410	R_0406	知名度	ちめいど	độ nổi tiếng, mức độ được biết đến	Tri Danh Độ
n2_basic_drafts	batch_0401_0410	R_0406	駐在員	ちゅうざいいん	nhân viên phái cử, nhân viên biệt phái	Trú Tại Viên
n2_basic_drafts	batch_0401_0410	R_0406	視野	しや	tầm nhìn, góc nhìn	Thị Dã
n2_basic_drafts	batch_0401_0410	R_0406	浮かび上がる	うかびあがる	nổi lên, xuất hiện	Phù Thượng
n2_basic_drafts	batch_0401_0410	R_0406	学費	がくひ	học phí	Học Phí
n2_basic_drafts	batch_0401_0410	R_0406	学習指導要領	がくしゅうしどうようりょう	hướng dẫn học tập (chương trình chuẩn quốc gia)	Học Tập Chỉ Đạo Yếu Lĩnh
n2_basic_drafts	batch_0401_0410	R_0406	整合性	せいごうせい	tính tương thích, sự nhất quán	Chỉnh Hợp Tính
n2_basic_drafts	batch_0401_0410	R_0406	不平等	ふびょうどう	sự bất bình đẳng	Bất Bình Đẳng
n2_basic_drafts	batch_0401_0410	R_0406	文部科学省	もんぶかがくしょう	Bộ Giáo dục, Văn hóa, Thể thao, Khoa học và Công nghệ	Văn Bộ Khoa Học Tỉnh
n2_basic_drafts	batch_0401_0410	R_0406	認定	にんてい	sự công nhận, chứng nhận	Nhận Định
n2_basic_drafts	batch_0401_0410	R_0406	曖昧	あいまい	mơ hồ, không rõ ràng	Ái Muội
n2_basic_drafts	batch_0401_0410	R_0406	義務教育	ぎむきょういく	giáo dục bắt buộc	Nghĩa Vụ Giáo Dục
n2_basic_drafts	batch_0401_0410	R_0406	多文化共生	たぶんかきょうせい	đa văn hóa cùng tồn tại	Đa Văn Hóa Cộng Sanh
n2_basic_drafts	batch_0401_0410	R_0406	連携	れんけい	liên kết, phối hợp	Liên Huề
n2_basic_drafts	batch_0401_0410	R_0407	東日本大震災	ひがしにほんだいしんさい	Đại thảm họa động đất miền Đông Nhật Bản	Đông Nhật Bản Đại Chấn Tai
n2_basic_drafts	batch_0401_0410	R_0407	沿岸部	えんがんぶ	vùng ven biển	Duyên Ngạn Bộ
n2_basic_drafts	batch_0401_0410	R_0407	瓦礫	がれき	đống đổ nát, gạch vụn	Ngõa Lịch
n2_basic_drafts	batch_0401_0410	R_0407	復旧	ふっきゅう	phục hồi, khắc phục	Phục Cựu
n2_basic_drafts	batch_0401_0410	R_0407	寸断	すんだん	bị cắt đứt hoàn toàn	Thốn Đoạn
n2_basic_drafts	batch_0401_0410	R_0407	仮設住宅	かせつじゅうたく	nhà ở tạm thời	Giả Thiết Trụ Trạch
n2_basic_drafts	batch_0401_0410	R_0407	疲弊	ひへい	kiệt sức, suy kiệt	Bì Tệ
n2_basic_drafts	batch_0401_0410	R_0407	連帯	れんたい	sự đoàn kết, liên kết	Liên Đới
n2_basic_drafts	batch_0401_0410	R_0407	生活再建	せいかつさいけん	tái thiết cuộc sống	Sanh Hoạt Tái Kiến
n2_basic_drafts	batch_0401_0410	R_0407	互助	ごじょ	tương trợ, giúp đỡ lẫn nhau	Hỗ Trợ
n2_basic_drafts	batch_0401_0410	R_0407	自主防災組織	じしゅぼうさいそしき	tổ chức phòng chống thiên tai tự quản	Tự Chủ Phòng Tai Tổ Chức
n2_basic_drafts	batch_0401_0410	R_0407	根幹	こんかん	nền tảng, cốt lõi	Căn Cán
n2_basic_drafts	batch_0401_0410	R_0407	指針	ししん	kim chỉ nam, phương châm	Chỉ Châm
n2_basic_drafts	batch_0401_0410	R_0408	宇宙航空研究開発機構	うちゅうこうくうけんきゅうかいはつきこう	Cơ quan Hàng không Vũ trụ Nhật Bản (JAXA)	Vũ Trụ Hàng Không Nghiên Cứu Khai Phát Ki Cấu
n2_basic_drafts	batch_0401_0410	R_0408	莫大	ばくだい	khổng lồ, rất lớn	Mạc Đại
n2_basic_drafts	batch_0401_0410	R_0408	小惑星	しょうわくせい	tiểu hành tinh	Tiểu Hoặc Tinh
n2_basic_drafts	batch_0401_0410	R_0408	偉業	いぎょう	kỳ tích, công trình vĩ đại	Vĩ Nghiệp
n2_basic_drafts	batch_0401_0410	R_0408	波及効果	はきゅうこうか	hiệu ứng lan tỏa, tác động phái sinh	Ba Cập Hiệu Quả
n2_basic_drafts	batch_0401_0410	R_0408	地形	ちけい	địa hình	Địa Hình
n2_basic_drafts	batch_0401_0410	R_0408	担い手	にないて	chủ thể, người đảm nhận	Đam Thủ
n2_basic_drafts	batch_0401_0410	R_0408	贅沢	ぜいたく	xa xỉ, lãng phí	Chuế Trạch
n2_basic_drafts	batch_0401_0410	R_0408	厳密	げんみつ	nghiêm ngặt, chặt chẽ	Nghiêm Mật
n2_basic_drafts	batch_0401_0410	R_0408	媒介	ばいかい	phương tiện trung gian	Môi Giới
n2_basic_drafts	batch_0401_0410	R_0408	科学立国	かがくりっこく	xây dựng đất nước dựa trên khoa học	Khoa Học Lập Quốc
n2_basic_drafts	batch_0401_0410	R_0408	縁遠い	えんどおい	xa vời, không liên quan	Duyên Viễn
n2_basic_drafts	batch_0401_0410	R_0409	有数	ゆうすう	hàng đầu, nổi tiếng, đứng trong số ít	Hữu Sổ
n2_basic_drafts	batch_0401_0410	R_0409	廃棄	はいき	thải bỏ, vứt bỏ	Phế Khí
n2_basic_drafts	batch_0401_0410	R_0409	代替素材	だいたいそざい	vật liệu thay thế	Đại Thế Tố Tài
n2_basic_drafts	batch_0401_0410	R_0409	焼却処理	しょうきゃくしょり	xử lý bằng đốt, thiêu hủy	Thiêu Khước Xứ Lí
n2_basic_drafts	batch_0401_0410	R_0409	資源循環	しげんじゅんかん	tuần hoàn tài nguyên	Tư Nguyên Tuần Hoàn
n2_basic_drafts	batch_0401_0410	R_0409	多岐にわたる	たきにわたる	trải rộng nhiều nhánh, đa dạng	Đa Kì
n2_basic_drafts	batch_0401_0410	R_0409	ケミカルリサイクル	ケミカルリサイクル	tái chế hóa học (phân hủy và tái tổng hợp bằng hóa chất)	
n2_basic_drafts	batch_0401_0410	R_0409	再合成	さいごうせい	tái tổng hợp	Tái Hợp Thành
n2_basic_drafts	batch_0401_0410	R_0409	再生プラスチック	さいせいプラスチック	nhựa tái sinh, nhựa tái chế	Tái Sanh
n2_basic_drafts	batch_0401_0410	R_0409	枠組み	わくぐみ	khung, khung thể chế, cấu trúc	Khung Tổ
n2_basic_drafts	batch_0401_0410	R_0409	実効性	じっこうせい	tính hiệu quả thực tế	Thực Hiệu Tính
n2_basic_drafts	batch_0401_0410	R_0409	使い捨て	つかいすて	dùng một lần rồi bỏ	Sử Xá
n2_basic_drafts	batch_0401_0410	R_0409	両輪	りょうりん	hai bánh xe (ẩn dụ: hai yếu tố song hành)	Lưỡng Luân
n2_basic_drafts	batch_0401_0410	R_0410	シルバーエコノミー	シルバーエコノミー	kinh tế bạc (nền kinh tế do và dành cho người cao tuổi)	
n2_basic_drafts	batch_0401_0410	R_0410	台頭	たいとう	sự trỗi dậy, sự nổi lên	Thai Đầu
n2_basic_drafts	batch_0401_0410	R_0410	包含する	ほうがんする	bao gồm, bao hàm	Bao Hàm
n2_basic_drafts	batch_0401_0410	R_0410	購買力	こうばいりょく	sức mua	Cấu Mãi Lực
n2_basic_drafts	batch_0401_0410	R_0410	固定観念	こていかんねん	định kiến, quan niệm cố định	Cố Định Quan Niệm
n2_basic_drafts	batch_0401_0410	R_0410	潜在的	せんざいてき	tiềm năng, tiềm ẩn	Tiềm Tại Đích
n2_basic_drafts	batch_0401_0410	R_0410	デジタルデバイド	デジタルデバイド	khoảng cách kỹ thuật số	
n2_basic_drafts	batch_0401_0410	R_0410	産官学	さんかんがく	tam giác doanh nghiệp - chính phủ - học thuật	Sản Quan Học
n2_basic_drafts	batch_0401_0410	R_0410	少子高齢化	しょうしこうれいか	giảm sinh già hóa	Thiểu Tử Cao Linh Hóa
n2_basic_drafts	batch_0401_0410	R_0410	持続可能性	じぞくかのうせい	tính bền vững	Trì Tục Khả Năng Tính
n2_basic_drafts	batch_0401_0410	R_0410	分岐点	ぶんきてん	điểm phân kỳ, ngã rẽ	Phân Kì Điểm
n2_basic_drafts	batch_0401_0410	R_0410	定年延長	ていねんえんちょう	kéo dài tuổi nghỉ hưu	Định Niên Duyên Trường
n2_basic_drafts	batch_0401_0410	R_0410	起業家	きぎょうか	nhà khởi nghiệp, doanh nhân	Khởi Nghiệp Gia
n2_basic_drafts	batch_0411_0420	R_0411	医療診断	いりょうしんだん	chẩn đoán y khoa	Y Liệu Chẩn Đoạn
n2_basic_drafts	batch_0411_0420	R_0411	微細	びさい	nhỏ nhặt, vi tế	Vi Tế
n2_basic_drafts	batch_0411_0420	R_0411	異常	いじょう	bất thường	Dị Thường
n2_basic_drafts	batch_0411_0420	R_0411	倫理的	りんりてき	mang tính đạo đức	Luân Lí Đích
n2_basic_drafts	batch_0411_0420	R_0411	誤診	ごしん	chẩn đoán sai, nhầm bệnh	Ngộ Chẩn
n2_basic_drafts	batch_0411_0420	R_0411	責任の所在	せきにんのしょざい	nơi quy trách nhiệm	Trách Nhâm Sở Tại
n2_basic_drafts	batch_0411_0420	R_0411	医療格差	いりょうかくさ	khoảng cách y tế	Y Liệu Cách Soa
n2_basic_drafts	batch_0411_0420	R_0411	漏洩	ろうえい	rò rỉ (thông tin)	Lậu Lệu
n2_basic_drafts	batch_0411_0420	R_0411	臨床経験	りんしょうけいけん	kinh nghiệm lâm sàng	Lâm Sàng Kinh Nghiệm
n2_basic_drafts	batch_0411_0420	R_0411	協働	きょうどう	hợp tác cùng nhau	Hiệp Động
n2_basic_drafts	batch_0411_0420	R_0411	規制当局	きせいとうきょく	cơ quan quản lý, cơ quan quy định	Quy Chế Đương Cục
n2_basic_drafts	batch_0411_0420	R_0411	承認基準	しょうにんきじゅん	tiêu chuẩn phê duyệt	Thừa Nhận Cơ Chuẩn
n2_basic_drafts	batch_0411_0420	R_0411	医療従事者	いりょうじゅうじしゃ	nhân viên y tế	Y Liệu Tùng Sự Giả
n2_basic_drafts	batch_0411_0420	R_0411	変革	へんかく	cải cách, biến đổi căn bản	Biến Cách
n2_basic_drafts	batch_0411_0420	R_0412	話芸	はなしげい	nghệ thuật kể chuyện	Thoại Vân
n2_basic_drafts	batch_0411_0420	R_0412	庶民	しょみん	bình dân, người thường	Thứ Dân
n2_basic_drafts	batch_0411_0420	R_0412	扇子	せんす	quạt gấp	Phiến Tử
n2_basic_drafts	batch_0411_0420	R_0412	手ぬぐい	てぬぐい	khăn tay vải	Thủ
n2_basic_drafts	batch_0411_0420	R_0412	高座	こうざ	sân khấu cao dành riêng cho diễn viên rakugo	Cao Tọa
n2_basic_drafts	batch_0411_0420	R_0412	社会風刺	しゃかいふうし	châm biếm xã hội	Xã Hội Phong Thứ
n2_basic_drafts	batch_0411_0420	R_0412	前座	ぜんざ	cấp bậc đầu tiên của diễn viên rakugo	Tiền Tọa
n2_basic_drafts	batch_0411_0420	R_0412	真打	しんうち	cấp bậc cao nhất của diễn viên rakugo	Chân Đả
n2_basic_drafts	batch_0411_0420	R_0412	精髄	せいずい	tinh hoa, cốt lõi	Tinh Tủy
n2_basic_drafts	batch_0411_0420	R_0412	伝承	でんしょう	sự truyền thừa, truyền đạt	Truyền Thừa
n2_basic_drafts	batch_0411_0420	R_0412	修業	しゅぎょう	tu luyện, học nghề	Tu Nghiệp
n2_basic_drafts	batch_0411_0420	R_0412	精神性	せいしんせい	tính tinh thần, chiều sâu tâm hồn	Tinh Thần Tính
n2_basic_drafts	batch_0411_0420	R_0413	移民二世	いみんにせい	thế hệ thứ hai người nhập cư	Di Dân Nhị Thế
n2_basic_drafts	batch_0411_0420	R_0413	葛藤	かっとう	sự giằng xé, mâu thuẫn nội tâm	Cát Đằng
n2_basic_drafts	batch_0411_0420	R_0413	疎外感	そがいかん	cảm giác bị gạt ra bên lề, cảm giác xa cách	Sơ Ngoại Cảm
n2_basic_drafts	batch_0411_0420	R_0413	包摂性	ほうせつせい	tính bao trùm, tính hòa nhập	Bao Nhiếp Tính
n2_basic_drafts	batch_0411_0420	R_0413	多文化共生	たぶんかきょうせい	cùng chung sống đa văn hóa	Đa Văn Hóa Cộng Sanh
n2_basic_drafts	batch_0411_0420	R_0413	均質	きんしつ	đồng nhất, đồng đều	Quân Chất
n2_basic_drafts	batch_0411_0420	R_0413	潜在的	せんざいてき	tiềm ẩn, tiềm năng	Tiềm Tại Đích
n2_basic_drafts	batch_0411_0420	R_0413	帰国者	きこくしゃ	người hồi hương	Quy Quốc Giả
n2_basic_drafts	batch_0411_0420	R_0413	担い手	にないて	người gánh vác, người chịu trách nhiệm	Đam Thủ
n2_basic_drafts	batch_0411_0420	R_0413	橋渡し	はしわたし	bắc cầu, kết nối	Kiều Độ
n2_basic_drafts	batch_0411_0420	R_0413	自己認識	じこにんしき	nhận thức về bản thân	Tự Kỉ Nhận Thức
n2_basic_drafts	batch_0411_0420	R_0413	複合的	ふくごうてき	phức hợp, đa chiều	Phức Hợp Đích
n2_basic_drafts	batch_0411_0420	R_0414	同族会社	どうぞくがいしゃ	công ty gia đình, công ty do dòng tộc kiểm soát	Đồng Tộc Hội Xã
n2_basic_drafts	batch_0411_0420	R_0414	中枢	ちゅうすう	trung tâm, trọng tâm (quyền lực)	Trung Xu
n2_basic_drafts	batch_0411_0420	R_0414	一概に	いちがいに	một cách đơn giản, cào bằng (thường dùng phủ định)	Nhất Khái
n2_basic_drafts	batch_0411_0420	R_0414	意思決定	いしけってい	ra quyết định	Ý Tư Quyết Định
n2_basic_drafts	batch_0411_0420	R_0414	一貫性	いっかんせい	tính nhất quán	Nhất Quán Tính
n2_basic_drafts	batch_0411_0420	R_0414	身内優遇	みうちゆうぐう	ưu ái người thân	Thân Nội Ưu Ngộ
n2_basic_drafts	batch_0411_0420	R_0414	登用	とうよう	bổ dụng, đề bạt (nhân tài)	Đăng Dụng
n2_basic_drafts	batch_0411_0420	R_0414	後継者	こうけいしゃ	người kế thừa, người kế vị	Hậu Kế Giả
n2_basic_drafts	batch_0411_0420	R_0414	子息	しそく	con trai (kính ngữ)	Tử Tức
n2_basic_drafts	batch_0411_0420	R_0414	コーポレートガバナンス	コーポレートガバナンス	quản trị doanh nghiệp	
n2_basic_drafts	batch_0411_0420	R_0414	社外取締役	しゃがいとりしまりやく	giám đốc bên ngoài (không thuộc nội bộ công ty)	Xã Ngoại Thủ Đế Dịch
n2_basic_drafts	batch_0411_0420	R_0414	情報開示	じょうほうかいじ	công bố thông tin, minh bạch hóa thông tin	Tình Báo Khai Kì
n2_basic_drafts	batch_0411_0420	R_0414	企業市民	きぎょうしみん	công dân doanh nghiệp (khái niệm CSR)	Xí Nghiệp Thị Dân
n2_basic_drafts	batch_0411_0420	R_0414	持続可能	じぞくかのう	bền vững, có thể duy trì lâu dài	Trì Tục Khả Năng
n2_basic_drafts	batch_0411_0420	R_0415	自己啓発	じこけいはつ	phát triển bản thân, tự khai sáng	Tự Kỉ Khải Phát
n2_basic_drafts	batch_0411_0420	R_0415	行動変容	こうどうへんよう	thay đổi hành vi	Hành Động Biến Dung
n2_basic_drafts	batch_0411_0420	R_0415	内発的	ないはつてき	nội tại, xuất phát từ bên trong	Nội Phát Đích
n2_basic_drafts	batch_0411_0420	R_0415	マインドフルネス	マインドフルネス	chánh niệm, mindfulness	
n2_basic_drafts	batch_0411_0420	R_0415	根拠	こんきょ	căn cứ, cơ sở, bằng chứng	Căn Cứ
n2_basic_drafts	batch_0411_0420	R_0415	位置づける	いちづける	định vị, xác định vị trí	Vị Trí
n2_basic_drafts	batch_0411_0420	R_0415	継続性	けいぞくせい	tính liên tục, tính bền vững	Kế Tục Tính
n2_basic_drafts	batch_0411_0420	R_0415	過度に	かどに	quá mức, thái quá	Quá Độ
n2_basic_drafts	batch_0411_0420	R_0415	孤立	こりつ	sự cô lập	Cô Lập
n2_basic_drafts	batch_0411_0420	R_0415	育まれる	はぐくまれる	được vun đắp, được nuôi dưỡng	Dục
n2_basic_drafts	batch_0411_0420	R_0415	契機	けいき	cơ hội, dịp, cơ duyên	Khế Ki
n2_basic_drafts	batch_0411_0420	R_0415	方法論	ほうほうろん	phương pháp luận	Phương Pháp Luận
n2_basic_drafts	batch_0411_0420	R_0416	聖地	せいち	thánh địa, địa điểm linh thiêng	Thánh Địa
n2_basic_drafts	batch_0411_0420	R_0416	銅製錬所	どうせいれんじょ	xưởng luyện đồng	Đồng Chế Luyện Sở
n2_basic_drafts	batch_0411_0420	R_0416	煤煙	ばいえん	khói bụi, muội than	Môi Yên
n2_basic_drafts	batch_0411_0420	R_0416	変貌	へんぼう	sự biến đổi, thay đổi diện mạo	Biến Bạo
n2_basic_drafts	batch_0411_0420	R_0416	稀有	けう	hiếm có, đặc biệt	Hi Hữu
n2_basic_drafts	batch_0411_0420	R_0416	随所	ずいしょ	khắp nơi, nhiều nơi	Tùy Sở
n2_basic_drafts	batch_0411_0420	R_0416	点在	てんざい	rải rác, điểm xuyết	Điểm Tại
n2_basic_drafts	batch_0411_0420	R_0416	溶け込む	とけこむ	hòa quyện, tan vào	Dong Nhập
n2_basic_drafts	batch_0411_0420	R_0416	廃屋	はいおく	nhà bỏ hoang, phế tích	Phế Ốc
n2_basic_drafts	batch_0411_0420	R_0416	過疎化	かそか	suy giảm dân số (vùng nông thôn)	Quá Sơ Hóa
n2_basic_drafts	batch_0411_0420	R_0416	静謐	せいひつ	sự tĩnh lặng, yên tĩnh	Tĩnh Mật
n2_basic_drafts	batch_0411_0420	R_0416	一朝一夕	いっちょういっせき	một sớm một chiều, trong thời gian ngắn	Nhất Triêu Nhất Tịch
n2_basic_drafts	batch_0411_0420	R_0416	持続可能	じぞくかのう	bền vững, có thể duy trì	Trì Tục Khả Năng
n2_basic_drafts	batch_0411_0420	R_0416	様相	ようそう	diện mạo, bộ mặt, dáng vẻ	Dạng Tương
n2_basic_drafts	batch_0411_0420	R_0417	過熱	かねつ	sự quá nóng, quá mức, khốc liệt	Quá Nhiệt
n2_basic_drafts	batch_0411_0420	R_0417	首都圏	しゅとけん	khu vực thủ đô	Thủ Đô Quyển
n2_basic_drafts	batch_0411_0420	R_0417	膨大	ぼうだい	khổng lồ, rất lớn	Bành Đại
n2_basic_drafts	batch_0411_0420	R_0417	難関	なんかん	khó khăn lớn, trở ngại, danh tiếng (trường khó vào)	Nan Quan
n2_basic_drafts	batch_0411_0420	R_0417	巧みに	たくみに	khéo léo, tài tình	Xảo
n2_basic_drafts	batch_0411_0420	R_0417	高額	こうがく	số tiền lớn, học phí cao	Cao Ngạch
n2_basic_drafts	batch_0411_0420	R_0417	精神発達	せいしんはったつ	sự phát triển tâm lý	Tinh Thần Phát Đạt
n2_basic_drafts	batch_0411_0420	R_0417	論理的思考力	ろんりてきしこうりょく	năng lực tư duy logic	Luận Lí Đích Tư Khảo Lực
n2_basic_drafts	batch_0411_0420	R_0417	一概に	いちがいに	một cách chung chung, nhất loạt	Nhất Khái
n2_basic_drafts	batch_0411_0420	R_0417	主体的に	しゅたいてきに	một cách chủ động, tự giác	Chủ Thể Đích
n2_basic_drafts	batch_0411_0420	R_0417	紙一重	かみひとえ	chỉ cách nhau một ranh giới mỏng, suýt soát	Chỉ Nhất Trọng
n2_basic_drafts	batch_0411_0420	R_0417	模擬試験	もぎしけん	kỳ thi thử, thi mô phỏng	Mô Nghĩ Thí Nghiệm
n2_basic_drafts	batch_0411_0420	R_0418	eスポーツ	イースポーツ	esport, thể thao điện tử	
n2_basic_drafts	batch_0411_0420	R_0418	存在感	そんざいかん	sức ảnh hưởng, tầm quan trọng, sự hiện diện	Tồn Tại Cảm
n2_basic_drafts	batch_0411_0420	R_0418	賞金	しょうきん	tiền thưởng	Thưởng Kim
n2_basic_drafts	batch_0411_0420	R_0418	過度な	かどな	quá mức, thái quá	Quá Độ
n2_basic_drafts	batch_0411_0420	R_0418	節度	せつど	sự điều độ, chừng mực	Tiết Độ
n2_basic_drafts	batch_0411_0420	R_0418	反射神経	はんしゃしんけい	phản xạ thần kinh	Phản Xạ Thần Kinh
n2_basic_drafts	batch_0411_0420	R_0418	スポンサー企業	スポンサーきぎょう	doanh nghiệp tài trợ	Xí Nghiệp
n2_basic_drafts	batch_0411_0420	R_0418	切り捨てる	きりすてる	gạt bỏ, loại bỏ	Thiết Xá
n2_basic_drafts	batch_0411_0420	R_0418	デジタルネイティブ	デジタルネイティブ	thế hệ kỹ thuật số bản địa (lớn lên cùng internet)	
n2_basic_drafts	batch_0411_0420	R_0418	官民	かんみん	nhà nước và tư nhân	Quan Dân
n2_basic_drafts	batch_0411_0420	R_0418	育成環境	いくせいかんきょう	môi trường đào tạo, ươm mầm	Dục Thành Hoàn Cảnh
n2_basic_drafts	batch_0411_0420	R_0418	競争力	きょうそうりょく	sức cạnh tranh	Cạnh Tranh Lực
n2_basic_drafts	batch_0411_0420	R_0419	騒音公害	そうおんこうがい	ô nhiễm tiếng ồn	Tao Âm Công Hại
n2_basic_drafts	batch_0411_0420	R_0419	慢性的	まんせいてき	mãn tính, kéo dài	Mạn Tính Đích
n2_basic_drafts	batch_0411_0420	R_0419	睡眠障害	すいみんしょうがい	rối loạn giấc ngủ	Thụy Miên Chướng Hại
n2_basic_drafts	batch_0411_0420	R_0419	心疾患	しんしっかん	bệnh tim mạch	Tâm Tật Hoạn
n2_basic_drafts	batch_0411_0420	R_0419	静穏	せいおん	yên tĩnh, bình lặng	Tĩnh Ổn
n2_basic_drafts	batch_0411_0420	R_0419	騒音規制法	そうおんきせいほう	luật kiểm soát tiếng ồn	Tao Âm Quy Chế Pháp
n2_basic_drafts	batch_0411_0420	R_0419	低騒音舗装	ていそうおんほそう	mặt đường ít tiếng ồn	Đê Tao Âm Phố Trang
n2_basic_drafts	batch_0411_0420	R_0419	抑制	よくせい	kiểm soát, hạn chế	Ức Chế
n2_basic_drafts	batch_0411_0420	R_0419	緑地化	りょくちか	xanh hóa, phủ xanh	Lục Địa Hóa
n2_basic_drafts	batch_0411_0420	R_0419	自粛	じしゅく	tự giác kiềm chế, tự hạn chế	Tự Túc
n2_basic_drafts	batch_0411_0420	R_0419	発想の転換	はっそうのてんかん	thay đổi tư duy, cách nghĩ mới	Phát Tưởng Chuyển Hoán
n2_basic_drafts	batch_0411_0420	R_0419	急務	きゅうむ	nhiệm vụ cấp bách	Cấp Vụ
n2_basic_drafts	batch_0411_0420	R_0419	政策立案	せいさくりつあん	hoạch định chính sách	Chánh Sách Lập Án
n2_basic_drafts	batch_0411_0420	R_0420	関東大震災	かんとうだいしんさい	Đại động đất Kanto (1923)	Quan Đông Đại Chấn Tai
n2_basic_drafts	batch_0411_0420	R_0420	戒厳令	かいげんれい	thiết quân luật	Giới Nghiêm Lệnh
n2_basic_drafts	batch_0411_0420	R_0420	流言蜚語	りゅうげんひご	tin đồn thất thiệt, lời đồn nhảm	Lưu Ngôn Phi Ngữ
n2_basic_drafts	batch_0411_0420	R_0420	帝都復興計画	ていとふっこうけいかく	Kế hoạch Phục hưng Đế đô	Đế Đô Phục Hưng Kế Họa
n2_basic_drafts	batch_0411_0420	R_0420	都市景観	としけいかん	cảnh quan đô thị	Đô Thị Cảnh Quan
n2_basic_drafts	batch_0411_0420	R_0420	礎	いしずえ	nền tảng, cột mốc	Sở
n2_basic_drafts	batch_0411_0420	R_0420	契機	けいき	cột mốc, cơ hội, dịp (để thay đổi)	Khế Ki
n2_basic_drafts	batch_0411_0420	R_0420	行方不明者	ゆくえふめいしゃ	người mất tích	Hành Phương Bất Minh Giả
n2_basic_drafts	batch_0411_0420	R_0420	避難	ひなん	sơ tán, chạy nạn	Tị Nan
n2_basic_drafts	batch_0411_0420	R_0420	防災意識	ぼうさいいしき	ý thức phòng chống thiên tai	Phòng Tai Ý Thức
n2_basic_drafts	batch_0411_0420	R_0420	拡幅	かくふく	mở rộng (đường)	Khuếch Phúc
n2_basic_drafts	batch_0411_0420	R_0420	語り継がれる	かたりつがれる	được truyền lại, được kể tiếp từ đời này sang đời khác	Ngữ Kế
n2_basic_drafts	batch_0421_0430	R_0421	固定的	こていてき	cố định, rập khuôn	Cố Định Đích
n2_basic_drafts	batch_0421_0430	R_0421	性別役割意識	せいべつやくわりいしき	ý thức về vai trò giới tính	Tính Biệt Dịch Cát Ý Thức
n2_basic_drafts	batch_0421_0430	R_0421	刷り込み	すりこみ	sự áp đặt, khắc sâu vào tiềm thức	Xoát Nhập
n2_basic_drafts	batch_0421_0430	R_0421	偏見	へんけん	định kiến, thiên kiến	Thiên Kiến
n2_basic_drafts	batch_0421_0430	R_0421	再生産	さいせいさん	tái tạo, tái sản xuất	Tái Sanh Sản
n2_basic_drafts	batch_0421_0430	R_0421	ロールモデル	ロールモデル	hình mẫu, người làm gương	
n2_basic_drafts	batch_0421_0430	R_0421	同質的	どうしつてき	có tính đồng nhất, thuần nhất	Đồng Chất Đích
n2_basic_drafts	batch_0421_0430	R_0421	構造的障壁	こうぞうてきしょうへき	rào cản cấu trúc	Cấu Tạo Đích Chướng Bích
n2_basic_drafts	batch_0421_0430	R_0421	透明性	とうめいせい	tính minh bạch	Thấu Minh Tính
n2_basic_drafts	batch_0421_0430	R_0421	昇進	しょうしん	thăng tiến, thăng chức	Thăng Tiến
n2_basic_drafts	batch_0421_0430	R_0421	急務	きゅうむ	vấn đề cấp bách, nhiệm vụ khẩn thiết	Cấp Vụ
n2_basic_drafts	batch_0421_0430	R_0421	志望する	しぼうする	khao khát, theo đuổi, nguyện vọng	Chí Vọng
n2_basic_drafts	batch_0421_0430	R_0422	壮大さ	そうだいさ	sự hùng vĩ, sự vĩ đại	Tráng Đại
n2_basic_drafts	batch_0421_0430	R_0422	凝縮	ぎょうしゅく	sự cô đọng, sự nén lại	Ngưng Súc
n2_basic_drafts	batch_0421_0430	R_0422	非対称性	ひたいしょうせい	tính bất đối xứng	Phi Đối Xưng Tính
n2_basic_drafts	batch_0421_0430	R_0422	摂理	せつり	quy luật tự nhiên	Nhiếp Lí
n2_basic_drafts	batch_0421_0430	R_0422	具現化	ぐげんか	sự hiện thân, sự cụ thể hóa	Cụ Hiện Hóa
n2_basic_drafts	batch_0421_0430	R_0422	愛好者	あいこうしゃ	người yêu thích, người đam mê	Ái Hảo Giả
n2_basic_drafts	batch_0421_0430	R_0422	根源的	こんげんてき	cơ bản, thuộc về cội nguồn	Căn Nguyên Đích
n2_basic_drafts	batch_0421_0430	R_0422	普遍的	ふへんてき	phổ quát, mang tính toàn cầu	Phổ Biến Đích
n2_basic_drafts	batch_0421_0430	R_0422	均整	きんせい	sự cân đối, sự hài hòa	Quân Chỉnh
n2_basic_drafts	batch_0421_0430	R_0422	顧みる	かえりみる	quan tâm đến, hồi tưởng lại	Cố
n2_basic_drafts	batch_0421_0430	R_0422	域	いき	phạm vi, lĩnh vực	Vực
n2_basic_drafts	batch_0421_0430	R_0422	職人	しょくにん	người thợ lành nghề, nghệ nhân	Chức Nhân
n2_basic_drafts	batch_0421_0430	R_0423	神道	しんとう	thần đạo	Thần Đạo
n2_basic_drafts	batch_0421_0430	R_0423	教義	きょうぎ	giáo lý	Giáo Nghĩa
n2_basic_drafts	batch_0421_0430	R_0423	崇拝	すうはい	sự thờ phụng, sùng bái	Sùng Bái
n2_basic_drafts	batch_0421_0430	R_0423	信仰体系	しんこうたいけい	hệ thống tín ngưỡng	Tín Ngưỡng Thể Hệ
n2_basic_drafts	batch_0421_0430	R_0423	初詣	はつもうで	tục tham bái đền thờ đầu năm	Sơ Nghệ
n2_basic_drafts	batch_0421_0430	R_0423	七五三	しちごさん	lễ Shichi-Go-San, cầu nguyện cho trẻ 3, 5, 7 tuổi	Thất Ngũ Tam
n2_basic_drafts	batch_0421_0430	R_0423	国家神道	こっかしんとう	quốc gia thần đạo	Quốc Gia Thần Đạo
n2_basic_drafts	batch_0421_0430	R_0423	神格化	しんかくか	sự thần thánh hóa	Thần Cách Hóa
n2_basic_drafts	batch_0421_0430	R_0423	信教の自由	しんきょうのじゆう	tự do tín ngưỡng	Tín Giáo Tự Do
n2_basic_drafts	batch_0421_0430	R_0423	美意識	びいしき	thẩm mỹ quan, ý thức thẩm mỹ	Mĩ Ý Thức
n2_basic_drafts	batch_0421_0430	R_0423	宮司	ぐうじ	thần chủ, vị chức sắc cao nhất của đền thần	Cung Ti
n2_basic_drafts	batch_0421_0430	R_0423	畏敬	いけい	lòng kính sợ, sự ngưỡng mộ	Úy Kính
n2_basic_drafts	batch_0421_0430	R_0423	帰属意識	きぞくいしき	ý thức quy thuộc, cảm giác thuộc về	Quy Chúc Ý Thức
n2_basic_drafts	batch_0421_0430	R_0423	混交	こんこう	sự hòa trộn, pha lẫn	Hỗn Giao
n2_basic_drafts	batch_0421_0430	R_0424	病害虫	びょうがいちゅう	sâu bệnh, dịch hại	Bệnh Hại Trùng
n2_basic_drafts	batch_0421_0430	R_0424	生育状況	せいいくじょうきょう	tình trạng sinh trưởng	Sanh Dục Trạng Huống
n2_basic_drafts	batch_0421_0430	R_0424	隈なく	くまなく	toàn bộ, không sót chỗ nào	Uôm
n2_basic_drafts	batch_0421_0430	R_0424	農業従事者	のうぎょうじゅうじしゃ	người làm nông nghiệp	Nông Nghiệp Tùng Sự Giả
n2_basic_drafts	batch_0421_0430	R_0424	担い手不足	にないてぶそく	thiếu hụt nhân lực kế thừa	Đam Thủ Bất Túc
n2_basic_drafts	batch_0421_0430	R_0424	省力化	しょうりょくか	tiết kiệm lao động, tự động hóa	Tỉnh Lực Hóa
n2_basic_drafts	batch_0421_0430	R_0424	農薬散布	のうやくさんぷ	phun thuốc trừ sâu	Nông Dược Tán Bố
n2_basic_drafts	batch_0421_0430	R_0424	農業協同組合	のうぎょうきょうどうくみあい	hợp tác xã nông nghiệp	Nông Nghiệp Hiệp Đồng Tổ Hợp
n2_basic_drafts	batch_0421_0430	R_0424	施肥量	せひりょう	lượng phân bón	Thi Phì Lượng
n2_basic_drafts	batch_0421_0430	R_0424	精密農業	せいみつのうぎょう	nông nghiệp chính xác	Tinh Mật Nông Nghiệp
n2_basic_drafts	batch_0421_0430	R_0424	収量	しゅうりょう	sản lượng thu hoạch	Thu Lượng
n2_basic_drafts	batch_0421_0430	R_0424	山間部	さんかんぶ	vùng miền núi	San Gian Bộ
n2_basic_drafts	batch_0421_0430	R_0424	補助金	ほじょきん	trợ cấp, tiền hỗ trợ	Bổ Trợ Kim
n2_basic_drafts	batch_0421_0430	R_0425	少子高齢化	しょうしこうれいか	giảm sinh và già hóa dân số	Thiểu Tử Cao Linh Hóa
n2_basic_drafts	batch_0421_0430	R_0425	核家族化	かくかぞくか	hạt nhân hóa gia đình (xu hướng gia đình chỉ có bố mẹ và con cái)	Hạch Gia Tộc Hóa
n2_basic_drafts	batch_0421_0430	R_0425	共働き	ともばたらき	cả hai vợ chồng cùng đi làm	Cộng Động
n2_basic_drafts	batch_0421_0430	R_0425	代えがたい	かえがたい	không thể thay thế, vô giá	Đại
n2_basic_drafts	batch_0421_0430	R_0425	世代間	せだいかん	giữa các thế hệ	Thế Đại Gian
n2_basic_drafts	batch_0421_0430	R_0425	献身的	けんしんてき	tận tụy, hy sinh	Hiến Thân Đích
n2_basic_drafts	batch_0421_0430	R_0425	持続可能	じぞくかのう	có thể duy trì bền vững	Trì Tục Khả Năng
n2_basic_drafts	batch_0421_0430	R_0425	摩擦	まさつ	mâu thuẫn, xung đột	Ma Sát
n2_basic_drafts	batch_0421_0430	R_0425	相互理解	そうごりかい	hiểu biết lẫn nhau	Tương Hỗ Lí Giải
n2_basic_drafts	batch_0421_0430	R_0425	見守り	みまもり	trông chừng, giám sát bảo vệ	Kiến Thủ
n2_basic_drafts	batch_0421_0430	R_0425	寄与する	きよする	đóng góp, cống hiến	Kí Dữ
n2_basic_drafts	batch_0421_0430	R_0425	根幹	こんかん	nền tảng cốt lõi, gốc rễ	Căn Cán
n2_basic_drafts	batch_0421_0430	R_0426	ハラスメント	ハラスメント	quấy rối	
n2_basic_drafts	batch_0421_0430	R_0426	沈黙	ちんもく	sự im lặng	Trầm Mặc
n2_basic_drafts	batch_0421_0430	R_0426	加害者	かがいしゃ	kẻ gây hại, thủ phạm	Gia Hại Giả
n2_basic_drafts	batch_0421_0430	R_0426	温存	おんぞん	duy trì, bảo tồn (thường theo nghĩa tiêu cực)	Ôn Tồn
n2_basic_drafts	batch_0421_0430	R_0426	常態化	じょうたいか	trở thành chuyện bình thường, thường xuyên hoá	Thường Thái Hóa
n2_basic_drafts	batch_0421_0430	R_0426	内面化	ないめんか	nội hoá, tiếp nhận vào bên trong	Nội Diện Hóa
n2_basic_drafts	batch_0421_0430	R_0426	心理的安全性	しんりてきあんぜんせい	tính an toàn tâm lý	Tâm Lí Đích An Toàn Tính
n2_basic_drafts	batch_0421_0430	R_0426	内部告発	ないぶこくはつ	tố giác nội bộ, thổi còi	Nội Bộ Cáo Phát
n2_basic_drafts	batch_0421_0430	R_0426	隠蔽	いんぺい	che giấu, che đậy	Ẩn Tất
n2_basic_drafts	batch_0421_0430	R_0426	施行	しこう	ban hành, thi hành (luật)	Thi Hành
n2_basic_drafts	batch_0421_0430	R_0426	義務付ける	ぎむづける	bắt buộc, quy định nghĩa vụ	Nghĩa Vụ Phó
n2_basic_drafts	batch_0421_0430	R_0426	第三者機関	だいさんしゃきかん	cơ quan bên thứ ba	Đệ Tam Giả Ki Quan
n2_basic_drafts	batch_0421_0430	R_0426	余儀なくされる	よぎなくされる	bị buộc phải (không có lựa chọn khác)	Dư Nghi
n2_basic_drafts	batch_0421_0430	R_0427	性的少数者	せいてきしょうすうしゃ	người thuộc thiểu số tình dục	Tính Đích Thiểu Sổ Giả
n2_basic_drafts	batch_0421_0430	R_0427	差別	さべつ	phân biệt đối xử	Soa Biệt
n2_basic_drafts	batch_0421_0430	R_0427	偏見	へんけん	định kiến	Thiên Kiến
n2_basic_drafts	batch_0421_0430	R_0427	急務	きゅうむ	nhiệm vụ cấp bách	Cấp Vụ
n2_basic_drafts	batch_0421_0430	R_0427	婚姻	こんいん	hôn nhân (thuật ngữ pháp lý)	Hôn Duyên
n2_basic_drafts	batch_0421_0430	R_0427	性自認	せいじにん	bản dạng giới	Tính Tự Nhận
n2_basic_drafts	batch_0421_0430	R_0427	性的指向	せいてきしこう	xu hướng tình dục	Tính Đích Chỉ Hướng
n2_basic_drafts	batch_0421_0430	R_0427	パートナーシップ制度	パートナーシップせいど	chế độ đối tác (dành cho cặp đôi cùng giới)	Chế Độ
n2_basic_drafts	batch_0421_0430	R_0427	啓発	けいはつ	giác ngộ, nâng cao nhận thức	Khải Phát
n2_basic_drafts	batch_0421_0430	R_0427	立法	りっぽう	lập pháp	Lập Pháp
n2_basic_drafts	batch_0421_0430	R_0427	合意形成	ごういけいせい	xây dựng sự đồng thuận	Hợp Ý Hình Thành
n2_basic_drafts	batch_0421_0430	R_0427	潮流	ちょうりゅう	xu hướng, trào lưu	Triều Lưu
n2_basic_drafts	batch_0421_0430	R_0427	相続	そうぞく	thừa kế	Tương Tục
n2_basic_drafts	batch_0421_0430	R_0427	切実	せつじつ	cấp thiết, thiết thực	Thiết Thực
n2_basic_drafts	batch_0421_0430	R_0428	台頭	たいとう	sự trỗi dậy, sự nổi lên	Thai Đầu
n2_basic_drafts	batch_0421_0430	R_0428	融資	ゆうし	cho vay, cấp vốn	Dung Tư
n2_basic_drafts	batch_0421_0430	R_0428	利便性	りべんせい	tính tiện lợi	Lợi Tiện Tính
n2_basic_drafts	batch_0421_0430	R_0428	余儀なくされる	よぎなくされる	bị buộc phải, bất đắc dĩ phải	Dư Nghi
n2_basic_drafts	batch_0421_0430	R_0428	制度的基盤	せいどてききばん	nền tảng thể chế	Chế Độ Đích Cơ Bàn
n2_basic_drafts	batch_0421_0430	R_0428	金融リテラシー	きんゆうリテラシー	năng lực tài chính, hiểu biết tài chính	Kim Dung
n2_basic_drafts	batch_0421_0430	R_0428	模索する	もさくする	tìm kiếm, thăm dò	Mô Tác
n2_basic_drafts	batch_0421_0430	R_0428	躍進	やくしん	sự bứt phá, tiến vọt	Dược Tiến
n2_basic_drafts	batch_0421_0430	R_0428	民主化	みんしゅか	dân chủ hóa	Dân Chủ Hóa
n2_basic_drafts	batch_0421_0430	R_0428	二項対立	にこうたいりつ	đối lập nhị phân, đối lập hai chiều	Nhị Hạng Đối Lập
n2_basic_drafts	batch_0421_0430	R_0428	エコシステム	エコシステム	hệ sinh thái (ở đây: hệ sinh thái tài chính)	
n2_basic_drafts	batch_0421_0430	R_0428	提携	ていけい	hợp tác, liên kết	Đề Huề
n2_basic_drafts	batch_0421_0430	R_0428	サイバーセキュリティ	サイバーセキュリティ	an ninh mạng	
n2_basic_drafts	batch_0421_0430	R_0429	漢字離れ	かんじばなれ	hiện tượng xa rời chữ Hán, không dùng/viết chữ Hán nữa	Hán Tự Li
n2_basic_drafts	batch_0421_0430	R_0429	顕著	けんちょ	rõ rệt, nổi bật	Hiển Trứ
n2_basic_drafts	batch_0421_0430	R_0429	定着	ていちゃく	sự ghi nhớ lâu dài, ổn định hóa	Định Trứ
n2_basic_drafts	batch_0421_0430	R_0429	変換機能	へんかんきのう	chức năng chuyển đổi (văn bản tự động)	Biến Hoán Ki Năng
n2_basic_drafts	batch_0421_0430	R_0429	非対称性	ひたいしょうせい	tính bất cân xứng	Phi Đối Xưng Tính
n2_basic_drafts	batch_0421_0430	R_0429	書字技術	しょじぎじゅつ	kỹ thuật viết chữ	Thư Tự Kĩ Thuật
n2_basic_drafts	batch_0421_0430	R_0429	語彙力	ごいりょく	vốn từ vựng	Ngữ Vị Lực
n2_basic_drafts	batch_0421_0430	R_0429	衰退	すいたい	sự suy yếu, suy thoái	Suy Thối
n2_basic_drafts	batch_0421_0430	R_0429	包括的	ほうかつてき	toàn diện, bao quát	Bao Quát Đích
n2_basic_drafts	batch_0421_0430	R_0429	書字能力	しょじのうりょく	khả năng viết chữ	Thư Tự Năng Lực
n2_basic_drafts	batch_0421_0430	R_0429	深層的	しんそうてき	sâu sắc, ở tầng sâu	Thâm Tằng Đích
n2_basic_drafts	batch_0421_0430	R_0429	危機感	ききかん	cảm giác nguy cơ, lo ngại	Nguy Ki Cảm
n2_basic_drafts	batch_0421_0430	R_0430	農村体験	のうそんたいけん	trải nghiệm nông thôn	Nông Thôn Thể Nghiệm
n2_basic_drafts	batch_0421_0430	R_0430	方言	ほうげん	phương ngữ, tiếng địa phương	Phương Ngôn
n2_basic_drafts	batch_0421_0430	R_0430	戸惑い	とまどい	sự bỡ ngỡ, lúng túng	Hộ Hoặc
n2_basic_drafts	batch_0421_0430	R_0430	言語的多様性	げんごてきたようせい	sự đa dạng ngôn ngữ	Ngôn Ngữ Đích Đa Dạng Tính
n2_basic_drafts	batch_0421_0430	R_0430	田植え	たうえ	cấy lúa	Điền Thực
n2_basic_drafts	batch_0421_0430	R_0430	後継者不足	こうけいしゃぶそく	thiếu người kế thừa	Hậu Kế Giả Bất Túc
n2_basic_drafts	batch_0421_0430	R_0430	高齢化	こうれいか	già hóa (dân số)	Cao Linh Hóa
n2_basic_drafts	batch_0421_0430	R_0430	漬物	つけもの	dưa muối, đồ muối chua	Tí Vật
n2_basic_drafts	batch_0421_0430	R_0430	人情	にんじょう	tình người, lòng nhân hậu	Nhân Tình
n2_basic_drafts	batch_0421_0430	R_0430	凝縮	ぎょうしゅく	sự cô đọng, sự tập trung tinh chất	Ngưng Súc
n2_basic_drafts	batch_0421_0430	R_0430	相互理解	そうごりかい	sự hiểu biết lẫn nhau	Tương Hỗ Lí Giải
n2_basic_drafts	batch_0421_0430	R_0430	真摯	しんし	chân thành, nghiêm túc	Chân Chí
n2_basic_drafts	batch_0421_0430	R_0430	表面的	ひょうめんてき	mang tính bề ngoài, hời hợt	Biểu Diện Đích
n2_basic_drafts	batch_0431_0440	R_0431	電動車	でんどうしゃ	xe điện (bao gồm EV, hybrid, PHEV)	Điện Động Xa
n2_basic_drafts	batch_0431_0440	R_0431	充電インフラ	じゅうでんインフラ	hạ tầng sạc điện	Sung Điện
n2_basic_drafts	batch_0431_0440	R_0431	サプライチェーン	サプライチェーン	chuỗi cung ứng	
n2_basic_drafts	batch_0431_0440	R_0431	全固体電池	ぜんこたいでんち	pin toàn thể rắn (công nghệ pin thế hệ mới)	Toàn Cố Thể Điện Trì
n2_basic_drafts	batch_0431_0440	R_0431	航続距離	こうぞくきょり	phạm vi di chuyển, quãng đường đi được sau một lần sạc	Hàng Tục Cự Li
n2_basic_drafts	batch_0431_0440	R_0431	集合住宅	しゅうごうじゅうたく	chung cư, nhà tập thể	Tập Hợp Trụ Trạch
n2_basic_drafts	batch_0431_0440	R_0431	V2G技術	V2Gぎじゅつ	công nghệ Vehicle to Grid (xe điện cung cấp điện ngược lại lưới điện)	Kĩ Thuật
n2_basic_drafts	batch_0431_0440	R_0431	再生可能エネルギー	さいせいかのうエネルギー	năng lượng tái tạo	Tái Sanh Khả Năng
n2_basic_drafts	batch_0431_0440	R_0431	発電方法	はつでんほうほう	phương thức phát điện	Phát Điện Phương Pháp
n2_basic_drafts	batch_0431_0440	R_0431	脱炭素化	だつたんそか	phi carbon hóa, giảm phát thải carbon	Thoát Thán Tố Hóa
n2_basic_drafts	batch_0431_0440	R_0431	電力構成	でんりょくこうせい	cơ cấu điện năng (tỷ lệ các nguồn điện)	Điện Lực Cấu Thành
n2_basic_drafts	batch_0431_0440	R_0431	二律背反	にりつはいはん	mâu thuẫn không thể dung hòa, antinomy	Nhị Luật Bối Phản
n2_basic_drafts	batch_0431_0440	R_0431	絵に描いた餅	えにかいたもち	bánh vẽ, kế hoạch đẹp trên lý thuyết nhưng không thực tế	Hội Miêu Bính
n2_basic_drafts	batch_0431_0440	R_0432	産後うつ	さんごうつ	trầm cảm sau sinh	Sản Hậu
n2_basic_drafts	batch_0431_0440	R_0432	無気力感	むきりょくかん	cảm giác mất sinh lực, vô lực	Vô Khí Lực Cảm
n2_basic_drafts	batch_0431_0440	R_0432	ホルモンバランス	ホルモンバランス	cân bằng nội tiết tố	
n2_basic_drafts	batch_0431_0440	R_0432	神経伝達物質	しんけいでんたつぶっしつ	chất dẫn truyền thần kinh	Thần Kinh Truyền Đạt Vật Chất
n2_basic_drafts	batch_0431_0440	R_0432	不均衡	ふきんこう	sự mất cân bằng	Bất Quân Hành
n2_basic_drafts	batch_0431_0440	R_0432	予後	よご	tiên lượng (y tế)	Dư Hậu
n2_basic_drafts	batch_0431_0440	R_0432	早期介入	そうきかいにゅう	can thiệp sớm	Tảo Kì Giới Nhập
n2_basic_drafts	batch_0431_0440	R_0432	偏見	へんけん	định kiến	Thiên Kiến
n2_basic_drafts	batch_0431_0440	R_0432	孤立	こりつ	sự cô lập	Cô Lập
n2_basic_drafts	batch_0431_0440	R_0432	対応格差	たいおうかくさ	khoảng cách ứng phó, chênh lệch trong đối ứng	Đối Ứng Cách Soa
n2_basic_drafts	batch_0431_0440	R_0432	訪問支援	ほうもんしえん	hỗ trợ thăm nhà	Phóng Vấn Chi Viên
n2_basic_drafts	batch_0431_0440	R_0432	母子関係	ぼしかんけい	mối quan hệ mẹ con	Mẫu Tử Quan Hệ
n2_basic_drafts	batch_0431_0440	R_0433	孤独感	こどくかん	cảm giác cô đơn	Cô Độc Cảm
n2_basic_drafts	batch_0431_0440	R_0433	様相を呈する	ようそうをていする	mang diện mạo, thể hiện khía cạnh	Dạng Tương Trình
n2_basic_drafts	batch_0431_0440	R_0433	親密さ	しんみつさ	sự gần gũi, thân mật	Thân Mật
n2_basic_drafts	batch_0431_0440	R_0433	一途をたどる	いっとをたどる	đi theo một hướng (thường tiêu cực), liên tục gia tăng	Nhất Đồ
n2_basic_drafts	batch_0431_0440	R_0433	自己肯定感	じここうていかん	lòng tự trọng, cảm giác tự chấp nhận bản thân	Tự Kỉ Khẳng Định Cảm
n2_basic_drafts	batch_0431_0440	R_0433	核家族化	かくかぞくか	xu hướng gia đình hạt nhân hóa	Hạch Gia Tộc Hóa
n2_basic_drafts	batch_0431_0440	R_0433	孤立	こりつ	sự cô lập	Cô Lập
n2_basic_drafts	batch_0431_0440	R_0433	コミュニティの再構築	コミュニティのさいこうちく	tái thiết cộng đồng	Tái Cấu Trúc
n2_basic_drafts	batch_0431_0440	R_0433	実効性	じっこうせい	tính hiệu quả thực tế	Thực Hiệu Tính
n2_basic_drafts	batch_0431_0440	R_0433	孤独担当大臣	こどくたんとうだいじん	bộ trưởng phụ trách vấn đề cô đơn	Cô Độc Đam Đương Đại Thần
n2_basic_drafts	batch_0431_0440	R_0433	承認	しょうにん	sự công nhận, phê duyệt	Thừa Nhận
n2_basic_drafts	batch_0431_0440	R_0433	不安障害	ふあんしょうがい	rối loạn lo âu	Bất An Chướng Hại
n2_basic_drafts	batch_0431_0440	R_0434	敷居が高い	しきいがたかい	ngưỡng cửa cao, khó tiếp cận	Phu Cư Cao
n2_basic_drafts	batch_0431_0440	R_0434	伝統芸能	でんとうげいのう	nghệ thuật truyền thống	Truyền Thống Vân Năng
n2_basic_drafts	batch_0431_0440	R_0434	稽古	けいこ	luyện tập, tập dợt (nghệ thuật)	Kê, khể Cổ
n2_basic_drafts	batch_0431_0440	R_0434	家元制度	いえもとせいど	chế độ gia trưởng, hệ thống truyền thống theo dòng họ	Gia Nguyên Chế Độ
n2_basic_drafts	batch_0431_0440	R_0434	継承	けいしょう	kế thừa, truyền thừa	Kế Thừa
n2_basic_drafts	batch_0431_0440	R_0434	比肩しがたい	ひけんしがたい	khó sánh bằng, không có gì so sánh được	Bỉ Kiên
n2_basic_drafts	batch_0431_0440	R_0434	若年化	じゃくねんか	xu hướng trẻ hóa	Nhược Niên Hóa
n2_basic_drafts	batch_0431_0440	R_0434	懸念	けねん	lo ngại, lo lắng	Huyền Niệm
n2_basic_drafts	batch_0431_0440	R_0434	過言	かごん	nói quá, lời nói thái quá	Quá Ngôn
n2_basic_drafts	batch_0431_0440	R_0434	解釈	かいしゃく	cách diễn giải, diễn dịch	Giải Thích
n2_basic_drafts	batch_0431_0440	R_0434	模索	もさく	tìm tòi, mò mẫm	Mô Tác
n2_basic_drafts	batch_0431_0440	R_0434	革新	かくしん	đổi mới, cách tân	Cách Tân
n2_basic_drafts	batch_0431_0440	R_0435	発酵	はっこう	lên men	Phát Diếu
n2_basic_drafts	batch_0431_0440	R_0435	微生物	びせいぶつ	vi sinh vật	Vi Sanh Vật
n2_basic_drafts	batch_0431_0440	R_0435	腸内フローラ	ちょうないフローラ	hệ vi sinh đường ruột	Tràng Nội
n2_basic_drafts	batch_0431_0440	R_0435	善玉菌	ぜんだまきん	vi khuẩn có lợi	Thiện Ngọc Khuẩn
n2_basic_drafts	batch_0431_0440	R_0435	免疫機能	めんえききのう	chức năng miễn dịch	Miễn Dịch Ki Năng
n2_basic_drafts	batch_0431_0440	R_0435	乳酸菌	にゅうさんきん	vi khuẩn lactic	Nhũ Toan Khuẩn
n2_basic_drafts	batch_0431_0440	R_0435	過剰摂取	かじょうせっしゅ	tiêu thụ quá mức	Quá Thặng Nhiếp Thủ
n2_basic_drafts	batch_0431_0440	R_0435	無形文化遺産	むけいぶんかいさん	di sản văn hoá phi vật thể	Vô Hình Văn Hóa Di Sản
n2_basic_drafts	batch_0431_0440	R_0435	欧米化	おうべいか	sự Âu Mỹ hoá	Âu Mễ Hóa
n2_basic_drafts	batch_0431_0440	R_0435	公衆衛生	こうしゅうえいせい	y tế công cộng	Công Chúng Vệ Sanh
n2_basic_drafts	batch_0431_0440	R_0435	健康長寿	けんこうちょうじゅ	khoẻ mạnh và sống lâu	Kiện Khang Trường Thọ
n2_basic_drafts	batch_0431_0440	R_0435	継承	けいしょう	kế thừa, truyền lại	Kế Thừa
n2_basic_drafts	batch_0431_0440	R_0436	生涯学習	しょうがいがくしゅう	học tập suốt đời	Sanh Nhai Học Tập
n2_basic_drafts	batch_0431_0440	R_0436	高齢化社会	こうれいかしゃかい	xã hội già hóa	Cao Linh Hóa Xã Hội
n2_basic_drafts	batch_0431_0440	R_0436	定年	ていねん	tuổi hưu, định niên	Định Niên
n2_basic_drafts	batch_0431_0440	R_0436	培う	つちかう	vun đắp, tích lũy	Bồi
n2_basic_drafts	batch_0431_0440	R_0436	潜在的	せんざいてき	tiềm ẩn, tiềm năng	Tiềm Tại Đích
n2_basic_drafts	batch_0431_0440	R_0436	喪失感	そうしつかん	cảm giác mất mát	Tang Thất Cảm
n2_basic_drafts	batch_0431_0440	R_0436	転換点	てんかんてん	bước ngoặt, điểm chuyển tiếp	Chuyển Hoán Điểm
n2_basic_drafts	batch_0431_0440	R_0436	内発的	ないはつてき	xuất phát từ bên trong, nội tại	Nội Phát Đích
n2_basic_drafts	batch_0431_0440	R_0436	認知症	にんちしょう	chứng mất trí nhớ, sa sút trí tuệ	Nhận Tri Chứng
n2_basic_drafts	batch_0431_0440	R_0436	社会的格差	しゃかいてきかくさ	bất bình đẳng xã hội	Xã Hội Đích Cách Soa
n2_basic_drafts	batch_0431_0440	R_0436	自治体	じちたい	chính quyền địa phương	Tự Trì Thể
n2_basic_drafts	batch_0431_0440	R_0436	尊厳	そんげん	phẩm giá, nhân phẩm	Tôn Nghiêm
n2_basic_drafts	batch_0431_0440	R_0436	契機	けいき	cơ hội, cơ duyên, bước ngoặt	Khế Ki
n2_basic_drafts	batch_0431_0440	R_0437	自殺	じさつ	tự sát	Tự Sát
n2_basic_drafts	batch_0431_0440	R_0437	追い詰める	おいつめる	dồn vào đường cùng, dồn vào góc tường	Truy Cật
n2_basic_drafts	batch_0431_0440	R_0437	後を絶たない	あとをたたない	liên tiếp xảy ra không dứt	Hậu Tuyệt
n2_basic_drafts	batch_0431_0440	R_0437	多層的	たそうてき	đa tầng lớp, nhiều lớp	Đa Tằng Đích
n2_basic_drafts	batch_0431_0440	R_0437	際立つ	きわだつ	nổi bật, nổi trội	Tế Lập
n2_basic_drafts	batch_0431_0440	R_0437	孤立	こりつ	sự cô lập	Cô Lập
n2_basic_drafts	batch_0431_0440	R_0437	糸口	いとぐち	manh mối, đầu mối, điểm khởi đầu	Mịch Khẩu
n2_basic_drafts	batch_0431_0440	R_0437	過重労働	かじゅうろうどう	làm việc quá sức, lao động quá tải	Quá Trọng Lao Động
n2_basic_drafts	batch_0431_0440	R_0437	是正	ぜせい	sự khắc phục, chỉnh sửa cho đúng	Thị Chánh
n2_basic_drafts	batch_0431_0440	R_0437	打破する	だはする	phá vỡ, đột phá	Đả Phá
n2_basic_drafts	batch_0431_0440	R_0437	臨床心理士	りんしょうしんりし	chuyên gia tâm lý lâm sàng	Lâm Sàng Tâm Lí Sĩ
n2_basic_drafts	batch_0431_0440	R_0437	包括的	ほうかつてき	toàn diện, bao quát	Bao Quát Đích
n2_basic_drafts	batch_0431_0440	R_0437	弱さ	よわさ	sự yếu đuối	Nhược
n2_basic_drafts	batch_0431_0440	R_0437	相談窓口	そうだんまどぐち	đường dây hỗ trợ, cửa sổ tư vấn	Tương Đàm Song Khẩu
n2_basic_drafts	batch_0431_0440	R_0438	突出した	とっしゅつした	nổi bật, vượt trội	Đột Xuất
n2_basic_drafts	batch_0431_0440	R_0438	実績	じっせき	thành tích, kết quả thực tế	Thực Tích
n2_basic_drafts	batch_0431_0440	R_0438	追随	ついずい	theo đuổi, bắt chước	Truy Tùy
n2_basic_drafts	batch_0431_0440	R_0438	開拓する	かいたくする	khai phá, mở ra	Khai Thác
n2_basic_drafts	batch_0431_0440	R_0438	粘り強い	ねばりづよい	kiên trì, bền bỉ	Niêm Cường
n2_basic_drafts	batch_0431_0440	R_0438	ポスト不足	ポストぶそく	thiếu vị trí (việc làm) trong học thuật	Bất Túc
n2_basic_drafts	batch_0431_0440	R_0438	ニュートリノ振動	ニュートリノしんどう	dao động neutrino	Chấn Động
n2_basic_drafts	batch_0431_0440	R_0438	素粒子物理学	そりゅうしぶつりがく	vật lý hạt nhân cơ bản	Tố Lạp Tử Vật Lí Học
n2_basic_drafts	batch_0431_0440	R_0438	標準模型	ひょうじゅんもけい	mô hình chuẩn (trong vật lý hạt nhân)	Tiêu Chuẩn Mô Hình
n2_basic_drafts	batch_0431_0440	R_0438	検出器	けんしゅつき	máy dò, thiết bị phát hiện	Kiểm Xuất Khí
n2_basic_drafts	batch_0431_0440	R_0438	地道な	じみちな	bền bỉ, kiên nhẫn, không hoành tráng	Địa Đạo
n2_basic_drafts	batch_0431_0440	R_0438	数値モデル	すうちモデル	mô hình số	Sổ Trị
n2_basic_drafts	batch_0431_0440	R_0438	先駆的	せんくてき	mang tính tiên phong	Tiên Khu Đích
n2_basic_drafts	batch_0431_0440	R_0438	独創性	どくそうせい	tính sáng tạo, tính độc đáo	Độc Sang Tính
n2_basic_drafts	batch_0431_0440	R_0438	育成する	いくせいする	nuôi dưỡng, đào tạo	Dục Thành
n2_basic_drafts	batch_0431_0440	R_0439	擁する	ようする	sở hữu, bao gồm (formal)	Ủng
n2_basic_drafts	batch_0431_0440	R_0439	白化現象	はっかげんしょう	hiện tượng tẩy trắng (của san hô)	Bạch Hóa Hiện Tượng
n2_basic_drafts	batch_0431_0440	R_0439	共生藻	きょうせいそう	tảo cộng sinh	Cộng Sanh Tảo
n2_basic_drafts	batch_0431_0440	R_0439	骨格	こっかく	bộ khung, cấu trúc xương	Cốt Cách
n2_basic_drafts	batch_0431_0440	R_0439	死滅	しめつ	chết hết, tuyệt diệt	Tử Diệt
n2_basic_drafts	batch_0431_0440	R_0439	消失	しょうしつ	biến mất, tiêu mất	Tiêu Thất
n2_basic_drafts	batch_0431_0440	R_0439	産卵期	さんらんき	mùa đẻ trứng, mùa sinh sản	Sản Noãn Kì
n2_basic_drafts	batch_0431_0440	R_0439	繁殖機能	はんしょくきのう	chức năng sinh sản	Phồn Thực Ki Năng
n2_basic_drafts	batch_0431_0440	R_0439	回復力	かいふくりょく	khả năng phục hồi	Hồi Phục Lực
n2_basic_drafts	batch_0431_0440	R_0439	遮光シート	しゃこうシート	tấm che nắng, tấm che ánh sáng	Già Quang
n2_basic_drafts	batch_0431_0440	R_0439	品種改良	ひんしゅかいりょう	cải tiến giống	Phẩm Chủng Cải Lương
n2_basic_drafts	batch_0431_0440	R_0439	耐熱性	たいねつせい	khả năng chịu nhiệt	Nại Nhiệt Tính
n2_basic_drafts	batch_0431_0440	R_0439	温室効果ガス	おんしつこうかガス	khí nhà kính	Ôn Thất Hiệu Quả
n2_basic_drafts	batch_0431_0440	R_0439	縮図	しゅくず	thu nhỏ, hình ảnh thu nhỏ	Súc Đồ
n2_basic_drafts	batch_0431_0440	R_0440	金融緩和	きんゆうかんわ	nới lỏng tiền tệ	Kim Dung Hoãn Hòa
n2_basic_drafts	batch_0431_0440	R_0440	財政出動	ざいせいしゅつどう	kích thích tài khóa	Tài Chánh Xuất Động
n2_basic_drafts	batch_0431_0440	R_0440	デフレ脱却	デフレだっきゃく	thoát khỏi giảm phát	Thoát Khước
n2_basic_drafts	batch_0431_0440	R_0440	実質賃金	じっしつちんぎん	tiền lương thực tế	Thực Chất Nhẫm Kim
n2_basic_drafts	batch_0431_0440	R_0440	格差拡大	かくさかくだい	bất bình đẳng mở rộng	Cách Soa Khuếch Đại
n2_basic_drafts	batch_0431_0440	R_0440	財政健全化	ざいせいけんぜんか	lành mạnh hóa tài chính	Tài Chánh Kiện Toàn Hóa
n2_basic_drafts	batch_0431_0440	R_0440	労働生産性	ろうどうせいさんせい	năng suất lao động	Lao Động Sanh Sản Tính
n2_basic_drafts	batch_0431_0440	R_0440	異次元緩和	いじげんかんわ	nới lỏng định lượng bất thường (chính sách BOJ đặc biệt)	Dị Thứ Nguyên Hoãn Hòa
n2_basic_drafts	batch_0431_0440	R_0440	財政赤字	ざいせいあかじ	thâm hụt tài khóa	Tài Chánh Xích Tự
n2_basic_drafts	batch_0431_0440	R_0440	脱炭素	だつたんそ	phi carbon hóa	Thoát Thán Tố
n2_basic_drafts	batch_0431_0440	R_0440	持続可能性	じぞくかのうせい	tính bền vững	Trì Tục Khả Năng Tính
n2_basic_drafts	batch_0431_0440	R_0440	規制緩和	きせいかんわ	nới lỏng quy định	Quy Chế Hoãn Hòa
n2_basic_drafts	batch_0431_0440	R_0440	消費者物価上昇率	しょうひしゃぶっかじょうしょうりつ	tỷ lệ tăng giá tiêu dùng (CPI)	Tiêu Phí Giả Vật Giá Thượng Thăng Suất
n2_basic_drafts	batch_0431_0440	R_0440	還元される	かんげんされる	được hoàn trả, được phân phối lại	Hoàn Nguyên
n2_basic_drafts	batch_0431_0440	R_0440	一億総活躍社会	いちおくそうかつやくしゃかい	xã hội nơi tất cả người dân (1億 = ~dân số Nhật) cùng tích cực hoạt động	Nhất Ức Tổng Hoạt Dược Xã Hội
n2_basic_drafts	batch_0441_0450	R_0441	ブロックチェーン	ブロックチェーン	blockchain (chuỗi khối)	
n2_basic_drafts	batch_0441_0450	R_0441	改ざん	かいざん	giả mạo, làm giả dữ liệu	Cải
n2_basic_drafts	batch_0441_0450	R_0441	電子カルテ	でんしカルテ	hồ sơ bệnh án điện tử	Điện Tử
n2_basic_drafts	batch_0441_0450	R_0441	整合性	せいごうせい	tính nhất quán, tính toàn vẹn	Chỉnh Hợp Tính
n2_basic_drafts	batch_0441_0450	R_0441	中央集権的	ちゅうおうしゅうけんてき	tập trung hóa, có tính tập quyền trung ương	Trung Ương Tập Quyền Đích
n2_basic_drafts	batch_0441_0450	R_0441	ノード	ノード	nút mạng (node)	
n2_basic_drafts	batch_0441_0450	R_0441	サプライチェーン	サプライチェーン	chuỗi cung ứng	
n2_basic_drafts	batch_0441_0450	R_0441	相互運用性	そうごうんようせい	khả năng tương tác, khả năng tương thích	Tương Hỗ Vận Dụng Tính
n2_basic_drafts	batch_0441_0450	R_0441	スケーラビリティ	スケーラビリティ	khả năng mở rộng (scalability)	
n2_basic_drafts	batch_0441_0450	R_0441	実証実験	じっしょうじっけん	thực nghiệm kiểm chứng	Thực Chứng Thực Nghiệm
n2_basic_drafts	batch_0441_0450	R_0441	機密性	きみつせい	tính bảo mật, tính bí mật	Ki Mật Tính
n2_basic_drafts	batch_0441_0450	R_0441	偽造品	ぎぞうひん	hàng giả, hàng nhái	Ngụy Tạo Phẩm
n2_basic_drafts	batch_0441_0450	R_0442	受け継ぐ	うけつぐ	kế thừa, truyền lại	Thụ Kế
n2_basic_drafts	batch_0441_0450	R_0442	著しく	いちじるしく	đáng kể, rõ rệt	Trứ
n2_basic_drafts	batch_0441_0450	R_0442	根強い	ねづよい	bền vững, ăn sâu	Căn Cường
n2_basic_drafts	batch_0441_0450	R_0442	精髄	せいずい	tinh hoa, cốt lõi	Tinh Tủy
n2_basic_drafts	batch_0441_0450	R_0442	体現する	たいげんする	thể hiện, hiện thân	Thể Hiện
n2_basic_drafts	batch_0441_0450	R_0442	着付け師	きつけし	thợ mặc kimono	Trứ Phó Sư
n2_basic_drafts	batch_0441_0450	R_0442	後継者不足	こうけいしゃぶそく	thiếu người kế thừa	Hậu Kế Giả Bất Túc
n2_basic_drafts	batch_0441_0450	R_0442	意匠	いしょう	họa tiết, thiết kế, mẫu mã	Ý Tượng
n2_basic_drafts	batch_0441_0450	R_0442	遺物	いぶつ	di vật, di tích	Di Vật
n2_basic_drafts	batch_0441_0450	R_0442	美意識	びいしき	thẩm mỹ, ý thức thẩm mỹ	Mĩ Ý Thức
n2_basic_drafts	batch_0441_0450	R_0442	継承する	けいしょうする	kế thừa, truyền lại	Kế Thừa
n2_basic_drafts	batch_0441_0450	R_0442	持続的	じぞくてき	bền vững, liên tục	Trì Tục Đích
n2_basic_drafts	batch_0441_0450	R_0442	拠り所	よりどころ	chỗ dựa, điểm tựa	Cứ Sở
n2_basic_drafts	batch_0441_0450	R_0443	高齢化	こうれいか	lão hoá, già hoá dân số	Cao Linh Hóa
n2_basic_drafts	batch_0441_0450	R_0443	社会保障制度	しゃかいほしょうせいど	hệ thống an sinh xã hội	Xã Hội Bảo Chướng Chế Độ
n2_basic_drafts	batch_0441_0450	R_0443	抜本的	ばっぽんてき	triệt để, toàn diện, căn bản	Bạt Bản Đích
n2_basic_drafts	batch_0441_0450	R_0443	不可避	ふかひ	không thể tránh khỏi	Bất Khả Tị
n2_basic_drafts	batch_0441_0450	R_0443	現役世代	げんえきせだい	thế hệ đang đi làm, thế hệ lao động	Hiện Dịch Thế Đại
n2_basic_drafts	batch_0441_0450	R_0443	少子化	しょうしか	tình trạng sinh ít con, tỉ lệ sinh thấp	Thiểu Tử Hóa
n2_basic_drafts	batch_0441_0450	R_0443	定年延長	ていねんえんちょう	kéo dài tuổi về hưu	Định Niên Duyên Trường
n2_basic_drafts	batch_0441_0450	R_0443	生涯現役	しょうがいげんえき	làm việc suốt đời, tích cực cho đến cuối đời	Sanh Nhai Hiện Dịch
n2_basic_drafts	batch_0441_0450	R_0443	予防医療	よぼういりょう	y tế dự phòng	Dư Phòng Y Liệu
n2_basic_drafts	batch_0441_0450	R_0443	移乗支援ロボット	いじょうしえんロボット	robot hỗ trợ di chuyển (trong chăm sóc người cao tuổi)	Di Thừa Chi Viên
n2_basic_drafts	batch_0441_0450	R_0443	核家族化	かくかぞくか	quá trình hạt nhân hoá gia đình	Hạch Gia Tộc Hóa
n2_basic_drafts	batch_0441_0450	R_0443	多文化共生	たぶんかきょうせい	cùng chung sống đa văn hoá	Đa Văn Hóa Cộng Sanh
n2_basic_drafts	batch_0441_0450	R_0443	持続可能	じぞくかのう	bền vững, có thể duy trì lâu dài	Trì Tục Khả Năng
n2_basic_drafts	batch_0441_0450	R_0443	包括的	ほうかつてき	toàn diện, bao gồm đầy đủ	Bao Quát Đích
n2_basic_drafts	batch_0441_0450	R_0444	恒例	こうれい	thường lệ, định kỳ hàng năm	Hằng Lệ
n2_basic_drafts	batch_0441_0450	R_0444	任意	にんい	tự nguyện, tùy ý	Nhâm Ý
n2_basic_drafts	batch_0441_0450	R_0444	肩を並べる	かたをならべる	đi sát cạnh, sánh vai	Kiên Tịnh
n2_basic_drafts	batch_0441_0450	R_0444	肩書き	かたがき	chức danh, danh hiệu	Kiên Thư
n2_basic_drafts	batch_0441_0450	R_0444	意味をなさない	いみをなさない	không có ý nghĩa, vô nghĩa	Ý Vị
n2_basic_drafts	batch_0441_0450	R_0444	達成感	たっせいかん	cảm giác thành tựu	Đạt Thành Cảm
n2_basic_drafts	batch_0441_0450	R_0444	非日常	ひにちじょう	phi thường nhật, khác với cuộc sống hàng ngày	Phi Nhật Thường
n2_basic_drafts	batch_0441_0450	R_0444	参加率	さんかりつ	tỷ lệ tham gia	Tham Gia Suất
n2_basic_drafts	batch_0441_0450	R_0444	絆	きずな	mối liên kết, dây gắn bó	Bán
n2_basic_drafts	batch_0441_0450	R_0444	模索する	もさくする	mò mẫm tìm kiếm, thăm dò	Mô Tác
n2_basic_drafts	batch_0441_0450	R_0444	帰路	きろ	đường về	Quy Lộ
n2_basic_drafts	batch_0441_0450	R_0444	双方	そうほう	cả hai phía, đôi bên	Song Phương
n2_basic_drafts	batch_0441_0450	R_0445	瞑想	めいそう	thiền định	Minh Tưởng
n2_basic_drafts	batch_0441_0450	R_0445	心理療法	しんりりょうほう	tâm lý trị liệu	Tâm Lí Liệu Pháp
n2_basic_drafts	batch_0441_0450	R_0445	親和性	しんわせい	tính tương thích, sự gần gũi	Thân Hòa Tính
n2_basic_drafts	batch_0441_0450	R_0445	座禅	ざぜん	tọa thiền	Tọa Thiền
n2_basic_drafts	batch_0441_0450	R_0445	福利厚生	ふくりこうせい	phúc lợi (dành cho nhân viên)	Phúc Lợi Hậu Sanh
n2_basic_drafts	batch_0441_0450	R_0445	商業化	しょうぎょうか	thương mại hóa	Thương Nghiệp Hóa
n2_basic_drafts	batch_0441_0450	R_0445	無常観	むじょうかん	quan niệm vô thường	Vô Thường Quan
n2_basic_drafts	batch_0441_0450	R_0445	臨床的	りんしょうてき	thuộc lâm sàng, lâm sàng	Lâm Sàng Đích
n2_basic_drafts	batch_0441_0450	R_0445	後押し	あとおし	ủng hộ, hỗ trợ, thúc đẩy	Hậu Áp
n2_basic_drafts	batch_0441_0450	R_0445	文脈	ぶんみゃく	bối cảnh, văn cảnh	Văn Mạch
n2_basic_drafts	batch_0441_0450	R_0445	統合	とうごう	tích hợp, hợp nhất	Thống Hợp
n2_basic_drafts	batch_0441_0450	R_0445	根強い	ねづよい	dai dẳng, bám rễ sâu	Căn Cường
n2_basic_drafts	batch_0441_0450	R_0446	原生林	げんせいりん	rừng nguyên sinh	Nguyên Sanh Lâm
n2_basic_drafts	batch_0441_0450	R_0446	植生	しょくせい	thảm thực vật	Thực Sanh
n2_basic_drafts	batch_0441_0450	R_0446	亜熱帯	あねったい	vùng cận nhiệt đới	Á Nhiệt Đới
n2_basic_drafts	batch_0441_0450	R_0446	亜寒帯	あかんたい	vùng cận hàn đới	Á Hàn Đới
n2_basic_drafts	batch_0441_0450	R_0446	降水量	こうすいりょう	lượng mưa	Hàng Thủy Lượng
n2_basic_drafts	batch_0441_0450	R_0446	樹齢	じゅれい	tuổi thọ của cây	Thụ Linh
n2_basic_drafts	batch_0441_0450	R_0446	屋久杉	やくすぎ	cây Yakusugi (cây tuyết tùng Yakushima)	Ốc Cửu Sam
n2_basic_drafts	batch_0441_0450	R_0446	脆弱	ぜいじゃく	mong manh, dễ tổn thương	Thúy Nhược
n2_basic_drafts	batch_0441_0450	R_0446	生態系	せいたいけい	hệ sinh thái	Sanh Thái Hệ
n2_basic_drafts	batch_0441_0450	R_0446	協力金	きょうりょくきん	phí đóng góp, phí bảo tồn	Hiệp Lực Kim
n2_basic_drafts	batch_0441_0450	R_0446	悠久	ゆうきゅう	vô tận, trường cửu	Du Cửu
n2_basic_drafts	batch_0441_0450	R_0446	喧騒	けんそう	sự ồn ào, huyên náo	Huyên Tao
n2_basic_drafts	batch_0441_0450	R_0446	示唆	しさ	gợi ý, hàm ý	Kì Toa
n2_basic_drafts	batch_0441_0450	R_0446	エコツーリズム	エコツーリズム	du lịch sinh thái	
n2_basic_drafts	batch_0441_0450	R_0447	統合	とうごう	tích hợp, hợp nhất	Thống Hợp
n2_basic_drafts	batch_0441_0450	R_0447	横断的	おうだんてき	xuyên suốt, mang tính liên ngành	Hoành Đoạn Đích
n2_basic_drafts	batch_0441_0450	R_0447	試行錯誤	しこうさくご	thử và sai, mò mẫm thử nghiệm	Thí Hành Thác Ngộ
n2_basic_drafts	batch_0441_0450	R_0447	幾何学	きかがく	hình học	Ki Hà Học
n2_basic_drafts	batch_0441_0450	R_0447	比例	ひれい	tỷ lệ	Bỉ Lệ
n2_basic_drafts	batch_0441_0450	R_0447	複合的	ふくごうてき	tổng hợp, phức hợp	Phức Hợp Đích
n2_basic_drafts	batch_0441_0450	R_0447	幼少期	ようしょうき	thời thơ ấu, tuổi nhỏ	Ấu Thiểu Kì
n2_basic_drafts	batch_0441_0450	R_0447	専門性	せんもんせい	tính chuyên môn	Chuyên Môn Tính
n2_basic_drafts	batch_0441_0450	R_0447	研修	けんしゅう	đào tạo, tập huấn	Nghiên Tu
n2_basic_drafts	batch_0441_0450	R_0447	制約	せいやく	ràng buộc, hạn chế	Chế Ước
n2_basic_drafts	batch_0441_0450	R_0447	忍耐強く	にんたいづよく	kiên nhẫn, bền bỉ	Nhẫn Nại Cường
n2_basic_drafts	batch_0441_0450	R_0447	教授法	きょうじゅほう	phương pháp giảng dạy	Giáo Thụ Pháp
n2_basic_drafts	batch_0441_0450	R_0448	遺産	いさん	di sản	Di Sản
n2_basic_drafts	batch_0441_0450	R_0448	無観客	むかんきゃく	không có khán giả	Vô Quan Khách
n2_basic_drafts	batch_0441_0450	R_0448	前例のない	ぜんれいのない	chưa có tiền lệ	Tiền Lệ
n2_basic_drafts	batch_0441_0450	R_0448	インフラ	インフラ	cơ sở hạ tầng	
n2_basic_drafts	batch_0441_0450	R_0448	転用	てんよう	chuyển đổi mục đích sử dụng	Chuyển Dụng
n2_basic_drafts	batch_0441_0450	R_0448	莫大	ばくだい	khổng lồ, rất lớn	Mạc Đại
n2_basic_drafts	batch_0441_0450	R_0448	維持費	いじひ	chi phí duy trì	Duy Trì Phí
n2_basic_drafts	batch_0441_0450	R_0448	過小評価	かしょうひょうか	đánh giá thấp	Quá Tiểu Bình Giá
n2_basic_drafts	batch_0441_0450	R_0448	誘致活動	ゆうちかつどう	hoạt động vận động đăng cai	Dụ Trí Hoạt Động
n2_basic_drafts	batch_0441_0450	R_0448	波及効果	はきゅうこうか	hiệu ứng lan tỏa	Ba Cập Hiệu Quả
n2_basic_drafts	batch_0441_0450	R_0448	試算	しさん	con số ước tính, tính thử	Thí Toán
n2_basic_drafts	batch_0441_0450	R_0448	継承	けいしょう	kế thừa	Kế Thừa
n2_basic_drafts	batch_0441_0450	R_0449	熟年離婚	じゅくねんりこん	ly hôn xám (ly hôn ở tuổi trung niên/cao tuổi)	Thục Niên Li Hôn
n2_basic_drafts	batch_0441_0450	R_0449	連れ添う	つれそう	gắn bó bên nhau, đồng hành suốt đời	Liên Thiêm
n2_basic_drafts	batch_0441_0450	R_0449	定年退職	ていねんたいしょく	nghỉ hưu theo quy định	Định Niên Thối Chức
n2_basic_drafts	batch_0441_0450	R_0449	在職中	ざいしょくちゅう	trong thời gian còn đi làm	Tại Chức Trung
n2_basic_drafts	batch_0441_0450	R_0449	引き金	ひきがね	ngòi nổ, nguyên nhân châm ngòi	Dẫn Kim
n2_basic_drafts	batch_0441_0450	R_0449	不一致	ふいっち	sự không nhất quán, mâu thuẫn	Bất Nhất Trí
n2_basic_drafts	batch_0441_0450	R_0449	妥協	だきょう	nhượng bộ, thỏa hiệp	Thỏa Hiệp
n2_basic_drafts	batch_0441_0450	R_0449	年金分割制度	ねんきんぶんかつせいど	hệ thống chia sẻ tiền lương hưu	Niên Kim Phân Cát Chế Độ
n2_basic_drafts	batch_0441_0450	R_0449	孤立	こりつ	cô lập, biệt lập	Cô Lập
n2_basic_drafts	batch_0441_0450	R_0449	喪失	そうしつ	sự mất mát, mất đi	Tang Thất
n2_basic_drafts	batch_0441_0450	R_0449	波及効果	はきゅうこうか	tác động lan rộng, hiệu ứng lan truyền	Ba Cập Hiệu Quả
n2_basic_drafts	batch_0441_0450	R_0449	踏み切る	ふみきる	quyết tâm thực hiện, bước qua ranh giới	Đạp Thiết
n2_basic_drafts	batch_0441_0450	R_0449	政策的課題	せいさくてきかだい	bài toán chính sách, vấn đề về mặt chính sách	Chánh Sách Đích Khóa Đề
n2_basic_drafts	batch_0441_0450	R_0449	余儀なくされる	よぎなくされる	bị buộc phải, không có lựa chọn nào khác	Dư Nghi
n2_basic_drafts	batch_0441_0450	R_0450	瀬戸内海	せとないかい	biển nội Setouchi (vùng biển kín giữa Honshu, Shikoku, Kyushu)	Lại Hộ Nội Hải
n2_basic_drafts	batch_0441_0450	R_0450	景観保全	けいかんほぜん	bảo tồn cảnh quan	Cảnh Quan Bảo Toàn
n2_basic_drafts	batch_0441_0450	R_0450	沿岸開発	えんがんかいはつ	phát triển ven bờ biển	Duyên Ngạn Khai Phát
n2_basic_drafts	batch_0441_0450	R_0450	埋め立て	うめたて	lấp biển, san lấp mặt bằng	Mai Lập
n2_basic_drafts	batch_0441_0450	R_0450	固有の生物	こゆうのせいぶつ	sinh vật bản địa, sinh vật đặc hữu	Cố Hữu Sanh Vật
n2_basic_drafts	batch_0441_0450	R_0450	累積的影響	るいせきてきえいきょう	ảnh hưởng tích lũy (tác động cộng dồn)	Lũy Tích Đích Ảnh Hưởng
n2_basic_drafts	batch_0441_0450	R_0450	広域的	こういきてき	mang tính toàn vùng, quy mô rộng	Quảng Vực Đích
n2_basic_drafts	batch_0441_0450	R_0450	外来種	がいらいしゅ	loài ngoại lai	Ngoại Lai Chủng
n2_basic_drafts	batch_0441_0450	R_0450	攪乱	かくらん	sự xáo trộn, rối loạn	Giảo Loạn
n2_basic_drafts	batch_0441_0450	R_0450	生物多様性	せいぶつたようせい	đa dạng sinh học	Sanh Vật Đa Dạng Tính
n2_basic_drafts	batch_0441_0450	R_0450	踏み込んだ	ふみこんだ	chặt chẽ hơn, đi sâu hơn (quy định)	Đạp Nhập
n2_basic_drafts	batch_0441_0450	R_0450	統合的	とうごうてき	mang tính tổng hợp, hợp nhất	Thống Hợp Đích
n2_basic_drafts	batch_0451_0460	R_0451	就職活動	しゅうしょくかつどう	hoạt động tìm kiếm việc làm	Tựu Chức Hoạt Động
n2_basic_drafts	batch_0451_0460	R_0451	内定	ないてい	lời mời làm việc chính thức (trước khi tốt nghiệp)	Nội Định
n2_basic_drafts	batch_0451_0460	R_0451	即戦力	そくせんりょく	nhân lực có thể chiến đấu ngay, lực lượng chiến đấu tức thì	Tức Chiến Lực
n2_basic_drafts	batch_0451_0460	R_0451	乖離	かいり	sự cách biệt, khoảng cách (giữa lý tưởng và thực tế)	Quai Li
n2_basic_drafts	batch_0451_0460	R_0451	挫折	ざせつ	thất bại, vấp ngã	Toa Chiết
n2_basic_drafts	batch_0451_0460	R_0451	自己分析	じこぶんせき	phân tích bản thân	Tự Kỉ Phân Tích
n2_basic_drafts	batch_0451_0460	R_0451	圧迫面接	あっぱくめんせつ	phỏng vấn áp lực	Áp Bách Diện Tiếp
n2_basic_drafts	batch_0451_0460	R_0451	ストレス耐性	ストレスたいせい	khả năng chịu đựng căng thẳng	Nại Tính
n2_basic_drafts	batch_0451_0460	R_0451	形骸化	けいがいか	trở nên hình thức, mất thực chất	Hình Hai Hóa
n2_basic_drafts	batch_0451_0460	R_0451	抜本的	ばっぽんてき	triệt để, tận gốc rễ	Bạt Bản Đích
n2_basic_drafts	batch_0451_0460	R_0451	建前	たてまえ	tuyên bố chính thức, nguyên tắc bề ngoài	Kiến Tiền
n2_basic_drafts	batch_0451_0460	R_0451	ガクチカ	ガクチカ	câu hỏi về điều dồn sức nhất thời sinh viên (学生時代に力を入れたこと)	
n2_basic_drafts	batch_0451_0460	R_0452	落書き	らくがき	rakugaki (chữ vẽ bậy), vẽ bậy	Lạc Thư
n2_basic_drafts	batch_0451_0460	R_0452	グラフィティ	グラフィティ	graffiti, nghệ thuật vẽ trên tường	
n2_basic_drafts	batch_0451_0460	R_0452	壁画	へきが	bích họa, tranh vẽ trên tường	Bích Họa
n2_basic_drafts	batch_0451_0460	R_0452	不平等	ふびょうどう	bất bình đẳng	Bất Bình Đẳng
n2_basic_drafts	batch_0451_0460	R_0452	承認	しょうにん	sự công nhận, phê chuẩn	Thừa Nhận
n2_basic_drafts	batch_0451_0460	R_0452	公認	こうにん	được cấp phép chính thức, được công nhận	Công Nhận
n2_basic_drafts	batch_0451_0460	R_0452	観光資源	かんこうしげん	tài nguyên du lịch	Quan Quang Tư Nguyên
n2_basic_drafts	batch_0451_0460	R_0452	地域活性化	ちいきかっせいか	sự phát triển, hoạt hóa địa phương	Địa Vực Hoạt Tính Hóa
n2_basic_drafts	batch_0451_0460	R_0452	緊張関係	きんちょうかんけい	quan hệ căng thẳng	Khẩn Trương Quan Hệ
n2_basic_drafts	batch_0451_0460	R_0452	拡散	かくさん	sự lan truyền, khuếch tán	Khuếch Tán
n2_basic_drafts	batch_0451_0460	R_0452	鑑賞者	かんしょうしゃ	người thưởng thức nghệ thuật	Giám Thưởng Giả
n2_basic_drafts	batch_0451_0460	R_0452	批評的	ひひょうてき	mang tính phê bình	Phê Bình Đích
n2_basic_drafts	batch_0451_0460	R_0452	表現手段	ひょうげんしゅだん	phương tiện biểu đạt	Biểu Hiện Thủ Đoạn
n2_basic_drafts	batch_0451_0460	R_0453	侘び	わび	wabi, vẻ đẹp trong sự giản dị và không hoàn hảo	Sá
n2_basic_drafts	batch_0451_0460	R_0453	儚さ	はかなさ	sự phù du, tính chất mong manh	Mộng
n2_basic_drafts	batch_0451_0460	R_0453	削ぎ落とす	そぎおとす	gạt bỏ, cắt bỏ phần thừa	Tước Lạc
n2_basic_drafts	batch_0451_0460	R_0453	相反する	あいはんする	mâu thuẫn, đối lập nhau	Tương Phản
n2_basic_drafts	batch_0451_0460	R_0453	喪失	そうしつ	sự mất mát, đánh mất	Tang Thất
n2_basic_drafts	batch_0451_0460	R_0453	顧みる	かえりみる	quan tâm nhìn lại, chăm chú đến	Cố
n2_basic_drafts	batch_0451_0460	R_0453	一期一会	いちごいちえ	nhất kỳ nhất hội, cuộc gặp gỡ quý giá chỉ có một lần	Nhất Kì Nhất Hội
n2_basic_drafts	batch_0451_0460	R_0453	千利休	せんのりきゅう	Sen no Rikyu, trà nhân thế kỷ 16, người khai sáng mỹ học wabi trong trà đạo	Thiên Lợi Hưu
n2_basic_drafts	batch_0451_0460	R_0453	質素	しっそ	giản dị, thanh đạm, không xa hoa	Chất Tố
n2_basic_drafts	batch_0451_0460	R_0453	相容れない	あいいれない	không thể tương hợp, không thể dung hòa	Tương Dung
n2_basic_drafts	batch_0451_0460	R_0453	逸話	いつわ	giai thoại, câu chuyện thú vị	Dật Thoại
n2_basic_drafts	batch_0451_0460	R_0453	唯一無二	ゆいいつむに	duy nhất vô nhị, không gì thay thế được	Duy Nhất Vô Nhị
n2_basic_drafts	batch_0451_0460	R_0453	ミニマリスト運動	ミニマリストうんどう	phong trào minimalist, lối sống tối giản	Vận Động
n2_basic_drafts	batch_0451_0460	R_0453	懐古趣味	かいこしゅみ	sở thích hoài cổ, xu hướng nhớ về quá khứ	Hoài Cổ Thú Vị
n2_basic_drafts	batch_0451_0460	R_0453	空虚さ	くうきょさ	sự trống rỗng, sự trống không về tinh thần	Không Hư
n2_basic_drafts	batch_0451_0460	R_0454	没入型	ぼつにゅうがた	kiểu nhập vai, dạng nhúng chìm	Một Nhập Hình
n2_basic_drafts	batch_0451_0460	R_0454	解剖実習	かいぼうじっしゅう	thực hành giải phẫu	Giải Phẫu Thực Tập
n2_basic_drafts	batch_0451_0460	R_0454	代替	だいたい	thay thế	Đại Thế
n2_basic_drafts	batch_0451_0460	R_0454	倫理的	りんりてき	về mặt đạo đức	Luân Lí Đích
n2_basic_drafts	batch_0451_0460	R_0454	試料	しりょう	mẫu vật, vật liệu thí nghiệm	Thí Liêu
n2_basic_drafts	batch_0451_0460	R_0454	物理的制約	ぶつりてきせいやく	hạn chế về mặt thể chất	Vật Lí Đích Chế Ước
n2_basic_drafts	batch_0451_0460	R_0454	孤立感	こりつかん	cảm giác cô lập	Cô Lập Cảm
n2_basic_drafts	batch_0451_0460	R_0454	技術習熟	ぎじゅつしゅうじゅく	sự thành thạo kỹ thuật	Kĩ Thuật Tập Thục
n2_basic_drafts	batch_0451_0460	R_0454	制度的支援	せいどてきしえん	hỗ trợ về mặt thể chế	Chế Độ Đích Chi Viên
n2_basic_drafts	batch_0451_0460	R_0454	意識改革	いしきかいかく	sự thay đổi nhận thức	Ý Thức Cải Cách
n2_basic_drafts	batch_0451_0460	R_0454	ハイブリッド型	ハイブリッドがた	kiểu kết hợp, dạng lai	Hình
n2_basic_drafts	batch_0451_0460	R_0454	維持費	いじひ	chi phí vận hành, chi phí bảo trì	Duy Trì Phí
n2_basic_drafts	batch_0451_0460	R_0455	医薬品	いやくひん	dược phẩm, thuốc men	Y Dược Phẩm
n2_basic_drafts	batch_0451_0460	R_0455	過疎化	かそか	sự suy giảm dân số (ở nông thôn)	Quá Sơ Hóa
n2_basic_drafts	batch_0451_0460	R_0455	処方薬	しょほうやく	thuốc theo toa	Xứ Phương Dược
n2_basic_drafts	batch_0451_0460	R_0455	慢性疾患	まんせいしっかん	bệnh mãn tính	Mạn Tính Tật Hoạn
n2_basic_drafts	batch_0451_0460	R_0455	在宅医療	ざいたくいりょう	chăm sóc y tế tại nhà	Tại Trạch Y Liệu
n2_basic_drafts	batch_0451_0460	R_0455	薬剤師	やくざいし	dược sĩ	Dược Tễ Sư
n2_basic_drafts	batch_0451_0460	R_0455	医療過疎	いりょうかそ	sự thiếu thốn dịch vụ y tế ở vùng nông thôn / vùng nghèo y tế	Y Liệu Quá Sơ
n2_basic_drafts	batch_0451_0460	R_0455	脆弱性	ぜいじゃくせい	sự yếu kém, tính dễ tổn thương	Thúy Nhược Tính
n2_basic_drafts	batch_0451_0460	R_0455	拍車をかける	はくしゃをかける	thúc đẩy thêm, làm trầm trọng hơn	Phách Xa
n2_basic_drafts	batch_0451_0460	R_0455	インセンティブ	インセンティブ	động lực khuyến khích	
n2_basic_drafts	batch_0451_0460	R_0455	三位一体	さんみいったい	ba trong một, ba bên cùng hợp lực	Tam Vị Nhất Thể
n2_basic_drafts	batch_0451_0460	R_0455	実効性	じっこうせい	tính hiệu quả thực chất	Thực Hiệu Tính
n2_basic_drafts	batch_0451_0460	R_0455	容認	ようにん	chấp nhận, dung thứ	Dung Nhận
n2_basic_drafts	batch_0451_0460	R_0456	年功序列	ねんこうじょれつ	thâm niên (chế độ tăng lương/thăng chức theo thâm niên)	Niên Công Tự Liệt
n2_basic_drafts	batch_0451_0460	R_0456	年俸制	ねんぽうせい	chế độ lương năm	Niên Bổng Chế
n2_basic_drafts	batch_0451_0460	R_0456	成果主義	せいかしゅぎ	chủ nghĩa thành quả, đánh giá theo kết quả	Thành Quả Chủ Nghĩa
n2_basic_drafts	batch_0451_0460	R_0456	雇用慣行	こようかんこう	thông lệ tuyển dụng	Cố Dụng Quán Hành
n2_basic_drafts	batch_0451_0460	R_0456	公正性	こうせいせい	tính công bằng	Công Chánh Tính
n2_basic_drafts	batch_0451_0460	R_0456	透明性	とうめいせい	tính minh bạch	Thấu Minh Tính
n2_basic_drafts	batch_0451_0460	R_0456	協調文化	きょうちょうぶんか	văn hóa hợp tác	Hiệp Điều Văn Hóa
n2_basic_drafts	batch_0451_0460	R_0456	労使双方	ろうしそうほう	cả hai phía người lao động và người sử dụng lao động	Lao Sử Song Phương
n2_basic_drafts	batch_0451_0460	R_0456	説明責任	せつめいせきにん	trách nhiệm giải trình	Thuyết Minh Trách Nhâm
n2_basic_drafts	batch_0451_0460	R_0456	固定費	こていひ	chi phí cố định	Cố Định Phí
n2_basic_drafts	batch_0451_0460	R_0456	二項対立	にこうたいりつ	nhị phân, đối lập hai chiều	Nhị Hạng Đối Lập
n2_basic_drafts	batch_0451_0460	R_0456	再編	さいへん	tái cơ cấu, tổ chức lại	Tái Biên
n2_basic_drafts	batch_0451_0460	R_0457	義務教育	ぎむきょういく	giáo dục bắt buộc	Nghĩa Vụ Giáo Dục
n2_basic_drafts	batch_0451_0460	R_0457	語感	ごかん	cảm ngữ, cảm giác về ngôn ngữ	Ngữ Cảm
n2_basic_drafts	batch_0451_0460	R_0457	教育格差	きょういくかくさ	chênh lệch giáo dục	Giáo Dục Cách Soa
n2_basic_drafts	batch_0451_0460	R_0457	教員養成	きょういんようせい	đào tạo giáo viên	Giáo Viên Dưỡng Thành
n2_basic_drafts	batch_0451_0460	R_0457	ばらつき	ばらつき	sự chênh lệch, không đồng đều	
n2_basic_drafts	batch_0451_0460	R_0457	急務	きゅうむ	nhiệm vụ cấp bách	Cấp Vụ
n2_basic_drafts	batch_0451_0460	R_0457	格差解消	かくさかいしょう	thu hẹp khoảng cách, xóa bỏ chênh lệch	Cách Soa Giải Tiêu
n2_basic_drafts	batch_0451_0460	R_0457	言語政策	げんごせいさく	chính sách ngôn ngữ	Ngôn Ngữ Chánh Sách
n2_basic_drafts	batch_0451_0460	R_0457	公平性	こうへいせい	tính công bằng	Công Bình Tính
n2_basic_drafts	batch_0451_0460	R_0457	包括的	ほうかつてき	toàn diện, bao quát	Bao Quát Đích
n2_basic_drafts	batch_0451_0460	R_0457	根強い	ねづよい	dai dẳng, bám rễ sâu	Căn Cường
n2_basic_drafts	batch_0451_0460	R_0457	見直し	みなおし	xem xét lại, đánh giá lại	Kiến Trực
n2_basic_drafts	batch_0451_0460	R_0458	関税	かんぜい	thuế quan	Quan Thuế
n2_basic_drafts	batch_0451_0460	R_0458	撤廃	てっぱい	xóa bỏ, bãi bỏ	Triệt Phế
n2_basic_drafts	batch_0451_0460	R_0458	市場開放	しじょうかいほう	mở cửa thị trường	Thị Tràng Khai Phóng
n2_basic_drafts	batch_0451_0460	R_0458	拭う	ぬぐう	xóa bỏ, lau đi (lo ngại)	Thức
n2_basic_drafts	batch_0451_0460	R_0458	再分配	さいぶんぱい	tái phân phối	Tái Phân Phối
n2_basic_drafts	batch_0451_0460	R_0458	知的財産権	ちてきざいさんけん	quyền sở hữu trí tuệ	Tri Đích Tài Sản Quyền
n2_basic_drafts	batch_0451_0460	R_0458	主権	しゅけん	chủ quyền	Chủ Quyền
n2_basic_drafts	batch_0451_0460	R_0458	格差拡大	かくさかくだい	gia tăng bất bình đẳng	Cách Soa Khuếch Đại
n2_basic_drafts	batch_0451_0460	R_0458	識者	しきしゃ	học giả, người có tri thức	Thức Giả
n2_basic_drafts	batch_0451_0460	R_0458	セーフティネット	セーフティネット	mạng lưới an toàn xã hội	
n2_basic_drafts	batch_0451_0460	R_0458	相互依存	そうごいぞん	sự phụ thuộc lẫn nhau	Tương Hỗ Y Tồn
n2_basic_drafts	batch_0451_0460	R_0458	二項対立	にこうたいりつ	đối lập nhị phân	Nhị Hạng Đối Lập
n2_basic_drafts	batch_0451_0460	R_0458	多国籍企業	たこくせききぎょう	tập đoàn đa quốc gia	Đa Quốc Tịch Xí Nghiệp
n2_basic_drafts	batch_0451_0460	R_0459	常用漢字	じょうようかんじ	chữ Hán thông dụng (danh sách chính thức do nhà nước quy định)	Thường Dụng Hán Tự
n2_basic_drafts	batch_0451_0460	R_0459	文部科学省	もんぶかがくしょう	Bộ Giáo dục, Văn hóa, Thể thao, Khoa học và Công nghệ Nhật Bản	Văn Bộ Khoa Học Tỉnh
n2_basic_drafts	batch_0451_0460	R_0459	書き取り	かきとり	bài viết chính tả, luyện viết chữ	Thư Thủ
n2_basic_drafts	batch_0451_0460	R_0459	当用漢字	とうようかんじ	chữ Hán thông dụng tạm thời (danh sách cũ trước 1981)	Đương Dụng Hán Tự
n2_basic_drafts	batch_0451_0460	R_0459	デジタル化	デジタルか	số hóa, quá trình chuyển sang kỹ thuật số	Hóa
n2_basic_drafts	batch_0451_0460	R_0459	完璧主義	かんぺきしゅぎ	chủ nghĩa hoàn hảo	Hoàn Bích Chủ Nghĩa
n2_basic_drafts	batch_0451_0460	R_0459	学習意欲	がくしゅういよく	hứng thú, động lực học tập	Học Tập Ý Dục
n2_basic_drafts	batch_0451_0460	R_0459	成り立ち	なりたち	nguồn gốc hình thành, cấu tạo	Thành Lập
n2_basic_drafts	batch_0451_0460	R_0459	克服する	こくふくする	khắc phục, vượt qua	Khắc Phục
n2_basic_drafts	batch_0451_0460	R_0459	苦手意識	にがていしき	cảm giác kém cỏi, ý thức về điểm yếu	Khổ Thủ Ý Thức
n2_basic_drafts	batch_0451_0460	R_0459	手放す	てばなす	buông bỏ, từ bỏ	Thủ Phóng
n2_basic_drafts	batch_0451_0460	R_0459	顕著	けんちょ	nổi bật, rõ rệt	Hiển Trứ
n2_basic_drafts	batch_0451_0460	R_0460	狩猟社会	しゅりょうしゃかい	xã hội săn bắt hái lượm	Thú Liệp Xã Hội
n2_basic_drafts	batch_0451_0460	R_0460	融合	ゆうごう	tích hợp, hợp nhất	Dung Hợp
n2_basic_drafts	batch_0451_0460	R_0460	実装	じっそう	triển khai, cài đặt thực tế	Thực Trang
n2_basic_drafts	batch_0451_0460	R_0460	最適化	さいてきか	tối ưu hóa	Tối Thích Hóa
n2_basic_drafts	batch_0451_0460	R_0460	画像診断	がぞうしんだん	chẩn đoán hình ảnh	Họa Tượng Chẩn Đoạn
n2_basic_drafts	batch_0451_0460	R_0460	初期病変	しょきびょうへん	tổn thương giai đoạn đầu	Sơ Kì Bệnh Biến
n2_basic_drafts	batch_0451_0460	R_0460	法制度改革	ほうせいどかいかく	cải cách khung pháp lý, cải cách chế độ luật pháp	Pháp Chế Độ Cải Cách
n2_basic_drafts	batch_0451_0460	R_0460	デジタル格差	デジタルかくさ	khoảng cách số, bất bình đẳng kỹ thuật số	Cách Soa
n2_basic_drafts	batch_0451_0460	R_0460	顕在化	けんざいか	nổi rõ, trở nên hiển thị	Hiển Tại Hóa
n2_basic_drafts	batch_0451_0460	R_0460	温床	おんしょう	mầm mống, môi trường sinh sôi (của vấn đề tiêu cực)	Ôn Sàng
n2_basic_drafts	batch_0451_0460	R_0460	ガバナンス	ガバナンス	quản trị (governance)	
n2_basic_drafts	batch_0451_0460	R_0460	技術立国	ぎじゅつりっこく	quốc gia công nghệ, nước dựa trên nền tảng kỹ thuật	Kĩ Thuật Lập Quốc
